PID,TrackName,CarName,EventDate,Lap,LapTime,Corr Speed kmh_Min,Corr Speed kmh_Max,Corr Speed kmh_Avg,Corr Speed kmh_Start,Corr Speed kmh_End,Corr Speed kmh_Std Dev,BRAKE _Min,BRAKE _Max,BRAKE _Avg,BRAKE _Start,BRAKE _End,BRAKE _Std Dev,Oversteer _Min,Oversteer _Max,Oversteer _Avg,Oversteer _Start,Oversteer _End,Oversteer _Std Dev,ROTY s_Min,ROTY s_Max,ROTY s_Avg,ROTY s_Start,ROTY s_End,ROTY s_Std Dev,THROTTLE _Min,THROTTLE _Max,THROTTLE _Avg,THROTTLE _Start,THROTTLE _End,THROTTLE _Std Dev,abs glat_Max,abs glat_Avg,abs glat_Start,abs glat_End,abs glat_Std Dev,abs glong_Min,abs glong_Max,abs glong_Avg,abs glong_Start,abs glong_End,abs glong_Std Dev,abs Steerangle_Min,abs Steerangle_Max,abs Steerangle_Avg,abs Steerangle_Start,abs Steerangle_End,abs Steerangle_Std Dev,lane deviation_Min,lane deviation_Max,lane deviation_Avg,lane deviation_Start,lane deviation_End,lane deviation_Std Dev,steering reversal rate per lap_Min,steering reversal rate per lap_Max,steering reversal rate per lap_Avg,steering reversal rate per lap_Start,steering reversal rate per lap_End,steering reversal rate per lap_Std Dev,steering reversal rate per sector_Min,steering reversal rate per sector_Max,steering reversal rate per sector_Avg,steering reversal rate per sector_Start,steering reversal rate per sector_End,steering reversal rate per sector_Std Dev,understeer_Min,understeer_Max,understeer_Avg,understeer_Start,understeer_End,understeer_Change,understeer_Std Dev,z,outlier,validlap,cluster_label
P135,"Laguna_Seca, Laguna_Seca",", McLaren 720S GT3","20/10/2024, ",Lap 2,88.514,58.8,230.6,145.4,193.3,193.7,39.7,0.0,100.0,15.0,0.0,0.0,31.0,-5.73,5.97,-1.25,-0.5,-0.3,1.35,-68.54,56.28,4.02,3.63,0.91,17.41,0.0,100.0,70.0,100.0,100.0,41.0,3.38,0.79,0.29,0.05,0.58,0.0,2.01,0.47,0.24,0.26,0.37,-0.0,135.53,27.16,6.8,3.63,28.11,0.0,1.0,0.26,0.0,0.0,0.44,0.0,23.12,11.04,0.0,16.18,7.0,0.0,3.97,0.46,0.12,0.0,0.7,0.0,5.73,1.29,0.5,0.3,-0.2,1.25,-0.891392789653217,0,1,Fast
P135,"Laguna_Seca, Laguna_Seca",", McLaren 720S GT3","20/10/2024, ",Lap 3,87.907,65.6,230.3,146.1,193.7,193.6,38.7,0.0,100.0,14.0,0.0,0.0,31.0,-5.97,1.43,-1.32,-0.3,-0.06,1.27,-43.74,59.76,4.08,0.91,0.04,17.24,0.0,100.0,71.0,100.0,100.0,41.0,2.72,0.8,0.05,0.03,0.57,0.0,2.15,0.47,0.26,0.26,0.38,-0.0,119.73,27.29,3.63,0.73,26.62,0.0,1.0,0.26,0.0,0.0,0.44,0.0,22.48,10.77,16.18,6.3,6.94,0.0,3.32,0.48,0.0,0.02,0.64,0.0,5.97,1.33,0.3,0.06,-0.24,1.25,-0.9318809676218364,0,1,Fast
P135,"Laguna_Seca, Laguna_Seca",", McLaren 720S GT3","20/10/2024, ",Lap 4,87.569,61.8,229.6,146.0,193.6,193.8,39.3,0.0,100.0,14.0,0.0,0.0,31.0,-5.77,2.02,-1.26,-0.06,-0.19,1.2,-48.04,55.7,4.1,0.04,0.97,17.31,0.0,100.0,70.0,100.0,100.0,41.0,3.21,0.8,0.03,0.1,0.58,0.0,1.97,0.47,0.26,0.25,0.38,-0.0,125.92,26.84,0.73,2.39,26.23,0.0,1.0,0.23,0.0,0.0,0.42,0.0,20.1,9.68,6.3,2.81,6.17,0.0,3.47,0.35,0.02,0.0,0.67,0.0,5.77,1.28,0.06,0.19,0.13,1.17,-0.954426279241924,0,0,Fast
P135,"Laguna_Seca, Laguna_Seca",", McLaren 720S GT3","20/10/2024, ",Lap 5,86.887,65.0,229.3,147.5,193.8,193.2,39.0,0.0,100.0,14.0,0.0,0.0,31.0,-8.18,9.8,-1.34,-0.19,-0.09,1.53,-59.92,52.69,4.12,0.97,0.49,17.96,0.0,100.0,70.0,100.0,100.0,41.0,2.86,0.83,0.1,0.04,0.59,0.0,2.1,0.46,0.25,0.25,0.38,-0.0,167.41,28.55,2.39,1.03,28.97,0.0,1.0,0.25,0.0,0.0,0.43,0.0,21.72,10.31,2.81,19.98,6.64,0.0,3.52,0.37,0.0,0.08,0.67,0.0,8.18,1.39,0.19,0.09,-0.09,1.38,-0.9999171151144096,0,0,Fast
P135,"Laguna_Seca, Laguna_Seca",", McLaren 720S GT3","20/10/2024, ",Lap 6,94.697,0.0,229.3,136.6,193.2,193.4,52.0,0.0,100.0,16.0,0.0,0.0,34.0,-7.28,20.72,-1.07,-0.09,-0.27,2.5,-38.64,75.15,3.77,0.49,1.63,17.34,0.0,100.0,69.0,100.0,100.0,42.0,2.94,0.76,0.04,0.11,0.6,0.0,2.16,0.47,0.25,0.25,0.38,-0.0,197.53,33.34,1.03,3.52,38.4,0.0,1.0,0.26,0.0,0.0,0.44,0.0,24.4,10.78,19.98,2.44,7.27,0.0,4.2,0.49,0.08,0.2,0.8,0.0,7.28,1.31,0.09,0.27,0.18,1.42,-0.4789736720585296,0,0,Fast
P135,"Laguna_Seca, Laguna_Seca",", McLaren 720S GT3","20/10/2024, ",Lap 7,90.384,28.7,230.0,141.8,193.4,193.0,43.1,0.0,100.0,15.0,0.0,0.0,32.0,-5.52,17.47,-0.94,-0.27,-0.28,2.51,-51.75,53.85,3.97,1.63,1.74,17.74,0.0,100.0,71.0,100.0,100.0,41.0,2.53,0.79,0.11,0.13,0.58,0.0,2.02,0.47,0.25,0.25,0.36,-0.0,158.31,29.21,3.52,3.66,29.15,0.0,1.0,0.29,0.0,0.0,0.45,0.0,26.22,12.39,2.44,1.57,8.29,0.0,3.4,0.68,0.2,0.18,0.8,0.0,5.52,1.27,0.27,0.28,0.01,1.19,-0.766659852583499,0,1,Fast
P135,"Laguna_Seca, Laguna_Seca",", McLaren 720S GT3","20/10/2024, ",Lap 8,89.842,53.9,228.3,143.1,193.0,191.2,38.1,0.0,100.0,13.0,0.0,0.0,30.0,-6.13,2.27,-1.31,-0.28,-0.16,1.27,-54.5,49.92,3.99,1.74,0.72,17.18,0.0,100.0,66.0,100.0,100.0,42.0,2.34,0.78,0.13,0.07,0.58,0.0,1.91,0.45,0.25,0.24,0.37,-0.0,139.03,27.21,3.66,1.95,27.35,0.0,1.0,0.27,0.0,0.0,0.45,0.0,24.68,12.09,1.57,13.33,7.65,0.0,3.55,0.63,0.18,0.0,0.76,0.0,6.13,1.33,0.28,0.16,-0.12,1.24,-0.8028123937021018,0,1,Fast
P135,"Laguna_Seca, Laguna_Seca",", McLaren 720S GT3","20/10/2024, ",Lap 9,87.049,68.6,228.6,147.2,191.2,192.6,38.3,0.0,100.0,14.0,0.0,0.0,31.0,-5.23,6.31,-1.29,-0.16,-0.18,1.35,-49.17,57.57,4.11,0.72,0.86,17.48,0.0,100.0,70.0,100.0,100.0,40.0,2.69,0.82,0.07,0.03,0.58,0.0,2.04,0.46,0.24,0.26,0.37,-0.0,105.73,27.36,1.95,2.26,26.01,0.0,1.0,0.26,0.0,0.0,0.44,0.0,22.85,10.43,13.33,13.71,6.86,0.0,3.57,0.39,0.0,0.23,0.68,0.0,5.23,1.34,0.16,0.18,0.02,1.24,-0.9891113740420592,0,1,Fast
P135,"Laguna_Seca, Laguna_Seca",", McLaren 720S GT3","20/10/2024, ",Lap 10,88.144,65.0,229.4,145.3,192.6,193.5,38.5,0.0,100.0,14.0,0.0,0.0,31.0,-5.76,1.31,-1.29,-0.18,-0.07,1.24,-50.42,72.76,4.07,0.86,0.35,17.36,0.0,100.0,68.0,100.0,100.0,42.0,2.99,0.8,0.03,0.02,0.57,0.0,1.91,0.46,0.26,0.25,0.36,-0.0,126.93,26.93,2.26,0.94,26.46,0.0,1.0,0.24,0.0,0.0,0.43,0.0,21.37,10.23,13.71,20.51,6.53,0.0,3.6,0.44,0.23,0.15,0.64,0.0,5.76,1.3,0.18,0.07,-0.11,1.23,-0.9160725686456204,0,1,Fast
P135,"Laguna_Seca, Laguna_Seca",", McLaren 720S GT3","20/10/2024, ",Lap 11,87.196,66.9,230.1,146.9,193.5,192.5,39.1,0.0,100.0,14.0,0.0,0.0,32.0,-6.61,1.57,-1.3,-0.07,-0.14,1.23,-52.63,70.23,4.12,0.35,0.61,17.5,0.0,100.0,70.0,100.0,100.0,42.0,3.04,0.82,0.02,0.05,0.57,0.0,1.99,0.46,0.25,0.26,0.38,-0.0,140.68,27.26,0.94,1.71,26.25,0.0,1.0,0.22,0.0,0.0,0.41,0.0,20.51,8.98,20.51,3.83,5.74,0.0,3.23,0.35,0.15,0.2,0.6,0.0,6.61,1.32,0.07,0.14,0.07,1.21,-0.979306164550483,0,1,Fast
P135,"Laguna_Seca, Laguna_Seca",", McLaren 720S GT3","20/10/2024, ",Lap 12,87.26,62.4,229.3,147.1,192.5,192.8,39.4,0.0,100.0,14.0,0.0,0.0,31.0,-7.61,3.69,-1.32,-0.14,-0.11,1.41,-68.53,73.55,4.11,0.61,0.47,17.67,0.0,100.0,70.0,100.0,100.0,42.0,2.91,0.82,0.05,0.04,0.59,0.0,1.96,0.47,0.26,0.26,0.38,-0.0,151.32,27.54,1.71,1.07,28.94,0.0,1.0,0.25,0.0,0.0,0.43,0.0,21.55,10.27,3.83,12.93,6.47,0.0,3.85,0.41,0.2,0.0,0.68,0.0,7.61,1.35,0.14,0.11,-0.04,1.36,-0.9750372298058504,0,1,Fast
P134,"Laguna_Seca, Laguna_Seca",", McLaren 720S GT3","20/10/2024, ",Lap 2,92.709,71.6,220.2,139.4,192.7,192.4,36.6,0.0,100.0,10.0,0.0,0.0,23.0,-9.21,9.65,-1.38,-0.81,-0.6,2.2,-64.55,58.67,3.87,5.32,3.6,17.46,0.0,100.0,59.0,100.0,100.0,42.0,2.86,0.73,0.4,0.31,0.59,0.0,1.8,0.4,0.25,0.26,0.36,-0.0,145.86,28.89,11.81,9.07,34.28,0.0,1.0,0.27,0.0,0.0,0.44,0.0,24.8,12.84,3.9,15.38,7.35,0.0,4.03,0.52,0.1,0.0,0.77,0.0,9.21,1.5,0.81,0.6,-0.21,1.97,-0.6115774575636627,0,1,Fast
P134,"Laguna_Seca, Laguna_Seca",", McLaren 720S GT3","20/10/2024, ",Lap 3,95.922,60.5,220.1,135.2,192.4,192.3,39.1,0.0,100.0,9.0,0.0,0.0,23.0,-13.35,10.27,-1.73,-0.6,-0.71,2.57,-48.84,46.31,3.74,3.6,4.51,17.1,0.0,100.0,56.0,100.0,100.0,44.0,2.45,0.72,0.31,0.39,0.57,0.0,1.81,0.4,0.26,0.24,0.33,-0.0,180.27,32.74,9.07,10.36,38.86,0.0,1.0,0.3,0.0,0.0,0.46,0.0,28.6,14.53,15.38,8.58,8.3,0.0,4.0,0.66,0.0,0.47,0.76,0.0,13.35,1.79,0.6,0.71,0.11,2.49,-0.3972635929620572,0,1,Fast
P134,"Laguna_Seca, Laguna_Seca",", McLaren 720S GT3","20/10/2024, ",Lap 4,91.277,66.0,216.8,140.8,192.3,192.0,36.2,0.0,100.0,10.0,0.0,0.0,27.0,-8.68,8.57,-1.29,-0.71,-0.62,1.51,-42.84,63.07,3.93,4.51,4.64,17.38,0.0,100.0,60.0,100.0,100.0,44.0,2.57,0.76,0.39,0.43,0.58,0.0,1.91,0.41,0.24,0.25,0.37,-0.0,161.32,27.35,10.36,9.0,28.54,0.0,1.0,0.27,0.0,0.0,0.44,0.0,24.22,10.96,8.58,0.0,7.47,0.0,4.1,0.53,0.47,0.0,0.74,0.0,8.68,1.33,0.71,0.62,-0.1,1.39,-0.7070948724748048,0,0,Fast
P134,"Laguna_Seca, Laguna_Seca",", McLaren 720S GT3","20/10/2024, ",Lap 5,92.059,63.3,219.7,139.8,192.0,192.8,38.0,0.0,100.0,11.0,0.0,0.0,26.0,-12.29,2.54,-1.7,-0.62,-0.82,2.37,-52.9,52.78,3.9,4.64,6.64,17.28,0.0,100.0,61.0,100.0,100.0,44.0,2.83,0.77,0.43,0.58,0.59,0.0,1.96,0.42,0.25,0.24,0.36,-0.0,179.37,31.85,9.0,12.14,37.29,0.0,1.0,0.28,0.0,0.0,0.45,0.0,26.08,12.9,0.0,3.65,7.54,0.0,4.05,0.55,0.0,0.0,0.77,0.0,12.29,1.74,0.62,0.82,0.2,2.34,-0.6549338260638322,0,0,Fast
P134,"Laguna_Seca, Laguna_Seca",", McLaren 720S GT3","20/10/2024, ",Lap 6,90.694,67.4,223.1,141.6,192.8,193.2,36.8,0.0,100.0,12.0,0.0,0.0,28.0,-7.15,12.99,-1.29,-0.82,-0.53,2.04,-66.23,62.68,3.94,6.64,4.14,17.9,0.0,100.0,63.0,100.0,100.0,44.0,2.62,0.76,0.58,0.34,0.59,0.0,1.85,0.43,0.24,0.26,0.36,-0.0,128.56,29.65,12.14,7.8,31.18,0.0,1.0,0.3,0.0,0.0,0.46,0.0,26.8,13.15,3.65,0.0,8.15,0.0,4.03,0.5,0.0,0.0,0.77,0.0,7.15,1.44,0.82,0.53,-0.29,1.62,-0.7459821999141873,0,0,Fast
P134,"Laguna_Seca, Laguna_Seca",", McLaren 720S GT3","20/10/2024, ",Lap 7,109.389,0.0,218.3,118.7,193.2,193.1,60.7,0.0,100.0,12.0,0.0,0.0,29.0,-7.07,26.12,-0.74,-0.53,-0.53,2.91,-51.42,60.11,3.28,4.14,3.44,17.58,0.0,100.0,56.0,100.0,100.0,44.0,2.64,0.65,0.34,0.29,0.59,0.0,6.6,0.39,0.26,0.25,0.39,-0.0,240.0,55.76,7.8,7.4,74.41,0.0,1.0,0.23,0.0,0.0,0.42,0.0,25.02,12.88,0.0,4.0,7.09,0.0,4.22,0.96,0.0,0.0,1.13,0.0,7.07,1.08,0.53,0.53,-0.01,1.35,0.5010136602560646,0,1,Slow
P134,"Laguna_Seca, Laguna_Seca",", McLaren 720S GT3","20/10/2024, ",Lap 8,100.274,0.0,225.5,129.5,193.1,191.5,52.6,0.0,100.0,12.0,0.0,0.0,29.0,-11.03,23.36,-1.18,-0.53,-0.4,3.32,-36.3,123.0,7.09,3.44,3.14,20.29,0.0,100.0,61.0,100.0,100.0,44.0,3.49,0.7,0.29,0.26,0.61,0.0,7.85,0.42,0.25,0.24,0.41,-0.0,240.0,40.73,7.4,5.93,52.46,0.0,1.0,0.25,0.0,0.0,0.43,0.0,25.35,13.82,4.0,18.25,7.53,0.0,4.22,0.5,0.0,0.25,0.74,0.0,11.03,1.49,0.53,0.4,-0.12,2.19,-0.1069760303270776,0,1,Fast
P134,"Laguna_Seca, Laguna_Seca",", McLaren 720S GT3","20/10/2024, ",Lap 9,103.172,0.0,224.2,126.2,191.5,184.8,51.3,0.0,100.0,10.0,0.0,0.0,26.0,-10.56,21.91,-1.07,-0.4,-0.79,3.57,-73.08,63.72,3.48,3.14,5.28,19.77,0.0,100.0,62.0,100.0,100.0,42.0,2.84,0.71,0.26,0.36,0.57,0.0,2.12,0.41,0.24,0.26,0.36,-0.0,240.0,45.0,5.93,11.62,54.11,0.0,1.0,0.28,0.0,0.0,0.45,0.0,28.52,14.74,18.25,0.0,9.08,0.0,4.18,0.62,0.25,0.0,0.91,0.0,10.56,1.54,0.4,0.79,0.39,2.21,0.086326671078292,0,1,Fast
P134,"Laguna_Seca, Laguna_Seca",", McLaren 720S GT3","20/10/2024, ",Lap 10,94.85,36.1,219.3,136.6,184.8,192.4,43.7,0.0,100.0,13.0,0.0,0.0,30.0,-19.15,13.36,-1.72,-0.79,-0.86,2.7,-53.04,54.41,3.78,5.28,5.55,18.21,0.0,100.0,64.0,100.0,100.0,43.0,2.58,0.75,0.36,0.4,0.57,0.0,1.86,0.44,0.26,0.26,0.38,-0.0,219.4,35.43,11.62,12.47,41.1,0.0,1.0,0.29,0.0,0.0,0.45,0.0,27.62,13.77,0.0,11.05,8.21,0.0,4.13,0.61,0.0,0.47,0.78,0.0,19.15,1.8,0.79,0.86,0.07,2.5,-0.4687682499346442,0,1,Fast
P134,"Laguna_Seca, Laguna_Seca",", McLaren 720S GT3","20/10/2024, ",Lap 11,89.69,59.9,225.1,143.8,192.4,193.7,39.0,0.0,100.0,13.0,0.0,0.0,29.0,-9.14,4.63,-1.36,-0.86,-0.79,1.74,-41.0,67.03,4.02,5.55,5.16,17.04,0.0,100.0,65.0,100.0,100.0,44.0,2.63,0.75,0.4,0.47,0.56,0.0,1.76,0.45,0.26,0.24,0.37,-0.0,159.72,28.03,12.47,11.98,31.95,0.0,1.0,0.24,0.0,0.0,0.43,0.0,21.8,10.46,11.05,0.0,6.68,0.0,4.22,0.46,0.47,0.0,0.74,0.0,9.14,1.41,0.86,0.79,-0.08,1.67,-0.8129511137206029,0,1,Fast
P133,"Laguna_Seca, Laguna_Seca",", McLaren 720S GT3","20/10/2024, ",Lap 2,93.662,25.9,224.5,137.8,188.6,193.1,43.7,0.0,100.0,15.0,0.0,0.0,33.0,-10.73,2.12,-1.54,-0.91,-0.84,1.84,-38.14,46.58,3.84,6.1,4.82,17.07,0.0,100.0,67.0,100.0,100.0,40.0,2.39,0.7,0.43,0.4,0.55,0.0,2.59,0.47,0.26,0.24,0.41,-0.0,195.78,33.56,12.88,12.33,40.78,0.0,1.0,0.29,0.0,0.0,0.45,0.0,27.02,13.61,9.05,0.0,8.06,0.0,4.07,0.58,0.28,0.0,0.8,0.0,10.73,1.56,0.91,0.84,-0.06,1.82,-0.5480103511318758,0,1,Fast
P133,"Laguna_Seca, Laguna_Seca",", McLaren 720S GT3","20/10/2024, ",Lap 3,89.967,62.9,231.0,143.4,193.1,191.7,38.9,0.0,100.0,15.0,0.0,0.0,33.0,-9.24,9.4,-1.58,-0.84,-0.61,1.83,-41.22,57.6,4.0,4.82,3.77,17.49,0.0,100.0,70.0,100.0,100.0,41.0,2.39,0.76,0.4,0.33,0.56,0.0,1.87,0.47,0.24,0.25,0.39,-0.0,161.15,31.0,12.33,8.83,33.53,0.0,1.0,0.3,0.0,0.0,0.46,0.0,27.33,14.08,0.0,16.95,8.26,0.0,3.87,0.59,0.0,0.27,0.81,0.0,9.24,1.62,0.84,0.61,-0.23,1.74,-0.7944746305289923,0,1,Fast
P133,"Laguna_Seca, Laguna_Seca",", McLaren 720S GT3","20/10/2024, ",Lap 4,90.872,66.0,225.8,141.8,191.7,193.2,36.8,0.0,100.0,13.0,0.0,0.0,30.0,-8.79,5.18,-1.65,-0.61,-0.72,2.0,-44.92,52.69,3.96,3.77,5.25,17.78,0.0,100.0,68.0,100.0,100.0,41.0,2.56,0.76,0.33,0.44,0.6,0.0,1.81,0.45,0.25,0.24,0.38,-0.0,146.28,31.54,8.83,10.87,35.23,0.0,1.0,0.32,0.0,0.0,0.47,0.0,28.97,15.04,16.95,8.69,8.88,0.0,4.18,0.64,0.27,0.0,0.83,0.0,8.79,1.7,0.61,0.72,0.11,1.93,-0.7341092251556797,0,0,Fast
P133,"Laguna_Seca, Laguna_Seca",", McLaren 720S GT3","20/10/2024, ",Lap 5,89.304,52.7,229.2,144.3,193.2,193.0,39.1,0.0,100.0,14.0,0.0,0.0,32.0,-7.29,6.34,-1.55,-0.72,-0.55,1.65,-39.95,49.19,4.02,5.25,3.62,17.81,0.0,100.0,70.0,100.0,100.0,42.0,2.43,0.77,0.44,0.37,0.58,0.0,1.85,0.47,0.24,0.23,0.39,-0.0,172.89,30.5,10.87,8.15,33.18,0.0,1.0,0.3,0.0,0.0,0.46,0.0,27.1,13.39,8.69,0.0,8.28,0.0,4.2,0.54,0.0,0.0,0.85,0.0,7.29,1.57,0.72,0.55,-0.17,1.62,-0.8386981263991647,0,0,Fast
P133,"Laguna_Seca, Laguna_Seca",", McLaren 720S GT3","20/10/2024, ",Lap 6,90.089,56.3,227.5,143.2,193.0,192.5,39.0,0.0,100.0,14.0,0.0,0.0,31.0,-9.51,1.72,-1.67,-0.55,-0.71,1.9,-48.63,50.21,3.98,3.62,4.33,17.74,0.0,100.0,70.0,100.0,100.0,41.0,2.57,0.76,0.37,0.36,0.59,0.0,1.89,0.47,0.23,0.23,0.4,-0.0,178.73,31.47,8.15,10.17,36.09,0.0,1.0,0.3,0.0,0.0,0.46,0.0,27.28,13.8,0.0,19.64,8.25,0.0,4.23,0.55,0.0,0.0,0.88,0.0,9.51,1.68,0.55,0.71,0.17,1.89,-0.7863369736720375,0,0,Fast
P133,"Laguna_Seca, Laguna_Seca",", McLaren 720S GT3","20/10/2024, ",Lap 7,88.529,65.0,227.9,145.4,192.5,193.0,38.3,0.0,100.0,14.0,0.0,0.0,31.0,-8.4,4.9,-1.61,-0.71,-0.74,1.83,-43.86,53.42,4.06,4.33,4.33,17.71,0.0,100.0,70.0,100.0,100.0,41.0,2.56,0.78,0.36,0.38,0.58,0.0,1.87,0.46,0.23,0.25,0.38,-0.0,140.08,30.63,10.17,10.63,34.02,0.0,1.0,0.31,0.0,0.0,0.46,0.0,27.02,13.56,19.64,26.48,8.2,0.0,4.18,0.55,0.0,0.38,0.83,0.0,8.4,1.63,0.71,0.74,0.03,1.81,-0.8903922580724438,0,1,Fast
P133,"Laguna_Seca, Laguna_Seca",", McLaren 720S GT3","20/10/2024, ",Lap 8,88.789,54.8,229.7,144.9,193.0,193.5,39.2,0.0,100.0,15.0,0.0,0.0,33.0,-7.15,2.48,-1.59,-0.74,-0.75,1.76,-44.7,54.27,4.04,4.33,4.35,17.65,0.0,100.0,70.0,100.0,100.0,41.0,2.47,0.77,0.38,0.38,0.58,0.0,1.89,0.47,0.25,0.24,0.39,-0.0,158.95,30.58,10.63,11.34,33.65,0.0,1.0,0.3,0.0,0.0,0.46,0.0,26.52,13.52,26.48,0.0,7.96,0.0,4.32,0.55,0.38,0.0,0.83,0.0,7.15,1.61,0.74,0.75,0.01,1.73,-0.8730497106723758,0,1,Fast
P133,"Laguna_Seca, Laguna_Seca",", McLaren 720S GT3","20/10/2024, ",Lap 9,102.214,0.0,230.4,127.3,193.5,193.2,51.4,0.0,100.0,12.0,0.0,0.0,30.0,-8.48,26.04,-0.67,-0.75,-0.93,4.31,-98.22,156.91,3.5,4.35,5.7,24.87,0.0,100.0,69.0,100.0,100.0,41.0,2.8,0.73,0.38,0.45,0.58,0.0,1.95,0.44,0.24,0.24,0.37,-0.0,240.0,46.36,11.34,14.15,61.19,0.0,1.0,0.31,0.0,0.0,0.46,0.0,31.28,16.89,0.0,25.03,9.89,0.0,4.65,1.18,0.0,0.0,1.54,0.0,8.48,1.39,0.75,0.93,0.17,1.72,0.0224260541195812,0,1,Fast
P133,"Laguna_Seca, Laguna_Seca",", McLaren 720S GT3","20/10/2024, ",Lap 10,89.63,65.3,229.1,143.4,193.2,193.1,37.4,0.0,100.0,13.0,0.0,0.0,31.0,-9.41,10.94,-1.52,-0.93,-0.8,2.14,-61.57,49.25,4.0,5.7,5.08,17.94,0.0,100.0,69.0,100.0,100.0,41.0,2.31,0.78,0.45,0.46,0.58,0.0,1.89,0.47,0.24,0.23,0.4,-0.0,145.26,31.27,14.15,12.08,34.38,0.0,1.0,0.31,0.0,0.0,0.46,0.0,27.5,14.01,25.03,0.0,8.43,0.0,4.3,0.61,0.0,0.17,0.85,0.0,9.41,1.62,0.93,0.8,-0.13,1.9,-0.8169532400436956,0,1,Fast
P133,"Laguna_Seca, Laguna_Seca",", McLaren 720S GT3","20/10/2024, ",Lap 11,89.7,68.7,229.0,143.4,193.1,193.4,38.5,0.0,100.0,13.0,0.0,0.0,30.0,-7.39,3.06,-1.47,-0.8,-0.44,1.58,-48.79,46.47,3.99,5.08,2.99,17.75,0.0,100.0,70.0,100.0,100.0,41.0,2.58,0.76,0.46,0.3,0.57,0.0,1.89,0.47,0.23,0.25,0.39,-0.0,132.7,29.14,12.08,6.92,30.99,0.0,1.0,0.29,0.0,0.0,0.45,0.0,26.0,13.56,0.0,0.0,7.8,0.0,4.02,0.55,0.17,0.0,0.8,0.0,7.39,1.49,0.8,0.44,-0.36,1.56,-0.8122840926667538,0,1,Fast
P133,"Laguna_Seca, Laguna_Seca",", McLaren 720S GT3","20/10/2024, ",Lap 12,89.49,65.3,227.9,143.6,193.4,192.8,38.1,0.0,100.0,13.0,0.0,0.0,30.0,-7.03,4.03,-1.45,-0.44,-0.7,1.54,-40.65,47.8,4.01,2.99,4.37,17.4,0.0,100.0,69.0,100.0,100.0,42.0,2.3,0.76,0.3,0.38,0.58,0.0,1.9,0.47,0.25,0.24,0.39,-0.0,131.89,28.62,6.92,10.37,30.0,0.0,1.0,0.28,0.0,0.0,0.45,0.0,25.35,12.56,0.0,15.21,7.63,0.0,3.93,0.5,0.0,0.0,0.83,0.0,7.03,1.46,0.44,0.7,0.26,1.52,-0.8262915347975783,0,1,Fast
P132,"Laguna_Seca, Laguna_Seca",", McLaren 720S GT3","20/10/2024, ",Lap 2,90.222,62.4,224.0,143.5,191.8,192.9,38.2,0.0,100.0,11.0,0.0,0.0,24.0,-6.68,3.92,-1.33,-0.34,-0.64,1.45,-41.22,48.34,3.98,1.76,5.12,17.65,0.0,100.0,66.0,100.0,100.0,44.0,2.75,0.79,0.11,0.36,0.56,0.0,1.79,0.45,0.26,0.26,0.34,-0.0,141.16,28.48,4.0,9.3,29.17,0.0,1.0,0.25,0.0,0.0,0.43,0.0,22.65,10.76,14.08,0.0,6.66,0.0,3.83,0.43,0.0,0.0,0.67,0.0,6.68,1.38,0.34,0.64,0.3,1.38,-0.7774655936558492,0,1,Fast
P132,"Laguna_Seca, Laguna_Seca",", McLaren 720S GT3","20/10/2024, ",Lap 3,98.187,9.4,227.0,132.6,192.9,193.2,45.8,0.0,100.0,11.0,0.0,0.0,26.0,-8.69,18.02,-0.98,-0.64,-0.67,2.28,-102.92,63.8,3.64,5.12,6.19,18.48,0.0,100.0,61.0,100.0,100.0,44.0,3.84,0.69,0.36,0.49,0.58,0.0,5.58,0.44,0.26,0.25,0.35,-0.0,240.0,34.69,9.3,10.38,46.32,0.0,1.0,0.27,0.0,0.0,0.44,0.0,26.23,13.91,0.0,0.0,7.91,0.0,4.35,0.52,0.0,0.0,0.76,0.0,8.69,1.2,0.64,0.67,0.03,1.4,-0.2461833242653135,0,1,Fast
P132,"Laguna_Seca, Laguna_Seca",", McLaren 720S GT3","20/10/2024, ",Lap 4,94.047,32.1,224.0,137.7,193.2,193.5,44.1,0.0,100.0,11.0,0.0,0.0,24.0,-6.63,16.93,-0.95,-0.67,-0.59,1.9,-67.58,79.37,3.79,6.19,5.0,18.61,0.0,100.0,64.0,100.0,100.0,45.0,3.03,0.73,0.49,0.33,0.58,0.0,2.27,0.44,0.25,0.24,0.34,-0.0,240.0,30.82,10.38,8.74,39.61,0.0,1.0,0.22,0.0,0.0,0.42,0.0,20.85,9.86,0.0,3.75,5.87,0.0,3.2,0.39,0.0,0.0,0.64,0.0,6.63,1.12,0.67,0.59,-0.09,1.23,-0.5223300405586992,0,0,Fast
P132,"Laguna_Seca, Laguna_Seca",", McLaren 720S GT3","20/10/2024, ",Lap 5,89.774,67.8,224.8,143.3,193.5,193.5,39.5,0.0,100.0,11.0,0.0,0.0,24.0,-7.06,6.03,-1.3,-0.59,-0.22,1.5,-58.71,43.18,3.98,5.0,1.88,17.01,0.0,100.0,65.0,100.0,100.0,44.0,3.01,0.75,0.33,0.14,0.59,0.0,1.8,0.44,0.24,0.25,0.35,-0.0,135.7,27.08,8.74,3.25,28.69,0.0,1.0,0.27,0.0,0.0,0.44,0.0,24.35,12.66,3.75,0.0,7.11,0.0,4.25,0.52,0.0,0.0,0.77,0.0,7.06,1.34,0.59,0.22,-0.36,1.42,-0.8073481368682731,0,0,Fast
P132,"Laguna_Seca, Laguna_Seca",", McLaren 720S GT3","20/10/2024, ",Lap 6,89.907,55.9,225.1,143.3,193.5,192.8,40.9,0.0,100.0,12.0,0.0,0.0,28.0,-8.93,20.3,-1.23,-0.22,-0.58,2.17,-65.91,56.23,3.99,1.88,4.18,18.56,0.0,100.0,67.0,100.0,100.0,44.0,3.02,0.77,0.14,0.29,0.57,0.0,1.88,0.46,0.25,0.25,0.36,-0.0,203.5,30.03,3.25,7.92,35.81,0.0,1.0,0.26,0.0,0.0,0.44,0.0,23.27,11.48,0.0,7.45,7.2,0.0,3.65,0.47,0.0,0.0,0.7,0.0,8.93,1.38,0.22,0.58,0.35,1.54,-0.798476756852085,0,0,Fast
P132,"Laguna_Seca, Laguna_Seca",", McLaren 720S GT3","20/10/2024, ",Lap 7,89.164,65.2,225.1,144.4,192.8,193.5,37.6,0.0,100.0,10.0,0.0,0.0,24.0,-7.17,16.21,-1.3,-0.58,-0.31,1.73,-61.06,47.97,4.02,4.18,2.06,18.08,0.0,100.0,66.0,100.0,100.0,43.0,2.83,0.79,0.29,0.15,0.59,0.0,1.79,0.43,0.25,0.24,0.35,-0.0,168.88,28.68,7.92,4.26,30.58,0.0,1.0,0.29,0.0,0.0,0.46,0.0,26.3,13.07,7.45,12.62,7.9,0.0,4.18,0.53,0.0,0.0,0.82,0.0,7.17,1.39,0.58,0.31,-0.27,1.4,-0.8480364211530473,0,1,Fast
P132,"Laguna_Seca, Laguna_Seca",", McLaren 720S GT3","20/10/2024, ",Lap 8,88.899,62.3,229.7,145.1,193.5,193.1,38.4,0.0,100.0,12.0,0.0,0.0,27.0,-9.6,2.52,-1.5,-0.31,-0.55,1.82,-45.33,61.44,4.04,2.06,3.83,17.66,0.0,100.0,68.0,100.0,100.0,43.0,2.56,0.78,0.15,0.27,0.59,0.0,1.85,0.46,0.24,0.24,0.36,-0.0,169.56,29.73,4.26,7.47,34.31,0.0,1.0,0.27,0.0,0.0,0.44,0.0,23.73,11.52,12.62,12.82,7.19,0.0,4.03,0.45,0.0,0.0,0.75,0.0,9.6,1.53,0.31,0.55,0.24,1.79,-0.8657124790800395,0,1,Fast
P132,"Laguna_Seca, Laguna_Seca",", McLaren 720S GT3","20/10/2024, ",Lap 9,88.889,53.5,224.9,145.8,193.1,193.5,40.4,0.0,100.0,13.0,0.0,0.0,30.0,-9.44,1.64,-1.59,-0.55,-0.36,1.81,-37.6,56.26,4.04,3.83,2.15,17.85,0.0,100.0,69.0,100.0,100.0,43.0,2.76,0.79,0.27,0.14,0.58,0.0,1.92,0.47,0.24,0.24,0.38,-0.0,188.49,31.0,7.47,4.73,35.94,0.0,1.0,0.29,0.0,0.0,0.45,0.0,25.92,13.14,12.82,5.18,7.89,0.0,4.03,0.58,0.0,0.0,0.82,0.0,9.44,1.61,0.55,0.36,-0.18,1.79,-0.8663795001338885,0,1,Fast
P132,"Laguna_Seca, Laguna_Seca",", McLaren 720S GT3","20/10/2024, ",Lap 10,90.67,67.0,225.3,142.3,193.5,193.5,37.7,0.0,100.0,12.0,0.0,0.0,27.0,-7.01,12.29,-1.2,-0.36,-0.58,2.22,-48.1,58.63,3.94,2.15,3.19,17.93,0.0,100.0,67.0,100.0,100.0,43.0,2.92,0.78,0.14,0.21,0.61,0.0,1.82,0.44,0.24,0.25,0.34,-0.0,146.14,29.96,4.73,7.53,32.37,0.0,1.0,0.32,0.0,0.0,0.46,0.0,28.6,14.45,5.18,0.0,8.81,0.0,4.17,0.72,0.0,0.15,0.81,0.0,7.01,1.45,0.36,0.58,0.22,1.6,-0.7475830504434244,0,1,Fast
P132,"Laguna_Seca, Laguna_Seca",", McLaren 720S GT3","20/10/2024, ",Lap 11,91.92,59.5,225.0,140.9,193.5,192.8,38.8,0.0,100.0,12.0,0.0,0.0,27.0,-7.84,9.57,-1.36,-0.58,-0.52,1.68,-41.66,53.07,3.91,3.19,4.0,17.76,0.0,100.0,66.0,100.0,100.0,43.0,3.55,0.75,0.21,0.33,0.62,0.0,2.02,0.45,0.25,0.25,0.35,-0.0,163.53,28.62,7.53,7.45,32.33,0.0,1.0,0.29,0.0,0.0,0.45,0.0,26.58,12.86,0.0,21.27,8.14,0.0,3.88,0.53,0.15,0.0,0.86,0.0,7.84,1.41,0.58,0.52,-0.06,1.58,-0.6642054187123297,0,1,Fast
P132,"Laguna_Seca, Laguna_Seca",", McLaren 720S GT3","20/10/2024, ",Lap 12,89.73,58.3,228.9,144.1,192.8,192.1,40.5,0.0,100.0,12.0,0.0,0.0,29.0,-7.31,18.23,-1.26,-0.52,-0.53,2.05,-54.81,70.31,4.0,4.0,2.51,17.79,0.0,100.0,67.0,100.0,100.0,43.0,2.72,0.78,0.33,0.12,0.58,0.0,2.12,0.44,0.25,0.25,0.37,-0.0,151.26,29.65,7.45,6.83,30.46,0.0,1.0,0.33,0.0,0.0,0.47,0.0,29.45,14.65,21.27,0.0,9.16,0.0,4.18,0.63,0.0,0.0,0.84,0.0,7.31,1.43,0.52,0.53,0.01,1.43,-0.8102830295052075,0,1,Fast
P131,"Laguna_Seca, Laguna_Seca",", McLaren 720S GT3","20/10/2024, ",Lap 2,91.374,53.4,218.2,140.9,191.9,192.9,39.1,0.0,100.0,12.0,0.0,0.0,25.0,-8.4,16.99,-1.49,-0.59,-0.77,1.94,-51.71,56.5,3.93,3.4,5.68,18.04,0.0,100.0,65.0,100.0,100.0,40.0,2.7,0.74,0.25,0.39,0.57,0.0,1.67,0.43,0.26,0.26,0.34,-0.0,165.09,31.11,8.04,10.79,35.63,0.0,1.0,0.3,0.0,0.0,0.46,0.0,27.57,13.39,8.37,24.81,8.33,0.0,4.38,0.52,0.0,0.07,0.87,0.0,8.4,1.55,0.59,0.77,0.18,1.7,-0.7006247682524723,0,1,Fast
P131,"Laguna_Seca, Laguna_Seca",", McLaren 720S GT3","20/10/2024, ",Lap 3,91.349,57.2,225.0,140.7,192.9,191.9,37.7,0.0,100.0,13.0,0.0,0.0,27.0,-7.75,10.49,-1.34,-0.77,-0.3,1.96,-40.68,50.78,3.92,5.68,1.56,17.76,0.0,100.0,68.0,100.0,100.0,38.0,2.63,0.76,0.39,0.14,0.59,0.0,1.69,0.44,0.26,0.26,0.33,-0.0,157.51,29.72,10.79,4.09,33.11,0.0,1.0,0.29,0.0,0.0,0.45,0.0,26.1,12.66,24.81,25.06,7.99,0.0,4.32,0.53,0.07,0.0,0.88,0.0,7.75,1.47,0.77,0.3,-0.47,1.64,-0.7022923208870936,0,1,Fast
P131,"Laguna_Seca, Laguna_Seca",", McLaren 720S GT3","20/10/2024, ",Lap 4,90.767,59.4,213.8,141.5,191.9,193.0,37.0,0.0,100.0,13.0,0.0,0.0,27.0,-8.19,0.98,-1.48,-0.3,-0.6,1.69,-41.26,56.03,3.93,1.56,2.2,17.25,0.0,100.0,68.0,100.0,100.0,39.0,2.52,0.74,0.14,0.14,0.57,0.0,1.73,0.44,0.26,0.25,0.34,-0.0,158.88,29.04,4.09,7.25,32.77,0.0,1.0,0.26,0.0,0.0,0.44,0.0,25.06,11.25,25.06,0.0,7.34,0.0,4.07,0.48,0.0,0.0,0.8,0.0,8.19,1.49,0.3,0.6,0.3,1.68,-0.7411129462210918,0,0,Fast
P131,"Laguna_Seca, Laguna_Seca",", McLaren 720S GT3","20/10/2024, ",Lap 5,91.447,59.3,217.1,140.4,193.0,192.5,39.1,0.0,100.0,13.0,0.0,0.0,27.0,-8.37,22.28,-1.12,-0.6,-1.12,2.63,-44.67,66.41,3.93,2.2,6.76,18.29,0.0,100.0,67.0,100.0,100.0,39.0,2.63,0.74,0.14,0.44,0.58,0.0,1.72,0.43,0.25,0.24,0.35,-0.0,179.41,29.37,7.25,15.53,33.97,0.0,1.0,0.26,0.0,0.0,0.44,0.0,23.92,12.14,0.0,2.87,7.28,0.0,4.3,0.49,0.0,0.0,0.8,0.0,8.37,1.39,0.6,1.12,0.52,1.56,-0.6957555145593759,0,0,Fast
P131,"Laguna_Seca, Laguna_Seca",", McLaren 720S GT3","20/10/2024, ",Lap 6,89.642,48.8,226.1,143.5,192.5,192.8,39.8,0.0,100.0,15.0,0.0,0.0,31.0,-10.36,4.08,-1.75,-1.12,-0.69,2.19,-41.35,47.93,4.03,6.76,4.78,17.47,0.0,100.0,70.0,100.0,100.0,39.0,2.61,0.76,0.44,0.39,0.59,0.0,1.92,0.46,0.24,0.26,0.35,-0.0,168.97,33.0,15.53,10.08,38.71,0.0,1.0,0.3,0.0,0.0,0.46,0.0,27.22,13.57,2.87,16.33,8.07,0.0,4.35,0.56,0.0,0.2,0.83,0.0,10.36,1.78,1.12,0.69,-0.42,2.15,-0.8161528147790771,0,0,Fast
P131,"Laguna_Seca, Laguna_Seca",", McLaren 720S GT3","20/10/2024, ",Lap 7,90.834,59.0,228.9,141.6,192.8,192.4,42.0,0.0,100.0,14.0,0.0,0.0,29.0,-8.73,25.69,-1.1,-0.69,-0.34,3.54,-47.59,54.19,3.94,4.78,2.15,17.97,0.0,100.0,71.0,100.0,100.0,38.0,2.74,0.78,0.39,0.16,0.59,0.0,1.8,0.45,0.26,0.26,0.34,-0.0,240.0,33.56,10.08,4.6,39.93,0.0,1.0,0.31,0.0,0.0,0.46,0.0,28.23,15.02,16.33,15.81,8.45,0.0,4.53,0.64,0.2,0.02,0.85,0.0,8.73,1.54,0.69,0.34,-0.35,1.71,-0.7366439051603046,0,1,Fast
P131,"Laguna_Seca, Laguna_Seca",", McLaren 720S GT3","20/10/2024, ",Lap 8,91.276,50.4,227.9,140.8,192.4,193.4,39.0,0.0,100.0,14.0,0.0,0.0,29.0,-10.7,12.85,-1.4,-0.34,-0.13,2.09,-44.6,56.87,3.92,2.15,0.28,17.61,0.0,100.0,69.0,100.0,100.0,40.0,2.68,0.74,0.16,0.02,0.59,0.0,1.81,0.45,0.26,0.26,0.35,-0.0,175.12,29.45,4.6,1.23,35.03,0.0,1.0,0.27,0.0,0.0,0.44,0.0,24.8,11.37,15.81,0.0,7.55,0.0,4.25,0.45,0.02,0.0,0.8,0.0,10.7,1.5,0.34,0.13,-0.22,1.84,-0.70716157458019,0,1,Fast
P131,"Laguna_Seca, Laguna_Seca",", McLaren 720S GT3","20/10/2024, ",Lap 9,89.02,60.5,227.9,144.2,193.4,193.4,38.5,0.0,100.0,13.0,0.0,0.0,28.0,-8.83,2.64,-1.58,-0.13,-0.29,1.71,-47.06,66.76,4.04,0.28,1.34,17.59,0.0,100.0,71.0,100.0,100.0,37.0,2.82,0.78,0.02,0.09,0.59,0.0,1.77,0.44,0.26,0.25,0.36,-0.0,165.25,30.26,1.23,3.67,32.72,0.0,1.0,0.3,0.0,0.0,0.46,0.0,26.77,13.37,0.0,0.0,8.24,0.0,4.27,0.54,0.0,0.0,0.86,0.0,8.83,1.59,0.13,0.29,0.16,1.69,-0.8576415243284699,0,1,Fast
P131,"Laguna_Seca, Laguna_Seca",", McLaren 720S GT3","20/10/2024, ",Lap 10,89.73,50.0,229.2,143.4,193.4,192.5,39.3,0.0,100.0,15.0,0.0,0.0,30.0,-8.67,10.96,-1.39,-0.29,-0.68,2.15,-47.68,50.77,3.99,1.34,4.62,17.59,0.0,100.0,71.0,100.0,100.0,39.0,2.75,0.77,0.09,0.33,0.58,0.0,1.77,0.46,0.25,0.25,0.34,-0.0,153.37,30.99,3.67,9.52,34.4,0.0,1.0,0.28,0.0,0.0,0.45,0.0,24.87,12.18,0.0,0.0,7.52,0.0,4.52,0.54,0.0,0.0,0.83,0.0,8.67,1.54,0.29,0.68,0.39,1.76,-0.8102830295052075,0,1,Fast
P131,"Laguna_Seca, Laguna_Seca",", McLaren 720S GT3","20/10/2024, ",Lap 11,90.52,45.4,227.3,142.0,192.5,190.8,39.6,0.0,100.0,16.0,0.0,0.0,32.0,-7.2,9.52,-1.24,-0.68,-0.85,2.14,-46.96,47.29,3.97,4.62,4.56,17.67,2.0,100.0,74.0,100.0,100.0,37.0,2.53,0.76,0.33,0.29,0.59,0.0,1.78,0.46,0.25,0.27,0.34,-0.0,154.16,30.29,9.52,11.56,34.36,0.0,1.0,0.27,0.0,0.0,0.45,0.0,24.8,12.3,0.0,0.0,7.26,0.0,4.25,0.53,0.0,0.07,0.82,0.0,7.2,1.43,0.68,0.85,0.17,1.68,-0.7575883662511562,0,1,Fast
P131,"Laguna_Seca, Laguna_Seca",", McLaren 720S GT3","20/10/2024, ",Lap 12,90.61,47.1,228.2,142.0,190.8,190.3,38.0,0.0,100.0,14.0,0.0,0.0,30.0,-7.74,8.41,-1.24,-0.85,-0.52,1.59,-44.47,58.69,3.96,4.56,3.83,17.43,0.0,100.0,70.0,100.0,100.0,40.0,2.87,0.77,0.29,0.28,0.58,0.0,1.77,0.44,0.27,0.26,0.35,-0.0,148.52,27.81,11.56,7.63,29.95,0.0,1.0,0.25,0.0,0.0,0.43,0.0,22.28,10.85,0.0,4.46,6.85,0.0,3.35,0.49,0.07,0.0,0.64,0.0,7.74,1.32,0.85,0.52,-0.33,1.42,-0.7515851767665171,0,1,Fast
P130,"Laguna_Seca, Laguna_Seca",", McLaren 720S GT3","20/10/2024, ",Lap 2,91.004,60.1,227.3,141.7,192.2,191.9,38.6,0.0,100.0,10.0,0.0,0.0,22.0,-7.04,25.59,-0.73,-0.08,-0.22,3.34,-41.12,77.3,3.93,0.64,1.4,18.35,0.0,100.0,65.0,100.0,100.0,41.0,2.85,0.78,0.1,0.1,0.58,0.0,2.44,0.42,0.27,0.27,0.32,-0.0,240.0,30.51,0.84,2.78,35.79,0.0,1.0,0.28,0.0,0.0,0.45,0.0,25.75,11.9,8.3,2.57,7.74,0.0,3.48,0.52,0.18,0.1,0.72,0.0,7.04,1.25,0.08,0.22,0.14,1.28,-0.7253045472448757,0,1,Fast
P130,"Laguna_Seca, Laguna_Seca",", McLaren 720S GT3","20/10/2024, ",Lap 3,90.152,58.7,227.6,142.8,191.9,192.6,39.2,0.0,100.0,11.0,0.0,0.0,23.0,-8.73,17.78,-1.03,-0.22,-0.17,2.36,-56.66,50.79,3.98,1.4,0.09,18.01,0.0,100.0,66.0,100.0,100.0,42.0,3.07,0.77,0.1,0.09,0.58,0.01,1.82,0.44,0.27,0.26,0.32,-0.0,177.74,29.01,2.78,2.03,31.56,0.0,1.0,0.28,0.0,0.0,0.45,0.0,25.47,12.27,2.57,0.0,7.61,0.0,3.45,0.55,0.1,0.4,0.72,0.0,8.73,1.3,0.22,0.17,-0.05,1.38,-0.7821347410327901,0,1,Fast
P130,"Laguna_Seca, Laguna_Seca",", McLaren 720S GT3","20/10/2024, ",Lap 4,89.359,63.6,229.6,144.5,192.6,192.6,39.3,0.0,100.0,12.0,0.0,0.0,25.0,-6.96,10.81,-1.23,-0.17,-0.24,1.71,-37.64,57.39,4.01,0.09,1.79,17.48,0.0,100.0,68.0,100.0,100.0,41.0,2.87,0.78,0.09,0.15,0.58,0.0,1.77,0.45,0.26,0.24,0.33,-0.0,132.75,27.88,2.03,3.42,29.09,0.0,1.0,0.29,0.0,0.0,0.45,0.0,26.07,11.96,0.0,11.47,7.9,0.0,3.98,0.56,0.4,0.3,0.75,0.0,6.96,1.36,0.17,0.24,0.08,1.41,-0.835029510602997,0,0,Fast
P130,"Laguna_Seca, Laguna_Seca",", McLaren 720S GT3","20/10/2024, ",Lap 5,88.072,61.6,228.9,146.0,192.6,192.9,38.7,0.0,97.0,11.0,0.0,0.0,24.0,-6.55,2.53,-1.44,-0.24,-0.35,1.4,-38.75,55.43,4.08,1.79,2.5,17.54,0.0,100.0,67.0,100.0,100.0,41.0,3.01,0.81,0.15,0.17,0.59,0.0,1.72,0.44,0.24,0.26,0.33,-0.0,146.34,28.85,3.42,4.8,28.9,0.0,1.0,0.29,0.0,0.0,0.45,0.0,25.58,11.95,11.47,3.07,7.89,0.0,3.82,0.52,0.3,0.0,0.78,0.0,6.55,1.46,0.24,0.35,0.11,1.38,-0.9208751202333316,0,0,Fast
P130,"Laguna_Seca, Laguna_Seca",", McLaren 720S GT3","20/10/2024, ",Lap 6,88.704,62.6,230.2,145.5,192.9,193.9,39.7,0.0,100.0,12.0,0.0,0.0,26.0,-7.98,18.33,-1.2,-0.35,-0.26,2.77,-67.54,50.52,4.04,2.5,1.88,18.54,0.0,100.0,66.0,100.0,100.0,42.0,2.98,0.81,0.17,0.17,0.6,0.0,1.83,0.44,0.26,0.24,0.34,-0.0,175.12,31.92,4.8,3.62,36.24,0.0,1.0,0.32,0.0,0.0,0.47,0.0,28.22,13.45,3.07,0.0,8.63,0.0,4.02,0.57,0.0,0.07,0.84,0.0,7.98,1.51,0.35,0.26,-0.09,1.67,-0.8787193896300908,0,0,Fast
P130,"Laguna_Seca, Laguna_Seca",", McLaren 720S GT3","20/10/2024, ",Lap 7,89.677,59.2,230.5,143.5,193.9,193.1,37.8,0.0,100.0,12.0,0.0,0.0,25.0,-8.1,9.23,-1.42,-0.26,-0.3,1.82,-67.41,47.03,3.99,1.88,2.0,17.52,0.0,100.0,67.0,100.0,100.0,42.0,3.2,0.79,0.17,0.16,0.57,0.0,1.97,0.45,0.24,0.26,0.33,-0.0,144.71,30.18,3.62,4.19,31.01,0.0,1.0,0.31,0.0,0.0,0.46,0.0,27.78,13.16,0.0,7.22,8.81,0.0,3.87,0.69,0.07,0.0,0.89,0.0,8.1,1.52,0.26,0.3,0.04,1.61,-0.8138182410906057,0,1,Fast
P130,"Laguna_Seca, Laguna_Seca",", McLaren 720S GT3","20/10/2024, ",Lap 8,87.682,64.4,229.9,146.7,193.1,192.7,39.0,0.0,100.0,13.0,0.0,0.0,27.0,-7.18,3.98,-1.51,-0.3,-0.24,1.59,-38.28,53.51,4.08,2.0,1.21,17.47,0.0,100.0,69.0,100.0,100.0,42.0,2.91,0.81,0.16,0.09,0.58,0.0,1.88,0.47,0.26,0.25,0.34,-0.0,154.14,29.66,4.19,2.93,31.55,0.0,1.0,0.28,0.0,0.0,0.45,0.0,24.37,11.02,7.22,8.28,7.54,0.0,3.85,0.53,0.0,0.0,0.8,0.0,7.18,1.52,0.3,0.24,-0.06,1.57,-0.9468889413334332,0,1,Fast
P130,"Laguna_Seca, Laguna_Seca",", McLaren 720S GT3","20/10/2024, ",Lap 9,87.349,61.9,229.9,147.0,192.7,192.5,38.7,0.0,100.0,13.0,0.0,0.0,27.0,-5.6,2.55,-1.35,-0.24,-0.22,1.3,-39.92,59.49,4.1,1.21,1.32,17.15,0.0,100.0,69.0,100.0,100.0,42.0,2.73,0.81,0.09,0.09,0.57,0.0,1.91,0.47,0.25,0.25,0.34,-0.0,132.24,27.69,2.93,2.89,27.14,0.0,1.0,0.27,0.0,0.0,0.44,0.0,23.73,10.82,8.28,0.0,7.27,0.0,3.82,0.46,0.0,0.15,0.75,0.0,5.6,1.37,0.24,0.22,-0.02,1.27,-0.9691007424265968,0,1,Fast
P130,"Laguna_Seca, Laguna_Seca",", McLaren 720S GT3","20/10/2024, ",Lap 10,89.43,42.7,230.5,144.6,192.5,194.0,42.3,0.0,100.0,12.0,0.0,0.0,24.0,-11.0,10.31,-1.5,-0.22,-0.37,1.94,-42.82,47.68,4.01,1.32,2.69,17.06,0.0,100.0,66.0,100.0,100.0,43.0,3.18,0.79,0.09,0.21,0.58,0.0,1.85,0.45,0.25,0.24,0.33,-0.0,179.1,31.92,2.89,5.27,37.06,0.0,1.0,0.27,0.0,0.0,0.44,0.0,23.77,10.59,0.0,14.26,7.4,0.0,3.67,0.53,0.15,0.43,0.76,0.0,11.0,1.53,0.22,0.37,0.15,1.86,-0.83029366112067,0,1,Fast
P130,"Laguna_Seca, Laguna_Seca",", McLaren 720S GT3","20/10/2024, ",Lap 11,87.25,67.4,229.9,147.3,194.0,194.1,39.1,0.0,100.0,13.0,0.0,0.0,26.0,-8.87,10.58,-1.28,-0.37,-0.31,2.0,-39.77,70.0,4.1,2.69,2.03,17.58,0.0,100.0,69.0,100.0,100.0,42.0,3.0,0.81,0.21,0.15,0.58,0.0,1.87,0.47,0.24,0.24,0.34,-0.0,148.74,28.72,5.27,4.24,31.85,0.0,1.0,0.28,0.0,0.0,0.45,0.0,24.12,11.24,14.26,14.47,7.41,0.0,3.4,0.5,0.43,0.0,0.68,0.0,8.87,1.42,0.37,0.31,-0.06,1.66,-0.9757042508596996,0,1,Fast
P130,"Laguna_Seca, Laguna_Seca",", McLaren 720S GT3","20/10/2024, ",Lap 12,87.34,67.0,230.6,147.2,194.1,193.6,38.9,0.0,100.0,13.0,0.0,0.0,27.0,-10.77,16.32,-1.33,-0.31,-0.15,2.4,-48.59,54.74,4.09,2.03,0.83,17.83,0.0,100.0,69.0,100.0,100.0,42.0,3.65,0.81,0.15,0.07,0.59,0.0,1.87,0.46,0.24,0.25,0.34,-0.0,173.64,30.32,4.24,1.75,34.56,0.0,1.0,0.26,0.0,0.0,0.44,0.0,22.95,10.09,14.47,0.0,7.04,0.0,3.97,0.44,0.0,0.0,0.78,0.0,10.77,1.51,0.31,0.15,-0.16,1.81,-0.9697010613750606,0,1,Fast
P129,"Laguna_Seca, Laguna_Seca",", McLaren 720S GT3","19/10/2024, ",Lap 2,108.954,47.1,196.7,118.9,166.9,163.1,35.4,0.0,100.0,10.0,0.0,0.0,23.0,-11.3,23.5,-1.36,-0.59,-0.65,2.7,-74.1,52.59,3.28,5.19,3.76,16.86,0.0,90.0,49.0,80.0,73.0,32.0,2.05,0.57,0.33,0.17,0.48,0.0,1.94,0.35,0.21,0.2,0.31,-0.0,215.0,31.54,9.24,8.84,39.98,0.0,1.0,0.22,0.0,0.0,0.42,0.0,24.3,11.92,10.07,4.86,7.14,0.0,4.4,0.54,1.12,0.28,0.75,0.0,11.3,1.5,0.59,0.65,0.06,2.15,0.4719982444136435,0,1,Slow
P129,"Laguna_Seca, Laguna_Seca",", McLaren 720S GT3","19/10/2024, ",Lap 3,115.152,0.0,190.7,113.2,163.1,175.1,46.9,0.0,100.0,11.0,0.0,0.0,26.0,-8.36,19.37,-0.84,-0.65,-0.63,2.2,-49.19,81.57,3.13,3.76,4.91,17.83,0.0,94.0,50.0,73.0,90.0,32.0,2.33,0.57,0.17,0.29,0.5,0.0,9.66,0.36,0.2,0.21,0.38,-0.0,240.0,40.84,8.84,9.58,57.86,0.0,1.0,0.19,0.0,0.0,0.39,0.0,21.35,11.05,4.86,1.71,6.07,0.0,3.0,0.5,0.28,0.7,0.63,0.0,8.36,1.03,0.65,0.63,-0.03,1.24,0.885417893589104,0,1,Slow
P129,"Laguna_Seca, Laguna_Seca",", McLaren 720S GT3","19/10/2024, ",Lap 4,107.799,0.0,202.0,120.1,175.1,186.3,46.6,0.0,100.0,12.0,0.0,0.0,27.0,-10.39,18.21,-1.19,-0.63,-0.63,2.51,-41.36,56.63,3.32,4.91,3.49,17.52,0.0,100.0,54.0,90.0,88.0,37.0,2.05,0.61,0.29,0.23,0.52,0.0,12.44,0.42,0.21,0.19,0.43,-0.0,182.43,35.65,9.58,8.67,44.43,0.0,1.0,0.21,0.0,0.0,0.41,0.0,22.42,11.75,1.71,3.14,6.64,0.0,4.27,0.52,0.7,0.0,0.75,0.0,10.39,1.33,0.63,0.63,0.01,2.06,0.3949573126941129,0,0,Slow
P129,"Laguna_Seca, Laguna_Seca",", McLaren 720S GT3","19/10/2024, ",Lap 5,104.432,49.2,198.7,124.0,186.3,185.4,36.2,0.0,100.0,12.0,0.0,0.0,28.0,-8.87,5.22,-1.35,-0.63,-0.77,1.84,-38.54,57.76,3.44,3.49,6.31,16.51,0.0,100.0,53.0,88.0,100.0,35.0,1.97,0.62,0.23,0.47,0.5,0.0,1.94,0.4,0.19,0.29,0.34,-0.0,137.22,29.09,8.67,11.53,32.77,0.0,1.0,0.24,0.0,0.0,0.43,0.0,24.82,12.89,3.14,5.46,7.11,0.0,4.13,0.53,0.0,0.33,0.79,0.0,8.87,1.4,0.63,0.77,0.14,1.75,0.1703713238632359,0,0,Slow
P129,"Laguna_Seca, Laguna_Seca",", McLaren 720S GT3","19/10/2024, ",Lap 6,97.329,45.5,208.6,131.9,185.4,193.0,37.0,0.0,100.0,12.0,0.0,0.0,27.0,-8.36,0.95,-1.37,-0.77,-0.55,1.75,-37.17,54.9,3.68,6.31,3.74,16.66,0.0,100.0,58.0,100.0,99.0,37.0,1.89,0.64,0.47,0.29,0.51,0.0,1.75,0.42,0.29,0.25,0.36,-0.0,156.68,28.43,11.53,7.54,33.99,0.0,1.0,0.21,0.0,0.0,0.41,0.0,20.9,11.15,5.46,10.03,6.08,0.0,4.22,0.42,0.33,0.0,0.72,0.0,8.36,1.38,0.77,0.55,-0.22,1.74,-0.3034137306855372,0,0,Fast
P129,"Laguna_Seca, Laguna_Seca",", McLaren 720S GT3","19/10/2024, ",Lap 7,113.537,0.0,207.0,115.0,193.0,186.6,53.3,0.0,100.0,11.0,0.0,0.0,25.0,-10.14,14.6,-1.2,-0.55,-0.64,2.33,-37.54,96.78,6.26,3.74,4.31,18.44,0.0,100.0,54.0,99.0,90.0,39.0,2.23,0.59,0.29,0.33,0.52,0.0,1.98,0.41,0.25,0.21,0.34,-0.0,240.0,43.73,7.54,8.93,56.49,0.0,1.0,0.18,0.0,0.0,0.39,0.0,20.87,12.5,10.03,0.0,5.71,0.0,4.23,0.43,0.0,0.0,0.73,0.0,10.14,1.3,0.55,0.64,0.09,2.02,0.77769399339253,0,1,Slow
P129,"Laguna_Seca, Laguna_Seca",", McLaren 720S GT3","19/10/2024, ",Lap 8,99.052,48.5,204.9,130.5,186.6,183.6,39.1,0.0,100.0,12.0,0.0,0.0,29.0,-10.72,8.12,-1.5,-0.64,-0.48,2.17,-44.77,59.4,3.62,4.31,2.22,16.63,0.0,100.0,58.0,90.0,99.0,37.0,2.01,0.66,0.33,0.14,0.5,0.0,1.88,0.41,0.21,0.21,0.36,-0.0,156.81,31.31,8.93,6.89,36.67,0.0,1.0,0.22,0.0,0.0,0.42,0.0,22.2,12.46,0.0,3.11,6.26,0.0,4.08,0.51,0.0,0.45,0.78,0.0,10.72,1.55,0.64,0.48,-0.15,2.09,-0.1884860031073954,0,1,Fast
P129,"Laguna_Seca, Laguna_Seca",", McLaren 720S GT3","19/10/2024, ",Lap 9,95.549,62.6,206.9,134.8,183.6,191.2,36.2,0.0,100.0,11.0,0.0,0.0,26.0,-10.77,2.62,-1.5,-0.48,-0.89,2.09,-37.55,58.17,3.76,2.22,5.04,16.95,0.0,100.0,58.0,99.0,100.0,39.0,2.06,0.68,0.14,0.26,0.53,0.0,1.79,0.41,0.21,0.26,0.35,-0.0,165.95,29.73,6.89,11.67,35.82,0.0,1.0,0.24,0.0,0.0,0.42,0.0,22.6,12.16,3.11,0.0,6.43,0.0,4.15,0.48,0.45,0.0,0.74,0.0,10.77,1.52,0.48,0.89,0.41,2.07,-0.4221434782706152,0,1,Fast
P129,"Laguna_Seca, Laguna_Seca",", McLaren 720S GT3","19/10/2024, ",Lap 10,94.78,59.5,212.7,137.2,191.2,191.1,39.6,0.0,100.0,12.0,0.0,0.0,28.0,-11.17,1.78,-1.62,-0.89,-0.53,2.13,-42.61,58.11,3.78,5.04,2.93,17.28,0.0,100.0,60.0,100.0,100.0,40.0,2.57,0.72,0.26,0.24,0.54,0.0,1.8,0.41,0.26,0.25,0.34,0.02,179.39,31.47,11.67,7.81,37.89,0.0,1.0,0.26,0.0,0.0,0.44,0.0,24.87,13.29,0.0,9.95,7.12,0.0,4.23,0.53,0.0,0.3,0.7,0.0,11.17,1.64,0.89,0.53,-0.36,2.12,-0.4734373973115851,0,1,Fast
P128,"Laguna_Seca, Laguna_Seca",", McLaren 720S GT3","19/10/2024, ",Lap 2,91.149,55.4,224.5,141.2,191.7,186.3,38.9,0.0,100.0,12.0,0.0,0.0,28.0,-8.5,2.69,-1.32,-0.92,-0.55,1.5,-54.93,53.54,3.93,7.4,3.54,17.23,0.0,100.0,67.0,100.0,100.0,43.0,3.38,0.75,0.51,0.32,0.59,0.0,1.98,0.44,0.25,0.25,0.34,-0.0,159.14,27.54,14.04,7.46,30.48,0.0,1.0,0.27,0.0,0.0,0.44,0.0,24.53,12.68,0.0,20.61,7.3,0.0,4.25,0.49,0.0,0.0,0.77,0.0,8.5,1.35,0.92,0.55,-0.37,1.47,-0.715632741964069,0,1,Fast
P128,"Laguna_Seca, Laguna_Seca",", McLaren 720S GT3","19/10/2024, ",Lap 3,103.132,10.7,220.2,125.3,186.3,192.8,47.5,0.0,100.0,11.0,0.0,0.0,25.0,-5.05,18.05,-0.65,-0.55,-0.6,2.67,-124.58,158.68,6.95,3.54,3.27,26.27,0.0,100.0,62.0,100.0,100.0,44.0,4.65,0.66,0.32,0.33,0.58,0.0,10.85,0.44,0.25,0.26,0.39,-0.0,182.41,32.23,7.46,8.7,35.97,0.0,1.0,0.22,0.0,0.0,0.41,0.0,22.55,12.58,20.61,0.0,6.49,0.0,4.12,0.48,0.0,0.0,0.85,0.0,5.05,1.03,0.55,0.6,0.05,1.2,0.0836585868628976,0,1,Fast
P128,"Laguna_Seca, Laguna_Seca",", McLaren 720S GT3","19/10/2024, ",Lap 4,89.712,64.8,226.3,142.8,192.8,193.2,38.2,0.0,100.0,11.0,0.0,0.0,26.0,-4.37,4.43,-1.23,-0.6,-0.65,1.18,-50.96,49.9,3.98,3.27,5.45,16.99,0.0,100.0,64.0,100.0,100.0,44.0,2.81,0.76,0.33,0.35,0.55,0.0,1.86,0.44,0.26,0.25,0.34,-0.0,110.28,26.46,8.7,8.95,25.51,0.0,1.0,0.27,0.0,0.0,0.44,0.0,24.32,12.17,0.0,4.86,7.27,0.0,4.02,0.47,0.0,0.02,0.76,0.0,4.37,1.26,0.6,0.65,0.05,1.14,-0.8114836674021353,0,0,Fast
P128,"Laguna_Seca, Laguna_Seca",", McLaren 720S GT3","19/10/2024, ",Lap 5,90.034,65.9,227.8,142.3,193.2,193.3,38.8,0.0,100.0,12.0,0.0,0.0,28.0,-5.08,3.96,-1.26,-0.65,-0.81,1.34,-51.05,51.72,3.98,5.45,4.55,17.24,0.0,100.0,64.0,100.0,100.0,44.0,2.75,0.74,0.35,0.29,0.56,0.0,1.77,0.46,0.25,0.25,0.36,-0.0,115.48,26.82,8.95,11.26,28.28,0.0,1.0,0.25,0.0,0.0,0.43,0.0,22.78,11.73,4.86,3.65,6.7,0.0,3.97,0.45,0.02,0.05,0.75,0.0,5.08,1.28,0.65,0.81,0.16,1.3,-0.7900055894682051,0,0,Fast
P128,"Laguna_Seca, Laguna_Seca",", McLaren 720S GT3","19/10/2024, ",Lap 6,104.522,4.0,226.1,124.4,193.3,191.5,51.8,0.0,100.0,11.0,0.0,0.0,25.0,-6.21,27.87,-0.55,-0.81,-0.9,3.32,-120.55,84.41,6.87,4.55,6.51,20.93,0.0,100.0,60.0,100.0,100.0,44.0,3.58,0.66,0.29,0.47,0.55,0.0,2.18,0.42,0.25,0.25,0.34,-0.0,203.76,36.66,11.26,12.73,45.02,0.0,1.0,0.21,0.0,0.0,0.41,0.0,22.2,12.25,3.65,18.65,6.29,0.0,3.9,0.64,0.05,0.0,1.01,0.0,6.21,1.04,0.81,0.9,0.09,1.26,0.1763745133478749,0,0,Slow
P128,"Laguna_Seca, Laguna_Seca",", McLaren 720S GT3","19/10/2024, ",Lap 7,99.599,0.2,227.8,129.6,191.5,193.2,50.6,0.0,100.0,13.0,0.0,0.0,27.0,-5.48,17.81,-0.93,-0.9,-1.0,2.62,-78.5,81.46,3.61,6.51,6.51,21.3,0.0,100.0,63.0,100.0,100.0,42.0,3.76,0.73,0.47,0.5,0.58,0.0,1.82,0.44,0.25,0.24,0.33,-0.0,240.0,37.65,12.73,14.86,46.13,0.0,1.0,0.25,0.0,0.0,0.43,0.0,24.72,13.15,18.65,22.24,7.51,0.0,3.97,0.48,0.0,0.0,0.75,0.0,5.48,1.24,0.9,1.0,0.1,1.37,-0.1519999514618685,0,1,Fast
P128,"Laguna_Seca, Laguna_Seca",", McLaren 720S GT3","19/10/2024, ",Lap 8,89.764,55.9,228.0,143.3,193.2,189.1,39.5,0.0,100.0,12.0,0.0,0.0,25.0,-5.78,7.22,-1.34,-1.0,-0.41,1.47,-40.62,53.21,3.99,6.51,2.86,17.6,0.0,100.0,65.0,100.0,100.0,43.0,2.91,0.77,0.5,0.26,0.57,0.0,1.84,0.45,0.24,0.03,0.34,-0.0,136.89,28.39,14.86,6.05,30.2,0.0,1.0,0.26,0.0,0.0,0.44,0.0,23.73,12.66,22.24,1.42,7.07,0.0,4.13,0.49,0.0,0.15,0.74,0.0,5.78,1.39,1.0,0.41,-0.59,1.38,-0.8080151579221223,0,1,Fast
P128,"Laguna_Seca, Laguna_Seca",", McLaren 720S GT3","19/10/2024, ",Lap 9,92.187,40.9,226.9,139.1,189.1,192.5,42.2,0.0,100.0,13.0,0.0,0.0,29.0,-4.66,6.79,-1.18,-0.41,-0.55,1.23,-42.5,42.89,3.91,2.86,3.83,16.25,0.0,100.0,65.0,100.0,100.0,43.0,2.91,0.72,0.26,0.32,0.54,0.0,1.75,0.45,0.03,0.23,0.36,-0.0,105.82,27.05,6.05,7.97,25.27,0.0,1.0,0.24,0.0,0.0,0.43,0.0,22.13,12.43,1.42,18.59,6.34,0.0,4.32,0.47,0.15,0.0,0.74,0.0,4.66,1.22,0.41,0.55,0.15,1.12,-0.6463959565745682,0,1,Fast
P128,"Laguna_Seca, Laguna_Seca",", McLaren 720S GT3","19/10/2024, ",Lap 10,88.964,70.8,228.5,144.5,192.5,192.4,37.8,0.0,100.0,12.0,0.0,0.0,26.0,-4.98,3.54,-1.3,-0.55,-0.61,1.23,-49.69,54.25,4.03,3.83,3.91,17.13,0.0,100.0,66.0,100.0,100.0,43.0,2.63,0.79,0.32,0.33,0.57,0.0,1.83,0.44,0.23,0.22,0.33,-0.0,109.61,27.01,7.97,8.88,26.03,0.0,1.0,0.26,0.0,0.0,0.44,0.0,23.28,11.9,18.59,0.0,6.97,0.0,3.7,0.46,0.0,0.0,0.67,0.0,4.98,1.32,0.55,0.61,0.06,1.2,-0.8613768422300226,0,1,Fast
P128,"Laguna_Seca, Laguna_Seca",", McLaren 720S GT3","19/10/2024, ",Lap 11,93.88,38.0,225.7,136.8,192.4,185.7,42.6,0.0,100.0,13.0,0.0,0.0,28.0,-7.06,9.54,-1.19,-0.61,-0.45,1.57,-37.67,45.66,3.82,3.91,3.23,16.56,0.0,100.0,64.0,100.0,100.0,43.0,2.12,0.73,0.33,0.27,0.53,0.0,1.73,0.45,0.22,0.28,0.34,-0.0,137.92,28.68,8.88,6.67,26.79,0.0,1.0,0.26,0.0,0.0,0.44,0.0,24.02,12.69,0.0,0.0,7.04,0.0,4.22,0.51,0.0,0.32,0.77,0.0,7.06,1.29,0.61,0.45,-0.16,1.22,-0.5334692921579737,0,1,Fast
P128,"Laguna_Seca, Laguna_Seca",", McLaren 720S GT3","19/10/2024, ",Lap 12,90.01,49.2,222.1,142.8,185.7,191.3,38.6,0.0,100.0,13.0,0.0,0.0,28.0,-5.63,5.82,-1.36,-0.45,-0.43,1.54,-44.83,50.09,3.97,3.23,3.43,17.38,0.0,100.0,67.0,100.0,100.0,43.0,2.75,0.77,0.27,0.27,0.57,0.0,1.71,0.44,0.28,0.23,0.35,-0.0,166.63,29.4,6.67,6.1,30.75,0.0,1.0,0.3,0.0,0.0,0.46,0.0,27.27,13.64,0.0,16.36,8.14,0.0,4.38,0.58,0.32,0.0,0.82,0.0,5.63,1.42,0.45,0.43,-0.02,1.43,-0.7916064399974422,0,1,Fast
P127,"Laguna_Seca, Laguna_Seca",", McLaren 720S GT3","19/10/2024, ",Lap 2,91.092,62.4,218.8,141.8,185.7,189.7,36.7,0.0,62.0,10.0,0.0,0.0,19.0,-10.35,10.35,-1.71,-0.57,-0.47,2.47,-51.09,55.51,3.93,3.59,2.93,18.03,0.0,100.0,65.0,100.0,100.0,43.0,3.19,0.78,0.33,0.2,0.59,0.0,1.36,0.44,0.24,0.26,0.29,-0.0,169.26,32.79,8.07,6.42,39.59,0.0,1.0,0.28,0.0,0.0,0.45,0.0,25.75,13.04,13.5,0.0,7.59,0.0,4.28,0.56,0.3,0.45,0.71,0.0,10.35,1.79,0.57,0.47,-0.11,2.34,-0.7194347619710071,0,1,Fast
P127,"Laguna_Seca, Laguna_Seca",", McLaren 720S GT3","19/10/2024, ",Lap 3,89.869,66.8,223.8,143.5,189.7,192.3,37.9,0.0,79.0,11.0,0.0,0.0,21.0,-10.58,10.52,-2.01,-0.47,-0.55,2.87,-41.54,57.26,4.02,2.93,3.25,18.05,0.0,100.0,66.0,100.0,100.0,42.0,2.46,0.79,0.2,0.31,0.59,0.0,1.51,0.45,0.26,0.23,0.31,-0.0,159.16,36.27,6.42,8.2,43.38,0.0,1.0,0.31,0.0,0.0,0.46,0.0,28.18,14.47,0.0,24.8,8.41,0.0,4.17,0.62,0.45,0.12,0.75,0.0,10.58,2.1,0.47,0.55,0.09,2.73,-0.8010114368567101,0,1,Fast
P127,"Laguna_Seca, Laguna_Seca",", McLaren 720S GT3","19/10/2024, ",Lap 4,89.479,72.6,224.0,143.5,192.3,193.0,39.0,0.0,64.0,10.0,0.0,0.0,19.0,-12.43,16.26,-2.04,-0.55,-0.45,3.12,-78.97,61.26,3.99,3.25,2.81,18.64,0.0,100.0,66.0,100.0,100.0,42.0,2.94,0.8,0.31,0.24,0.61,0.0,1.74,0.44,0.23,0.24,0.31,-0.0,167.6,37.6,8.2,6.26,44.69,0.0,1.0,0.33,0.0,0.0,0.47,0.0,29.25,14.52,24.8,4.09,8.68,0.0,4.25,0.6,0.12,0.2,0.85,0.0,12.43,2.18,0.55,0.45,-0.1,2.83,-0.8270252579568116,0,0,Fast
P127,"Laguna_Seca, Laguna_Seca",", McLaren 720S GT3","19/10/2024, ",Lap 5,102.409,0.0,225.5,127.4,193.0,192.3,49.0,0.0,63.0,9.0,0.0,0.0,19.0,-10.73,23.35,-1.58,-0.45,-0.56,3.94,-48.04,74.21,7.0,2.81,3.75,21.07,0.0,100.0,62.0,100.0,100.0,41.0,2.77,0.75,0.24,0.34,0.6,0.0,1.27,0.4,0.24,0.23,0.29,-0.0,240.0,51.5,6.26,8.29,66.18,0.0,1.0,0.31,0.0,0.0,0.46,0.0,31.58,16.66,4.09,18.95,9.36,0.0,4.12,0.6,0.2,0.42,0.81,0.0,10.73,1.99,0.45,0.56,0.11,2.94,0.0354329646696324,0,0,Fast
P127,"Laguna_Seca, Laguna_Seca",", McLaren 720S GT3","19/10/2024, ",Lap 6,93.994,70.6,223.2,137.5,192.3,193.3,36.1,0.0,74.0,8.0,0.0,0.0,18.0,-11.32,20.49,-2.19,-0.56,-0.58,3.71,-75.26,65.91,3.8,3.75,3.49,18.62,0.0,100.0,63.0,100.0,100.0,41.0,3.11,0.79,0.34,0.3,0.62,0.0,8.34,0.42,0.23,0.24,0.35,-0.0,201.36,41.38,8.29,8.36,47.8,0.0,1.0,0.36,0.0,0.0,0.48,0.0,34.23,17.55,18.95,32.86,10.42,0.0,4.13,1.0,0.42,0.28,0.92,0.0,11.32,2.43,0.56,0.58,0.02,3.18,-0.5258652521440975,0,0,Fast
P127,"Laguna_Seca, Laguna_Seca",", McLaren 720S GT3","19/10/2024, ",Lap 7,89.267,75.2,224.4,143.8,193.3,190.3,36.7,0.0,65.0,10.0,0.0,0.0,19.0,-11.54,13.9,-2.15,-0.58,-0.42,3.32,-77.67,62.29,3.99,3.49,1.94,17.97,0.0,100.0,66.0,100.0,100.0,42.0,3.32,0.81,0.3,0.1,0.62,0.0,1.75,0.43,0.24,0.22,0.32,-0.0,170.98,38.17,8.36,5.56,46.13,0.0,1.0,0.33,0.0,0.0,0.47,0.0,32.86,14.85,32.86,28.04,8.92,0.0,4.23,0.65,0.28,0.58,0.79,0.0,11.54,2.29,0.58,0.42,-0.16,3.06,-0.8411661042984055,0,1,Fast
P127,"Laguna_Seca, Laguna_Seca",", McLaren 720S GT3","19/10/2024, ",Lap 8,88.147,70.4,225.5,145.4,190.3,193.0,37.2,0.0,70.0,11.0,0.0,0.0,22.0,-10.73,4.83,-2.09,-0.42,-0.32,2.86,-40.29,64.54,4.07,1.94,1.93,17.72,0.0,100.0,68.0,100.0,100.0,41.0,2.63,0.81,0.1,0.15,0.6,0.0,1.44,0.45,0.22,0.25,0.33,-0.0,168.91,36.0,5.56,4.08,43.86,0.0,1.0,0.3,0.0,0.0,0.46,0.0,28.04,13.35,28.04,3.19,8.02,0.0,4.25,0.57,0.58,0.08,0.81,0.0,10.73,2.14,0.42,0.32,-0.1,2.8,-0.9158724623294656,0,1,Fast
P127,"Laguna_Seca, Laguna_Seca",", McLaren 720S GT3","19/10/2024, ",Lap 9,88.127,73.7,224.5,145.7,193.0,191.5,36.6,0.0,68.0,10.0,0.0,0.0,20.0,-11.33,3.79,-2.27,-0.32,-0.72,3.03,-47.78,66.97,4.07,1.93,5.3,17.82,0.0,100.0,68.0,100.0,100.0,42.0,2.99,0.82,0.15,0.44,0.61,0.0,1.44,0.44,0.25,0.24,0.3,-0.0,174.63,37.75,4.08,10.52,45.51,0.0,1.0,0.33,0.0,0.0,0.47,0.0,29.12,14.07,3.19,0.0,8.87,0.0,4.17,0.56,0.08,0.23,0.81,0.0,11.33,2.31,0.32,0.72,0.4,2.99,-0.917206504437164,0,1,Fast
P127,"Laguna_Seca, Laguna_Seca",", McLaren 720S GT3","19/10/2024, ",Lap 10,91.395,69.5,224.5,141.1,191.5,191.7,37.4,0.0,73.0,10.0,0.0,0.0,20.0,-11.06,10.28,-2.35,-0.72,-0.31,3.42,-54.62,55.21,3.91,5.3,1.73,18.47,0.0,100.0,66.0,100.0,100.0,41.0,3.12,0.82,0.44,0.17,0.61,0.0,1.52,0.41,0.24,0.25,0.31,-0.0,176.44,41.52,10.52,4.22,46.94,0.0,1.0,0.36,0.0,0.0,0.48,0.0,33.02,16.09,0.0,26.41,10.13,0.0,4.15,0.69,0.23,0.0,0.88,0.0,11.06,2.5,0.72,0.31,-0.41,3.18,-0.6992240240393899,0,1,Fast
P127,"Laguna_Seca, Laguna_Seca",", McLaren 720S GT3","19/10/2024, ",Lap 11,89.11,68.9,224.4,144.4,191.7,193.4,36.6,0.0,69.0,10.0,0.0,0.0,21.0,-12.13,5.73,-2.49,-0.31,-0.56,3.46,-45.33,67.35,4.03,1.73,3.51,17.79,0.0,100.0,68.0,100.0,100.0,42.0,2.8,0.8,0.17,0.25,0.62,0.0,1.59,0.43,0.25,0.24,0.31,-0.0,171.08,40.66,4.22,7.91,48.93,0.0,1.0,0.33,0.0,0.0,0.47,0.0,29.12,14.6,26.41,5.82,8.88,0.0,4.13,0.55,0.0,0.0,0.88,0.0,12.13,2.55,0.31,0.56,0.25,3.39,-0.8516383348438308,0,1,Fast
P127,"Laguna_Seca, Laguna_Seca",", McLaren 720S GT3","19/10/2024, ",Lap 12,94.83,24.5,224.4,135.7,193.4,191.5,43.4,0.0,76.0,10.0,0.0,0.0,21.0,-12.19,20.89,-1.7,-0.56,-0.3,4.42,-84.56,203.39,3.75,3.51,1.81,21.92,0.0,100.0,68.0,100.0,100.0,41.0,5.59,0.83,0.25,0.13,0.63,0.0,6.93,0.42,0.24,0.25,0.37,-0.0,198.14,45.87,7.91,4.0,52.04,0.0,1.0,0.35,0.0,0.0,0.48,0.0,33.65,17.11,5.82,13.46,10.35,0.0,4.93,1.02,0.0,0.2,1.36,0.0,12.19,2.27,0.56,0.3,-0.25,3.18,-0.4701022920423414,0,1,Fast
P126,"Laguna_Seca, Laguna_Seca",", McLaren 720S GT3","19/10/2024, ",Lap 2,119.639,0.0,224.8,110.4,192.1,193.8,55.0,0.0,100.0,11.0,0.0,0.0,25.0,-8.99,30.32,-0.22,-0.21,-0.49,4.63,-57.55,128.5,9.01,1.08,2.89,21.71,0.0,100.0,61.0,100.0,100.0,43.0,4.91,0.63,0.07,0.2,0.52,0.0,17.12,0.42,0.26,0.25,0.47,-0.0,240.0,57.18,2.69,6.39,75.14,0.0,1.0,0.21,0.0,0.0,0.41,0.0,25.08,13.37,5.97,22.58,6.94,0.0,4.3,0.84,0.2,0.22,0.97,0.0,8.99,1.03,0.21,0.49,0.28,1.45,1.1847102404510412,0,1,Slow
P126,"Laguna_Seca, Laguna_Seca",", McLaren 720S GT3","19/10/2024, ",Lap 3,121.247,0.0,224.5,107.3,193.8,192.2,55.5,0.0,96.0,9.0,0.0,0.0,20.0,-9.11,28.07,0.01,-0.49,-0.28,5.15,-61.49,126.74,5.92,2.89,2.25,23.34,0.0,100.0,54.0,100.0,99.0,44.0,3.96,0.61,0.2,0.27,0.55,0.0,1.66,0.39,0.25,0.23,0.29,-0.0,240.0,61.53,6.39,4.29,79.25,0.0,1.0,0.23,0.0,0.0,0.42,0.0,28.13,14.42,22.58,2.25,8.52,0.0,4.22,0.97,0.22,0.0,1.01,0.0,9.11,1.04,0.49,0.28,-0.21,1.54,1.2919672259099215,0,1,Slow
P126,"Laguna_Seca, Laguna_Seca",", McLaren 720S GT3","19/10/2024, ",Lap 4,91.644,62.9,222.9,140.1,192.2,193.7,36.3,0.0,88.0,10.0,0.0,0.0,19.0,-10.63,4.97,-1.36,-0.28,-0.17,1.91,-44.01,50.27,3.89,2.25,0.67,16.97,0.0,100.0,62.0,99.0,100.0,45.0,2.18,0.73,0.27,0.04,0.52,0.0,1.63,0.43,0.23,0.25,0.3,-0.0,169.26,28.19,4.29,1.87,34.03,0.0,1.0,0.21,0.0,0.0,0.41,0.0,19.37,10.57,2.25,8.52,5.75,0.0,3.93,0.38,0.0,0.0,0.67,0.0,10.63,1.39,0.28,0.17,-0.11,1.87,-0.6826151997985552,0,0,Fast
P126,"Laguna_Seca, Laguna_Seca",", McLaren 720S GT3","19/10/2024, ",Lap 5,91.532,59.9,223.9,141.4,193.7,189.2,37.7,0.0,100.0,11.0,0.0,0.0,23.0,-9.25,3.68,-1.34,-0.17,-0.37,1.57,-42.05,60.16,3.89,0.67,1.88,16.88,0.0,100.0,64.0,100.0,100.0,43.0,2.78,0.76,0.04,0.11,0.54,0.0,1.72,0.43,0.25,0.19,0.33,-0.0,157.21,27.72,1.87,4.31,30.17,0.0,1.0,0.22,0.0,0.0,0.41,0.0,19.75,10.28,8.52,10.27,5.67,0.0,4.08,0.4,0.0,0.0,0.68,0.0,9.25,1.36,0.17,0.37,0.2,1.54,-0.6900858356016618,0,0,Fast
P126,"Laguna_Seca, Laguna_Seca",", McLaren 720S GT3","19/10/2024, ",Lap 6,105.317,0.0,223.1,123.6,189.2,192.8,55.9,0.0,100.0,13.0,0.0,0.0,26.0,-16.27,25.61,-0.81,-0.37,-0.09,3.53,-58.98,153.62,3.42,1.88,0.73,23.77,0.0,100.0,64.0,100.0,100.0,44.0,3.17,0.69,0.11,0.04,0.53,0.0,1.82,0.44,0.19,0.26,0.34,-0.0,240.0,52.5,4.31,1.06,69.81,0.0,1.0,0.21,0.0,0.0,0.41,0.0,22.55,12.34,10.27,11.28,6.99,0.0,3.92,0.45,0.0,0.0,0.66,0.0,16.27,1.26,0.37,0.09,-0.28,1.8,0.2294026871288503,0,0,Slow
P126,"Laguna_Seca, Laguna_Seca",", McLaren 720S GT3","19/10/2024, ",Lap 7,89.052,62.1,225.6,144.2,192.8,192.3,37.7,0.0,100.0,12.0,0.0,0.0,27.0,-8.41,3.71,-1.39,-0.09,-0.5,1.55,-58.41,59.33,4.04,0.73,4.0,17.31,0.0,100.0,67.0,100.0,100.0,43.0,3.36,0.78,0.04,0.27,0.56,0.0,1.85,0.45,0.26,0.24,0.36,-0.0,169.13,28.35,1.06,7.41,30.22,0.0,1.0,0.26,0.0,0.0,0.44,0.0,22.93,12.14,11.28,8.71,6.81,0.0,4.18,0.46,0.0,0.0,0.72,0.0,8.41,1.41,0.09,0.5,0.41,1.51,-0.855507056956153,0,1,Fast
P126,"Laguna_Seca, Laguna_Seca",", McLaren 720S GT3","19/10/2024, ",Lap 8,114.289,0.0,226.9,115.4,192.3,188.5,61.7,0.0,100.0,13.0,0.0,0.0,28.0,-10.71,27.11,-1.01,-0.5,-0.35,2.86,-112.12,49.28,3.13,4.0,2.13,20.72,0.0,100.0,63.0,100.0,100.0,42.0,3.18,0.6,0.27,0.12,0.54,0.0,11.93,0.45,0.24,0.27,0.44,-0.0,240.0,57.54,7.41,4.39,77.38,0.0,1.0,0.2,0.0,0.0,0.4,0.0,22.87,12.2,8.71,0.91,6.08,0.0,4.13,0.46,0.0,0.28,0.77,0.0,10.71,1.22,0.5,0.35,-0.16,1.91,0.8278539766419563,0,1,Slow
P126,"Laguna_Seca, Laguna_Seca",", McLaren 720S GT3","19/10/2024, ",Lap 9,93.964,31.6,222.5,137.7,188.5,193.8,43.4,0.0,100.0,11.0,0.0,0.0,24.0,-8.71,31.18,-0.95,-0.35,-0.37,2.66,-62.69,76.92,3.8,2.13,2.64,18.45,0.0,100.0,63.0,100.0,100.0,44.0,3.78,0.73,0.12,0.2,0.57,0.0,1.75,0.44,0.27,0.24,0.33,-0.0,240.0,33.47,4.39,5.25,46.61,0.0,1.0,0.23,0.0,0.0,0.42,0.0,21.15,10.88,0.91,4.23,6.3,0.0,3.83,0.47,0.28,0.15,0.67,0.0,8.71,1.2,0.35,0.37,0.02,1.37,-0.5278663153056439,0,1,Fast
P126,"Laguna_Seca, Laguna_Seca",", McLaren 720S GT3","19/10/2024, ",Lap 10,95.47,17.4,225.6,134.5,193.8,191.9,44.3,0.0,100.0,9.0,0.0,0.0,20.0,-8.76,26.99,-0.74,-0.37,-0.63,4.36,-176.65,49.16,-0.02,2.64,4.6,26.98,0.0,100.0,62.0,100.0,100.0,43.0,4.26,0.75,0.2,0.32,0.58,0.0,1.87,0.42,0.24,0.26,0.32,-0.0,240.0,39.74,5.25,8.86,54.15,0.0,1.0,0.28,0.0,0.0,0.45,0.0,27.0,13.52,4.23,0.0,8.26,0.0,4.2,0.67,0.15,0.0,0.87,0.0,8.76,1.4,0.37,0.63,0.26,1.66,-0.4274129445960209,0,1,Fast
P126,"Laguna_Seca, Laguna_Seca",", McLaren 720S GT3","19/10/2024, ",Lap 11,89.48,59.8,225.8,143.5,191.9,191.1,38.1,0.0,89.0,11.0,0.0,0.0,23.0,-10.23,6.87,-1.51,-0.63,-0.31,1.91,-47.81,61.38,4.0,4.6,1.96,17.48,0.0,100.0,65.0,100.0,100.0,42.0,2.84,0.78,0.32,0.1,0.57,0.0,1.77,0.43,0.26,0.23,0.34,-0.0,174.79,29.99,8.86,4.08,34.36,0.0,1.0,0.27,0.0,0.0,0.45,0.0,24.35,12.71,0.0,4.87,7.46,0.0,3.85,0.52,0.0,0.0,0.8,0.0,10.23,1.55,0.63,0.31,-0.32,1.85,-0.8269585558514264,0,1,Fast
P125,"Laguna_Seca, Laguna_Seca",", McLaren 720S GT3","19/10/2024, ",Lap 2,97.157,34.5,220.3,133.4,192.3,184.2,41.4,0.0,100.0,9.0,0.0,0.0,17.0,-8.5,10.95,-1.01,-0.75,-0.27,1.57,-45.46,45.41,3.67,4.91,1.21,17.22,0.0,100.0,63.0,100.0,100.0,44.0,2.58,0.72,0.46,0.17,0.59,0.0,1.85,0.41,0.24,0.27,0.23,-0.0,156.01,25.81,10.4,2.35,25.46,0.0,1.0,0.25,0.0,0.0,0.44,0.0,24.65,12.69,6.19,0.0,7.7,0.0,3.27,0.52,0.0,0.0,0.75,0.0,8.5,1.15,0.75,0.27,-0.48,1.25,-0.3148864928117357,0,1,Fast
P124,"Laguna_Seca, Laguna_Seca",", McLaren 720S GT3","19/10/2024, ",Lap 2,92.317,50.3,223.0,139.8,190.1,193.0,41.4,0.0,100.0,13.0,0.0,0.0,28.0,-8.78,1.04,-1.55,-1.29,-0.75,1.73,-48.65,48.76,3.88,8.71,4.62,16.8,0.0,100.0,69.0,100.0,100.0,39.0,2.83,0.72,0.6,0.31,0.57,0.0,1.86,0.44,0.26,0.26,0.35,-0.0,171.46,30.4,18.59,10.23,33.17,0.0,1.0,0.31,0.0,0.0,0.46,0.0,28.25,14.29,9.09,9.61,8.55,0.0,4.33,0.58,0.0,0.0,0.83,0.0,8.78,1.56,1.29,0.75,-0.54,1.72,-0.6377246828745347,0,1,Fast
P124,"Laguna_Seca, Laguna_Seca",", McLaren 720S GT3","19/10/2024, ",Lap 3,91.237,65.3,223.3,141.0,193.0,191.7,37.9,0.0,100.0,11.0,0.0,0.0,27.0,-8.8,5.57,-1.72,-0.75,-0.58,2.04,-40.24,55.54,3.95,4.62,3.85,17.28,0.0,100.0,67.0,100.0,100.0,39.0,2.69,0.76,0.31,0.29,0.59,0.0,1.82,0.43,0.26,0.25,0.35,-0.0,146.52,31.9,10.23,8.09,33.95,0.0,1.0,0.34,0.0,0.0,0.47,0.0,30.68,16.29,9.61,3.68,9.11,0.0,4.28,0.68,0.0,0.0,0.79,0.0,8.8,1.75,0.75,0.58,-0.17,1.99,-0.7097629566902003,0,1,Fast
P124,"Laguna_Seca, Laguna_Seca",", McLaren 720S GT3","19/10/2024, ",Lap 4,92.837,46.2,222.6,139.1,191.7,191.4,41.0,0.0,100.0,11.0,0.0,0.0,23.0,-8.4,21.88,-1.28,-0.58,-0.84,2.5,-53.39,48.59,3.86,3.85,6.45,18.95,0.0,100.0,68.0,100.0,100.0,37.0,3.05,0.79,0.29,0.42,0.59,0.0,1.76,0.42,0.25,0.24,0.32,-0.0,194.42,33.06,8.09,12.18,36.19,0.0,1.0,0.32,0.0,0.0,0.47,0.0,30.03,15.42,3.68,27.03,9.03,0.0,3.57,0.71,0.0,0.0,0.83,0.0,8.4,1.51,0.58,0.84,0.27,1.63,-0.6030395880743985,0,0,Fast
P124,"Laguna_Seca, Laguna_Seca",", McLaren 720S GT3","19/10/2024, ",Lap 5,91.634,45.8,225.4,140.5,191.4,187.8,39.7,0.0,100.0,12.0,0.0,0.0,26.0,-9.34,14.84,-1.79,-0.84,-0.71,2.44,-62.44,51.42,3.91,6.45,4.66,18.6,0.0,100.0,68.0,100.0,100.0,39.0,2.8,0.78,0.42,0.3,0.59,0.0,1.98,0.43,0.24,0.25,0.36,-0.0,156.41,34.93,12.18,9.59,38.56,0.0,1.0,0.31,0.0,0.0,0.46,0.0,28.82,14.18,27.03,24.78,8.81,0.0,4.07,0.55,0.0,0.0,0.88,0.0,9.34,1.89,0.84,0.71,-0.13,2.23,-0.6832822208524043,0,0,Fast
P124,"Laguna_Seca, Laguna_Seca",", McLaren 720S GT3","19/10/2024, ",Lap 6,89.302,63.1,222.6,143.8,187.8,193.4,38.1,0.0,100.0,12.0,0.0,0.0,26.0,-9.06,1.43,-1.76,-0.71,-0.63,2.07,-48.54,56.48,4.02,4.66,2.35,17.71,0.0,100.0,68.0,100.0,100.0,41.0,3.14,0.79,0.3,0.21,0.6,0.0,1.89,0.43,0.25,0.25,0.36,-0.0,147.33,32.28,9.59,8.33,36.05,0.0,1.0,0.28,0.0,0.0,0.45,0.0,25.42,12.8,24.78,18.81,7.6,0.0,4.18,0.54,0.0,0.0,0.79,0.0,9.06,1.77,0.71,0.63,-0.08,2.06,-0.8388315306099341,0,0,Fast
P124,"Laguna_Seca, Laguna_Seca",", McLaren 720S GT3","19/10/2024, ",Lap 7,89.622,60.9,225.1,143.5,193.4,193.0,39.3,0.0,100.0,13.0,0.0,0.0,28.0,-10.33,1.8,-1.99,-0.63,-0.8,2.51,-47.42,51.64,3.99,2.35,4.81,17.81,0.0,100.0,69.0,100.0,100.0,39.0,3.13,0.79,0.21,0.14,0.59,0.0,1.91,0.44,0.25,0.23,0.36,-0.0,153.11,35.24,8.33,13.06,40.69,0.0,1.0,0.31,0.0,0.0,0.46,0.0,28.07,14.62,18.81,11.79,8.31,0.0,4.25,0.57,0.0,0.0,0.86,0.0,10.33,2.02,0.63,0.8,0.17,2.48,-0.8174868568867744,0,1,Fast
P124,"Laguna_Seca, Laguna_Seca",", McLaren 720S GT3","19/10/2024, ",Lap 8,104.517,0.0,226.9,125.0,193.0,192.9,52.5,0.0,100.0,13.0,0.0,0.0,26.0,-11.47,22.44,-1.15,-0.8,-0.64,4.06,-53.91,64.96,3.45,4.81,3.25,18.95,0.0,100.0,65.0,100.0,100.0,39.0,3.35,0.7,0.14,0.24,0.61,0.0,8.13,0.43,0.23,0.26,0.39,-0.0,187.92,43.94,13.06,8.4,49.78,0.0,1.0,0.31,0.0,0.0,0.46,0.0,32.05,17.45,11.79,12.82,10.24,0.0,4.3,0.77,0.0,0.0,1.09,0.0,11.47,1.69,0.8,0.64,-0.17,2.38,0.1760410028209499,0,1,Slow
P124,"Laguna_Seca, Laguna_Seca",", McLaren 720S GT3","19/10/2024, ",Lap 9,90.042,55.3,228.4,143.6,192.9,187.6,40.9,0.0,100.0,13.0,0.0,0.0,29.0,-12.13,3.48,-2.02,-0.64,-0.81,2.34,-51.34,51.13,3.98,3.25,5.43,18.12,0.0,100.0,70.0,100.0,100.0,36.0,2.84,0.81,0.24,0.35,0.59,0.0,1.77,0.43,0.26,0.15,0.36,-0.0,193.58,36.06,8.4,11.48,39.59,0.0,1.0,0.34,0.0,0.0,0.47,0.0,30.78,14.68,12.82,27.09,9.49,0.0,3.88,0.6,0.0,0.5,0.83,0.0,12.13,2.04,0.64,0.81,0.17,2.31,-0.7894719726251264,0,1,Fast
P124,"Laguna_Seca, Laguna_Seca",", McLaren 720S GT3","19/10/2024, ",Lap 10,97.918,0.0,223.0,132.0,187.6,188.8,48.3,0.0,100.0,12.0,0.0,0.0,28.0,-10.86,18.35,-1.35,-0.81,-1.24,3.44,-159.86,55.8,-0.0,5.43,7.19,25.4,0.0,100.0,68.0,100.0,100.0,39.0,3.02,0.75,0.35,0.54,0.6,0.0,1.74,0.44,0.15,0.18,0.37,-0.0,159.39,39.73,11.48,17.11,44.13,0.0,1.0,0.31,0.0,0.0,0.46,0.0,30.65,15.67,27.09,0.0,9.11,0.0,4.27,0.7,0.5,0.0,0.86,0.0,10.86,1.76,0.81,1.24,0.43,2.39,-0.2641261906138445,0,1,Fast
P124,"Laguna_Seca, Laguna_Seca",", McLaren 720S GT3","19/10/2024, ",Lap 11,93.62,18.4,225.7,137.8,188.8,193.6,45.3,0.0,100.0,13.0,0.0,0.0,28.0,-12.29,24.4,-1.45,-1.24,-0.7,3.64,-86.58,139.17,3.82,7.19,3.1,20.62,0.0,100.0,66.0,100.0,100.0,40.0,8.59,0.77,0.54,0.19,0.59,0.0,26.68,0.46,0.18,0.24,0.71,-0.0,182.79,36.72,17.11,8.95,43.61,0.0,1.0,0.31,0.0,0.0,0.46,0.0,29.3,14.75,0.0,17.58,8.72,0.0,4.15,0.55,0.0,0.0,0.85,0.0,12.29,1.8,1.24,0.7,-0.54,2.48,-0.5508118395580407,0,1,Fast
P124,"Laguna_Seca, Laguna_Seca",", McLaren 720S GT3","19/10/2024, ",Lap 12,90.3,65.0,225.1,142.5,193.6,194.2,38.9,0.0,100.0,12.0,0.0,0.0,27.0,-9.24,2.33,-1.85,-0.7,-0.68,2.15,-46.25,57.45,3.99,3.1,4.49,17.95,0.0,100.0,67.0,100.0,100.0,40.0,2.78,0.79,0.19,0.33,0.59,0.0,1.85,0.45,0.24,0.24,0.36,-0.0,158.42,33.76,8.95,9.41,37.39,0.0,1.0,0.32,0.0,0.0,0.47,0.0,28.63,14.87,17.58,17.18,8.53,0.0,4.22,0.63,0.0,0.0,0.86,0.0,9.24,1.87,0.7,0.68,-0.03,2.13,-0.7722628294358288,0,1,Fast
P123,"Laguna_Seca, Laguna_Seca",", McLaren 720S GT3","19/10/2024, ",Lap 2,105.707,0.1,223.7,124.0,185.1,190.7,50.6,0.0,100.0,10.0,0.0,0.0,21.0,-6.92,17.69,-0.83,-0.61,-0.32,2.64,-46.82,188.25,3.4,4.3,1.05,24.01,0.0,100.0,65.0,100.0,100.0,35.0,17.51,0.74,0.31,0.05,0.65,0.0,43.93,0.41,0.26,0.26,0.99,-0.0,225.71,43.33,8.81,3.82,50.75,0.0,1.0,0.29,0.0,0.0,0.45,0.0,30.88,15.25,0.0,0.0,9.42,0.0,4.32,0.98,0.2,0.28,1.22,0.0,6.92,1.25,0.61,0.32,-0.3,1.5,0.2554165082289519,0,1,Slow
P123,"Laguna_Seca, Laguna_Seca",", McLaren 720S GT3","19/10/2024, ",Lap 3,89.722,68.2,225.4,143.1,190.7,192.9,37.1,0.0,100.0,12.0,0.0,0.0,25.0,-7.07,4.42,-1.39,-0.32,-0.2,1.47,-40.87,45.34,4.01,1.05,0.77,17.34,0.0,100.0,72.0,100.0,100.0,38.0,2.43,0.79,0.05,0.04,0.56,0.0,1.83,0.44,0.26,0.25,0.34,-0.0,132.93,28.37,3.82,2.49,28.15,0.0,1.0,0.3,0.0,0.0,0.46,0.0,27.1,13.49,0.0,16.26,7.96,0.0,4.23,0.58,0.28,0.33,0.78,0.0,7.07,1.43,0.32,0.2,-0.11,1.39,-0.8108166463482871,0,1,Fast
P123,"Laguna_Seca, Laguna_Seca",", McLaren 720S GT3","19/10/2024, ",Lap 4,90.664,66.0,228.7,142.1,192.9,191.5,36.7,0.0,100.0,13.0,0.0,0.0,27.0,-7.73,3.88,-1.51,-0.2,-0.38,1.65,-44.13,56.98,3.95,0.77,1.9,17.39,2.0,100.0,73.0,100.0,100.0,36.0,2.5,0.79,0.04,0.14,0.57,0.0,1.83,0.44,0.25,0.26,0.34,-0.0,144.43,29.68,2.49,5.15,30.55,0.0,1.0,0.3,0.0,0.0,0.46,0.0,26.98,12.55,16.26,20.51,8.15,0.0,4.27,0.66,0.33,0.32,0.78,0.0,7.73,1.54,0.2,0.38,0.17,1.61,-0.7479832630757337,0,0,Fast
P123,"Laguna_Seca, Laguna_Seca",", McLaren 720S GT3","19/10/2024, ",Lap 5,89.374,67.8,227.9,143.6,191.5,193.2,36.1,0.0,100.0,12.0,0.0,0.0,26.0,-7.01,5.02,-1.47,-0.38,-0.46,1.58,-42.32,47.15,3.99,1.9,2.84,17.62,0.0,100.0,73.0,100.0,100.0,37.0,2.75,0.8,0.14,0.15,0.58,0.0,1.81,0.43,0.26,0.26,0.35,-0.0,135.97,29.47,5.15,5.72,29.04,0.0,1.0,0.31,0.0,0.0,0.46,0.0,27.32,13.02,20.51,8.74,8.63,0.0,3.62,0.73,0.32,0.1,0.81,0.0,7.01,1.51,0.38,0.46,0.08,1.51,-0.8340289790222238,0,0,Fast
P123,"Laguna_Seca, Laguna_Seca",", McLaren 720S GT3","19/10/2024, ",Lap 6,88.244,65.2,230.3,145.5,193.2,192.9,38.6,0.0,100.0,14.0,0.0,0.0,29.0,-8.14,3.21,-1.6,-0.46,-0.4,1.77,-40.03,60.76,4.07,2.84,2.66,17.39,0.0,100.0,73.0,100.0,100.0,38.0,2.63,0.8,0.15,0.16,0.57,0.0,1.87,0.46,0.26,0.26,0.36,-0.0,147.05,30.57,5.72,5.04,32.78,0.0,1.0,0.29,0.0,0.0,0.45,0.0,25.23,12.26,8.74,17.16,7.43,0.0,4.25,0.53,0.1,0.15,0.81,0.0,8.14,1.62,0.46,0.4,-0.05,1.75,-0.9094023581071332,0,0,Fast
P123,"Laguna_Seca, Laguna_Seca",", McLaren 720S GT3","19/10/2024, ",Lap 7,87.837,65.8,228.9,146.2,192.9,192.5,37.9,0.0,100.0,13.0,0.0,0.0,29.0,-7.7,9.81,-1.57,-0.4,-0.53,1.85,-40.43,50.79,4.09,2.66,3.41,17.59,0.0,100.0,73.0,100.0,100.0,38.0,2.75,0.82,0.16,0.25,0.59,0.0,1.85,0.45,0.26,0.26,0.35,-0.0,148.28,30.83,5.04,7.13,31.49,0.0,1.0,0.32,0.0,0.0,0.46,0.0,27.73,13.22,17.16,12.76,8.38,0.0,4.15,0.56,0.15,0.22,0.8,0.0,7.7,1.63,0.4,0.53,0.12,1.68,-0.9365501149987774,0,1,Fast
P123,"Laguna_Seca, Laguna_Seca",", McLaren 720S GT3","19/10/2024, ",Lap 8,87.587,68.3,228.9,146.7,192.5,190.7,38.0,0.0,100.0,13.0,0.0,0.0,27.0,-7.97,8.9,-1.59,-0.53,-0.41,1.84,-48.91,64.36,4.09,3.41,1.92,17.82,2.0,100.0,73.0,100.0,100.0,39.0,2.96,0.82,0.25,0.1,0.62,0.0,1.82,0.44,0.26,0.26,0.34,-0.0,144.56,30.89,7.13,5.46,31.97,0.0,1.0,0.33,0.0,0.0,0.47,0.0,29.05,14.09,12.76,6.97,9.08,0.0,4.02,0.59,0.22,0.17,0.83,0.0,7.97,1.64,0.53,0.41,-0.12,1.71,-0.9532256413449964,0,1,Fast
P123,"Laguna_Seca, Laguna_Seca",", McLaren 720S GT3","19/10/2024, ",Lap 9,94.594,49.5,227.8,136.2,190.7,193.6,39.7,0.0,100.0,11.0,0.0,0.0,26.0,-9.66,26.75,-1.18,-0.41,-0.63,3.11,-291.0,70.58,3.79,1.92,5.07,20.51,2.0,100.0,70.0,100.0,100.0,36.0,23.98,0.8,0.1,0.34,0.8,0.0,19.14,0.42,0.26,0.25,0.54,-0.0,153.41,33.8,5.46,8.88,34.12,0.0,1.0,0.37,0.0,0.0,0.48,0.0,35.4,17.42,6.97,21.24,11.29,0.0,6.43,1.33,0.17,0.27,1.81,0.0,9.66,1.61,0.41,0.63,0.22,1.7,-0.4858439889131724,0,1,Fast
P123,"Laguna_Seca, Laguna_Seca",", McLaren 720S GT3","19/10/2024, ",Lap 10,86.95,65.4,229.2,147.6,193.6,194.0,37.9,0.0,100.0,13.0,0.0,0.0,28.0,-6.99,2.67,-1.6,-0.63,-0.39,1.7,-55.99,59.45,4.13,5.07,2.96,17.59,6.0,100.0,73.0,100.0,100.0,37.0,3.45,0.82,0.34,0.23,0.61,0.0,1.86,0.44,0.25,0.25,0.35,-0.0,132.51,30.14,8.88,5.47,30.86,0.0,1.0,0.31,0.0,0.0,0.46,0.0,27.15,13.13,21.24,16.29,8.41,0.0,3.78,0.54,0.27,0.0,0.8,0.0,6.99,1.62,0.63,0.39,-0.24,1.68,-0.9957148824751622,0,1,Fast
P123,"Laguna_Seca, Laguna_Seca",", McLaren 720S GT3","19/10/2024, ",Lap 11,86.6,68.9,229.6,148.2,194.0,193.0,38.2,0.0,100.0,13.0,0.0,0.0,28.0,-7.85,4.22,-1.69,-0.39,-0.49,1.83,-61.69,57.43,4.14,2.96,4.02,17.69,0.0,100.0,73.0,100.0,100.0,39.0,3.28,0.83,0.23,0.38,0.62,0.0,1.85,0.44,0.25,0.25,0.35,-0.0,137.48,31.33,5.47,6.94,32.19,0.0,1.0,0.34,0.0,0.0,0.47,0.0,29.23,13.79,16.29,17.54,9.18,0.0,4.02,0.59,0.0,0.18,0.84,0.0,7.85,1.72,0.39,0.49,0.1,1.79,-1.0190606193598692,0,1,Fast
P123,"Laguna_Seca, Laguna_Seca",", McLaren 720S GT3","19/10/2024, ",Lap 12,86.06,70.0,229.2,149.0,193.0,193.2,38.0,0.0,100.0,12.0,0.0,0.0,29.0,-7.8,3.28,-1.71,-0.49,-0.04,1.81,-42.73,56.41,4.14,4.02,0.26,17.76,0.0,100.0,72.0,100.0,100.0,40.0,3.13,0.85,0.38,0.01,0.61,0.0,1.89,0.44,0.25,0.26,0.36,-0.0,140.64,31.51,6.94,0.57,32.1,0.0,1.0,0.32,0.0,0.0,0.47,0.0,27.9,13.24,17.54,0.0,8.59,0.0,4.15,0.53,0.18,0.22,0.83,0.0,7.8,1.72,0.49,0.04,-0.45,1.78,-1.0550797562677017,0,1,Fast
P122,"Laguna_Seca, Laguna_Seca",", McLaren 720S GT3","19/10/2024, ",Lap 2,107.094,0.0,222.2,122.8,193.4,192.6,54.1,0.0,100.0,11.0,0.0,0.0,24.0,-8.95,27.36,-0.66,-0.31,-0.35,3.52,-45.64,81.32,6.67,2.5,1.91,20.83,0.0,100.0,65.0,100.0,100.0,42.0,2.64,0.71,0.19,0.12,0.54,0.0,1.93,0.42,0.24,0.26,0.32,-0.0,240.0,45.67,4.3,4.41,60.35,0.0,1.0,0.23,0.0,0.0,0.42,0.0,24.12,12.1,0.0,2.89,6.51,0.0,3.77,0.72,0.0,0.27,0.98,0.0,8.95,1.16,0.31,0.35,0.03,1.56,0.3479323283977746,0,1,Slow
P122,"Laguna_Seca, Laguna_Seca",", McLaren 720S GT3","19/10/2024, ",Lap 3,90.547,60.7,223.4,142.3,192.6,193.8,39.3,0.0,100.0,12.0,0.0,0.0,25.0,-8.19,9.45,-1.37,-0.35,-0.34,1.76,-44.35,55.81,3.96,1.91,2.69,18.02,0.0,100.0,67.0,100.0,100.0,41.0,2.9,0.78,0.12,0.23,0.57,0.0,2.0,0.45,0.26,0.24,0.34,-0.0,160.42,29.73,4.41,4.95,32.52,0.0,1.0,0.27,0.0,0.0,0.44,0.0,24.48,11.84,2.89,7.34,7.39,0.0,4.02,0.53,0.27,0.0,0.8,0.0,8.19,1.46,0.35,0.34,-0.01,1.6,-0.7557874094057645,0,1,Fast
P122,"Laguna_Seca, Laguna_Seca",", McLaren 720S GT3","19/10/2024, ",Lap 4,98.464,0.2,228.2,131.5,193.8,193.4,51.1,0.0,100.0,13.0,0.0,0.0,28.0,-9.44,21.25,-0.94,-0.34,-0.38,3.17,-56.84,181.74,7.3,2.69,2.08,23.78,0.0,100.0,69.0,100.0,100.0,40.0,2.76,0.74,0.23,0.18,0.58,0.0,1.86,0.45,0.24,0.25,0.35,-0.0,238.31,37.5,4.95,5.48,45.88,0.0,1.0,0.26,0.0,0.0,0.44,0.0,25.92,12.47,7.34,11.92,7.41,0.0,4.2,0.79,0.0,0.3,1.04,0.0,9.44,1.34,0.34,0.38,0.04,1.72,-0.2277068410737029,0,0,Fast
P122,"Laguna_Seca, Laguna_Seca",", McLaren 720S GT3","19/10/2024, ",Lap 5,97.789,3.4,228.7,132.2,193.4,192.5,51.3,0.0,100.0,14.0,0.0,0.0,28.0,-10.01,26.05,-1.0,-0.38,-0.5,3.48,-108.95,84.47,3.66,2.08,3.61,22.66,0.0,100.0,67.0,100.0,100.0,42.0,3.27,0.76,0.18,0.31,0.57,0.0,1.93,0.46,0.25,0.23,0.34,-0.0,240.0,40.51,5.48,7.48,50.34,0.0,1.0,0.28,0.0,0.0,0.45,0.0,27.75,13.48,11.92,3.33,8.03,0.0,4.25,0.63,0.3,0.3,0.76,0.0,10.01,1.43,0.38,0.5,0.12,1.89,-0.2727307622084938,0,0,Fast
P122,"Laguna_Seca, Laguna_Seca",", McLaren 720S GT3","19/10/2024, ",Lap 6,103.494,0.3,228.0,125.4,192.5,193.6,55.1,0.0,100.0,13.0,0.0,0.0,28.0,-8.67,25.01,-0.66,-0.5,-0.52,3.89,-147.1,130.45,3.47,3.61,4.11,28.63,0.0,100.0,69.0,100.0,100.0,40.0,2.88,0.75,0.31,0.28,0.6,0.0,1.85,0.45,0.23,0.24,0.35,-0.0,198.94,37.53,7.48,7.48,42.76,0.0,1.0,0.29,0.0,0.0,0.45,0.0,29.63,14.81,3.33,14.22,8.37,0.0,4.25,0.81,0.3,0.0,0.98,0.0,8.67,1.29,0.5,0.52,0.02,1.67,0.1078047490122222,0,0,Fast
P122,"Laguna_Seca, Laguna_Seca",", McLaren 720S GT3","19/10/2024, ",Lap 7,101.637,1.5,228.3,128.7,193.6,193.3,48.1,0.0,100.0,11.0,0.0,0.0,24.0,-9.2,10.73,-1.23,-0.52,-0.39,2.09,-45.56,123.06,3.53,4.11,2.53,22.5,0.0,100.0,68.0,100.0,100.0,41.0,4.1,0.71,0.28,0.15,0.59,0.0,10.48,0.45,0.24,0.25,0.41,-0.0,219.89,37.42,7.48,5.47,47.06,0.0,1.0,0.26,0.0,0.0,0.44,0.0,26.82,13.29,14.22,6.97,7.5,0.0,4.23,0.6,0.0,0.27,0.89,0.0,9.2,1.38,0.52,0.39,-0.13,1.83,-0.0160610606874919,0,1,Fast
P122,"Laguna_Seca, Laguna_Seca",", McLaren 720S GT3","19/10/2024, ",Lap 8,89.397,69.7,227.8,143.6,193.3,192.7,38.8,0.0,100.0,12.0,0.0,0.0,25.0,-8.0,11.69,-1.36,-0.39,-0.36,1.8,-51.91,61.19,4.0,2.53,3.04,17.52,0.0,100.0,66.0,100.0,100.0,41.0,2.71,0.77,0.15,0.24,0.59,0.0,1.79,0.44,0.25,0.24,0.35,-0.0,146.91,28.49,5.47,5.18,30.04,0.0,1.0,0.26,0.0,0.0,0.44,0.0,23.23,10.87,6.97,0.0,6.84,0.0,4.13,0.53,0.27,0.27,0.8,0.0,8.0,1.44,0.39,0.36,-0.03,1.58,-0.832494830598371,0,1,Fast
P122,"Laguna_Seca, Laguna_Seca",", McLaren 720S GT3","19/10/2024, ",Lap 9,88.444,70.3,228.3,145.8,192.7,193.6,38.9,0.0,100.0,12.0,0.0,0.0,27.0,-8.94,15.64,-1.52,-0.36,-0.42,2.14,-63.47,53.95,4.05,3.04,2.54,18.13,0.0,100.0,68.0,100.0,100.0,42.0,3.02,0.8,0.24,0.23,0.6,0.0,1.77,0.44,0.24,0.26,0.34,-0.0,150.4,31.58,5.18,5.91,33.91,0.0,1.0,0.32,0.0,0.0,0.47,0.0,28.17,13.15,0.0,22.53,8.7,0.0,4.32,0.55,0.27,0.27,0.85,0.0,8.94,1.62,0.36,0.42,0.06,1.73,-0.8960619370301578,0,1,Fast
P122,"Laguna_Seca, Laguna_Seca",", McLaren 720S GT3","19/10/2024, ",Lap 10,88.32,68.8,228.6,145.8,193.6,192.5,38.9,0.0,100.0,12.0,0.0,0.0,27.0,-8.5,12.03,-1.6,-0.42,-0.28,2.08,-71.84,48.33,4.06,2.54,1.98,18.02,0.0,100.0,68.0,100.0,100.0,41.0,3.2,0.8,0.23,0.13,0.61,0.0,1.92,0.44,0.26,0.24,0.34,-0.0,157.62,31.38,5.91,3.94,34.78,0.0,1.0,0.28,0.0,0.0,0.45,0.0,24.47,11.21,22.53,14.68,7.36,0.0,4.27,0.5,0.27,0.0,0.82,0.0,8.5,1.66,0.42,0.28,-0.14,1.92,-0.904332998097883,0,1,Fast
P122,"Laguna_Seca, Laguna_Seca",", McLaren 720S GT3","19/10/2024, ",Lap 11,99.39,0.0,228.0,130.2,192.5,188.7,52.3,0.0,100.0,14.0,0.0,0.0,29.0,-8.11,26.08,-0.99,-0.28,-0.2,3.42,-69.49,57.9,3.59,1.98,0.69,18.3,0.0,100.0,66.0,100.0,100.0,42.0,3.51,0.75,0.13,0.04,0.6,0.0,1.91,0.44,0.24,0.22,0.34,-0.0,212.88,40.26,3.94,2.08,48.71,0.0,1.0,0.25,0.0,0.0,0.43,0.0,24.82,12.46,14.68,0.0,7.22,0.0,4.15,0.57,0.0,0.0,0.73,0.0,8.11,1.38,0.28,0.2,-0.08,1.83,-0.1659406914873078,0,1,Fast
P121,"Laguna_Seca, Laguna_Seca",", McLaren 720S GT3","19/10/2024, ",Lap 2,90.854,61.9,213.9,142.2,192.2,192.3,37.4,0.0,100.0,13.0,0.0,0.0,24.0,-9.4,5.85,-1.76,-0.98,-0.51,2.1,-46.4,55.07,3.96,6.39,3.35,17.98,0.0,100.0,72.0,100.0,100.0,39.0,2.82,0.78,0.5,0.3,0.59,0.0,1.62,0.43,0.26,0.26,0.3,-0.0,163.75,33.31,15.19,7.45,37.77,0.0,1.0,0.31,0.0,0.0,0.46,0.0,28.48,14.49,0.0,0.0,8.51,0.0,4.42,0.61,0.0,0.55,0.74,0.0,9.4,1.8,0.98,0.51,-0.47,2.04,-0.7353098630526075,0,1,Fast
P121,"Laguna_Seca, Laguna_Seca",", McLaren 720S GT3","19/10/2024, ",Lap 3,97.477,0.0,223.0,132.8,192.3,193.1,50.8,0.0,100.0,16.0,0.0,0.0,30.0,-9.45,23.77,-1.26,-0.51,-0.59,2.58,-68.41,72.28,3.65,3.35,4.09,19.35,0.0,100.0,74.0,100.0,100.0,40.0,2.65,0.74,0.3,0.31,0.56,0.0,1.79,0.47,0.26,0.26,0.32,-0.0,240.0,39.92,7.45,8.23,49.9,0.0,1.0,0.28,0.0,0.0,0.45,0.0,27.17,13.92,0.0,1.63,7.97,0.0,3.95,0.61,0.55,0.0,0.81,0.0,9.45,1.47,0.51,0.59,0.08,1.86,-0.2935418190885749,0,1,Fast
P121,"Laguna_Seca, Laguna_Seca",", McLaren 720S GT3","19/10/2024, ",Lap 4,103.682,0.4,226.0,124.7,193.1,191.7,51.2,0.0,100.0,14.0,0.0,0.0,30.0,-10.5,16.29,-1.07,-0.59,-0.2,3.48,-104.45,60.4,3.47,4.09,0.97,21.57,0.0,100.0,69.0,100.0,100.0,40.0,3.86,0.71,0.31,0.08,0.57,0.0,1.9,0.43,0.26,0.25,0.34,-0.0,185.34,43.37,8.23,2.59,46.95,0.0,1.0,0.31,0.0,0.0,0.46,0.0,32.45,16.03,1.63,4.54,9.37,0.0,4.12,0.96,0.0,0.12,1.13,0.0,10.5,1.58,0.59,0.2,-0.39,2.26,0.120344744824579,0,0,Fast
P121,"Laguna_Seca, Laguna_Seca",", McLaren 720S GT3","19/10/2024, ",Lap 5,90.664,60.7,226.5,141.9,191.7,191.5,39.0,0.0,100.0,13.0,0.0,0.0,25.0,-10.64,2.61,-1.66,-0.2,-0.37,2.26,-40.07,53.73,3.95,0.97,1.91,17.62,0.0,100.0,71.0,100.0,100.0,40.0,2.81,0.76,0.08,0.16,0.6,0.0,1.77,0.44,0.25,0.25,0.32,-0.0,186.13,31.33,2.59,5.06,38.71,0.0,1.0,0.29,0.0,0.0,0.46,0.0,26.62,13.02,4.54,7.99,8.09,0.0,3.83,0.56,0.12,0.0,0.75,0.0,10.64,1.71,0.2,0.37,0.17,2.21,-0.7479832630757337,0,0,Fast
P121,"Laguna_Seca, Laguna_Seca",", McLaren 720S GT3","19/10/2024, ",Lap 6,95.692,0.0,224.5,134.3,191.5,193.1,49.0,0.0,100.0,14.0,0.0,0.0,28.0,-8.13,9.86,-1.24,-0.37,-0.45,1.9,-62.35,51.1,3.76,1.91,3.55,19.95,0.0,100.0,71.0,100.0,100.0,40.0,2.84,0.75,0.16,0.32,0.59,0.0,1.7,0.45,0.25,0.25,0.34,-0.0,240.0,37.21,5.06,6.67,47.56,0.0,1.0,0.29,0.0,0.0,0.45,0.0,27.55,13.21,7.99,21.49,8.07,0.0,3.98,0.63,0.0,0.45,0.79,0.0,8.13,1.38,0.37,0.45,0.08,1.61,-0.4126050772005789,0,0,Fast
P121,"Laguna_Seca, Laguna_Seca",", McLaren 720S GT3","19/10/2024, ",Lap 7,96.997,12.2,227.2,132.9,193.1,192.9,46.4,0.0,100.0,13.0,0.0,0.0,27.0,-8.23,16.11,-1.17,-0.45,-0.26,2.87,-158.69,68.65,3.69,3.55,1.6,19.83,0.0,100.0,70.0,100.0,100.0,41.0,7.06,0.73,0.32,0.15,0.62,0.0,10.36,0.44,0.25,0.25,0.41,-0.0,199.09,33.2,6.67,3.67,37.63,0.0,1.0,0.32,0.0,0.0,0.46,0.0,30.6,15.92,21.49,29.38,8.79,0.0,4.2,0.94,0.45,0.0,1.08,0.0,8.23,1.51,0.45,0.26,-0.19,1.85,-0.3255588296733155,0,1,Fast
P121,"Laguna_Seca, Laguna_Seca",", McLaren 720S GT3","19/10/2024, ",Lap 8,90.719,56.6,223.9,141.9,192.9,192.1,38.9,0.0,100.0,13.0,0.0,0.0,26.0,-9.72,17.7,-1.66,-0.26,-0.19,2.55,-62.84,60.18,3.96,1.6,0.97,18.84,0.0,100.0,70.0,100.0,100.0,42.0,2.97,0.8,0.15,0.06,0.59,0.0,1.72,0.43,0.25,0.25,0.31,-0.0,183.25,34.77,3.67,2.37,40.1,0.0,1.0,0.34,0.0,0.0,0.48,0.0,31.25,15.77,29.38,0.0,9.42,0.0,3.93,0.72,0.0,0.0,0.89,0.0,9.72,1.83,0.26,0.19,-0.08,2.17,-0.744314647279566,0,1,Fast
P121,"Laguna_Seca, Laguna_Seca",", McLaren 720S GT3","19/10/2024, ",Lap 9,93.989,15.0,226.7,137.0,192.1,192.5,45.3,0.0,100.0,14.0,0.0,0.0,30.0,-8.69,10.09,-1.62,-0.19,-0.44,2.28,-63.96,49.17,3.82,0.97,3.28,17.29,0.0,100.0,70.0,100.0,100.0,41.0,3.11,0.74,0.06,0.29,0.56,0.0,1.8,0.44,0.25,0.24,0.35,-0.0,240.0,36.27,2.37,6.55,42.96,0.0,1.0,0.32,0.0,0.0,0.47,0.0,30.35,15.69,0.0,14.57,8.8,0.0,4.07,0.63,0.0,0.28,0.76,0.0,8.69,1.72,0.19,0.44,0.26,2.09,-0.5261987626710216,0,1,Fast
P121,"Laguna_Seca, Laguna_Seca",", McLaren 720S GT3","19/10/2024, ",Lap 10,92.238,60.9,227.0,139.6,192.5,193.4,39.5,0.0,100.0,11.0,0.0,0.0,24.0,-6.55,23.03,-1.08,-0.44,-0.51,3.15,-43.23,63.9,3.89,3.28,3.58,18.49,0.0,100.0,73.0,100.0,100.0,40.0,2.81,0.79,0.29,0.3,0.6,0.0,1.79,0.43,0.24,0.24,0.32,-0.0,209.53,31.94,6.55,7.46,34.59,0.0,1.0,0.34,0.0,0.0,0.47,0.0,31.52,15.9,14.57,6.3,9.59,0.0,3.82,0.79,0.28,0.0,0.8,0.0,6.55,1.51,0.44,0.51,0.07,1.63,-0.6429941491999394,0,1,Fast
P121,"Laguna_Seca, Laguna_Seca",", McLaren 720S GT3","19/10/2024, ",Lap 11,98.06,5.9,225.3,131.8,193.4,192.3,48.2,0.0,100.0,13.0,0.0,0.0,27.0,-9.43,25.36,-1.19,-0.51,-0.41,3.34,-48.92,57.88,3.64,3.58,2.38,18.38,0.0,100.0,70.0,100.0,100.0,40.0,4.12,0.76,0.3,0.15,0.62,0.0,1.75,0.42,0.24,0.24,0.31,-0.0,177.08,40.68,7.46,5.43,47.32,0.0,1.0,0.31,0.0,0.0,0.46,0.0,30.7,14.58,6.3,18.42,8.91,0.0,3.97,0.9,0.0,0.0,1.15,0.0,9.43,1.59,0.51,0.41,-0.1,2.01,-0.2546544916491924,0,1,Fast
P120,"Laguna_Seca, Laguna_Seca",", McLaren 720S GT3","19/10/2024, ",Lap 2,99.047,0.0,211.5,130.6,183.3,176.7,44.2,0.0,100.0,10.0,0.0,0.0,21.0,-7.63,13.33,-1.17,-1.0,-0.58,1.62,-75.98,62.59,3.61,7.25,4.17,16.95,0.0,100.0,62.0,100.0,100.0,45.0,3.56,0.71,0.56,0.34,0.56,0.0,2.14,0.42,0.28,0.29,0.29,-0.0,120.61,29.29,15.28,8.85,30.2,0.0,1.0,0.21,0.0,0.0,0.41,0.0,21.28,10.84,14.82,0.0,6.65,0.0,4.07,0.39,0.0,0.0,0.7,0.0,7.63,1.24,1.0,0.58,-0.42,1.43,-0.1888195136343204,0,1,Fast
P120,"Laguna_Seca, Laguna_Seca",", McLaren 720S GT3","19/10/2024, ",Lap 3,92.194,69.7,212.6,139.9,176.7,188.2,35.6,0.0,100.0,10.0,0.0,0.0,23.0,-7.79,14.24,-1.36,-0.58,-0.23,2.09,-58.27,51.88,3.88,4.17,2.15,17.98,0.0,100.0,65.0,100.0,100.0,43.0,2.59,0.77,0.34,0.13,0.58,0.0,1.84,0.4,0.29,0.28,0.32,-0.0,152.47,29.96,8.85,2.96,33.16,0.0,1.0,0.3,0.0,0.0,0.46,0.0,27.63,13.16,0.0,0.0,8.28,0.0,4.05,0.56,0.0,0.17,0.74,0.0,7.79,1.48,0.58,0.23,-0.35,1.73,-0.6459290418368737,0,1,Fast
P120,"Laguna_Seca, Laguna_Seca",", McLaren 720S GT3","19/10/2024, ",Lap 4,91.044,62.7,224.7,141.4,188.2,188.7,37.1,0.0,100.0,11.0,0.0,0.0,23.0,-9.03,1.8,-1.36,-0.23,-0.26,1.57,-58.1,57.39,3.94,2.15,1.55,17.0,0.0,100.0,66.0,100.0,100.0,45.0,2.97,0.77,0.13,0.09,0.57,0.0,1.78,0.42,0.28,0.27,0.32,-0.0,151.57,27.57,2.96,3.57,29.66,0.0,1.0,0.25,0.0,0.0,0.43,0.0,22.98,11.59,0.0,14.71,6.59,0.0,3.97,0.5,0.17,0.08,0.75,0.0,9.03,1.38,0.23,0.26,0.03,1.54,-0.7226364630294813,0,0,Fast
P120,"Laguna_Seca, Laguna_Seca",", McLaren 720S GT3","19/10/2024, ",Lap 5,100.624,0.0,227.5,129.3,188.7,188.7,53.5,0.0,100.0,14.0,0.0,0.0,29.0,-8.2,21.05,-0.91,-0.26,-0.6,2.62,-78.78,103.77,3.56,1.55,4.41,19.84,0.0,100.0,65.0,100.0,100.0,45.0,2.84,0.72,0.09,0.3,0.56,-0.0,14.57,0.44,0.27,0.27,0.46,-0.0,180.47,37.42,3.57,8.57,42.33,0.0,1.0,0.24,0.0,0.0,0.42,0.0,23.77,12.56,14.71,4.75,6.81,0.0,4.08,0.45,0.08,0.25,0.72,0.0,8.2,1.19,0.26,0.6,0.34,1.43,-0.0836302934423714,0,0,Fast
P120,"Laguna_Seca, Laguna_Seca",", McLaren 720S GT3","19/10/2024, ",Lap 6,90.104,67.2,224.7,142.7,188.7,188.1,38.1,0.0,100.0,12.0,0.0,0.0,26.0,-6.17,3.02,-1.26,-0.6,-0.53,1.26,-50.2,44.95,3.97,4.41,3.65,17.17,0.0,100.0,68.0,100.0,100.0,44.0,2.62,0.78,0.3,0.28,0.57,0.0,2.14,0.44,0.27,0.27,0.34,-0.0,122.48,26.75,8.57,7.68,25.64,0.0,1.0,0.27,0.0,0.0,0.44,0.0,23.98,12.17,4.75,23.02,7.08,0.0,3.45,0.53,0.25,0.0,0.65,0.0,6.17,1.29,0.6,0.53,-0.06,1.23,-0.7853364420912643,0,0,Fast
P120,"Laguna_Seca, Laguna_Seca",", McLaren 720S GT3","19/10/2024, ",Lap 7,88.054,68.5,226.4,145.8,188.1,191.5,37.9,0.0,100.0,13.0,0.0,0.0,29.0,-5.86,1.54,-1.36,-0.53,-0.46,1.31,-46.99,52.81,4.07,3.65,3.83,17.35,0.0,100.0,71.0,100.0,100.0,43.0,2.9,0.81,0.28,0.32,0.58,0.0,1.94,0.45,0.27,0.26,0.34,-0.0,120.68,27.69,7.68,6.76,26.89,0.0,1.0,0.27,0.0,0.0,0.44,0.0,23.72,11.43,23.02,17.08,7.19,0.0,3.72,0.49,0.0,0.27,0.71,0.0,5.86,1.38,0.53,0.46,-0.08,1.29,-0.9220757581302594,0,1,Fast
P120,"Laguna_Seca, Laguna_Seca",", McLaren 720S GT3","19/10/2024, ",Lap 8,91.082,58.9,227.7,141.4,191.5,192.0,38.7,0.0,100.0,12.0,0.0,0.0,28.0,-5.33,21.16,-1.1,-0.46,-0.42,2.23,-40.87,49.71,3.92,3.83,3.46,17.36,0.0,100.0,68.0,100.0,100.0,43.0,2.78,0.76,0.32,0.26,0.58,0.0,1.97,0.44,0.26,0.26,0.33,-0.0,182.57,28.26,6.76,5.93,28.32,0.0,1.0,0.32,0.0,0.0,0.47,0.0,29.53,15.51,17.08,23.63,8.74,0.0,4.55,0.72,0.27,0.0,0.77,0.0,5.33,1.33,0.46,0.42,-0.03,1.31,-0.7201017830248562,0,1,Fast
P120,"Laguna_Seca, Laguna_Seca",", McLaren 720S GT3","19/10/2024, ",Lap 9,87.404,67.9,226.8,146.7,192.0,191.7,37.8,0.0,100.0,12.0,0.0,0.0,27.0,-6.23,6.9,-1.43,-0.42,-0.35,1.46,-53.27,54.83,4.11,3.46,2.73,17.44,0.0,100.0,71.0,100.0,100.0,43.0,3.46,0.81,0.26,0.24,0.61,0.0,1.88,0.44,0.26,0.27,0.34,-0.0,119.93,28.4,5.93,5.07,27.56,0.0,1.0,0.31,0.0,0.0,0.46,0.0,26.8,13.55,23.63,15.01,8.19,0.0,3.97,0.6,0.0,0.07,0.8,0.0,6.23,1.46,0.42,0.35,-0.08,1.41,-0.965432126630429,0,1,Fast
P120,"Laguna_Seca, Laguna_Seca",", McLaren 720S GT3","19/10/2024, ",Lap 10,88.564,70.6,228.0,145.1,191.7,191.1,36.8,0.0,100.0,12.0,0.0,0.0,27.0,-6.2,9.0,-1.41,-0.35,-0.52,1.63,-39.91,61.33,4.02,2.73,3.38,17.83,0.0,100.0,71.0,100.0,100.0,43.0,2.54,0.83,0.24,0.3,0.58,0.01,1.93,0.43,0.27,0.26,0.34,-0.0,127.48,29.71,5.07,6.83,27.96,0.0,1.0,0.32,0.0,0.0,0.47,0.0,28.32,14.08,15.01,20.39,8.84,0.0,4.0,0.61,0.07,0.18,0.81,0.0,6.2,1.49,0.35,0.52,0.17,1.43,-0.8880576843839734,0,1,Fast
P120,"Laguna_Seca, Laguna_Seca",", McLaren 720S GT3","19/10/2024, ",Lap 11,90.552,64.4,225.6,141.9,191.1,191.6,38.8,0.0,100.0,11.0,0.0,0.0,27.0,-6.21,16.23,-1.25,-0.52,-0.55,2.39,-46.74,56.36,3.97,3.38,3.94,17.97,0.0,100.0,68.0,100.0,100.0,43.0,2.51,0.8,0.3,0.3,0.59,0.0,1.86,0.43,0.26,0.26,0.35,-0.0,163.39,31.1,6.83,7.57,31.38,0.0,1.0,0.34,0.0,0.0,0.47,0.0,30.45,15.97,20.39,18.27,8.9,0.0,3.97,0.78,0.18,0.0,0.96,0.0,6.21,1.49,0.52,0.55,0.03,1.5,-0.7554538988788394,0,1,Fast
P120,"Laguna_Seca, Laguna_Seca",", McLaren 720S GT3","19/10/2024, ",Lap 12,87.54,70.4,228.2,146.8,191.6,190.2,38.6,0.0,100.0,13.0,0.0,0.0,30.0,-6.92,6.59,-1.47,-0.55,-0.4,1.56,-68.11,52.54,4.09,3.94,2.96,17.77,0.0,100.0,71.0,100.0,100.0,42.0,2.95,0.83,0.3,0.25,0.6,0.0,2.07,0.44,0.26,0.26,0.35,-0.0,137.62,29.18,7.57,5.73,28.48,0.0,1.0,0.31,0.0,0.0,0.46,0.0,27.32,13.21,18.27,5.46,8.54,0.0,3.73,0.61,0.0,0.22,0.78,0.0,6.92,1.51,0.55,0.4,-0.16,1.46,-0.9563606402980852,0,1,Fast
P119,"Laguna_Seca, Laguna_Seca",", McLaren 720S GT3","19/10/2024, ",Lap 2,125.534,0.0,220.8,105.4,189.8,191.1,60.2,0.0,100.0,11.0,0.0,0.0,24.0,-7.16,23.8,-0.54,-0.43,-0.4,3.16,-38.44,94.59,5.67,2.76,2.98,19.28,0.0,100.0,58.0,100.0,100.0,41.0,2.33,0.58,0.23,0.22,0.54,-0.0,1.94,0.4,0.27,0.26,0.31,-0.0,240.0,49.69,5.97,5.77,63.58,0.0,1.0,0.2,0.0,0.0,0.4,0.0,25.35,14.26,17.99,20.79,7.12,0.0,4.18,0.39,0.0,0.05,0.72,0.0,7.16,0.98,0.43,0.4,-0.03,1.43,1.5779191516948845,0,1,Slow
P119,"Laguna_Seca, Laguna_Seca",", McLaren 720S GT3","19/10/2024, ",Lap 3,90.749,65.4,223.7,141.6,191.1,191.5,38.1,0.0,100.0,11.0,0.0,0.0,26.0,-6.92,11.83,-1.27,-0.4,-0.34,1.48,-50.55,48.74,3.94,2.98,2.38,17.35,0.0,100.0,63.0,100.0,100.0,42.0,2.66,0.75,0.22,0.18,0.57,0.0,1.75,0.42,0.26,0.27,0.35,-0.0,122.46,27.36,5.77,4.56,28.78,0.0,1.0,0.26,0.0,0.0,0.44,0.0,23.38,11.48,20.79,20.58,7.04,0.0,4.15,0.42,0.05,0.0,0.72,0.0,6.92,1.31,0.4,0.34,-0.05,1.32,-0.7423135841180196,0,1,Fast
P119,"Laguna_Seca, Laguna_Seca",", McLaren 720S GT3","19/10/2024, ",Lap 4,90.759,62.6,224.3,141.9,191.5,191.0,37.0,0.0,100.0,11.0,0.0,0.0,24.0,-6.09,7.65,-1.24,-0.34,-0.31,1.38,-44.3,48.24,3.95,2.38,1.63,17.26,0.0,100.0,65.0,100.0,100.0,41.0,2.39,0.75,0.18,0.12,0.58,0.0,1.82,0.42,0.27,0.27,0.33,-0.0,138.94,26.72,4.56,3.91,28.47,0.0,1.0,0.25,0.0,0.0,0.44,0.0,23.1,11.45,20.58,0.0,6.88,0.0,4.23,0.43,0.0,0.0,0.75,0.0,6.09,1.28,0.34,0.31,-0.04,1.3,-0.7416465630641705,0,0,Fast
P119,"Laguna_Seca, Laguna_Seca",", McLaren 720S GT3","19/10/2024, ",Lap 5,91.669,46.9,222.0,141.0,191.0,193.4,40.7,0.0,100.0,12.0,0.0,0.0,27.0,-10.77,23.28,-1.16,-0.31,-0.52,2.22,-67.5,49.25,3.91,1.63,3.6,17.95,0.0,100.0,65.0,100.0,100.0,41.0,2.59,0.75,0.12,0.27,0.57,0.0,1.74,0.43,0.27,0.26,0.37,-0.0,219.34,29.83,3.91,7.29,34.3,0.0,1.0,0.27,0.0,0.0,0.44,0.0,24.57,12.48,0.0,4.91,7.16,0.0,4.03,0.47,0.0,0.08,0.74,0.0,10.77,1.34,0.31,0.52,0.21,1.39,-0.6809476471639339,0,0,Fast
P119,"Laguna_Seca, Laguna_Seca",", McLaren 720S GT3","19/10/2024, ",Lap 6,89.724,61.7,228.8,143.8,193.4,188.5,39.1,0.0,100.0,12.0,0.0,0.0,28.0,-6.91,1.36,-1.38,-0.52,-0.32,1.45,-42.75,60.76,3.99,3.6,1.81,17.27,0.0,100.0,66.0,100.0,100.0,41.0,2.81,0.77,0.27,0.15,0.58,0.0,1.84,0.43,0.26,0.26,0.36,-0.0,135.52,27.93,7.29,4.29,29.85,0.0,1.0,0.26,0.0,0.0,0.44,0.0,23.33,12.26,4.91,17.73,6.81,0.0,4.25,0.45,0.08,0.0,0.71,0.0,6.91,1.39,0.52,0.32,-0.2,1.44,-0.8106832421375167,0,0,Fast
P119,"Laguna_Seca, Laguna_Seca",", McLaren 720S GT3","19/10/2024, ",Lap 7,89.799,64.3,226.8,143.4,188.5,191.8,38.1,0.0,100.0,11.0,0.0,0.0,26.0,-5.39,4.22,-1.27,-0.32,-0.39,1.26,-68.3,53.35,4.0,1.81,2.26,17.17,0.0,100.0,66.0,100.0,100.0,40.0,2.77,0.76,0.15,0.17,0.58,0.0,1.9,0.42,0.26,0.26,0.35,-0.0,124.79,26.76,4.29,5.43,26.94,0.0,1.0,0.28,0.0,0.0,0.45,0.0,25.08,12.75,17.73,20.57,7.48,0.0,4.23,0.48,0.0,0.08,0.75,0.0,5.39,1.29,0.32,0.39,0.07,1.21,-0.8056805842336509,0,1,Fast
P119,"Laguna_Seca, Laguna_Seca",", McLaren 720S GT3","19/10/2024, ",Lap 8,89.529,69.1,228.1,144.0,191.8,191.8,37.8,0.0,100.0,11.0,0.0,0.0,26.0,-6.59,11.7,-1.3,-0.39,-0.15,1.48,-63.77,55.81,3.97,2.26,0.6,17.49,0.0,100.0,66.0,100.0,100.0,40.0,2.47,0.78,0.17,0.03,0.58,0.0,1.86,0.41,0.26,0.27,0.35,-0.0,130.9,27.58,5.43,1.67,28.03,0.0,1.0,0.27,0.0,0.0,0.44,0.0,24.17,12.04,20.57,1.93,7.21,0.0,4.12,0.47,0.08,0.22,0.72,0.0,6.59,1.35,0.39,0.15,-0.25,1.31,-0.8236901526875681,0,1,Fast
P119,"Laguna_Seca, Laguna_Seca",", McLaren 720S GT3","19/10/2024, ",Lap 9,88.522,67.7,226.1,145.3,191.8,192.8,37.5,0.0,100.0,12.0,0.0,0.0,27.0,-5.53,2.93,-1.27,-0.15,-0.29,1.19,-53.64,55.06,4.06,0.6,1.84,17.28,0.0,100.0,67.0,100.0,100.0,41.0,2.6,0.79,0.03,0.14,0.58,0.0,1.8,0.44,0.27,0.26,0.36,-0.0,117.72,26.43,1.67,3.94,25.88,0.0,1.0,0.25,0.0,0.0,0.43,0.0,21.98,10.06,1.93,0.0,6.59,0.0,3.17,0.42,0.22,0.17,0.65,0.0,5.53,1.28,0.15,0.29,0.14,1.17,-0.8908591728101373,0,1,Fast
P119,"Laguna_Seca, Laguna_Seca",", McLaren 720S GT3","19/10/2024, ",Lap 10,88.776,68.8,230.6,145.1,192.8,192.3,37.9,0.0,100.0,13.0,0.0,0.0,29.0,-8.02,2.82,-1.38,-0.29,-0.3,1.56,-47.27,50.77,4.03,1.84,2.02,17.08,0.0,100.0,68.0,100.0,100.0,41.0,2.96,0.78,0.14,0.16,0.58,0.0,1.77,0.44,0.26,0.26,0.36,-0.0,138.24,27.72,3.94,4.29,29.66,0.0,1.0,0.26,0.0,0.0,0.44,0.0,22.67,11.56,0.0,4.53,6.81,0.0,4.15,0.42,0.17,0.15,0.66,0.0,8.02,1.4,0.29,0.3,0.01,1.55,-0.8739168380423795,0,1,Fast
P119,"Laguna_Seca, Laguna_Seca",", McLaren 720S GT3","19/10/2024, ",Lap 11,88.92,66.9,228.9,144.7,192.3,192.3,38.1,0.0,100.0,13.0,0.0,0.0,30.0,-6.01,2.38,-1.3,-0.3,-0.28,1.3,-66.5,60.44,4.03,2.02,1.97,17.26,0.0,100.0,67.0,100.0,100.0,40.0,2.59,0.76,0.16,0.19,0.59,0.0,1.96,0.44,0.26,0.27,0.38,-0.0,130.52,26.66,4.29,4.08,27.55,0.0,1.0,0.26,0.0,0.0,0.44,0.0,23.15,12.07,4.53,0.0,6.87,0.0,4.17,0.45,0.15,0.0,0.75,0.0,6.01,1.32,0.3,0.28,-0.02,1.28,-0.864311734866957,0,1,Fast
P118,"Laguna_Seca, Laguna_Seca",", McLaren 720S GT3","19/10/2024, ",Lap 2,107.279,0.0,226.3,122.3,192.9,188.7,57.8,0.0,100.0,13.0,0.0,0.0,26.0,-12.46,22.81,-1.3,-0.42,-0.54,2.91,-65.72,67.75,3.36,2.31,3.9,19.56,0.0,100.0,60.0,100.0,100.0,44.0,2.82,0.67,0.18,0.31,0.56,0.0,9.48,0.44,0.26,0.23,0.37,-0.0,240.0,49.37,5.35,8.18,65.44,0.0,1.0,0.22,0.0,0.0,0.42,0.0,23.85,13.38,0.0,0.48,7.14,0.0,4.58,0.53,0.0,0.0,0.8,0.0,12.46,1.49,0.42,0.54,0.12,2.28,0.3602722178939768,0,1,Slow
P118,"Laguna_Seca, Laguna_Seca",", McLaren 720S GT3","19/10/2024, ",Lap 3,89.814,67.9,225.7,143.9,188.7,192.8,38.7,0.0,100.0,11.0,0.0,0.0,25.0,-9.57,11.71,-1.81,-0.54,-0.47,2.47,-50.63,54.24,3.99,3.9,3.56,17.89,0.0,100.0,65.0,100.0,100.0,44.0,2.88,0.78,0.31,0.29,0.58,0.0,1.81,0.45,0.23,0.26,0.34,-0.0,159.06,34.05,8.18,6.63,39.61,0.0,1.0,0.29,0.0,0.0,0.45,0.0,25.98,12.2,0.48,4.68,8.01,0.0,4.07,0.5,0.0,0.0,0.88,0.0,9.57,1.88,0.54,0.47,-0.07,2.32,-0.8046800526528787,0,1,Fast
P118,"Laguna_Seca, Laguna_Seca",", McLaren 720S GT3","19/10/2024, ",Lap 4,102.097,0.0,225.4,126.6,192.8,191.9,54.5,0.0,100.0,12.0,0.0,0.0,25.0,-11.15,22.98,-1.48,-0.47,-0.46,3.03,-101.63,47.86,3.53,3.56,3.61,19.62,0.0,100.0,61.0,100.0,100.0,44.0,3.14,0.67,0.29,0.37,0.56,0.0,2.1,0.43,0.26,0.24,0.33,-0.0,163.97,41.84,6.63,7.23,48.0,0.0,1.0,0.26,0.0,0.0,0.44,0.0,26.42,13.92,4.68,9.51,7.94,0.0,4.12,0.54,0.0,0.0,0.89,0.0,11.15,1.69,0.47,0.46,-0.01,2.41,0.0146219077895504,0,0,Fast
P118,"Laguna_Seca, Laguna_Seca",", McLaren 720S GT3","19/10/2024, ",Lap 5,89.594,68.1,226.2,144.2,191.9,192.9,39.5,0.0,100.0,11.0,0.0,0.0,23.0,-9.94,14.05,-1.93,-0.46,-0.62,2.65,-54.51,58.84,3.98,3.61,5.04,18.25,0.0,100.0,64.0,100.0,100.0,45.0,3.24,0.79,0.37,0.42,0.59,0.0,1.7,0.44,0.24,0.24,0.33,-0.0,161.74,35.64,7.23,9.17,42.48,0.0,1.0,0.3,0.0,0.0,0.46,0.0,27.07,12.8,9.51,19.49,8.46,0.0,3.55,0.54,0.0,0.0,0.85,0.0,9.94,1.99,0.46,0.62,0.16,2.52,-0.8193545158375513,0,0,Fast
P118,"Laguna_Seca, Laguna_Seca",", McLaren 720S GT3","19/10/2024, ",Lap 6,89.374,61.9,227.8,144.1,192.9,190.4,40.2,0.0,99.0,10.0,0.0,0.0,23.0,-9.36,13.94,-1.77,-0.62,-0.43,2.45,-51.54,49.84,4.02,5.04,2.55,18.59,0.0,100.0,64.0,100.0,100.0,45.0,3.11,0.81,0.42,0.22,0.59,0.0,1.82,0.44,0.24,0.26,0.34,-0.0,153.33,34.33,9.17,6.18,39.63,0.0,1.0,0.3,0.0,0.0,0.46,0.0,26.92,12.77,19.49,7.54,8.17,0.0,3.9,0.52,0.0,0.27,0.84,0.0,9.36,1.85,0.62,0.43,-0.2,2.25,-0.8340289790222238,0,0,Fast
P118,"Laguna_Seca, Laguna_Seca",", McLaren 720S GT3","19/10/2024, ",Lap 7,100.667,0.0,225.9,128.8,190.4,193.5,54.5,0.0,95.0,10.0,0.0,0.0,22.0,-10.7,20.46,-1.51,-0.43,-0.56,3.19,-101.63,59.53,3.54,2.55,4.36,21.96,0.0,100.0,60.0,100.0,100.0,45.0,2.85,0.72,0.22,0.27,0.6,0.0,1.99,0.43,0.26,0.25,0.31,-0.0,240.0,46.65,6.18,7.94,58.17,0.0,1.0,0.27,0.0,0.0,0.44,0.0,26.9,14.08,7.54,6.99,8.14,0.0,4.03,0.64,0.27,0.0,0.83,0.0,10.7,1.73,0.43,0.56,0.13,2.59,-0.0807621029108214,0,1,Fast
P118,"Laguna_Seca, Laguna_Seca",", McLaren 720S GT3","19/10/2024, ",Lap 8,90.754,69.4,227.5,142.3,193.5,191.8,39.8,0.0,86.0,10.0,0.0,0.0,22.0,-10.78,10.62,-1.86,-0.56,-0.38,2.56,-45.65,54.99,3.96,4.36,3.29,17.93,0.0,100.0,63.0,100.0,100.0,44.0,3.02,0.77,0.27,0.28,0.61,0.0,1.7,0.44,0.25,0.24,0.31,-0.0,154.94,34.52,7.94,6.23,40.75,0.0,1.0,0.32,0.0,0.0,0.47,0.0,29.08,13.48,6.99,0.58,8.97,0.0,4.05,0.56,0.0,0.18,0.91,0.0,10.78,1.93,0.56,0.38,-0.18,2.43,-0.7419800735910946,0,1,Fast
P118,"Laguna_Seca, Laguna_Seca",", McLaren 720S GT3","19/10/2024, ",Lap 9,88.632,65.8,226.0,145.2,191.8,190.9,38.9,0.0,94.0,10.0,0.0,0.0,22.0,-10.05,11.65,-1.97,-0.38,-0.54,2.72,-40.89,58.76,4.05,3.29,3.27,18.0,0.0,100.0,64.0,100.0,100.0,45.0,3.17,0.81,0.28,0.27,0.61,0.0,1.7,0.44,0.24,0.25,0.32,-0.0,166.04,35.55,6.23,7.9,41.59,0.0,1.0,0.32,0.0,0.0,0.47,0.0,28.78,13.69,0.58,2.88,8.91,0.0,3.95,0.62,0.18,0.48,0.87,0.0,10.05,2.04,0.38,0.54,0.16,2.58,-0.883521941217801,0,1,Fast
P118,"Laguna_Seca, Laguna_Seca",", McLaren 720S GT3","19/10/2024, ",Lap 10,89.015,51.0,227.1,144.6,190.9,193.2,39.9,0.0,98.0,10.0,0.0,0.0,22.0,-10.76,10.11,-1.88,-0.54,-0.42,2.4,-59.02,48.86,4.02,3.27,3.28,17.87,0.0,100.0,64.0,100.0,100.0,44.0,2.74,0.79,0.27,0.28,0.6,0.0,1.61,0.44,0.25,0.25,0.32,-0.0,163.88,34.63,7.9,6.22,39.8,0.0,1.0,0.31,0.0,0.0,0.46,0.0,27.8,13.37,2.88,5.56,8.82,0.0,3.82,0.63,0.48,0.0,0.83,0.0,10.76,1.93,0.54,0.42,-0.12,2.32,-0.8579750348553938,0,1,Fast
P118,"Laguna_Seca, Laguna_Seca",", McLaren 720S GT3","19/10/2024, ",Lap 11,89.25,59.6,227.2,144.1,193.2,192.5,39.3,0.0,100.0,11.0,0.0,0.0,25.0,-10.48,7.44,-1.94,-0.42,-0.59,2.64,-44.84,66.6,4.01,3.28,4.25,17.59,0.0,100.0,64.0,100.0,100.0,44.0,2.85,0.78,0.28,0.28,0.59,0.0,1.71,0.44,0.25,0.25,0.34,-0.0,168.24,34.66,6.22,8.55,40.87,0.0,1.0,0.31,0.0,0.0,0.46,0.0,27.85,13.33,5.56,5.57,8.55,0.0,4.28,0.57,0.0,0.17,0.87,0.0,10.48,2.0,0.42,0.59,0.17,2.55,-0.8423000400899481,0,1,Fast
P117,"Laguna_Seca, Laguna_Seca",", McLaren 720S GT3","19/10/2024, ",Lap 2,88.094,67.1,223.2,145.9,191.2,192.2,36.9,0.0,100.0,12.0,0.0,0.0,27.0,-8.49,1.91,-1.67,-0.43,-0.39,1.84,-43.53,60.79,4.07,3.12,2.65,17.65,0.0,100.0,67.0,100.0,100.0,43.0,2.74,0.81,0.27,0.21,0.63,0.0,1.87,0.44,0.25,0.25,0.34,-0.0,145.66,30.83,6.27,5.38,32.94,0.0,1.0,0.32,0.0,0.0,0.47,0.0,28.53,14.06,0.0,0.0,8.67,0.0,4.18,0.59,0.0,0.18,0.83,0.0,8.49,1.68,0.43,0.39,-0.04,1.82,-0.9194076739148648,0,1,Fast
P117,"Laguna_Seca, Laguna_Seca",", McLaren 720S GT3","19/10/2024, ",Lap 3,88.339,63.5,227.7,145.8,192.2,190.6,38.8,0.0,100.0,12.0,0.0,0.0,27.0,-7.62,10.47,-1.59,-0.39,-0.44,1.81,-74.97,65.31,4.04,2.65,3.01,18.34,0.0,100.0,67.0,100.0,100.0,44.0,3.52,0.81,0.21,0.24,0.63,0.0,1.9,0.44,0.25,0.2,0.34,-0.0,153.04,31.43,5.38,6.25,33.06,0.0,1.0,0.32,0.0,0.0,0.47,0.0,28.5,13.44,0.0,9.69,8.87,0.0,3.7,0.58,0.18,0.3,0.82,0.0,7.62,1.64,0.39,0.44,0.04,1.71,-0.90306565809557,0,1,Fast
P117,"Laguna_Seca, Laguna_Seca",", McLaren 720S GT3","19/10/2024, ",Lap 4,86.617,63.5,226.3,148.2,190.6,192.3,37.7,0.0,100.0,12.0,0.0,0.0,28.0,-6.99,3.81,-1.68,-0.44,-0.13,1.8,-46.33,59.3,4.13,3.01,0.65,17.64,0.0,100.0,68.0,100.0,100.0,43.0,3.37,0.83,0.24,0.05,0.63,0.0,1.91,0.45,0.2,0.25,0.35,-0.0,145.97,31.03,6.25,1.73,32.26,0.0,1.0,0.31,0.0,0.0,0.46,0.0,27.07,12.7,9.69,8.66,8.24,0.0,3.83,0.57,0.3,0.18,0.81,0.0,6.99,1.69,0.44,0.13,-0.3,1.78,-1.0179266835683256,0,0,Fast
P117,"Laguna_Seca, Laguna_Seca",", McLaren 720S GT3","19/10/2024, ",Lap 5,87.149,69.0,228.1,147.7,192.3,192.3,37.4,0.0,100.0,12.0,0.0,0.0,28.0,-7.78,4.82,-1.7,-0.13,-0.43,1.85,-53.23,62.11,4.12,0.65,3.19,17.74,0.0,100.0,68.0,100.0,100.0,43.0,3.18,0.83,0.05,0.27,0.63,0.0,1.96,0.44,0.25,0.24,0.34,-0.0,138.87,31.25,1.73,6.26,32.1,0.0,1.0,0.34,0.0,0.0,0.47,0.0,29.5,14.19,8.66,11.21,8.94,0.0,4.22,0.6,0.18,0.28,0.87,0.0,7.78,1.72,0.13,0.43,0.3,1.82,-0.982441163503572,0,0,Fast
P117,"Laguna_Seca, Laguna_Seca",", McLaren 720S GT3","19/10/2024, ",Lap 6,103.194,0.0,227.3,127.3,192.3,192.6,52.9,0.0,100.0,10.0,0.0,0.0,25.0,-5.81,30.93,-0.43,-0.43,-0.39,4.11,-60.63,119.21,3.47,3.19,2.81,23.55,0.0,100.0,64.0,100.0,100.0,44.0,2.98,0.74,0.27,0.25,0.61,0.0,2.01,0.42,0.24,0.24,0.32,-0.0,240.0,47.4,6.26,5.7,64.86,0.0,1.0,0.27,0.0,0.0,0.44,0.0,27.88,13.98,11.21,0.0,8.28,0.0,4.07,0.7,0.28,0.23,0.93,0.0,5.81,1.1,0.43,0.39,-0.04,1.33,0.0877941173967597,0,0,Fast
P117,"Laguna_Seca, Laguna_Seca",", McLaren 720S GT3","19/10/2024, ",Lap 7,88.394,67.5,226.7,145.7,192.6,192.5,37.6,0.0,100.0,11.0,0.0,0.0,25.0,-6.38,22.32,-1.05,-0.39,-0.74,3.07,-47.6,57.21,4.05,2.81,5.58,18.01,0.0,100.0,67.0,100.0,100.0,43.0,2.84,0.81,0.25,0.44,0.62,0.0,1.94,0.43,0.24,0.25,0.34,-0.0,200.68,30.34,5.7,10.87,31.98,0.0,1.0,0.33,0.0,0.0,0.47,0.0,28.88,14.21,0.0,2.89,8.85,0.0,4.15,0.64,0.23,0.28,0.8,0.0,6.38,1.46,0.39,0.74,0.35,1.56,-0.8993970422994014,0,1,Fast
P117,"Laguna_Seca, Laguna_Seca",", McLaren 720S GT3","19/10/2024, ",Lap 8,87.174,67.2,226.9,147.3,192.5,193.2,37.4,0.0,100.0,11.0,0.0,0.0,26.0,-7.77,3.27,-1.65,-0.74,-0.26,1.81,-64.29,58.16,4.09,5.58,1.52,17.74,0.0,100.0,68.0,100.0,100.0,44.0,3.23,0.82,0.44,0.09,0.64,0.0,1.88,0.44,0.25,0.25,0.34,-0.0,139.58,30.62,10.87,3.22,31.84,0.0,1.0,0.31,0.0,0.0,0.46,0.0,26.83,13.08,2.89,17.71,8.29,0.0,3.45,0.58,0.28,0.23,0.8,0.0,7.77,1.66,0.74,0.26,-0.48,1.79,-0.9807736108689498,0,1,Fast
P117,"Laguna_Seca, Laguna_Seca",", McLaren 720S GT3","19/10/2024, ",Lap 9,88.664,55.2,228.2,145.1,193.2,190.9,38.4,0.0,100.0,12.0,0.0,0.0,27.0,-8.38,16.04,-1.6,-0.26,-0.46,1.91,-69.12,63.37,4.04,1.52,2.84,18.22,0.0,100.0,66.0,100.0,100.0,45.0,2.99,0.81,0.09,0.22,0.62,0.0,1.84,0.44,0.25,0.26,0.34,-0.0,173.42,31.61,3.22,6.39,33.16,0.0,1.0,0.32,0.0,0.0,0.47,0.0,28.28,13.59,17.71,23.19,9.06,0.0,3.87,0.62,0.23,0.0,0.82,0.0,8.38,1.67,0.26,0.46,0.2,1.7,-0.8813874738454852,0,1,Fast
P117,"Laguna_Seca, Laguna_Seca",", McLaren 720S GT3","19/10/2024, ",Lap 10,86.707,65.2,227.0,148.0,190.9,191.7,37.6,0.0,100.0,12.0,0.0,0.0,27.0,-7.49,3.47,-1.68,-0.46,-0.27,1.83,-58.6,62.25,4.12,2.84,1.77,17.81,0.0,100.0,69.0,100.0,100.0,43.0,3.14,0.84,0.22,0.14,0.63,0.0,1.85,0.43,0.26,0.26,0.33,-0.0,144.38,31.27,6.39,3.59,31.97,0.0,1.0,0.31,0.0,0.0,0.46,0.0,27.07,12.88,23.19,0.0,8.46,0.0,4.03,0.54,0.0,0.0,0.82,0.0,7.49,1.71,0.46,0.27,-0.18,1.8,-1.0119234940836876,0,1,Fast
P117,"Laguna_Seca, Laguna_Seca",", McLaren 720S GT3","19/10/2024, ",Lap 11,86.89,67.4,226.5,147.8,191.7,192.1,37.2,0.0,100.0,12.0,0.0,0.0,26.0,-7.53,4.1,-1.79,-0.27,-0.22,1.87,-52.54,58.18,4.12,1.77,1.61,17.64,0.0,100.0,68.0,100.0,100.0,44.0,2.96,0.84,0.14,0.14,0.62,0.0,1.92,0.44,0.26,0.25,0.33,-0.0,142.82,32.29,3.59,3.13,32.24,0.0,1.0,0.32,0.0,0.0,0.47,0.0,27.67,13.38,0.0,0.0,8.52,0.0,4.0,0.56,0.0,0.28,0.83,0.0,7.53,1.8,0.27,0.22,-0.05,1.85,-0.9997170087982548,0,1,Fast
P117,"Laguna_Seca, Laguna_Seca",", McLaren 720S GT3","19/10/2024, ",Lap 12,86.8,66.4,227.4,148.1,192.1,191.9,37.9,0.0,100.0,11.0,0.0,0.0,25.0,-7.49,14.82,-1.53,-0.22,-0.31,2.13,-53.8,60.63,4.12,1.61,1.86,17.63,0.0,100.0,69.0,100.0,100.0,43.0,3.27,0.84,0.14,0.12,0.62,0.0,2.81,0.43,0.25,0.25,0.34,-0.0,144.89,30.43,3.13,4.05,29.71,0.0,1.0,0.33,0.0,0.0,0.47,0.0,28.55,13.84,0.0,0.0,8.77,0.0,3.95,0.63,0.28,0.3,0.81,0.0,7.49,1.66,0.22,0.31,0.09,1.73,-1.0057201982828938,0,1,Fast
P116,"Laguna_Seca, Laguna_Seca",", McLaren 720S GT3","19/10/2024, ",Lap 2,113.184,0.0,229.1,114.8,192.3,192.7,54.7,0.0,100.0,12.0,0.0,0.0,26.0,-7.86,22.65,-0.97,-0.84,-0.39,2.84,-111.64,99.82,3.18,6.29,2.81,23.12,0.0,100.0,64.0,100.0,100.0,39.0,2.79,0.63,0.39,0.3,0.53,0.0,1.78,0.44,0.26,0.26,0.32,-0.0,205.76,44.53,11.92,5.99,51.74,0.0,1.0,0.24,0.0,0.0,0.43,0.0,27.57,14.78,9.36,0.0,7.66,0.0,4.32,0.58,0.0,0.12,0.88,0.0,7.86,1.24,0.84,0.39,-0.46,1.67,0.7541481501916683,0,1,Slow
P116,"Laguna_Seca, Laguna_Seca",", McLaren 720S GT3","19/10/2024, ",Lap 3,94.032,53.1,228.2,137.2,192.7,188.4,40.0,0.0,100.0,15.0,0.0,0.0,30.0,-7.66,21.59,-1.09,-0.39,-0.68,2.73,-58.75,72.88,3.83,2.81,4.72,17.67,0.0,100.0,69.0,100.0,100.0,40.0,4.48,0.71,0.3,0.39,0.56,0.0,1.98,0.45,0.26,0.26,0.37,-0.0,212.27,30.52,5.99,10.4,36.44,0.0,1.0,0.27,0.0,0.0,0.44,0.0,24.98,12.2,0.0,11.99,7.54,0.0,4.22,0.57,0.12,0.0,0.86,0.0,7.66,1.4,0.39,0.68,0.29,1.69,-0.5233305721394724,0,1,Fast
P116,"Laguna_Seca, Laguna_Seca",", McLaren 720S GT3","19/10/2024, ",Lap 4,95.389,38.8,228.6,136.3,188.4,192.4,43.8,0.0,100.0,15.0,0.0,0.0,30.0,-8.25,1.03,-1.2,-0.68,-0.83,1.38,-50.72,45.36,3.75,4.72,6.23,16.49,0.0,100.0,68.0,100.0,100.0,39.0,2.74,0.69,0.39,0.46,0.49,0.0,1.86,0.47,0.26,0.25,0.35,-0.0,166.55,30.01,10.4,12.49,34.78,0.0,1.0,0.2,0.0,0.0,0.4,0.0,19.1,9.38,11.99,2.67,5.63,0.0,2.55,0.44,0.0,0.0,0.69,0.0,8.25,1.22,0.68,0.83,0.15,1.37,-0.4328158151321961,0,0,Fast
P116,"Laguna_Seca, Laguna_Seca",", McLaren 720S GT3","19/10/2024, ",Lap 5,93.447,42.3,229.0,138.5,192.4,181.4,43.0,0.0,100.0,14.0,0.0,0.0,29.0,-4.85,2.58,-1.2,-0.83,-0.24,1.18,-51.55,47.21,3.82,6.23,1.19,16.85,0.0,100.0,69.0,100.0,100.0,40.0,2.42,0.75,0.46,0.05,0.53,0.0,1.8,0.45,0.25,0.27,0.35,-0.0,140.48,28.13,12.49,2.83,28.52,0.0,1.0,0.24,0.0,0.0,0.43,0.0,22.67,11.66,2.67,7.25,7.3,0.0,3.17,0.47,0.0,0.0,0.76,0.0,4.85,1.22,0.83,0.24,-0.6,1.16,-0.5623513037896244,0,0,Fast
P116,"Laguna_Seca, Laguna_Seca",", McLaren 720S GT3","19/10/2024, ",Lap 6,90.727,64.6,222.8,141.4,181.4,190.8,37.0,0.0,100.0,14.0,0.0,0.0,29.0,-7.45,1.72,-1.4,-0.24,-0.46,1.55,-41.17,44.75,3.95,1.19,2.79,16.85,0.0,100.0,72.0,100.0,100.0,37.0,2.57,0.75,0.05,0.22,0.54,0.0,1.87,0.45,0.27,0.27,0.35,-0.0,121.23,27.93,2.83,6.0,29.87,0.0,1.0,0.26,0.0,0.0,0.44,0.0,23.2,11.49,7.25,16.24,7.02,0.0,4.17,0.45,0.0,0.25,0.74,0.0,7.45,1.41,0.24,0.46,0.22,1.54,-0.7437810304364864,0,0,Fast
P116,"Laguna_Seca, Laguna_Seca",", McLaren 720S GT3","19/10/2024, ",Lap 7,92.272,45.4,227.5,139.7,190.8,189.1,39.8,0.0,100.0,14.0,0.0,0.0,29.0,-6.93,1.45,-1.37,-0.46,-0.23,1.47,-53.92,44.84,3.89,2.79,0.77,17.1,0.0,100.0,70.0,100.0,100.0,38.0,2.6,0.75,0.22,0.06,0.54,0.0,1.72,0.44,0.27,0.27,0.35,-0.0,116.35,29.02,6.0,2.58,29.9,0.0,1.0,0.25,0.0,0.0,0.44,0.0,23.45,11.51,16.24,8.91,7.34,0.0,3.72,0.52,0.25,0.0,0.72,0.0,6.93,1.39,0.46,0.23,-0.22,1.45,-0.6407262776168532,0,1,Fast
P116,"Laguna_Seca, Laguna_Seca",", McLaren 720S GT3","19/10/2024, ",Lap 8,90.333,70.3,225.9,142.4,189.1,191.5,36.8,0.0,100.0,12.0,0.0,0.0,25.0,-9.08,2.5,-1.51,-0.23,-0.3,1.84,-39.55,49.4,3.96,0.77,2.73,17.3,0.0,100.0,70.0,100.0,100.0,38.0,2.98,0.77,0.06,0.15,0.56,0.0,1.82,0.41,0.27,0.27,0.35,-0.0,138.26,29.3,2.58,3.91,32.48,0.0,1.0,0.26,0.0,0.0,0.44,0.0,23.4,11.85,8.91,9.36,7.09,0.0,4.08,0.45,0.0,0.0,0.73,0.0,9.08,1.54,0.23,0.3,0.07,1.81,-0.7700616599581278,0,1,Fast
P116,"Laguna_Seca, Laguna_Seca",", McLaren 720S GT3","19/10/2024, ",Lap 9,104.17,0.0,228.0,125.1,191.5,190.7,51.3,0.0,100.0,13.0,0.0,0.0,28.0,-7.39,26.18,-0.82,-0.3,-0.53,3.12,-57.21,94.76,6.82,2.73,3.53,19.95,0.0,100.0,69.0,100.0,100.0,38.0,2.28,0.7,0.15,0.25,0.53,0.0,1.89,0.42,0.27,0.26,0.35,-0.0,240.0,43.95,3.91,7.2,57.27,0.0,1.0,0.27,0.0,0.0,0.44,0.0,27.78,14.5,9.36,5.56,7.99,0.0,4.07,0.62,0.0,0.73,0.76,0.0,7.39,1.26,0.3,0.53,0.23,1.59,0.1528953722523984,0,1,Slow
P116,"Laguna_Seca, Laguna_Seca",", McLaren 720S GT3","19/10/2024, ",Lap 10,110.49,0.0,226.6,118.4,190.7,190.3,57.3,0.0,100.0,15.0,0.0,0.0,29.0,-7.42,20.06,-0.84,-0.53,-0.11,2.64,-66.66,68.83,3.24,3.53,1.0,17.95,0.0,100.0,65.0,100.0,100.0,41.0,4.02,0.65,0.25,0.03,0.56,0.0,18.79,0.45,0.26,0.27,0.52,-0.0,217.71,37.72,7.2,1.23,44.4,0.0,1.0,0.22,0.0,0.0,0.42,0.0,24.7,12.11,5.56,19.76,6.86,0.0,4.17,0.5,0.73,0.07,0.7,0.0,7.42,1.12,0.53,0.11,-0.42,1.42,0.5744526782848128,0,1,Slow
P116,"Laguna_Seca, Laguna_Seca",", McLaren 720S GT3","19/10/2024, ",Lap 11,92.35,55.4,226.2,139.1,190.3,189.5,38.0,0.0,100.0,13.0,0.0,0.0,27.0,-4.94,4.55,-1.2,-0.11,-0.47,1.25,-69.43,52.1,3.89,1.0,2.53,16.9,0.0,100.0,68.0,100.0,100.0,39.0,2.66,0.73,0.03,0.19,0.54,0.0,2.07,0.43,0.27,0.26,0.35,-0.0,106.42,26.03,1.23,6.11,25.61,0.0,1.0,0.24,0.0,0.0,0.43,0.0,22.15,11.69,19.76,17.72,6.53,0.0,3.62,0.47,0.07,0.2,0.65,0.0,4.94,1.24,0.11,0.47,0.37,1.18,-0.6355235133968337,0,1,Fast
P115,"Laguna_Seca, Laguna_Seca",", McLaren 720S GT3","19/10/2024, ",Lap 2,90.332,63.0,222.9,142.4,191.8,192.5,39.0,0.0,100.0,12.0,0.0,0.0,29.0,-6.82,6.42,-1.36,-0.67,-0.68,1.49,-36.93,48.17,3.96,4.47,3.62,17.06,0.0,100.0,66.0,100.0,100.0,42.0,3.03,0.75,0.41,0.35,0.55,0.0,1.89,0.43,0.25,0.25,0.37,-0.0,129.13,28.11,10.04,9.87,30.05,0.0,1.0,0.24,0.0,0.0,0.43,0.0,22.07,10.29,0.0,15.89,6.71,0.0,3.98,0.39,0.03,0.0,0.7,0.0,6.82,1.38,0.67,0.68,0.01,1.45,-0.770128362063513,0,1,Fast
P115,"Laguna_Seca, Laguna_Seca",", McLaren 720S GT3","19/10/2024, ",Lap 3,94.914,23.2,226.9,136.5,192.5,191.8,44.9,0.0,100.0,12.0,0.0,0.0,29.0,-8.21,2.42,-1.33,-0.68,-0.5,1.52,-40.04,57.92,3.79,3.62,3.49,16.35,0.0,100.0,63.0,100.0,100.0,42.0,2.93,0.7,0.35,0.31,0.56,0.0,1.82,0.43,0.25,0.26,0.37,-0.0,127.17,30.07,9.87,7.42,31.52,0.0,1.0,0.25,0.0,0.0,0.43,0.0,23.28,11.33,15.89,20.49,7.03,0.0,4.0,0.42,0.0,0.0,0.72,0.0,8.21,1.34,0.68,0.5,-0.18,1.51,-0.4644993151900117,0,1,Fast
P115,"Laguna_Seca, Laguna_Seca",", McLaren 720S GT3","19/10/2024, ",Lap 4,91.194,60.1,228.9,141.5,191.8,185.6,40.8,0.0,100.0,14.0,0.0,0.0,32.0,-5.94,3.28,-1.37,-0.5,-0.57,1.38,-40.54,54.81,3.94,3.49,4.11,16.93,0.0,100.0,66.0,100.0,100.0,42.0,3.0,0.74,0.31,0.45,0.55,0.0,1.87,0.45,0.26,0.26,0.38,-0.0,118.18,28.27,7.42,8.88,29.03,0.0,1.0,0.25,0.0,0.0,0.44,0.0,23.23,11.94,20.49,5.58,6.99,0.0,3.82,0.47,0.0,0.28,0.7,0.0,5.94,1.39,0.5,0.57,0.07,1.37,-0.7126311472217495,0,0,Fast
P115,"Laguna_Seca, Laguna_Seca",", McLaren 720S GT3","19/10/2024, ",Lap 5,99.087,0.0,227.3,130.4,185.6,192.7,50.6,0.0,100.0,14.0,0.0,0.0,32.0,-5.75,23.21,-1.03,-0.57,-0.46,1.84,-101.31,104.25,3.6,4.11,3.27,20.82,0.0,100.0,65.0,100.0,100.0,43.0,2.76,0.64,0.45,0.32,0.54,0.0,2.52,0.45,0.26,0.25,0.38,-0.0,190.14,33.23,8.88,7.03,41.86,0.0,1.0,0.21,0.0,0.0,0.41,0.0,20.9,10.51,5.58,0.0,6.04,0.0,4.27,0.38,0.28,0.13,0.7,0.0,5.75,1.14,0.57,0.46,-0.11,1.27,-0.1861514294189249,0,0,Fast
P115,"Laguna_Seca, Laguna_Seca",", McLaren 720S GT3","19/10/2024, ",Lap 6,90.832,64.1,230.4,142.0,192.7,193.9,40.4,0.0,100.0,12.0,0.0,0.0,30.0,-6.22,12.46,-1.38,-0.46,-0.68,1.7,-47.97,63.1,3.96,3.27,4.9,17.55,0.0,100.0,65.0,100.0,100.0,42.0,2.79,0.76,0.32,0.4,0.56,0.0,1.98,0.44,0.25,0.25,0.38,-0.0,123.3,29.41,7.03,9.85,30.15,0.0,1.0,0.28,0.0,0.0,0.45,0.0,25.6,13.09,0.0,2.56,7.75,0.0,3.9,0.58,0.13,0.0,0.8,0.0,6.22,1.45,0.46,0.68,0.22,1.47,-0.7367773093710751,0,0,Fast
P115,"Laguna_Seca, Laguna_Seca",", McLaren 720S GT3","19/10/2024, ",Lap 7,89.675,58.1,227.3,143.0,193.9,189.1,40.1,0.0,100.0,12.0,0.0,0.0,29.0,-6.33,1.86,-1.38,-0.68,-0.74,1.42,-51.24,46.36,3.99,4.9,4.92,17.16,0.0,100.0,66.0,100.0,100.0,43.0,3.25,0.77,0.4,0.37,0.58,0.0,1.83,0.44,0.25,0.23,0.37,-0.0,116.07,28.1,9.85,10.49,28.48,0.0,1.0,0.24,0.0,0.0,0.43,0.0,21.92,11.36,2.56,13.15,6.44,0.0,4.08,0.47,0.0,0.12,0.7,0.0,6.33,1.39,0.68,0.74,0.06,1.41,-0.8139516453013761,0,1,Fast
P115,"Laguna_Seca, Laguna_Seca",", McLaren 720S GT3","19/10/2024, ",Lap 8,89.43,63.6,227.3,143.2,189.1,192.4,38.6,0.0,100.0,12.0,0.0,0.0,29.0,-6.91,3.18,-1.55,-0.74,-0.95,1.67,-43.44,54.05,4.0,4.92,5.17,17.36,0.0,100.0,66.0,100.0,100.0,42.0,3.43,0.77,0.37,0.38,0.59,0.0,1.85,0.44,0.23,0.25,0.37,-0.0,135.44,30.01,10.49,13.14,30.86,0.0,1.0,0.29,0.0,0.0,0.46,0.0,26.33,12.91,13.15,21.07,8.11,0.0,4.17,0.53,0.12,0.0,0.78,0.0,6.91,1.56,0.74,0.95,0.21,1.64,-0.83029366112067,0,1,Fast
P115,"Laguna_Seca, Laguna_Seca",", McLaren 720S GT3","19/10/2024, ",Lap 9,89.07,62.9,229.6,144.1,192.4,193.1,39.3,0.0,100.0,13.0,0.0,0.0,30.0,-5.99,1.61,-1.45,-0.95,-0.67,1.58,-43.78,63.98,4.0,5.17,4.78,17.28,0.0,100.0,67.0,100.0,100.0,43.0,2.86,0.76,0.38,0.31,0.57,0.0,1.88,0.45,0.25,0.24,0.38,-0.0,135.81,28.72,13.14,9.2,30.95,0.0,1.0,0.26,0.0,0.0,0.44,0.0,22.73,11.85,21.07,13.64,6.86,0.0,3.75,0.43,0.0,0.0,0.68,0.0,5.99,1.46,0.95,0.67,-0.28,1.56,-0.8543064190592262,0,1,Fast
P115,"Laguna_Seca, Laguna_Seca",", McLaren 720S GT3","19/10/2024, ",Lap 10,87.97,61.3,229.9,145.9,193.1,193.1,39.0,0.0,100.0,13.0,0.0,0.0,31.0,-7.53,2.42,-1.63,-0.67,-0.4,1.81,-43.89,54.8,4.1,4.78,2.92,17.27,0.0,100.0,68.0,100.0,100.0,42.0,3.04,0.78,0.31,0.27,0.58,0.0,1.83,0.46,0.24,0.25,0.38,-0.0,124.57,30.72,9.2,5.97,32.45,0.0,1.0,0.28,0.0,0.0,0.45,0.0,24.57,12.81,13.64,9.83,7.63,0.0,4.18,0.52,0.0,0.0,0.78,0.0,7.53,1.64,0.67,0.4,-0.28,1.8,-0.9276787349825892,0,1,Fast
P115,"Laguna_Seca, Laguna_Seca",", McLaren 720S GT3","19/10/2024, ",Lap 11,94.42,27.6,230.1,136.5,193.1,193.0,46.4,0.0,100.0,13.0,0.0,0.0,30.0,-7.16,25.63,-1.17,-0.4,-0.67,2.52,-57.91,63.27,3.78,2.92,4.69,18.06,0.0,100.0,66.0,100.0,100.0,42.0,3.25,0.73,0.27,0.38,0.57,0.0,1.85,0.46,0.25,0.23,0.38,-0.0,190.58,33.35,5.97,9.88,37.37,0.0,1.0,0.26,0.0,0.0,0.44,0.0,24.42,11.61,9.83,0.0,7.68,0.0,3.43,0.54,0.0,0.0,0.76,0.0,7.16,1.38,0.4,0.67,0.27,1.58,-0.4974501552501403,0,1,Fast
P114,"Laguna_Seca, Laguna_Seca",", McLaren 720S GT3","19/10/2024, ",Lap 2,96.589,36.6,214.7,132.9,191.7,192.5,42.5,0.0,100.0,12.0,0.0,0.0,27.0,-6.47,5.81,-1.14,-0.65,-0.63,1.51,-36.25,41.19,3.72,4.4,4.28,16.47,0.0,100.0,59.0,100.0,100.0,43.0,2.1,0.67,0.39,0.33,0.53,0.0,1.68,0.44,0.25,0.24,0.35,-0.0,139.27,30.04,9.56,8.95,33.09,0.0,1.0,0.2,0.0,0.0,0.4,0.0,19.43,10.56,11.93,6.22,5.87,0.0,3.92,0.41,0.0,0.0,0.68,0.0,6.47,1.19,0.65,0.63,-0.02,1.44,-0.3527732886703449,0,1,Fast
P114,"Laguna_Seca, Laguna_Seca",", McLaren 720S GT3","19/10/2024, ",Lap 3,101.912,19.3,214.7,126.8,192.5,192.3,47.0,0.0,100.0,14.0,0.0,0.0,30.0,-8.38,15.41,-0.85,-0.63,-0.69,2.74,-67.36,44.4,3.52,4.28,4.29,19.11,0.0,100.0,61.0,100.0,100.0,43.0,2.27,0.67,0.33,0.36,0.55,0.0,2.27,0.46,0.24,0.24,0.35,-0.0,166.83,36.48,8.95,9.96,41.36,0.0,1.0,0.25,0.0,0.0,0.43,0.0,25.4,13.47,6.22,15.24,7.81,0.0,4.07,0.66,0.0,0.0,0.88,0.0,8.38,1.23,0.63,0.69,0.06,1.68,0.0022820182933492,0,1,Fast
P114,"Laguna_Seca, Laguna_Seca",", McLaren 720S GT3","19/10/2024, ",Lap 4,105.052,0.0,214.3,123.0,192.3,192.9,52.7,0.0,100.0,13.0,0.0,0.0,29.0,-5.89,10.74,-0.98,-0.69,-0.72,1.45,-68.6,47.17,3.43,4.29,4.98,15.89,0.0,100.0,59.0,100.0,100.0,42.0,2.27,0.59,0.36,0.42,0.51,-0.0,1.9,0.47,0.24,0.22,0.36,-0.0,186.68,31.01,9.96,10.62,35.49,0.0,1.0,0.19,0.0,0.0,0.39,0.0,20.15,10.68,15.24,9.67,5.7,0.0,4.02,0.44,0.0,0.0,0.67,0.0,5.89,1.06,0.69,0.72,0.03,1.25,0.2117266292018591,0,0,Slow
P114,"Laguna_Seca, Laguna_Seca",", McLaren 720S GT3","19/10/2024, ",Lap 5,93.489,63.3,219.6,137.5,192.9,192.8,37.6,0.0,85.0,9.0,0.0,0.0,20.0,-6.2,5.18,-1.26,-0.72,-0.66,1.54,-44.2,49.28,3.85,4.98,4.46,17.63,0.0,100.0,59.0,100.0,100.0,44.0,2.31,0.71,0.42,0.33,0.57,0.0,1.59,0.42,0.22,0.25,0.31,-0.0,115.36,27.32,10.62,9.6,31.15,0.0,1.0,0.25,0.0,0.0,0.43,0.0,22.93,11.34,9.67,3.21,6.97,0.0,4.1,0.42,0.0,0.0,0.69,0.0,6.2,1.3,0.72,0.66,-0.06,1.49,-0.5595498153634595,0,0,Fast
P114,"Laguna_Seca, Laguna_Seca",", McLaren 720S GT3","19/10/2024, ",Lap 6,92.522,64.2,215.2,139.0,192.8,192.4,35.8,0.0,100.0,8.0,0.0,0.0,18.0,-7.04,2.11,-1.31,-0.66,-0.36,1.64,-44.03,52.09,3.87,4.46,2.4,17.12,0.0,100.0,56.0,100.0,100.0,45.0,2.45,0.72,0.33,0.24,0.59,0.0,1.76,0.4,0.25,0.24,0.29,-0.0,135.52,27.06,9.6,5.41,31.44,0.0,1.0,0.24,0.0,0.0,0.43,0.0,22.27,12.05,3.21,18.26,6.71,0.0,4.03,0.45,0.0,0.0,0.68,0.0,7.04,1.34,0.66,0.36,-0.3,1.61,-0.6240507512706343,0,0,Fast
P114,"Laguna_Seca, Laguna_Seca",", McLaren 720S GT3","19/10/2024, ",Lap 7,90.917,64.3,220.5,141.5,192.4,192.9,37.7,0.0,100.0,10.0,0.0,0.0,24.0,-6.86,9.51,-1.38,-0.36,-0.27,1.76,-53.85,49.78,3.94,2.4,1.38,17.55,0.0,100.0,59.0,100.0,100.0,46.0,2.78,0.74,0.24,0.15,0.58,0.0,1.7,0.42,0.24,0.25,0.32,-0.0,131.67,28.76,5.41,3.75,32.26,0.0,1.0,0.26,0.0,0.0,0.44,0.0,23.7,12.2,18.26,0.0,7.19,0.0,3.93,0.46,0.0,0.0,0.76,0.0,6.86,1.43,0.36,0.27,-0.09,1.65,-0.7311076304133601,0,1,Fast
P114,"Laguna_Seca, Laguna_Seca",", McLaren 720S GT3","19/10/2024, ",Lap 8,94.15,56.2,222.4,136.4,192.9,193.0,39.5,0.0,100.0,11.0,0.0,0.0,23.0,-6.71,13.04,-1.23,-0.27,-0.3,1.71,-57.14,52.82,3.8,1.38,2.01,17.28,0.0,100.0,60.0,100.0,100.0,44.0,2.57,0.69,0.15,0.17,0.53,0.0,1.77,0.45,0.25,0.25,0.31,-0.0,129.44,28.02,3.75,4.22,31.32,0.0,1.0,0.23,0.0,0.0,0.42,0.0,21.48,10.61,0.0,0.0,6.39,0.0,4.08,0.43,0.0,0.0,0.72,0.0,6.71,1.31,0.27,0.3,0.03,1.47,-0.5154597237040565,0,1,Fast
P114,"Laguna_Seca, Laguna_Seca",", McLaren 720S GT3","19/10/2024, ",Lap 9,96.11,44.4,223.8,133.9,193.0,190.6,41.4,0.0,100.0,11.0,0.0,0.0,25.0,-10.67,14.29,-1.04,-0.3,-0.26,2.49,-75.68,101.86,3.73,2.01,1.83,19.79,0.0,100.0,60.0,100.0,100.0,45.0,2.84,0.71,0.17,0.18,0.57,0.0,1.74,0.43,0.25,0.23,0.33,-0.0,146.41,29.94,4.22,3.82,33.77,0.0,1.0,0.27,0.0,0.0,0.44,0.0,26.0,11.75,0.0,5.2,8.06,0.0,4.25,0.51,0.0,0.0,0.86,0.0,10.67,1.35,0.3,0.26,-0.04,1.7,-0.3847235971497004,0,1,Fast
P114,"Laguna_Seca, Laguna_Seca",", McLaren 720S GT3","19/10/2024, ",Lap 10,92.22,49.6,221.0,139.8,190.6,191.5,38.3,0.0,100.0,12.0,0.0,0.0,24.0,-6.69,1.4,-1.24,-0.26,-0.25,1.42,-39.34,51.93,3.87,1.83,1.44,17.0,0.0,100.0,62.0,100.0,100.0,45.0,2.36,0.72,0.18,0.14,0.56,0.0,1.62,0.46,0.23,0.25,0.3,-0.0,136.74,26.82,3.82,3.19,29.92,0.0,1.0,0.23,0.0,0.0,0.42,0.0,21.02,10.76,5.2,0.0,6.27,0.0,4.3,0.42,0.0,0.0,0.72,0.0,6.69,1.26,0.26,0.25,-0.01,1.39,-0.6441947870968672,0,1,Fast
P114,"Laguna_Seca, Laguna_Seca",", McLaren 720S GT3","19/10/2024, ",Lap 11,104.32,0.0,223.1,125.8,191.5,187.4,54.0,0.0,100.0,11.0,0.0,0.0,27.0,-7.61,6.6,-1.2,-0.25,-0.45,1.65,-69.57,50.81,3.48,1.44,2.79,16.32,0.0,100.0,64.0,100.0,100.0,43.0,2.82,0.64,0.14,0.22,0.57,-0.0,21.75,0.45,0.25,0.19,0.62,-0.0,168.51,33.73,3.19,6.24,38.61,0.0,1.0,0.23,0.0,0.0,0.42,0.0,24.2,12.27,0.0,19.36,7.04,0.0,4.18,0.43,0.0,0.15,0.75,0.0,7.61,1.26,0.25,0.45,0.2,1.56,0.1629006880601292,0,1,Slow
P113,"Laguna_Seca, Laguna_Seca",", McLaren 720S GT3","19/10/2024, ",Lap 2,88.927,57.4,226.7,144.1,191.9,192.7,38.3,0.0,100.0,11.0,0.0,2.0,25.0,-5.68,8.87,-1.25,-0.35,-0.33,1.42,-46.17,48.17,4.04,2.36,2.02,17.44,0.0,100.0,67.0,100.0,100.0,43.0,2.89,0.79,0.18,0.11,0.58,0.0,1.92,0.45,0.26,0.24,0.35,-0.0,124.35,27.37,5.06,4.41,27.4,0.0,1.0,0.27,0.0,0.0,0.44,0.0,24.18,11.51,4.69,14.99,7.45,0.0,3.9,0.45,0.22,0.0,0.66,0.0,5.68,1.31,0.35,0.33,-0.02,1.29,-0.8638448201292626,0,1,Fast
P113,"Laguna_Seca, Laguna_Seca",", McLaren 720S GT3","19/10/2024, ",Lap 3,87.642,67.4,226.7,146.7,192.7,193.5,37.5,0.0,100.0,12.0,2.0,0.0,28.0,-8.99,9.92,-1.28,-0.33,-0.28,1.77,-46.09,46.38,4.09,2.02,2.46,17.71,0.0,100.0,69.0,100.0,100.0,43.0,2.89,0.82,0.11,0.18,0.58,0.0,2.08,0.45,0.24,0.26,0.35,-0.0,157.32,28.62,4.41,3.96,29.24,0.0,1.0,0.27,0.0,0.0,0.44,0.0,23.77,11.07,14.99,2.38,7.27,0.0,3.7,0.44,0.0,0.18,0.69,0.0,8.99,1.4,0.33,0.28,-0.05,1.46,-0.9495570255488286,0,1,Fast
P113,"Laguna_Seca, Laguna_Seca",", McLaren 720S GT3","19/10/2024, ",Lap 4,87.127,61.9,230.8,148.3,193.5,192.8,39.4,0.0,100.0,12.0,0.0,0.0,27.0,-10.71,5.43,-1.51,-0.28,-0.31,1.95,-42.48,55.15,4.11,2.46,1.76,17.54,0.0,100.0,69.0,100.0,100.0,44.0,2.81,0.83,0.18,0.12,0.59,0.0,1.85,0.46,0.26,0.25,0.33,-0.0,172.85,29.98,3.96,4.06,34.08,0.0,1.0,0.28,0.0,0.0,0.45,0.0,24.82,11.75,2.38,11.91,7.61,0.0,4.15,0.54,0.18,0.0,0.8,0.0,10.71,1.55,0.28,0.31,0.03,1.88,-0.9839086098220396,0,0,Fast
P113,"Laguna_Seca, Laguna_Seca",", McLaren 720S GT3","19/10/2024, ",Lap 5,97.067,0.2,229.7,133.1,192.8,193.3,50.7,0.0,100.0,10.0,0.0,0.0,23.0,-7.66,28.93,-0.53,-0.31,-0.3,4.34,-100.84,164.11,3.7,1.76,1.84,26.5,0.0,100.0,70.0,100.0,100.0,43.0,3.25,0.79,0.12,0.12,0.58,0.0,1.86,0.45,0.25,0.25,0.31,-0.0,240.0,40.13,4.06,4.04,51.39,0.0,1.0,0.29,0.0,0.0,0.45,0.0,28.13,13.48,11.91,12.94,8.33,0.0,4.13,0.77,0.0,0.08,1.1,0.0,7.66,1.28,0.31,0.3,-0.01,1.47,-0.3208896822963747,0,0,Fast
P113,"Laguna_Seca, Laguna_Seca",", McLaren 720S GT3","19/10/2024, ",Lap 6,87.277,66.5,230.4,147.7,193.3,193.2,38.0,0.0,100.0,12.0,0.0,0.0,25.0,-7.85,5.05,-1.35,-0.3,-0.13,1.5,-44.26,61.53,4.11,1.84,0.46,17.64,0.0,100.0,70.0,100.0,100.0,44.0,2.99,0.84,0.12,0.07,0.6,0.0,1.88,0.45,0.25,0.24,0.32,-0.0,146.94,28.0,4.04,1.49,28.35,0.0,1.0,0.29,0.0,0.0,0.45,0.0,25.0,11.66,12.94,21.0,7.67,0.0,4.25,0.49,0.08,0.03,0.79,0.0,7.85,1.4,0.3,0.13,-0.17,1.42,-0.973903294014308,0,0,Fast
P113,"Laguna_Seca, Laguna_Seca",", McLaren 720S GT3","19/10/2024, ",Lap 7,88.809,55.8,229.5,144.9,193.2,193.6,36.9,0.0,100.0,11.0,0.0,0.0,26.0,-9.38,13.43,-1.23,-0.13,-0.32,2.07,-60.46,58.62,4.03,0.46,2.49,17.71,0.0,100.0,70.0,100.0,100.0,43.0,3.31,0.81,0.07,0.21,0.59,0.0,1.92,0.44,0.24,0.26,0.33,-0.0,159.28,29.27,1.49,4.61,30.82,0.0,1.0,0.31,0.0,0.0,0.46,0.0,27.9,12.95,21.0,8.37,8.66,0.0,4.25,0.67,0.03,0.28,0.84,0.0,9.38,1.42,0.13,0.32,0.2,1.6,-0.8717156685646785,0,1,Fast
P113,"Laguna_Seca, Laguna_Seca",", McLaren 720S GT3","19/10/2024, ",Lap 8,86.805,65.6,229.1,148.1,193.6,192.9,38.6,0.0,100.0,13.0,0.0,0.0,27.0,-8.64,5.19,-1.36,-0.32,-0.21,1.56,-59.86,49.03,4.12,2.49,1.39,17.43,0.0,100.0,70.0,100.0,100.0,44.0,2.98,0.83,0.21,0.12,0.59,0.0,1.91,0.46,0.26,0.25,0.33,-0.0,157.43,27.95,4.61,2.86,29.6,0.0,1.0,0.26,0.0,0.0,0.44,0.0,22.88,10.68,8.37,0.0,6.87,0.0,4.15,0.45,0.28,0.07,0.72,0.0,8.64,1.4,0.32,0.21,-0.11,1.5,-1.005386687755969,0,1,Fast
P113,"Laguna_Seca, Laguna_Seca",", McLaren 720S GT3","19/10/2024, ",Lap 9,92.44,33.3,230.3,139.2,192.9,193.4,42.5,0.0,100.0,11.0,0.0,0.0,26.0,-9.23,22.21,-1.02,-0.21,-0.4,2.69,-121.04,140.38,3.88,1.39,2.8,23.65,0.0,100.0,70.0,100.0,100.0,43.0,3.04,0.84,0.12,0.23,0.61,0.0,1.84,0.44,0.25,0.25,0.32,-0.0,240.0,31.4,2.86,5.73,35.5,0.0,1.0,0.3,0.0,0.0,0.46,0.0,27.32,13.01,0.0,16.39,8.42,0.0,5.12,0.97,0.07,0.43,1.41,0.0,9.23,1.37,0.21,0.4,0.19,1.58,-0.6295203239121946,0,1,Fast
P113,"Laguna_Seca, Laguna_Seca",", McLaren 720S GT3","19/10/2024, ",Lap 10,86.45,68.8,230.0,148.6,193.4,193.1,37.9,0.0,100.0,12.0,0.0,0.0,27.0,-10.1,15.14,-1.34,-0.4,-0.07,2.03,-77.02,49.25,4.13,2.8,-0.39,17.92,0.0,100.0,70.0,100.0,100.0,44.0,3.0,0.84,0.23,0.01,0.6,0.0,1.88,0.45,0.25,0.25,0.34,-0.0,171.2,29.15,5.73,0.63,32.25,0.0,1.0,0.27,0.0,0.0,0.44,0.0,23.28,11.1,16.39,13.97,7.04,0.0,4.05,0.49,0.43,0.22,0.69,0.0,10.1,1.45,0.4,0.07,-0.33,1.69,-1.0290659351676,0,1,Fast
P113,"Laguna_Seca, Laguna_Seca",", McLaren 720S GT3","19/10/2024, ",Lap 11,87.15,65.2,229.7,147.4,193.1,193.7,38.9,0.0,100.0,12.0,0.0,0.0,29.0,-8.17,16.12,-1.2,-0.07,-0.22,2.18,-64.58,57.96,4.12,-0.39,1.5,18.42,0.0,100.0,70.0,100.0,100.0,43.0,2.96,0.84,0.01,0.1,0.58,0.0,1.88,0.45,0.25,0.25,0.34,-0.0,173.47,30.01,0.63,2.97,31.43,0.0,1.0,0.31,0.0,0.0,0.46,0.0,26.72,12.51,13.97,16.03,8.34,0.0,4.15,0.51,0.22,0.27,0.76,0.0,8.17,1.41,0.07,0.22,0.15,1.5,-0.9823744613981868,0,1,Fast
P113,"Laguna_Seca, Laguna_Seca",", McLaren 720S GT3","19/10/2024, ",Lap 12,105.62,0.0,230.0,125.4,193.7,193.1,56.4,0.0,100.0,10.0,0.0,0.0,22.0,-7.69,32.42,-0.42,-0.22,-0.36,4.53,-66.79,86.2,3.39,1.5,1.91,22.98,0.0,100.0,68.0,100.0,100.0,44.0,3.96,0.77,0.1,0.15,0.6,0.0,1.86,0.41,0.25,0.26,0.29,-0.0,240.0,56.51,2.97,4.88,70.95,0.0,1.0,0.28,0.0,0.0,0.45,0.0,29.75,15.0,16.03,11.9,9.7,0.0,4.13,0.77,0.27,0.28,0.87,0.0,7.69,1.19,0.22,0.36,0.13,1.4,0.2496134250604684,0,1,Slow
P112,"Laguna_Seca, Laguna_Seca",", McLaren 720S GT3","25/08/2024, ",Lap 2,114.947,0.0,204.4,113.2,189.8,193.4,50.1,0.0,100.0,11.0,0.0,0.0,24.0,-10.2,29.34,-0.64,-0.67,-0.87,3.65,-88.07,53.08,3.12,3.79,3.69,17.61,0.0,100.0,55.0,100.0,100.0,42.0,6.07,0.57,0.31,0.28,0.57,-0.0,1.82,0.42,0.27,0.26,0.35,-0.0,240.0,45.92,9.57,11.36,65.72,0.0,1.0,0.23,0.0,0.0,0.42,0.0,26.38,13.37,0.0,2.64,8.13,0.0,4.18,0.93,0.62,0.18,1.33,0.0,10.2,1.14,0.67,0.87,0.2,1.76,0.8717439619852047,0,1,Slow
P112,"Laguna_Seca, Laguna_Seca",", McLaren 720S GT3","25/08/2024, ",Lap 3,114.867,0.0,217.1,112.9,193.4,192.3,51.6,0.0,89.0,13.0,0.0,0.0,25.0,-8.22,29.06,-0.63,-0.87,-0.67,3.5,-69.94,48.48,3.12,3.69,4.1,18.39,0.0,100.0,58.0,100.0,100.0,42.0,2.35,0.58,0.28,0.28,0.54,0.0,1.88,0.45,0.26,0.25,0.34,-0.0,240.0,43.49,11.36,9.24,55.65,0.0,1.0,0.23,0.0,0.0,0.42,0.0,26.1,13.7,2.64,2.09,7.38,0.0,4.1,0.97,0.18,0.0,1.39,0.0,8.22,1.1,0.87,0.67,-0.2,1.52,0.8664077935544147,0,1,Slow
P112,"Laguna_Seca, Laguna_Seca",", McLaren 720S GT3","25/08/2024, ",Lap 4,101.937,32.2,212.7,126.7,192.3,183.2,39.2,0.0,100.0,13.0,0.0,0.0,26.0,-11.81,8.7,-1.28,-0.67,-0.37,2.06,-44.63,48.28,3.52,4.1,2.39,16.85,0.0,100.0,59.0,100.0,100.0,43.0,2.54,0.67,0.28,0.21,0.53,0.0,1.83,0.45,0.25,0.28,0.33,-0.0,165.34,31.36,9.24,5.25,35.24,0.0,1.0,0.24,0.0,0.0,0.43,0.0,24.47,12.68,2.09,21.04,7.64,0.0,3.62,0.5,0.0,0.0,0.79,0.0,11.81,1.37,0.67,0.37,-0.3,1.9,0.0039495709279705,0,0,Fast
P112,"Laguna_Seca, Laguna_Seca",", McLaren 720S GT3","25/08/2024, ",Lap 5,110.567,0.0,206.2,116.3,183.2,190.6,49.2,0.0,92.0,11.0,0.0,0.0,23.0,-7.97,28.14,-0.85,-0.37,-0.92,3.11,-46.25,75.03,3.25,2.39,5.54,19.39,0.0,100.0,57.0,100.0,100.0,43.0,2.11,0.63,0.21,0.4,0.52,0.0,1.73,0.42,0.28,0.25,0.33,-0.0,240.0,45.35,5.25,12.81,59.68,0.0,1.0,0.24,0.0,0.0,0.43,0.0,26.72,14.03,21.04,22.44,7.43,0.0,3.9,0.81,0.0,0.2,1.11,0.0,7.97,1.22,0.37,0.92,0.55,1.63,0.5795887403994481,0,0,Slow
P112,"Laguna_Seca, Laguna_Seca",", McLaren 720S GT3","25/08/2024, ",Lap 6,98.607,44.1,212.6,130.1,190.6,193.3,38.8,0.0,100.0,12.0,0.0,0.0,25.0,-5.18,26.37,-0.64,-0.92,-0.56,2.54,-63.94,47.91,3.63,5.54,3.68,17.59,0.0,100.0,61.0,100.0,100.0,43.0,2.27,0.67,0.4,0.28,0.51,0.0,1.71,0.46,0.25,0.24,0.33,-0.0,240.0,27.46,12.81,7.97,34.05,0.0,1.0,0.22,0.0,0.0,0.42,0.0,22.44,10.52,22.44,9.27,6.35,0.0,3.63,0.47,0.2,0.0,0.7,0.0,5.18,1.01,0.92,0.56,-0.36,1.12,-0.2181684400036656,0,0,Fast
P112,"Laguna_Seca, Laguna_Seca",", McLaren 720S GT3","25/08/2024, ",Lap 7,96.582,40.4,215.9,133.1,193.3,187.8,38.9,0.0,100.0,13.0,0.0,0.0,26.0,-10.38,12.68,-1.0,-0.56,-0.6,2.16,-45.06,55.06,3.71,3.68,4.49,17.47,0.0,100.0,60.0,100.0,100.0,43.0,2.4,0.7,0.28,0.24,0.55,0.0,1.77,0.45,0.24,0.46,0.33,-0.0,147.44,28.85,7.97,8.08,32.78,0.0,1.0,0.23,0.0,0.0,0.42,0.0,22.3,11.37,9.27,11.15,6.71,0.0,3.4,0.44,0.0,0.0,0.7,0.0,10.38,1.23,0.56,0.6,0.04,1.67,-0.3532402034080394,0,1,Fast
P112,"Laguna_Seca, Laguna_Seca",", McLaren 720S GT3","25/08/2024, ",Lap 8,95.982,64.9,219.5,133.2,187.8,193.3,36.2,0.0,86.0,11.0,0.0,0.0,23.0,-6.23,3.14,-1.14,-0.6,-0.59,1.38,-57.83,62.09,3.76,4.49,2.93,16.39,0.0,100.0,59.0,100.0,100.0,43.0,3.16,0.67,0.24,0.21,0.51,0.0,1.66,0.45,0.46,0.25,0.34,-0.0,128.96,25.46,8.08,7.89,27.45,0.0,1.0,0.2,0.0,0.0,0.4,0.0,19.27,9.57,11.15,11.17,5.39,0.0,3.98,0.34,0.0,0.0,0.62,0.0,6.23,1.18,0.6,0.59,-0.01,1.32,-0.3932614666389645,0,1,Fast
P112,"Laguna_Seca, Laguna_Seca",", McLaren 720S GT3","25/08/2024, ",Lap 9,116.343,0.0,224.6,111.2,193.3,192.0,55.9,0.0,100.0,12.0,0.0,0.0,24.0,-12.65,24.5,-0.72,-0.59,-0.53,3.24,-103.21,171.95,3.03,2.93,3.65,21.23,0.0,100.0,57.0,100.0,100.0,43.0,11.53,0.59,0.21,0.31,0.58,0.0,27.29,0.46,0.25,0.25,0.81,-0.0,240.0,53.13,7.89,7.29,67.57,0.0,1.0,0.2,0.0,0.0,0.4,0.0,22.97,11.85,11.17,0.0,6.43,0.0,3.85,0.79,0.0,0.0,1.1,0.0,12.65,1.08,0.59,0.53,-0.06,1.7,0.9648601011024912,0,1,Slow
P112,"Laguna_Seca, Laguna_Seca",", McLaren 720S GT3","25/08/2024, ",Lap 10,101.93,35.3,216.5,126.2,192.0,192.4,42.8,0.0,100.0,12.0,0.0,0.0,24.0,-17.77,23.7,-0.6,-0.53,-0.65,3.27,-68.29,60.78,3.52,3.65,4.27,19.52,0.0,100.0,58.0,100.0,100.0,44.0,2.63,0.67,0.31,0.32,0.54,0.0,2.17,0.44,0.25,0.25,0.34,-0.0,240.0,35.21,7.29,9.08,44.96,0.0,1.0,0.29,0.0,0.0,0.45,0.0,29.8,14.0,0.0,5.96,9.65,0.0,4.0,0.56,0.0,0.0,0.85,0.0,17.77,1.16,0.53,0.65,0.13,1.57,0.003482656190277,0,1,Fast
P111,"Laguna_Seca, Laguna_Seca",", McLaren 720S GT3","25/08/2024, ",Lap 2,96.679,56.6,216.6,133.5,190.7,193.0,39.4,0.0,100.0,13.0,0.0,0.0,29.0,-8.12,14.11,-1.17,-0.72,-0.96,2.02,-52.76,60.14,3.69,5.7,6.12,17.36,0.0,100.0,61.0,100.0,100.0,44.0,2.55,0.68,0.43,0.52,0.52,0.0,1.8,0.46,0.26,0.25,0.36,-0.0,134.95,28.95,11.31,14.1,31.5,0.0,1.0,0.25,0.0,0.0,0.44,0.0,24.55,12.31,0.0,14.24,7.36,0.0,4.13,0.46,0.0,0.0,0.72,0.0,8.12,1.33,0.72,0.96,0.23,1.57,-0.3467700991857059,0,1,Fast
P111,"Laguna_Seca, Laguna_Seca",", McLaren 720S GT3","25/08/2024, ",Lap 3,98.787,17.2,219.3,130.7,193.0,193.2,43.0,0.0,100.0,12.0,0.0,0.0,27.0,-7.18,9.99,-1.13,-0.96,-0.61,2.05,-44.69,80.88,3.64,6.12,4.04,18.85,0.0,100.0,61.0,100.0,100.0,45.0,4.87,0.7,0.52,0.34,0.56,0.0,1.82,0.45,0.25,0.24,0.33,-0.0,133.65,30.81,14.1,8.92,33.61,0.0,1.0,0.22,0.0,0.0,0.41,0.0,21.82,11.82,14.24,7.85,6.43,0.0,4.1,0.42,0.0,0.0,0.74,0.0,7.18,1.3,0.96,0.61,-0.35,1.61,-0.2061620610343875,0,1,Fast
P111,"Laguna_Seca, Laguna_Seca",", McLaren 720S GT3","25/08/2024, ",Lap 4,92.912,45.1,216.1,138.1,193.2,193.5,40.2,0.0,100.0,14.0,0.0,0.0,31.0,-5.63,1.67,-1.16,-0.61,-0.65,1.24,-48.59,47.98,3.86,4.04,4.14,17.49,0.0,100.0,64.0,100.0,100.0,43.0,2.62,0.7,0.34,0.37,0.54,0.0,1.84,0.49,0.24,0.24,0.38,-0.0,160.35,28.0,8.92,9.37,32.03,0.0,1.0,0.18,0.0,0.0,0.38,0.0,16.63,8.44,7.85,0.0,4.91,0.0,3.87,0.38,0.0,0.07,0.65,0.0,5.63,1.18,0.61,0.65,0.04,1.22,-0.5980369301705326,0,0,Fast
P111,"Laguna_Seca, Laguna_Seca",", McLaren 720S GT3","25/08/2024, ",Lap 5,115.337,0.0,218.4,114.3,193.5,193.2,56.8,0.0,100.0,14.0,0.0,0.0,30.0,-9.47,21.51,-0.98,-0.65,-0.72,2.57,-45.56,180.95,6.23,4.14,4.52,28.7,0.0,100.0,58.0,100.0,100.0,44.0,2.52,0.6,0.37,0.4,0.49,0.0,1.85,0.45,0.24,0.23,0.36,-0.0,186.66,44.09,9.37,10.42,50.36,0.0,1.0,0.18,0.0,0.0,0.39,0.0,21.32,10.16,0.0,8.95,5.87,0.0,4.38,0.45,0.07,0.08,0.66,0.0,9.47,1.19,0.65,0.72,0.07,1.74,0.8977577830853062,0,0,Slow
P111,"Laguna_Seca, Laguna_Seca",", McLaren 720S GT3","25/08/2024, ",Lap 6,92.519,59.2,214.8,138.7,193.2,193.1,38.5,0.0,100.0,14.0,0.0,0.0,31.0,-5.94,3.85,-1.13,-0.72,-0.65,1.24,-43.94,54.57,3.87,4.52,3.8,17.1,0.0,100.0,64.0,100.0,100.0,44.0,2.6,0.7,0.4,0.35,0.54,0.0,1.86,0.48,0.23,0.25,0.38,-0.0,133.25,25.64,10.42,9.5,27.31,0.0,1.0,0.2,0.0,0.0,0.4,0.0,18.85,10.32,8.95,5.28,5.54,0.0,4.0,0.41,0.08,0.0,0.69,0.0,5.94,1.16,0.72,0.65,-0.07,1.18,-0.6242508575867889,0,0,Fast
P111,"Laguna_Seca, Laguna_Seca",", McLaren 720S GT3","25/08/2024, ",Lap 7,92.307,64.2,223.0,139.0,193.1,192.8,37.8,0.0,100.0,13.0,0.0,0.0,30.0,-5.8,8.29,-1.14,-0.65,-0.77,1.51,-42.35,50.31,3.88,3.8,4.39,17.76,0.0,100.0,64.0,100.0,100.0,44.0,2.5,0.74,0.35,0.41,0.56,0.0,1.93,0.46,0.25,0.25,0.37,-0.0,129.35,27.03,9.5,11.18,28.16,0.0,1.0,0.23,0.0,0.0,0.42,0.0,21.03,10.19,5.28,18.09,6.23,0.0,3.35,0.43,0.0,0.0,0.71,0.0,5.8,1.22,0.65,0.77,0.12,1.27,-0.6383917039283827,0,1,Fast
P111,"Laguna_Seca, Laguna_Seca",", McLaren 720S GT3","25/08/2024, ",Lap 8,100.937,0.0,225.7,128.6,192.8,193.3,51.1,0.0,100.0,17.0,0.0,0.0,34.0,-7.76,16.81,-0.91,-0.77,-0.51,2.11,-37.61,59.44,3.54,4.39,2.69,16.72,0.0,100.0,65.0,100.0,100.0,44.0,5.12,0.64,0.41,0.25,0.53,-0.0,37.7,0.52,0.25,0.24,0.91,-0.0,157.07,32.09,11.18,7.27,36.58,0.0,1.0,0.19,0.0,0.0,0.39,0.0,19.5,10.75,18.09,12.48,5.72,0.0,3.95,0.43,0.0,0.0,0.73,0.0,7.76,1.1,0.77,0.51,-0.26,1.25,-0.0627525344569052,0,1,Fast
P111,"Laguna_Seca, Laguna_Seca",", McLaren 720S GT3","25/08/2024, ",Lap 9,102.534,2.5,226.0,126.2,193.3,190.2,49.7,0.0,100.0,14.0,0.0,0.0,32.0,-11.79,13.61,-0.9,-0.51,-0.72,2.05,-70.12,56.58,3.5,2.69,5.21,17.69,0.0,100.0,63.0,100.0,100.0,44.0,2.74,0.64,0.25,0.46,0.54,0.0,12.15,0.47,0.24,0.21,0.45,-0.0,186.36,31.94,7.27,10.78,39.18,0.0,1.0,0.21,0.0,0.0,0.41,0.0,21.65,11.7,12.48,12.99,6.25,0.0,3.82,0.69,0.0,0.0,1.05,0.0,11.79,1.09,0.51,0.72,0.2,1.42,0.0437707278427419,0,1,Fast
P111,"Laguna_Seca, Laguna_Seca",", McLaren 720S GT3","25/08/2024, ",Lap 10,104.19,0.0,221.9,123.8,190.2,193.3,53.2,0.0,100.0,15.0,0.0,0.0,33.0,-5.01,23.07,-0.84,-0.72,-0.75,2.33,-93.73,85.62,3.45,5.21,5.13,21.31,0.0,100.0,62.0,100.0,100.0,44.0,2.83,0.67,0.46,0.38,0.53,-0.0,1.98,0.46,0.21,0.24,0.36,-0.0,188.54,35.15,10.78,11.01,40.59,0.0,1.0,0.22,0.0,0.0,0.42,0.0,23.42,12.61,12.99,4.68,6.72,0.0,4.18,0.44,0.0,0.0,0.74,0.0,5.01,1.09,0.72,0.75,0.03,1.19,0.1542294143600956,0,1,Slow
P111,"Laguna_Seca, Laguna_Seca",", McLaren 720S GT3","25/08/2024, ",Lap 11,95.39,55.7,226.7,134.8,193.3,192.4,38.2,0.0,100.0,14.0,0.0,0.0,31.0,-5.83,6.72,-1.13,-0.75,-0.58,1.36,-41.79,49.61,3.76,5.13,3.11,16.8,0.0,100.0,63.0,100.0,100.0,44.0,2.58,0.67,0.38,0.31,0.53,0.0,1.89,0.48,0.24,0.24,0.37,-0.0,123.91,26.31,11.01,8.59,27.65,0.0,1.0,0.24,0.0,0.0,0.43,0.0,23.1,11.62,4.68,18.48,6.77,0.0,4.07,0.53,0.0,0.07,0.71,0.0,5.83,1.19,0.75,0.58,-0.17,1.21,-0.4327491130268109,0,1,Fast
P110,"Laguna_Seca, Laguna_Seca",", McLaren 720S GT3","25/08/2024, ",Lap 2,92.207,64.1,223.8,139.8,192.5,192.1,36.8,0.0,100.0,11.0,0.0,0.0,24.0,-12.42,2.99,-1.83,-0.88,-0.22,2.44,-70.11,49.22,3.9,5.2,1.41,17.94,0.0,100.0,69.0,100.0,100.0,41.0,2.74,0.75,0.41,0.33,0.61,0.0,2.04,0.44,0.25,0.23,0.34,-0.0,203.69,33.35,12.49,4.65,40.27,0.0,1.0,0.31,0.0,0.0,0.46,0.0,28.85,14.4,22.15,15.0,8.73,0.0,4.37,0.56,0.0,0.0,0.87,0.0,12.42,1.87,0.88,0.22,-0.67,2.4,-0.6450619144668709,0,1,Fast
P110,"Laguna_Seca, Laguna_Seca",", McLaren 720S GT3","25/08/2024, ",Lap 3,95.514,62.6,223.8,135.6,192.1,193.3,37.7,0.0,100.0,10.0,0.0,0.0,22.0,-15.13,8.51,-2.39,-0.22,-0.99,3.76,-49.57,50.53,3.75,1.41,6.71,18.55,0.0,100.0,65.0,100.0,100.0,41.0,2.46,0.75,0.33,0.51,0.58,0.0,1.8,0.43,0.23,0.24,0.33,-0.0,209.75,41.57,4.65,15.07,52.68,0.0,1.0,0.33,0.0,0.0,0.47,0.0,31.83,16.46,15.0,21.65,9.51,0.0,4.1,0.66,0.0,0.02,0.94,0.0,15.13,2.5,0.22,0.99,0.78,3.62,-0.4244780519590866,0,1,Fast
P110,"Laguna_Seca, Laguna_Seca",", McLaren 720S GT3","25/08/2024, ",Lap 4,95.539,49.1,224.4,135.4,193.3,191.6,40.4,0.0,100.0,13.0,0.0,0.0,28.0,-13.86,12.58,-1.66,-0.99,-0.71,2.95,-283.03,52.1,3.74,6.71,3.52,21.31,0.0,100.0,68.0,100.0,100.0,43.0,9.98,0.74,0.51,0.32,0.62,0.0,9.36,0.46,0.24,0.24,0.4,-0.0,192.08,35.95,15.07,10.4,42.44,0.0,1.0,0.31,0.0,0.0,0.46,0.0,29.9,15.42,21.65,10.17,8.83,0.0,4.07,0.64,0.02,0.0,0.96,0.0,13.86,1.88,0.99,0.71,-0.29,2.5,-0.4228104993244643,0,0,Fast
P110,"Laguna_Seca, Laguna_Seca",", McLaren 720S GT3","25/08/2024, ",Lap 5,105.579,0.0,223.5,123.2,191.6,192.0,52.8,0.0,100.0,12.0,0.0,0.0,27.0,-9.61,25.06,-1.1,-0.71,-0.71,3.04,-98.0,102.38,6.8,3.52,3.29,22.92,0.0,100.0,64.0,100.0,100.0,42.0,2.43,0.69,0.32,0.27,0.57,0.0,1.86,0.43,0.24,0.23,0.36,-0.0,240.0,45.19,10.4,9.96,57.25,0.0,1.0,0.25,0.0,0.0,0.43,0.0,26.75,14.05,10.17,16.05,7.38,0.0,4.08,0.91,0.0,0.0,1.07,0.0,9.61,1.4,0.71,0.71,0.01,1.91,0.2468786387396878,0,0,Slow
P110,"Laguna_Seca, Laguna_Seca",", McLaren 720S GT3","25/08/2024, ",Lap 6,93.637,59.7,225.5,137.7,192.0,192.2,39.5,0.0,100.0,13.0,0.0,0.0,28.0,-9.98,19.82,-0.82,-0.71,-0.69,3.61,-65.24,79.2,3.83,3.29,5.34,19.41,0.0,100.0,69.0,100.0,100.0,40.0,4.03,0.77,0.27,0.34,0.57,0.0,1.86,0.46,0.23,0.24,0.36,-0.0,188.32,34.5,9.96,10.26,39.66,0.0,1.0,0.31,0.0,0.0,0.46,0.0,28.97,12.98,16.05,11.01,8.76,0.0,4.92,0.73,0.0,0.0,1.09,0.0,9.98,1.44,0.71,0.69,-0.02,1.73,-0.549677903766498,0,0,Fast
P110,"Laguna_Seca, Laguna_Seca",", McLaren 720S GT3","25/08/2024, ",Lap 7,91.979,49.8,223.7,140.1,192.2,193.3,40.1,0.0,100.0,15.0,0.0,0.0,31.0,-8.65,13.83,-1.46,-0.69,-0.68,1.96,-75.8,65.85,3.88,5.34,4.34,18.18,0.0,100.0,68.0,100.0,100.0,41.0,2.69,0.75,0.34,0.31,0.58,0.0,2.04,0.48,0.24,0.25,0.37,-0.0,169.04,31.13,10.26,9.7,34.16,0.0,1.0,0.32,0.0,0.0,0.47,0.0,29.6,14.19,11.01,18.94,9.18,0.0,4.25,0.59,0.0,0.0,0.87,0.0,8.65,1.54,0.69,0.68,-0.01,1.69,-0.6602699944946222,0,1,Fast
P110,"Laguna_Seca, Laguna_Seca",", McLaren 720S GT3","25/08/2024, ",Lap 8,108.377,0.0,223.9,121.8,193.3,192.1,52.9,0.0,100.0,11.0,0.0,0.0,27.0,-8.94,33.16,-1.0,-0.68,-0.55,3.03,-407.48,49.54,3.35,4.34,3.71,23.49,0.0,100.0,63.0,100.0,100.0,43.0,28.62,0.65,0.31,0.33,0.85,0.0,5.01,0.44,0.25,0.25,0.39,-0.0,240.0,42.24,9.7,7.77,48.73,0.0,1.0,0.31,0.0,0.0,0.46,0.0,33.23,17.6,18.94,0.66,10.48,0.0,4.33,0.63,0.0,0.5,0.94,0.0,8.94,1.35,0.68,0.55,-0.13,1.7,0.4335111296065703,0,1,Slow
P110,"Laguna_Seca, Laguna_Seca",", McLaren 720S GT3","25/08/2024, ",Lap 9,97.909,26.2,224.7,131.2,192.1,193.0,41.9,0.0,100.0,13.0,0.0,0.0,29.0,-8.96,28.82,-0.72,-0.55,-0.79,4.29,-80.54,95.92,3.66,3.71,5.23,19.39,0.0,100.0,67.0,100.0,100.0,42.0,4.82,0.7,0.33,0.41,0.59,0.0,21.76,0.49,0.25,0.24,0.61,-0.0,240.0,36.29,7.77,11.48,50.23,0.0,1.0,0.26,0.0,0.0,0.44,0.0,25.85,13.14,0.66,12.41,7.64,0.0,4.3,0.75,0.5,0.0,0.88,0.0,8.96,1.33,0.55,0.79,0.24,1.64,-0.2647265095623085,0,1,Fast
P110,"Laguna_Seca, Laguna_Seca",", McLaren 720S GT3","25/08/2024, ",Lap 10,92.088,61.0,223.7,140.0,193.0,192.8,37.6,0.0,100.0,13.0,0.0,0.0,28.0,-7.89,3.39,-1.33,-0.79,-1.08,1.58,-45.22,54.34,3.9,5.23,7.84,17.52,0.0,100.0,67.0,100.0,100.0,42.0,2.55,0.72,0.41,0.52,0.59,0.0,1.84,0.47,0.24,0.23,0.37,-0.0,150.62,27.83,11.48,16.29,31.08,0.0,1.0,0.26,0.0,0.0,0.44,0.0,23.85,11.16,12.41,4.77,7.18,0.0,4.03,0.47,0.0,0.0,0.76,0.0,7.89,1.37,0.79,1.08,0.29,1.54,-0.6529994650076711,0,1,Fast
P110,"Laguna_Seca, Laguna_Seca",", McLaren 720S GT3","25/08/2024, ",Lap 11,106.43,0.0,224.8,122.7,192.8,191.4,52.7,0.0,100.0,12.0,0.0,0.0,28.0,-8.79,34.42,-0.63,-1.08,-0.67,4.34,-183.74,51.75,-0.02,7.84,3.29,26.2,0.0,100.0,67.0,100.0,100.0,41.0,2.73,0.7,0.52,0.26,0.58,0.0,1.89,0.46,0.23,0.26,0.34,-0.0,240.0,49.04,16.29,9.69,63.28,0.0,1.0,0.29,0.0,0.0,0.46,0.0,31.4,16.53,4.77,12.56,9.73,0.0,4.08,0.85,0.0,0.0,0.99,0.0,8.79,1.33,1.08,0.67,-0.4,1.87,0.303642130422218,0,1,Slow
P109,"Laguna_Seca, Laguna_Seca",", McLaren 720S GT3","25/08/2024, ",Lap 2,97.389,51.6,220.8,132.2,192.5,193.5,39.8,0.0,100.0,12.0,0.0,0.0,26.0,-5.5,8.59,-1.14,-0.6,-0.6,1.34,-68.54,43.79,3.68,4.29,3.91,16.53,0.0,100.0,61.0,100.0,100.0,44.0,2.7,0.66,0.29,0.29,0.51,0.0,1.78,0.46,0.24,0.25,0.36,-0.0,140.06,26.31,8.23,8.3,27.15,0.0,1.0,0.24,0.0,0.0,0.43,0.0,23.22,11.52,17.54,14.39,6.59,0.0,4.22,0.49,0.05,0.0,0.78,0.0,5.5,1.2,0.6,0.6,0.0,1.18,-0.2994116043624445,0,1,Fast
P109,"Laguna_Seca, Laguna_Seca",", McLaren 720S GT3","25/08/2024, ",Lap 3,92.679,57.1,221.9,139.1,193.5,191.4,38.3,0.0,100.0,12.0,0.0,0.0,29.0,-6.05,2.37,-1.28,-0.6,-0.73,1.3,-46.12,46.04,3.88,3.91,3.95,17.33,0.0,100.0,64.0,100.0,100.0,43.0,2.43,0.74,0.29,0.38,0.56,0.0,2.01,0.45,0.25,0.21,0.39,-0.0,141.71,27.41,8.3,10.53,28.47,0.0,1.0,0.27,0.0,0.0,0.44,0.0,25.03,12.27,14.39,22.03,7.45,0.0,3.78,0.5,0.0,0.0,0.72,0.0,6.05,1.31,0.6,0.73,0.13,1.27,-0.613578520725209,0,1,Fast
P109,"Laguna_Seca, Laguna_Seca",", McLaren 720S GT3","25/08/2024, ",Lap 4,109.969,0.0,219.1,117.7,191.4,192.2,58.2,0.0,100.0,12.0,0.0,0.0,28.0,-5.67,14.91,-0.92,-0.73,-0.62,1.94,-55.09,64.98,3.24,3.95,2.79,17.67,0.0,100.0,59.0,100.0,100.0,43.0,2.58,0.63,0.38,0.21,0.59,0.0,2.26,0.4,0.21,0.25,0.34,-0.0,240.0,42.96,10.53,8.18,53.32,0.0,1.0,0.27,0.0,0.0,0.44,0.0,29.73,13.85,22.03,22.0,8.5,0.0,4.13,0.96,0.0,0.0,1.16,0.0,5.67,1.1,0.73,0.62,-0.11,1.25,0.5397008813792925,0,0,Slow
P109,"Laguna_Seca, Laguna_Seca",", McLaren 720S GT3","25/08/2024, ",Lap 5,107.979,0.0,220.0,119.9,192.2,190.1,55.4,0.0,100.0,12.0,0.0,0.0,25.0,-5.07,17.93,-0.76,-0.62,-0.51,2.59,-38.68,72.68,3.33,2.79,3.18,18.03,0.0,100.0,59.0,100.0,100.0,43.0,2.45,0.66,0.21,0.22,0.58,0.0,21.02,0.43,0.25,0.26,0.56,-0.0,240.0,41.11,8.18,6.87,52.97,0.0,1.0,0.3,0.0,0.0,0.46,0.0,31.9,14.86,22.0,0.0,9.26,0.0,4.35,1.04,0.0,0.22,1.25,0.0,5.07,1.13,0.62,0.51,-0.11,1.3,0.40696369166339,0,0,Slow
P109,"Laguna_Seca, Laguna_Seca",", McLaren 720S GT3","25/08/2024, ",Lap 6,92.872,61.4,218.2,138.1,190.1,191.1,38.1,0.0,100.0,11.0,0.0,0.0,24.0,-4.5,3.78,-1.23,-0.51,-0.16,1.3,-47.51,42.34,3.86,3.18,0.54,16.94,0.0,100.0,62.0,100.0,100.0,44.0,2.5,0.72,0.22,0.04,0.58,0.0,1.83,0.44,0.26,0.25,0.34,-0.0,108.4,26.69,6.87,1.91,26.28,0.0,1.0,0.3,0.0,0.0,0.46,0.0,28.22,13.17,0.0,19.19,8.43,0.0,4.1,0.56,0.22,0.07,0.81,0.0,4.5,1.28,0.51,0.16,-0.35,1.23,-0.6007050143859282,0,0,Fast
P109,"Laguna_Seca, Laguna_Seca",", McLaren 720S GT3","25/08/2024, ",Lap 7,91.999,64.7,212.8,139.7,191.1,189.9,38.1,0.0,100.0,10.0,0.0,0.0,23.0,-5.22,7.85,-1.16,-0.16,-0.36,1.42,-74.17,46.81,3.89,0.54,1.84,17.48,0.0,100.0,63.0,100.0,100.0,45.0,2.51,0.74,0.04,0.14,0.6,0.0,1.78,0.43,0.25,0.18,0.34,-0.0,119.09,26.57,1.91,5.06,26.12,0.0,1.0,0.28,0.0,0.0,0.45,0.0,25.35,10.87,19.19,18.76,7.99,0.0,3.63,0.51,0.07,0.0,0.77,0.0,5.22,1.24,0.16,0.36,0.21,1.23,-0.6589359523869249,0,1,Fast
P109,"Laguna_Seca, Laguna_Seca",", McLaren 720S GT3","25/08/2024, ",Lap 8,90.612,61.0,219.6,141.9,189.9,191.6,38.4,0.0,100.0,12.0,0.0,0.0,26.0,-8.12,2.51,-1.45,-0.36,-0.44,1.63,-57.47,45.48,3.96,1.84,2.26,17.57,0.0,100.0,65.0,100.0,100.0,42.0,2.58,0.77,0.14,0.13,0.59,0.0,1.78,0.43,0.18,0.25,0.35,-0.0,151.01,29.34,5.06,5.63,31.34,0.0,1.0,0.3,0.0,0.0,0.46,0.0,27.55,12.59,18.76,0.0,8.57,0.0,4.02,0.53,0.0,0.0,0.77,0.0,8.12,1.48,0.36,0.44,0.07,1.61,-0.7514517725557477,0,1,Fast
P109,"Laguna_Seca, Laguna_Seca",", McLaren 720S GT3","25/08/2024, ",Lap 9,95.432,50.6,224.3,135.0,191.6,178.9,43.3,0.0,100.0,10.0,0.0,0.0,24.0,-7.9,14.12,-1.24,-0.44,-0.79,2.3,-62.51,303.16,3.79,2.26,6.69,22.07,0.0,100.0,62.0,100.0,100.0,42.0,13.6,0.8,0.13,0.49,0.66,0.0,10.2,0.41,0.25,0.32,0.39,-0.0,143.65,32.93,5.63,11.65,33.1,0.0,1.0,0.34,0.0,0.0,0.47,0.0,32.63,13.64,0.0,0.0,9.61,0.0,4.02,0.92,0.0,2.88,1.13,0.0,7.9,1.52,0.44,0.79,0.35,1.6,-0.429947624600646,0,1,Fast
P109,"Laguna_Seca, Laguna_Seca",", McLaren 720S GT3","25/08/2024, ",Lap 10,101.525,27.9,218.8,127.3,178.9,184.5,44.1,0.0,100.0,11.0,0.0,0.0,26.0,-4.88,14.13,-0.88,-0.79,-0.22,2.22,-70.36,169.56,3.55,6.69,1.13,20.58,0.0,100.0,60.0,100.0,100.0,44.0,4.22,0.7,0.49,0.1,0.57,0.0,7.85,0.43,0.32,0.25,0.37,-0.0,229.47,32.69,11.65,3.05,33.64,0.0,1.0,0.3,0.0,0.0,0.46,0.0,30.58,15.28,0.0,18.35,8.95,0.0,4.28,0.93,2.88,1.02,0.97,0.0,4.88,1.18,0.79,0.22,-0.57,1.2,-0.0235316964905977,0,1,Fast
P109,"Laguna_Seca, Laguna_Seca",", McLaren 720S GT3","25/08/2024, ",Lap 11,126.05,0.0,220.5,105.3,184.5,191.6,56.9,0.0,96.0,8.0,0.0,0.0,20.0,-5.7,15.25,-0.78,-0.22,-0.48,1.91,-145.04,65.92,0.03,1.13,3.35,23.35,0.0,100.0,54.0,100.0,100.0,43.0,3.59,0.64,0.1,0.24,0.58,0.0,7.32,0.38,0.25,0.23,0.35,-0.0,240.0,50.14,3.05,6.94,63.56,0.0,1.0,0.26,0.0,0.0,0.44,0.0,32.27,16.1,18.35,19.36,9.09,0.0,4.55,1.1,1.02,0.27,1.08,0.0,5.7,1.0,0.22,0.48,0.27,1.19,1.6123374380734798,0,1,Slow
P108,"Laguna_Seca, Laguna_Seca",", McLaren 720S GT3","24/08/2024, ",Lap 2,94.624,60.0,210.7,136.0,191.7,191.5,36.2,0.0,100.0,11.0,0.0,0.0,25.0,-5.39,5.92,-1.18,-0.68,-0.47,1.34,-51.8,50.47,3.79,3.74,1.96,17.05,0.0,100.0,60.0,100.0,100.0,44.0,2.47,0.7,0.41,0.28,0.55,0.0,1.84,0.44,0.25,0.24,0.35,-0.0,126.27,26.3,10.09,7.15,27.54,0.0,1.0,0.24,0.0,0.0,0.43,0.0,23.0,11.68,2.67,15.64,6.69,0.0,3.67,0.42,0.08,0.0,0.7,0.0,5.39,1.22,0.68,0.47,-0.21,1.26,-0.4838429257516261,0,1,Fast
P108,"Laguna_Seca, Laguna_Seca",", McLaren 720S GT3","24/08/2024, ",Lap 3,100.332,39.9,223.2,128.9,191.5,187.4,42.8,0.0,100.0,13.0,0.0,0.0,28.0,-7.54,15.01,-1.03,-0.47,-0.83,1.98,-109.01,111.71,3.57,1.96,4.31,20.06,0.0,100.0,61.0,100.0,100.0,43.0,5.63,0.67,0.28,0.4,0.53,0.0,5.73,0.46,0.24,0.24,0.4,-0.0,121.36,28.48,7.15,12.17,30.2,0.0,1.0,0.27,0.0,0.0,0.44,0.0,26.68,14.99,15.64,20.28,8.12,0.0,4.1,0.6,0.0,0.03,0.8,0.0,7.54,1.24,0.47,0.83,0.35,1.51,-0.1031073082147553,0,1,Fast
P108,"Laguna_Seca, Laguna_Seca",", McLaren 720S GT3","24/08/2024, ",Lap 4,94.907,63.6,202.9,135.1,187.4,192.0,34.8,0.0,100.0,11.0,0.0,0.0,24.0,-5.46,4.28,-1.03,-0.83,-1.02,1.28,-42.62,64.96,3.78,4.31,6.09,16.53,0.0,100.0,60.0,100.0,100.0,43.0,2.82,0.67,0.4,0.53,0.55,0.0,2.29,0.45,0.24,0.23,0.34,-0.0,116.31,24.0,12.17,15.67,26.34,0.0,1.0,0.21,0.0,0.0,0.41,0.0,20.28,10.04,20.28,6.78,5.74,0.0,4.03,0.4,0.03,0.0,0.64,0.0,5.46,1.09,0.83,1.02,0.2,1.18,-0.4649662299277061,0,0,Fast
P108,"Laguna_Seca, Laguna_Seca",", McLaren 720S GT3","24/08/2024, ",Lap 5,94.062,65.2,206.6,136.8,192.0,191.0,36.5,0.0,100.0,14.0,0.0,0.0,31.0,-8.9,8.52,-1.47,-1.02,-0.65,1.92,-44.1,50.16,3.84,6.09,4.41,17.64,0.0,100.0,66.0,100.0,100.0,42.0,2.15,0.7,0.53,0.46,0.56,0.0,1.79,0.47,0.23,0.23,0.37,-0.0,160.4,29.96,15.67,10.35,35.16,0.0,1.0,0.26,0.0,0.0,0.44,0.0,24.15,11.35,6.78,14.97,7.04,0.0,3.88,0.46,0.0,0.0,0.76,0.0,8.9,1.51,1.02,0.65,-0.37,1.85,-0.5213295089779261,0,0,Fast
P108,"Laguna_Seca, Laguna_Seca",", McLaren 720S GT3","24/08/2024, ",Lap 6,101.647,39.8,224.5,126.6,191.0,188.4,40.4,0.0,100.0,15.0,0.0,0.0,32.0,-8.9,11.87,-0.97,-0.65,-0.84,2.62,-69.48,118.33,3.52,4.41,5.13,18.26,0.0,100.0,64.0,100.0,100.0,43.0,3.81,0.66,0.46,0.47,0.55,0.0,2.5,0.48,0.23,0.08,0.36,-0.0,140.94,29.61,10.35,12.45,32.95,0.0,1.0,0.28,0.0,0.0,0.45,0.0,28.03,14.82,14.97,22.43,8.07,0.0,4.12,0.76,0.0,0.0,0.96,0.0,8.9,1.33,0.65,0.84,0.19,1.79,-0.0153940396336428,0,0,Fast
P108,"Laguna_Seca, Laguna_Seca",", McLaren 720S GT3","24/08/2024, ",Lap 7,103.662,0.0,219.9,124.5,188.4,179.6,49.6,0.0,100.0,14.0,0.0,0.0,28.0,-8.2,20.07,-0.99,-0.84,-0.73,2.31,-120.41,60.65,3.47,5.13,5.83,18.16,0.0,100.0,64.0,100.0,100.0,42.0,2.69,0.66,0.47,0.44,0.56,0.0,27.55,0.49,0.08,0.31,0.7,-0.0,217.97,34.41,12.45,11.4,42.58,0.0,1.0,0.21,0.0,0.0,0.41,0.0,22.43,10.96,22.43,1.76,7.02,0.0,4.17,0.4,0.0,0.35,0.62,0.0,8.2,1.19,0.84,0.73,-0.11,1.54,0.1190107027168818,0,1,Fast
P108,"Laguna_Seca, Laguna_Seca",", McLaren 720S GT3","24/08/2024, ",Lap 8,104.427,0.0,221.1,123.6,179.6,189.0,48.3,0.0,100.0,15.0,0.0,0.0,31.0,-7.64,15.85,-0.93,-0.73,-0.6,2.34,-50.06,137.04,3.45,5.83,4.72,20.43,0.0,100.0,64.0,100.0,98.0,42.0,8.0,0.66,0.44,0.43,0.58,0.0,19.24,0.48,0.31,0.07,0.54,-0.0,202.73,34.0,11.4,9.89,41.75,0.0,1.0,0.22,0.0,0.0,0.41,0.0,22.98,12.45,1.76,10.57,6.44,0.0,3.7,0.69,0.35,0.0,0.77,0.0,7.64,1.19,0.73,0.6,-0.12,1.6,0.1700378133363118,0,1,Slow
P108,"Laguna_Seca, Laguna_Seca",", McLaren 720S GT3","24/08/2024, ",Lap 9,94.184,62.0,219.8,136.5,189.0,190.7,36.4,0.0,100.0,13.0,0.0,0.0,29.0,-6.56,4.49,-1.18,-0.6,-0.8,1.58,-48.06,52.62,3.8,4.72,5.7,16.75,0.0,100.0,64.0,98.0,100.0,41.0,2.37,0.69,0.43,0.43,0.54,0.0,1.9,0.46,0.07,0.23,0.37,-0.0,125.39,25.99,9.89,11.47,29.17,0.0,1.0,0.23,0.0,0.0,0.42,0.0,21.45,11.02,10.57,9.01,5.85,0.0,4.0,0.45,0.0,0.37,0.61,0.0,6.56,1.25,0.6,0.8,0.2,1.48,-0.5131918521209713,0,1,Fast
P108,"Laguna_Seca, Laguna_Seca",", McLaren 720S GT3","24/08/2024, ",Lap 10,95.587,45.8,223.0,134.8,190.7,186.2,40.3,0.0,100.0,16.0,0.0,0.0,33.0,-5.36,3.67,-1.18,-0.8,-0.45,1.35,-55.68,47.43,3.76,5.7,3.23,16.83,0.0,100.0,66.0,100.0,100.0,43.0,3.38,0.66,0.43,0.27,0.53,0.0,6.52,0.5,0.23,0.28,0.41,-0.0,134.27,27.81,11.47,6.93,30.66,0.0,1.0,0.24,0.0,0.0,0.43,0.0,22.67,11.94,9.01,4.53,6.95,0.0,4.1,0.47,0.37,0.0,0.71,0.0,5.36,1.21,0.8,0.45,-0.35,1.3,-0.4196087982659902,0,1,Fast
P108,"Laguna_Seca, Laguna_Seca",", McLaren 720S GT3","24/08/2024, ",Lap 11,93.27,63.4,213.5,137.9,186.2,192.3,37.0,0.0,100.0,14.0,0.0,0.0,29.0,-9.01,10.16,-1.32,-0.45,-0.51,2.04,-49.9,59.72,3.84,3.23,4.07,17.96,0.0,100.0,67.0,100.0,100.0,43.0,2.12,0.69,0.27,0.45,0.58,0.0,1.92,0.48,0.28,0.22,0.36,-0.0,156.99,29.07,6.93,8.33,35.56,0.0,1.0,0.26,0.0,0.0,0.44,0.0,24.28,11.83,4.53,0.0,6.76,0.0,3.95,0.44,0.0,0.12,0.71,0.0,9.01,1.43,0.45,0.51,0.06,1.86,-0.5741575764427478,0,1,Fast
P108,"Laguna_Seca, Laguna_Seca",", McLaren 720S GT3","24/08/2024, ",Lap 12,94.07,49.6,224.5,137.2,192.3,187.7,39.6,0.0,100.0,17.0,0.0,0.0,34.0,-10.91,4.84,-1.56,-0.51,-0.8,2.17,-49.38,49.67,3.8,4.07,4.76,17.4,0.0,100.0,67.0,100.0,100.0,43.0,2.16,0.69,0.45,0.38,0.54,0.0,2.06,0.5,0.22,0.15,0.38,-0.0,167.87,31.48,8.33,11.44,38.6,0.0,1.0,0.27,0.0,0.0,0.45,0.0,25.72,12.81,0.0,20.57,7.78,0.0,4.0,0.5,0.12,0.0,0.76,0.0,10.91,1.61,0.51,0.8,0.29,2.1,-0.5207958921348473,0,1,Fast
P107,"Laguna_Seca, Laguna_Seca",", McLaren 720S GT3","24/08/2024, ",Lap 2,104.444,0.0,202.0,123.8,181.8,189.0,43.7,0.0,100.0,10.0,0.0,0.0,26.0,-7.68,20.25,-0.79,-0.7,-0.62,3.29,-51.54,129.18,6.87,4.76,2.66,22.68,0.0,100.0,61.0,100.0,100.0,42.0,2.9,0.66,0.41,0.35,0.56,0.0,1.86,0.42,0.28,0.27,0.33,-0.0,207.84,35.07,10.21,8.85,39.15,0.0,1.0,0.29,0.0,0.0,0.45,0.0,30.22,15.36,18.25,8.46,9.08,0.0,4.07,0.67,0.25,0.48,0.71,0.0,7.68,1.26,0.7,0.62,-0.08,1.5,0.1711717491278544,0,1,Slow
P107,"Laguna_Seca, Laguna_Seca",", McLaren 720S GT3","24/08/2024, ",Lap 3,95.244,60.1,219.8,135.0,189.0,190.0,37.0,0.0,100.0,12.0,0.0,0.0,28.0,-5.77,4.65,-1.16,-0.62,-0.66,1.19,-46.28,50.15,3.75,2.66,4.82,16.44,0.0,100.0,61.0,100.0,100.0,42.0,2.22,0.67,0.35,0.37,0.51,0.0,1.77,0.44,0.27,0.26,0.37,-0.0,133.3,25.92,8.85,9.12,25.93,0.0,1.0,0.22,0.0,0.0,0.42,0.0,21.23,10.6,8.46,13.59,6.24,0.0,3.87,0.46,0.48,0.0,0.67,0.0,5.77,1.19,0.62,0.66,0.04,1.13,-0.4424876204130028,0,1,Fast
P107,"Laguna_Seca, Laguna_Seca",", McLaren 720S GT3","24/08/2024, ",Lap 4,94.827,39.5,225.4,136.7,190.0,190.4,40.9,0.0,100.0,13.0,0.0,0.0,30.0,-9.76,19.3,-1.3,-0.66,-1.01,2.25,-208.7,51.95,3.77,4.82,5.43,19.62,0.0,100.0,64.0,100.0,100.0,43.0,7.31,0.71,0.37,0.3,0.59,0.0,5.97,0.44,0.26,0.27,0.39,-0.0,157.45,30.77,9.12,13.59,34.14,0.0,1.0,0.29,0.0,0.0,0.45,0.0,27.6,13.97,13.59,0.55,8.23,0.0,4.18,0.56,0.0,0.22,0.83,0.0,9.76,1.45,0.66,1.01,0.35,1.67,-0.4703023983584961,0,0,Fast
P107,"Laguna_Seca, Laguna_Seca",", McLaren 720S GT3","24/08/2024, ",Lap 5,95.824,34.0,226.7,135.2,190.4,190.5,44.2,0.0,100.0,14.0,0.0,0.0,32.0,-9.66,1.38,-1.33,-1.01,-0.45,1.44,-48.58,43.98,3.76,5.43,2.69,16.68,0.0,100.0,65.0,100.0,100.0,43.0,2.77,0.68,0.3,0.27,0.54,0.0,2.18,0.46,0.27,0.26,0.39,-0.0,207.02,30.56,13.59,5.73,33.7,0.0,1.0,0.27,0.0,0.0,0.44,0.0,25.6,12.94,0.55,14.85,7.33,0.0,4.05,0.54,0.22,0.02,0.79,0.0,9.66,1.35,1.01,0.45,-0.56,1.41,-0.4038003992897749,0,0,Fast
P107,"Laguna_Seca, Laguna_Seca",", McLaren 720S GT3","24/08/2024, ",Lap 6,110.237,0.0,225.5,118.0,190.5,190.8,53.5,0.0,100.0,12.0,0.0,0.0,28.0,-5.47,18.69,-0.7,-0.45,-1.05,2.68,-61.82,75.96,3.24,2.69,7.0,18.19,0.0,100.0,57.0,100.0,100.0,43.0,4.62,0.63,0.27,0.53,0.57,0.0,14.68,0.42,0.26,0.25,0.53,-0.0,240.0,41.76,5.73,15.86,52.31,0.0,1.0,0.25,0.0,0.0,0.43,0.0,27.82,14.22,14.85,10.01,7.83,0.0,4.1,0.95,0.02,0.17,1.18,0.0,5.47,1.08,0.45,1.05,0.6,1.19,0.5575770456224393,0,0,Slow
P107,"Laguna_Seca, Laguna_Seca",", McLaren 720S GT3","24/08/2024, ",Lap 7,92.464,66.1,227.9,138.7,190.8,191.2,38.4,0.0,100.0,13.0,0.0,0.0,30.0,-4.36,2.72,-1.18,-1.05,-0.83,1.08,-64.95,43.4,3.88,7.0,4.12,16.71,0.0,100.0,63.0,100.0,100.0,43.0,4.12,0.71,0.53,0.35,0.53,0.0,2.01,0.45,0.25,0.26,0.38,-0.0,111.0,25.76,15.86,11.41,24.56,0.0,1.0,0.24,0.0,0.0,0.42,0.0,21.8,10.45,10.01,11.34,6.36,0.0,4.02,0.45,0.17,0.18,0.69,0.0,4.36,1.2,1.05,0.83,-0.23,1.05,-0.6279194733829575,0,1,Fast
P107,"Laguna_Seca, Laguna_Seca",", McLaren 720S GT3","24/08/2024, ",Lap 8,91.557,57.6,229.4,140.5,191.2,191.3,39.0,0.0,100.0,14.0,0.0,0.0,32.0,-5.77,1.74,-1.28,-0.83,-0.9,1.24,-40.28,46.99,3.91,4.12,5.17,16.85,0.0,100.0,65.0,100.0,100.0,42.0,2.72,0.71,0.35,0.38,0.54,0.0,1.86,0.46,0.26,0.26,0.38,-0.0,127.68,26.89,11.41,12.22,27.66,0.0,1.0,0.26,0.0,0.0,0.44,0.0,24.22,12.57,11.34,2.42,7.04,0.0,4.28,0.5,0.18,0.0,0.76,0.0,5.77,1.28,0.83,0.9,0.08,1.23,-0.6884182829670396,0,1,Fast
P107,"Laguna_Seca, Laguna_Seca",", McLaren 720S GT3","24/08/2024, ",Lap 9,91.744,60.1,226.0,140.9,191.3,193.3,38.2,0.0,100.0,12.0,0.0,0.0,29.0,-5.89,2.08,-1.4,-0.9,-0.59,1.38,-42.48,46.97,3.9,5.17,3.34,16.87,0.0,100.0,63.0,100.0,100.0,43.0,2.79,0.74,0.38,0.28,0.56,0.0,1.88,0.44,0.26,0.26,0.35,-0.0,132.66,28.3,12.22,7.86,28.11,0.0,1.0,0.28,0.0,0.0,0.45,0.0,25.77,13.66,2.42,11.85,7.61,0.0,4.22,0.53,0.0,0.17,0.75,0.0,5.89,1.42,0.9,0.59,-0.32,1.35,-0.675944989260068,0,1,Fast
P107,"Laguna_Seca, Laguna_Seca",", McLaren 720S GT3","24/08/2024, ",Lap 10,94.081,48.5,230.5,137.0,193.3,191.1,43.2,0.0,100.0,14.0,0.0,0.0,32.0,-6.12,1.48,-1.42,-0.59,-0.67,1.4,-44.33,44.14,3.82,3.34,3.95,16.52,0.0,100.0,63.0,100.0,100.0,43.0,2.68,0.7,0.28,0.25,0.54,0.0,1.89,0.46,0.26,0.26,0.36,-0.0,125.99,29.57,7.86,9.12,29.31,0.0,1.0,0.28,0.0,0.0,0.45,0.0,26.68,14.53,11.85,0.0,7.98,0.0,4.05,0.57,0.17,0.0,0.81,0.0,6.12,1.44,0.59,0.67,0.09,1.37,-0.5200621689756131,0,1,Fast
P107,"Laguna_Seca, Laguna_Seca",", McLaren 720S GT3","24/08/2024, ",Lap 11,115.52,0.0,229.3,112.9,191.1,192.5,57.4,0.0,100.0,12.0,0.0,0.0,28.0,-18.89,25.33,-0.73,-0.67,-0.78,3.16,-66.19,98.99,6.21,3.95,3.13,20.05,0.0,100.0,58.0,100.0,100.0,44.0,2.85,0.6,0.25,0.23,0.55,0.0,1.86,0.44,0.26,0.24,0.35,-0.0,240.0,52.99,9.12,9.77,71.58,0.0,1.0,0.23,0.0,0.0,0.42,0.0,26.67,13.89,0.0,10.67,7.18,0.0,4.32,0.68,0.0,0.13,0.84,0.0,18.89,1.1,0.67,0.78,0.1,1.46,0.909964268370738,0,1,Slow
P106,"Laguna_Seca, Laguna_Seca",", McLaren 720S GT3","24/08/2024, ",Lap 2,96.567,67.5,208.8,134.3,178.8,191.9,36.1,0.0,100.0,10.0,0.0,0.0,24.0,-9.05,12.86,-1.43,-0.32,-0.57,2.22,-60.84,50.25,3.74,2.19,3.75,17.61,0.0,100.0,59.0,86.0,99.0,40.0,2.21,0.74,0.19,0.35,0.53,0.0,1.76,0.39,0.2,0.25,0.32,-0.0,129.2,31.2,4.54,8.56,33.53,0.0,1.0,0.28,0.0,0.0,0.45,0.0,27.1,13.76,22.83,24.39,8.13,0.0,3.88,0.63,0.23,0.02,0.69,0.0,9.05,1.59,0.32,0.57,0.25,1.9,-0.3542407349888126,0,1,Fast
P106,"Laguna_Seca, Laguna_Seca",", McLaren 720S GT3","24/08/2024, ",Lap 3,95.812,53.8,212.7,134.9,191.9,191.3,38.8,0.0,100.0,11.0,0.0,0.0,25.0,-9.54,11.11,-1.48,-0.57,-0.39,2.34,-66.81,44.56,3.73,3.75,2.69,17.51,0.0,100.0,60.0,99.0,99.0,40.0,2.51,0.74,0.35,0.3,0.54,0.0,1.83,0.4,0.25,0.26,0.35,-0.0,144.05,31.73,8.56,6.17,35.57,0.0,1.0,0.28,0.0,0.0,0.45,0.0,26.57,14.34,24.39,4.78,7.62,0.0,4.12,0.56,0.02,0.0,0.73,0.0,9.54,1.6,0.57,0.39,-0.18,2.08,-0.4046008245543935,0,1,Fast
P106,"Laguna_Seca, Laguna_Seca",", McLaren 720S GT3","24/08/2024, ",Lap 4,104.902,0.0,216.7,124.7,191.3,188.5,52.2,0.0,100.0,11.0,0.0,0.0,25.0,-8.18,16.82,-1.08,-0.39,-0.4,2.11,-49.31,77.24,6.85,2.69,2.91,20.99,0.0,100.0,59.0,99.0,96.0,41.0,2.5,0.71,0.3,0.31,0.55,0.0,1.91,0.39,0.26,0.24,0.33,-0.0,240.0,43.67,6.17,6.57,55.52,0.0,1.0,0.26,0.0,0.0,0.44,0.0,27.05,15.2,4.78,1.62,7.84,0.0,3.87,0.86,0.0,0.22,1.05,0.0,8.18,1.25,0.39,0.4,0.01,1.54,0.2017213133941274,0,0,Slow
P106,"Laguna_Seca, Laguna_Seca",", McLaren 720S GT3","24/08/2024, ",Lap 5,96.074,55.5,213.4,135.2,188.5,189.0,40.5,0.0,100.0,10.0,0.0,0.0,23.0,-8.6,14.64,-1.46,-0.4,-0.23,2.38,-43.44,56.65,3.72,2.91,1.13,17.74,0.0,100.0,63.0,96.0,100.0,40.0,2.46,0.76,0.31,0.17,0.57,0.0,1.92,0.42,0.24,0.24,0.31,-0.0,135.33,32.11,6.57,3.47,35.09,0.0,1.0,0.3,0.0,0.0,0.46,0.0,28.8,14.94,1.62,17.86,8.34,0.0,4.2,0.63,0.22,0.18,0.81,0.0,8.6,1.62,0.4,0.23,-0.16,1.91,-0.387124872943556,0,0,Fast
P106,"Laguna_Seca, Laguna_Seca",", McLaren 720S GT3","24/08/2024, ",Lap 6,94.322,43.4,222.8,137.0,189.0,193.1,39.4,0.0,98.0,11.0,0.0,0.0,23.0,-8.64,13.31,-1.27,-0.23,-0.75,2.81,-78.29,229.87,3.8,1.13,4.49,21.61,0.0,100.0,65.0,100.0,100.0,41.0,6.5,0.75,0.17,0.45,0.6,0.0,8.58,0.43,0.24,0.23,0.37,-0.0,145.39,32.19,3.47,11.03,36.23,0.0,1.0,0.31,0.0,0.0,0.46,0.0,29.1,15.1,17.86,8.73,8.58,0.0,4.2,0.67,0.18,0.0,0.79,0.0,8.64,1.58,0.23,0.75,0.51,1.99,-0.503986961577858,0,0,Fast
P106,"Laguna_Seca, Laguna_Seca",", McLaren 720S GT3","24/08/2024, ",Lap 7,100.464,30.6,227.0,129.9,193.1,191.8,43.9,0.0,100.0,13.0,0.0,0.0,25.0,-6.58,13.03,-0.9,-0.75,-0.23,2.33,-61.15,55.89,3.56,4.49,1.14,18.86,0.0,100.0,62.0,100.0,99.0,41.0,2.75,0.72,0.45,0.16,0.57,0.0,1.62,0.44,0.23,0.26,0.31,-0.0,185.76,32.42,11.03,3.53,35.87,0.0,1.0,0.27,0.0,0.0,0.44,0.0,27.05,12.49,8.73,12.44,8.02,0.0,3.83,0.88,0.0,0.2,1.18,0.0,6.58,1.22,0.75,0.23,-0.52,1.52,-0.0943026303039513,0,1,Fast
P106,"Laguna_Seca, Laguna_Seca",", McLaren 720S GT3","24/08/2024, ",Lap 8,97.634,25.4,220.1,133.2,191.8,191.4,44.1,0.0,100.0,12.0,0.0,0.0,26.0,-9.62,21.67,-1.07,-0.23,-0.34,3.08,-83.8,50.93,3.65,1.14,2.36,18.61,0.0,100.0,61.0,99.0,99.0,41.0,3.19,0.73,0.16,0.28,0.56,0.0,2.64,0.42,0.26,0.26,0.35,-0.0,181.66,35.89,3.53,5.53,43.47,0.0,1.0,0.27,0.0,0.0,0.44,0.0,25.93,14.03,12.44,10.89,7.41,0.0,4.18,0.63,0.2,0.4,0.75,0.0,9.62,1.42,0.23,0.34,0.11,1.96,-0.2830695885431497,0,1,Fast
P106,"Laguna_Seca, Laguna_Seca",", McLaren 720S GT3","24/08/2024, ",Lap 9,90.174,66.3,223.6,143.0,191.4,191.6,37.3,0.0,84.0,11.0,0.0,0.0,22.0,-6.85,5.56,-1.36,-0.34,-0.71,1.57,-39.41,52.63,3.94,2.36,4.19,17.33,0.0,100.0,66.0,99.0,100.0,40.0,2.48,0.78,0.28,0.26,0.56,0.0,1.98,0.42,0.26,0.26,0.33,-0.0,125.54,28.37,5.53,10.09,29.63,0.0,1.0,0.26,0.0,0.0,0.44,0.0,23.42,12.12,10.89,22.95,6.71,0.0,4.15,0.56,0.4,0.0,0.73,0.0,6.85,1.41,0.34,0.71,0.38,1.49,-0.7806672947143225,0,1,Fast
P106,"Laguna_Seca, Laguna_Seca",", McLaren 720S GT3","24/08/2024, ",Lap 10,91.783,61.4,225.8,141.6,191.6,192.8,37.9,0.0,100.0,12.0,0.0,0.0,24.0,-6.97,9.32,-1.51,-0.71,-0.37,2.07,-38.14,71.21,3.92,4.19,2.95,17.74,0.0,100.0,67.0,100.0,100.0,41.0,2.6,0.78,0.26,0.25,0.59,0.0,1.78,0.43,0.26,0.25,0.32,-0.0,137.9,31.81,10.09,5.4,32.12,0.0,1.0,0.35,0.0,0.0,0.48,0.0,32.05,16.51,22.95,0.0,9.92,0.0,4.6,0.85,0.0,0.0,1.01,0.0,6.97,1.66,0.71,0.37,-0.34,1.78,-0.6733436071500577,0,1,Fast
P106,"Laguna_Seca, Laguna_Seca",", McLaren 720S GT3","24/08/2024, ",Lap 11,112.16,0.0,227.9,116.4,192.8,190.3,53.4,0.0,94.0,9.0,0.0,0.0,21.0,-11.26,17.09,-0.93,-0.37,-0.32,3.24,-59.46,144.46,9.59,2.95,2.09,26.06,0.0,100.0,59.0,100.0,99.0,39.0,2.91,0.7,0.25,0.2,0.57,0.0,1.89,0.38,0.25,0.27,0.29,-0.0,240.0,44.72,5.4,4.79,49.89,0.0,1.0,0.3,0.0,0.0,0.46,0.0,33.3,17.1,0.0,13.32,9.92,0.0,4.23,1.05,0.0,0.0,1.19,0.0,11.26,1.43,0.37,0.32,-0.06,2.14,0.6858451942775554,0,1,Slow
P105,"Laguna_Seca, Laguna_Seca",", McLaren 720S GT3","24/08/2024, ",Lap 2,93.529,61.1,225.2,136.8,192.2,191.5,38.8,0.0,100.0,12.0,0.0,0.0,27.0,-5.43,5.72,-1.19,-0.51,-0.88,1.26,-36.04,54.3,3.84,2.89,6.81,16.81,0.0,100.0,62.0,100.0,100.0,41.0,2.58,0.69,0.23,0.47,0.55,0.0,1.72,0.45,0.25,0.25,0.37,-0.0,121.77,26.24,6.66,13.38,26.87,0.0,1.0,0.26,0.0,0.0,0.44,0.0,23.93,11.72,18.99,0.0,6.97,0.0,3.92,0.51,0.0,0.3,0.73,0.0,5.43,1.23,0.51,0.88,0.37,1.18,-0.5568817311480649,0,1,Fast
P105,"Laguna_Seca, Laguna_Seca",", McLaren 720S GT3","24/08/2024, ",Lap 3,95.532,44.3,230.6,135.2,191.5,192.2,43.6,0.0,100.0,14.0,0.0,0.0,31.0,-5.52,1.7,-1.2,-0.88,-0.71,1.19,-41.54,63.44,3.75,6.81,4.97,16.15,0.0,100.0,62.0,100.0,100.0,41.0,2.35,0.67,0.47,0.44,0.51,0.0,1.8,0.47,0.25,0.24,0.37,-0.0,137.05,28.4,13.38,9.9,29.0,0.0,1.0,0.22,0.0,0.0,0.42,0.0,21.3,9.7,0.0,6.39,6.59,0.0,3.5,0.53,0.3,0.0,0.73,0.0,5.52,1.21,0.88,0.71,-0.17,1.18,-0.4232774140621588,0,1,Fast
P105,"Laguna_Seca, Laguna_Seca",", McLaren 720S GT3","24/08/2024, ",Lap 4,91.857,56.2,227.2,139.4,192.2,193.3,39.8,0.0,100.0,13.0,0.0,0.0,29.0,-4.52,8.09,-1.23,-0.71,-0.56,1.32,-42.02,49.54,3.92,4.97,4.15,17.26,0.0,100.0,64.0,100.0,100.0,41.0,2.44,0.73,0.44,0.44,0.55,0.0,1.8,0.45,0.24,0.23,0.38,-0.0,124.11,27.26,9.9,8.77,27.46,0.0,1.0,0.27,0.0,0.0,0.44,0.0,24.5,12.86,6.39,21.56,7.41,0.0,4.23,0.56,0.0,0.0,0.76,0.0,4.52,1.28,0.71,0.56,-0.15,1.19,-0.6684076513515771,0,0,Fast
P105,"Laguna_Seca, Laguna_Seca",", McLaren 720S GT3","24/08/2024, ",Lap 5,93.347,46.1,229.3,137.9,193.3,193.4,41.2,0.0,100.0,13.0,0.0,0.0,29.0,-5.55,1.19,-1.31,-0.56,-1.0,1.31,-36.16,48.73,3.8,4.15,5.24,16.53,0.0,100.0,63.0,100.0,100.0,42.0,2.27,0.7,0.44,0.26,0.52,0.0,1.77,0.46,0.23,0.24,0.36,-0.0,144.01,28.62,8.77,13.29,30.0,0.0,1.0,0.24,0.0,0.0,0.43,0.0,22.47,11.75,21.56,1.35,6.53,0.0,4.33,0.48,0.0,0.0,0.82,0.0,5.55,1.32,0.56,1.0,0.44,1.3,-0.5690215143281125,0,0,Fast
P105,"Laguna_Seca, Laguna_Seca",", McLaren 720S GT3","24/08/2024, ",Lap 6,93.979,43.7,230.2,136.9,193.4,192.1,41.4,0.0,100.0,13.0,0.0,0.0,30.0,-5.26,4.24,-1.13,-1.0,-0.86,1.14,-45.64,51.35,3.85,5.24,6.01,16.28,0.0,100.0,63.0,100.0,100.0,42.0,2.33,0.7,0.26,0.49,0.52,0.0,1.85,0.46,0.24,0.25,0.37,-0.0,115.98,26.56,13.29,13.0,26.5,0.0,1.0,0.22,0.0,0.0,0.41,0.0,20.3,9.95,1.35,6.5,5.87,0.0,3.7,0.44,0.0,0.2,0.63,0.0,5.26,1.17,1.0,0.86,-0.14,1.06,-0.5268657837248707,0,0,Fast
P105,"Laguna_Seca, Laguna_Seca",", McLaren 720S GT3","24/08/2024, ",Lap 7,91.527,61.5,230.3,140.4,192.1,193.6,40.9,0.0,100.0,13.0,0.0,0.0,29.0,-5.49,1.33,-1.13,-0.86,-0.68,1.09,-55.52,53.61,3.9,6.01,5.3,16.51,0.0,100.0,65.0,100.0,100.0,42.0,2.56,0.71,0.49,0.4,0.54,0.0,1.79,0.46,0.25,0.25,0.37,-0.0,128.72,25.37,13.0,10.68,26.08,0.0,1.0,0.21,0.0,0.0,0.41,0.0,19.18,9.41,6.5,13.43,5.34,0.0,4.37,0.41,0.2,0.0,0.7,0.0,5.49,1.15,0.86,0.68,-0.18,1.07,-0.6904193461285859,0,1,Fast
P105,"Laguna_Seca, Laguna_Seca",", McLaren 720S GT3","24/08/2024, ",Lap 8,95.979,19.2,230.4,134.0,193.6,191.7,47.5,0.0,100.0,14.0,0.0,0.0,30.0,-7.17,16.36,-0.93,-0.68,-0.61,1.56,-37.86,70.03,3.72,5.3,3.9,17.53,0.0,100.0,61.0,100.0,100.0,43.0,2.44,0.69,0.4,0.35,0.53,0.0,2.89,0.46,0.25,0.25,0.37,-0.0,188.54,30.43,10.68,9.16,38.02,0.0,1.0,0.17,0.0,0.0,0.37,0.0,16.1,9.22,13.43,15.46,4.36,0.0,4.67,0.34,0.0,0.15,0.68,0.0,7.17,1.03,0.68,0.61,-0.06,1.07,-0.3934615729551191,0,1,Fast
P105,"Laguna_Seca, Laguna_Seca",", McLaren 720S GT3","24/08/2024, ",Lap 9,90.824,61.4,227.0,140.8,191.7,192.3,40.1,0.0,100.0,12.0,0.0,0.0,27.0,-5.1,1.25,-1.23,-0.61,-0.67,1.13,-51.62,54.34,3.94,3.9,3.4,16.82,0.0,100.0,63.0,100.0,100.0,42.0,2.66,0.74,0.35,0.25,0.55,0.0,2.38,0.44,0.25,0.27,0.37,-0.0,114.18,26.26,9.16,8.9,25.93,0.0,1.0,0.23,0.0,0.0,0.42,0.0,20.75,9.73,15.46,10.79,6.27,0.0,4.18,0.44,0.15,0.0,0.77,0.0,5.1,1.24,0.61,0.67,0.06,1.12,-0.7373109262141538,0,1,Fast
P105,"Laguna_Seca, Laguna_Seca",", McLaren 720S GT3","24/08/2024, ",Lap 10,92.762,53.1,227.2,137.8,192.3,189.9,39.4,0.0,100.0,12.0,0.0,0.0,28.0,-7.64,3.03,-1.15,-0.67,-1.16,1.17,-60.13,48.12,3.87,3.4,8.28,16.59,0.0,100.0,62.0,100.0,100.0,42.0,2.74,0.71,0.25,0.65,0.54,0.0,1.86,0.43,0.27,0.26,0.35,-0.0,135.72,25.8,8.9,17.12,26.65,0.0,1.0,0.23,0.0,0.0,0.42,0.0,21.68,11.13,10.79,0.0,6.4,0.0,3.63,0.45,0.0,0.0,0.61,0.0,7.64,1.18,0.67,1.16,0.49,1.12,-0.6080422459782644,0,1,Fast
P105,"Laguna_Seca, Laguna_Seca",", McLaren 720S GT3","24/08/2024, ",Lap 11,91.57,52.7,228.9,140.4,189.9,191.4,40.7,0.0,100.0,13.0,0.0,0.0,30.0,-5.45,2.45,-1.26,-1.16,-0.7,1.22,-44.37,47.97,3.93,8.28,3.87,16.73,0.0,100.0,65.0,100.0,100.0,42.0,2.55,0.74,0.65,0.38,0.54,0.0,1.83,0.46,0.26,0.25,0.36,-0.0,117.97,27.34,17.12,10.37,27.6,0.0,1.0,0.24,0.0,0.0,0.43,0.0,21.68,10.56,0.0,13.01,6.41,0.0,3.62,0.41,0.0,0.0,0.72,0.0,5.45,1.29,1.16,0.7,-0.46,1.18,-0.6875511555970368,0,1,Fast
P105,"Laguna_Seca, Laguna_Seca",", McLaren 720S GT3","24/08/2024, ",Lap 12,106.58,0.0,229.5,120.8,191.4,192.3,50.9,0.0,100.0,11.0,0.0,0.0,26.0,-5.1,21.45,-0.62,-0.7,-0.45,2.72,-104.0,83.88,3.34,3.87,3.6,19.91,0.0,100.0,62.0,100.0,100.0,42.0,3.7,0.66,0.38,0.25,0.56,0.0,1.88,0.43,0.25,0.25,0.33,-0.0,240.0,37.32,10.37,6.53,46.13,0.0,1.0,0.22,0.0,0.0,0.41,0.0,23.52,11.63,13.01,18.81,6.81,0.0,4.47,0.65,0.0,0.1,0.76,0.0,5.1,1.01,0.7,0.45,-0.25,1.15,0.3136474462299488,0,1,Slow
P104,"Laguna_Seca, Laguna_Seca",", McLaren 720S GT3","24/08/2024, ",Lap 2,105.809,0.1,202.1,122.2,189.3,192.1,46.9,0.0,98.0,12.0,0.0,0.0,21.0,-10.87,24.55,-1.14,-1.09,-0.78,2.66,-35.75,102.09,6.74,8.51,4.44,18.12,0.0,100.0,57.0,100.0,99.0,41.0,2.84,0.63,0.47,0.29,0.48,0.0,1.58,0.46,0.27,0.25,0.29,-0.0,240.0,40.99,15.43,10.87,55.71,0.0,1.0,0.2,0.0,0.0,0.4,0.0,20.8,11.19,4.77,18.72,5.58,0.0,4.27,0.36,0.0,0.22,0.66,0.0,10.87,1.31,1.09,0.78,-0.31,1.96,0.2622201229782095,0,1,Slow
P104,"Laguna_Seca, Laguna_Seca",", McLaren 720S GT3","24/08/2024, ",Lap 3,103.179,6.7,214.5,124.7,192.1,189.7,45.0,0.0,100.0,10.0,0.0,0.0,21.0,-17.59,26.95,-0.91,-0.78,-0.76,2.72,-59.42,142.86,6.95,4.44,4.33,23.09,0.0,100.0,58.0,99.0,100.0,42.0,2.4,0.65,0.29,0.31,0.52,0.0,1.77,0.43,0.25,0.28,0.29,-0.0,240.0,32.35,10.87,10.9,38.43,0.0,1.0,0.23,0.0,0.0,0.42,0.0,24.07,12.03,18.72,3.85,7.12,0.0,4.03,0.65,0.22,0.0,0.85,0.0,17.59,1.18,0.78,0.76,-0.02,1.63,0.0867935858159865,0,1,Fast
P104,"Laguna_Seca, Laguna_Seca",", McLaren 720S GT3","24/08/2024, ",Lap 4,100.064,36.9,208.8,128.7,189.7,193.2,43.2,0.0,100.0,13.0,0.0,0.0,25.0,-6.49,2.26,-1.02,-0.76,-0.77,1.12,-39.25,38.12,3.58,4.33,5.12,15.04,0.0,100.0,58.0,100.0,100.0,41.0,1.99,0.61,0.31,0.34,0.43,0.0,1.57,0.46,0.28,0.23,0.3,-0.0,137.81,26.98,10.9,10.84,28.3,0.0,1.0,0.18,0.0,0.0,0.38,0.0,18.03,8.59,3.85,5.77,5.29,0.0,2.58,0.42,0.0,0.0,0.63,0.0,6.49,1.04,0.76,0.77,0.01,1.1,-0.120983472457902,0,0,Fast
P104,"Laguna_Seca, Laguna_Seca",", McLaren 720S GT3","24/08/2024, ",Lap 5,93.889,60.9,211.4,137.2,193.2,190.5,36.7,0.0,100.0,10.0,0.0,0.0,21.0,-8.74,1.52,-1.34,-0.77,-0.47,1.62,-47.72,44.72,3.8,5.12,2.51,16.82,0.0,100.0,59.0,100.0,100.0,41.0,2.19,0.73,0.34,0.21,0.52,0.0,2.73,0.42,0.23,0.2,0.3,-0.0,139.31,28.14,10.84,6.63,30.31,0.0,1.0,0.24,0.0,0.0,0.42,0.0,22.17,10.21,5.77,21.72,6.37,0.0,4.15,0.45,0.0,0.0,0.69,0.0,8.74,1.37,0.77,0.47,-0.3,1.59,-0.5328689732095098,0,0,Fast
P104,"Laguna_Seca, Laguna_Seca",", McLaren 720S GT3","24/08/2024, ",Lap 6,96.222,56.6,216.5,133.3,190.5,192.3,36.3,0.0,100.0,10.0,0.0,0.0,19.0,-6.43,6.4,-1.1,-0.47,-0.64,1.53,-39.65,62.79,3.72,2.51,4.52,17.16,0.0,100.0,60.0,100.0,100.0,41.0,3.01,0.7,0.21,0.33,0.54,0.0,1.62,0.43,0.2,0.24,0.29,-0.0,120.34,26.43,6.63,9.25,28.05,0.0,1.0,0.21,0.0,0.0,0.41,0.0,21.72,9.48,21.72,13.56,6.07,0.0,3.93,0.43,0.0,0.0,0.73,0.0,6.43,1.2,0.47,0.64,0.17,1.33,-0.3772529613465947,0,0,Fast
P104,"Laguna_Seca, Laguna_Seca",", McLaren 720S GT3","24/08/2024, ",Lap 7,114.834,0.0,214.3,112.4,192.3,192.2,55.9,0.0,100.0,12.0,0.0,0.0,23.0,-5.47,21.53,-0.58,-0.64,-0.7,2.78,-38.81,64.13,3.13,4.52,4.67,17.63,0.0,100.0,57.0,100.0,100.0,40.0,5.32,0.64,0.33,0.36,0.59,0.0,48.14,0.43,0.24,0.24,1.05,-0.0,219.93,41.89,9.25,9.99,48.18,0.0,1.0,0.22,0.0,0.0,0.41,0.0,24.97,12.87,13.56,15.48,7.27,0.0,4.28,0.54,0.0,0.0,0.66,0.0,5.47,1.0,0.64,0.7,0.06,1.26,0.8642066240767137,0,1,Slow
P104,"Laguna_Seca, Laguna_Seca",", McLaren 720S GT3","24/08/2024, ",Lap 8,92.572,55.7,220.0,139.0,192.2,189.2,38.3,0.0,100.0,12.0,0.0,0.0,24.0,-9.33,2.0,-1.37,-0.7,-0.4,1.84,-40.62,47.91,3.85,4.67,2.28,17.06,0.0,100.0,62.0,100.0,100.0,42.0,3.04,0.73,0.36,0.17,0.56,0.0,1.85,0.45,0.24,0.0,0.31,-0.0,147.88,28.51,9.99,5.33,33.83,0.0,1.0,0.23,0.0,0.0,0.42,0.0,21.23,10.08,15.48,6.37,6.19,0.0,4.03,0.42,0.0,0.0,0.74,0.0,9.33,1.4,0.7,0.4,-0.3,1.81,-0.6207156460013906,0,1,Fast
P104,"Laguna_Seca, Laguna_Seca",", McLaren 720S GT3","24/08/2024, ",Lap 9,98.705,11.4,220.2,130.6,189.2,190.9,43.6,0.0,100.0,14.0,0.0,0.0,28.0,-11.45,16.09,-1.42,-0.4,-0.46,2.53,-90.33,54.16,3.63,2.28,3.1,17.43,0.0,100.0,62.0,100.0,100.0,42.0,3.03,0.69,0.17,0.31,0.57,0.0,2.16,0.46,0.0,0.18,0.31,-0.0,140.5,34.03,5.33,6.74,37.98,0.0,1.0,0.27,0.0,0.0,0.45,0.0,27.03,15.13,6.37,0.0,7.86,0.0,4.2,0.57,0.0,0.0,0.69,0.0,11.45,1.58,0.4,0.46,0.06,2.19,-0.2116316336759478,0,1,Fast
P104,"Laguna_Seca, Laguna_Seca",", McLaren 720S GT3","24/08/2024, ",Lap 10,114.79,0.0,222.1,112.9,190.9,189.7,57.5,0.0,100.0,15.0,0.0,0.0,30.0,-8.88,27.78,-0.79,-0.46,-0.7,2.74,-42.08,60.6,3.11,3.1,3.65,17.14,0.0,100.0,57.0,100.0,100.0,42.0,2.84,0.6,0.31,0.19,0.57,0.0,1.87,0.43,0.18,0.2,0.31,-0.0,240.0,43.76,6.74,9.36,53.02,0.0,1.0,0.22,0.0,0.0,0.42,0.0,25.53,13.66,0.0,15.32,7.19,0.0,3.95,0.85,0.0,0.32,0.92,0.0,8.88,1.14,0.46,0.7,0.24,1.78,0.8612717314397793,0,1,Slow
P104,"Laguna_Seca, Laguna_Seca",", McLaren 720S GT3","24/08/2024, ",Lap 11,91.17,61.6,222.4,140.7,189.7,189.8,38.9,0.0,100.0,14.0,0.0,0.0,28.0,-10.72,3.05,-1.4,-0.7,-0.54,1.84,-48.69,55.4,3.95,3.65,4.28,17.35,0.0,100.0,66.0,100.0,100.0,41.0,2.62,0.77,0.19,0.34,0.57,0.0,1.79,0.45,0.2,0.19,0.33,-0.0,188.16,29.36,9.36,7.96,32.44,0.0,1.0,0.28,0.0,0.0,0.45,0.0,25.73,12.94,15.32,10.29,7.71,0.0,4.03,0.53,0.32,0.0,0.8,0.0,10.72,1.47,0.7,0.54,-0.16,1.76,-0.7142319977509866,0,1,Fast
P103,"Laguna_Seca, Laguna_Seca",", McLaren 720S GT3","24/08/2024, ",Lap 2,94.672,46.4,209.7,135.1,174.1,192.5,39.4,0.0,100.0,15.0,0.0,0.0,28.0,-9.48,6.1,-1.6,-0.57,-0.67,2.38,-40.03,49.13,3.8,3.76,4.36,16.34,0.0,100.0,66.0,100.0,100.0,44.0,2.28,0.64,0.29,0.37,0.54,0.0,1.71,0.49,0.34,0.24,0.32,-0.0,164.23,31.11,8.66,9.45,38.71,0.0,1.0,0.26,0.0,0.0,0.44,0.0,24.38,11.88,0.0,10.24,7.31,0.0,3.95,0.48,0.12,0.0,0.77,0.0,9.48,1.67,0.57,0.67,0.1,2.3,-0.4806412246931519,0,1,Fast
P103,"Laguna_Seca, Laguna_Seca",", McLaren 720S GT3","24/08/2024, ",Lap 3,97.477,61.4,224.5,131.2,192.5,192.8,40.3,0.0,100.0,12.0,0.0,0.0,26.0,-11.56,15.5,-1.79,-0.67,-0.44,3.73,-83.68,50.31,3.71,4.36,2.65,19.49,0.0,100.0,64.0,100.0,100.0,44.0,2.59,0.7,0.37,0.28,0.56,0.0,1.75,0.44,0.24,0.24,0.33,-0.0,157.54,40.41,9.45,6.75,46.38,0.0,1.0,0.34,0.0,0.0,0.47,0.0,33.25,16.34,10.24,26.6,10.17,0.0,3.98,0.7,0.0,0.13,0.87,0.0,11.56,2.17,0.67,0.44,-0.23,3.02,-0.2935418190885749,0,1,Fast
P103,"Laguna_Seca, Laguna_Seca",", McLaren 720S GT3","24/08/2024, ",Lap 4,93.262,50.0,223.9,137.5,192.8,193.8,39.7,0.0,100.0,14.0,0.0,0.0,27.0,-9.84,17.5,-1.77,-0.44,-0.39,3.11,-65.94,59.74,3.85,2.65,3.11,17.61,0.0,100.0,65.0,100.0,100.0,44.0,4.91,0.67,0.28,0.31,0.57,0.0,1.79,0.48,0.24,0.23,0.31,-0.0,188.21,34.99,6.75,5.99,44.12,0.0,1.0,0.28,0.0,0.0,0.45,0.0,26.6,13.43,26.6,2.09,7.77,0.0,4.25,0.5,0.13,0.0,0.77,0.0,9.84,1.93,0.44,0.39,-0.05,2.71,-0.5746911932858265,0,0,Fast
P103,"Laguna_Seca, Laguna_Seca",", McLaren 720S GT3","24/08/2024, ",Lap 5,96.029,43.6,224.9,133.7,193.8,193.6,39.9,0.0,100.0,13.0,0.0,0.0,27.0,-9.56,10.3,-1.72,-0.39,-0.46,2.7,-54.41,61.7,3.73,3.11,2.96,17.48,0.0,100.0,64.0,100.0,100.0,43.0,2.45,0.66,0.31,0.25,0.54,0.0,2.13,0.48,0.23,0.24,0.35,-0.0,157.05,34.54,5.99,6.9,43.06,0.0,1.0,0.25,0.0,0.0,0.44,0.0,24.37,11.35,2.09,8.28,7.22,0.0,4.1,0.53,0.0,0.0,0.77,0.0,9.56,1.81,0.39,0.46,0.07,2.58,-0.3901264676858755,0,0,Fast
P103,"Laguna_Seca, Laguna_Seca",", McLaren 720S GT3","24/08/2024, ",Lap 6,98.842,23.5,225.1,129.4,193.6,193.4,42.7,0.0,100.0,11.0,0.0,0.0,22.0,-9.79,16.73,-1.2,-0.46,-0.45,3.15,-89.3,66.51,3.64,2.96,3.24,19.0,0.0,100.0,64.0,100.0,100.0,43.0,3.45,0.64,0.25,0.29,0.54,0.0,8.7,0.46,0.24,0.23,0.39,-0.0,158.09,34.13,6.9,6.77,41.74,0.0,1.0,0.25,0.0,0.0,0.44,0.0,25.1,12.95,8.28,20.58,7.27,0.0,4.13,0.49,0.0,0.0,0.73,0.0,9.79,1.54,0.46,0.45,-0.01,2.33,-0.2024934452382198,0,0,Fast
P103,"Laguna_Seca, Laguna_Seca",", McLaren 720S GT3","24/08/2024, ",Lap 7,94.422,51.1,228.0,135.7,193.4,193.5,38.9,0.0,97.0,13.0,0.0,0.0,24.0,-11.0,20.84,-1.75,-0.45,-0.18,2.94,-62.85,59.45,3.77,3.24,0.9,17.82,0.0,100.0,66.0,100.0,100.0,43.0,2.37,0.67,0.29,0.11,0.55,0.0,1.59,0.49,0.23,0.24,0.33,-0.0,190.5,34.71,6.77,2.21,45.56,0.0,1.0,0.27,0.0,0.0,0.44,0.0,25.43,12.72,20.58,12.72,7.6,0.0,4.17,0.53,0.0,0.0,0.84,0.0,11.0,1.86,0.45,0.18,-0.27,2.66,-0.4973167510393708,0,1,Fast
P103,"Laguna_Seca, Laguna_Seca",", McLaren 720S GT3","24/08/2024, ",Lap 8,93.274,61.6,227.4,137.5,193.5,193.3,37.5,0.0,94.0,12.0,0.0,0.0,21.0,-9.84,3.15,-1.57,-0.18,-0.3,2.35,-38.43,59.32,3.84,0.9,1.55,16.68,0.0,100.0,63.0,100.0,100.0,44.0,2.03,0.67,0.11,0.12,0.53,0.0,1.5,0.48,0.24,0.23,0.29,-0.0,146.63,30.02,2.21,3.88,38.7,0.0,1.0,0.24,0.0,0.0,0.43,0.0,22.23,12.13,12.72,1.33,6.03,0.0,4.13,0.44,0.0,0.27,0.69,0.0,9.84,1.6,0.18,0.3,0.12,2.32,-0.573890768021208,0,1,Fast
P103,"Laguna_Seca, Laguna_Seca",", McLaren 720S GT3","24/08/2024, ",Lap 9,93.047,69.4,227.5,137.4,193.3,194.5,38.8,0.0,95.0,13.0,0.0,0.0,27.0,-9.96,7.9,-1.72,-0.3,-0.26,2.53,-57.85,59.87,3.86,1.55,1.14,17.37,0.0,100.0,68.0,100.0,100.0,42.0,3.5,0.7,0.12,0.23,0.55,0.0,1.78,0.5,0.23,0.24,0.36,-0.0,160.2,32.36,3.88,4.11,40.39,0.0,1.0,0.26,0.0,0.0,0.44,0.0,24.53,12.85,1.33,5.89,6.98,0.0,4.08,0.5,0.27,0.0,0.7,0.0,9.96,1.78,0.3,0.26,-0.03,2.46,-0.589032145943575,0,1,Fast
P103,"Laguna_Seca, Laguna_Seca",", McLaren 720S GT3","24/08/2024, ",Lap 10,92.404,70.0,229.3,139.1,194.5,191.9,37.9,0.0,85.0,12.0,0.0,0.0,24.0,-12.89,8.24,-1.99,-0.26,-0.3,3.4,-42.95,66.84,3.87,1.14,1.34,17.0,0.0,100.0,68.0,100.0,100.0,43.0,2.48,0.7,0.23,0.12,0.57,0.0,1.49,0.47,0.24,0.24,0.34,-0.0,180.3,36.21,4.11,4.03,47.41,0.0,1.0,0.28,0.0,0.0,0.45,0.0,26.08,13.52,5.89,0.0,7.35,0.0,4.12,0.51,0.0,0.0,0.74,0.0,12.89,2.13,0.26,0.3,0.04,3.23,-0.6319215997060502,0,1,Fast
P103,"Laguna_Seca, Laguna_Seca",", McLaren 720S GT3","24/08/2024, ",Lap 11,117.62,0.0,226.8,111.1,191.9,190.1,54.0,0.0,73.0,11.0,0.0,0.0,20.0,-12.1,21.72,-0.93,-0.3,-0.43,4.24,-138.4,59.58,0.01,1.34,2.36,24.67,0.0,100.0,62.0,100.0,100.0,44.0,3.29,0.61,0.12,0.24,0.57,-0.0,32.75,0.46,0.24,0.24,0.73,-0.0,240.0,54.3,4.03,6.45,64.03,0.0,1.0,0.28,0.0,0.0,0.45,0.0,33.13,16.43,0.0,0.0,9.43,0.0,4.55,1.02,0.0,0.55,1.16,0.0,12.1,1.64,0.3,0.43,0.13,2.82,1.0500386896789775,0,1,Slow
P102,"Laguna_Seca, Laguna_Seca",", McLaren 720S GT3","24/08/2024, ",Lap 2,93.974,65.7,224.3,137.2,191.6,192.9,37.3,0.0,100.0,13.0,0.0,0.0,25.0,-8.29,11.19,-1.05,-0.55,-0.6,1.87,-41.57,71.77,3.83,3.45,3.61,17.4,0.0,100.0,68.0,100.0,100.0,41.0,2.27,0.72,0.24,0.3,0.56,0.0,1.85,0.46,0.26,0.24,0.33,-0.0,145.22,26.52,7.36,8.48,29.63,0.0,1.0,0.25,0.0,0.0,0.44,0.0,23.83,11.48,6.31,0.0,7.23,0.0,3.6,0.61,0.18,0.23,0.64,0.0,8.29,1.23,0.55,0.6,0.06,1.48,-0.5271992942517948,0,1,Fast
P102,"Laguna_Seca, Laguna_Seca",", McLaren 720S GT3","24/08/2024, ",Lap 3,89.639,63.9,227.9,143.6,192.9,192.2,38.6,0.0,100.0,14.0,0.0,0.0,29.0,-8.56,9.83,-1.3,-0.6,-0.6,1.98,-43.65,54.02,4.01,3.61,3.92,17.44,0.0,100.0,72.0,100.0,100.0,41.0,2.63,0.77,0.3,0.33,0.56,0.0,1.8,0.48,0.24,0.25,0.36,-0.0,146.83,28.48,8.48,8.73,33.68,0.0,1.0,0.25,0.0,0.0,0.43,0.0,22.07,11.0,0.0,11.92,6.56,0.0,4.08,0.49,0.23,0.0,0.68,0.0,8.56,1.4,0.6,0.6,-0.0,1.76,-0.8163529210952317,0,1,Fast
P102,"Laguna_Seca, Laguna_Seca",", McLaren 720S GT3","24/08/2024, ",Lap 4,92.204,31.3,225.8,139.6,192.2,192.1,43.4,0.0,100.0,15.0,0.0,0.0,31.0,-6.88,2.33,-1.32,-0.6,-0.73,1.48,-43.94,46.59,3.87,3.92,4.45,17.32,0.0,100.0,71.0,100.0,100.0,41.0,2.99,0.73,0.33,0.38,0.57,0.0,1.84,0.48,0.25,0.25,0.38,-0.0,159.36,31.04,8.73,10.5,34.28,0.0,1.0,0.27,0.0,0.0,0.44,0.0,24.48,12.47,11.92,7.34,7.12,0.0,4.1,0.51,0.0,0.03,0.72,0.0,6.88,1.33,0.6,0.73,0.12,1.46,-0.6452620207830255,0,0,Fast
P102,"Laguna_Seca, Laguna_Seca",", McLaren 720S GT3","24/08/2024, ",Lap 5,103.234,0.1,222.2,124.7,192.1,191.3,48.5,0.0,100.0,13.0,0.0,0.0,27.0,-6.48,26.09,-0.73,-0.73,-0.67,3.26,-45.17,106.69,6.97,4.45,4.37,20.39,0.0,100.0,70.0,100.0,100.0,39.0,2.14,0.67,0.38,0.33,0.52,0.0,1.79,0.45,0.25,0.26,0.36,-0.0,240.0,43.99,10.5,9.38,62.53,0.0,1.0,0.24,0.0,0.0,0.43,0.0,24.8,13.1,7.34,0.0,7.11,0.0,4.17,0.75,0.03,0.0,1.02,0.0,6.48,1.15,0.73,0.67,-0.06,1.42,0.0904622016121542,0,0,Fast
P102,"Laguna_Seca, Laguna_Seca",", McLaren 720S GT3","24/08/2024, ",Lap 6,90.464,58.6,225.7,141.7,191.3,189.8,37.5,0.0,100.0,13.0,0.0,0.0,29.0,-6.51,1.8,-1.3,-0.67,-0.55,1.39,-46.13,58.64,3.96,4.37,4.13,17.08,0.0,100.0,70.0,100.0,100.0,40.0,2.51,0.74,0.33,0.41,0.57,0.0,1.81,0.46,0.26,0.26,0.39,-0.0,138.13,26.92,9.38,8.61,28.76,0.0,1.0,0.24,0.0,0.0,0.43,0.0,22.02,11.54,0.0,9.25,6.49,0.0,4.23,0.43,0.0,0.25,0.71,0.0,6.51,1.32,0.67,0.55,-0.11,1.36,-0.761323684152709,0,0,Fast
P102,"Laguna_Seca, Laguna_Seca",", McLaren 720S GT3","24/08/2024, ",Lap 7,89.582,47.5,224.4,143.4,189.8,192.9,38.4,0.0,100.0,15.0,0.0,0.0,31.0,-7.45,10.98,-1.38,-0.55,-0.38,1.81,-63.65,44.93,3.98,4.13,2.14,17.36,0.0,100.0,74.0,100.0,100.0,39.0,2.86,0.77,0.41,0.16,0.57,0.0,1.86,0.48,0.26,0.24,0.38,-0.0,160.38,29.56,8.61,5.14,32.57,0.0,1.0,0.26,0.0,0.0,0.44,0.0,22.95,11.18,9.25,11.47,6.87,0.0,4.23,0.48,0.25,0.0,0.74,0.0,7.45,1.46,0.55,0.38,-0.18,1.62,-0.8201549411021698,0,1,Fast
P102,"Laguna_Seca, Laguna_Seca",", McLaren 720S GT3","24/08/2024, ",Lap 8,90.232,58.6,228.1,143.0,192.9,191.8,38.7,0.0,100.0,15.0,0.0,0.0,30.0,-7.91,5.95,-1.37,-0.38,-0.66,1.57,-44.36,51.79,3.99,2.14,4.77,17.08,0.0,100.0,70.0,100.0,100.0,40.0,2.73,0.77,0.16,0.45,0.55,0.0,1.82,0.47,0.24,0.26,0.37,-0.0,141.28,28.46,5.14,10.28,29.65,0.0,1.0,0.26,0.0,0.0,0.44,0.0,23.78,11.97,11.47,13.79,7.44,0.0,4.15,0.49,0.0,0.0,0.74,0.0,7.91,1.42,0.38,0.66,0.29,1.48,-0.7767985726020001,0,1,Fast
P102,"Laguna_Seca, Laguna_Seca",", McLaren 720S GT3","24/08/2024, ",Lap 9,94.432,33.1,226.0,136.6,191.8,188.9,43.7,0.0,100.0,16.0,0.0,0.0,32.0,-9.99,22.67,-1.04,-0.66,-0.44,2.24,-65.23,59.6,3.78,4.77,2.81,17.32,0.0,100.0,70.0,100.0,100.0,41.0,2.59,0.7,0.45,0.25,0.55,0.0,1.91,0.48,0.26,0.27,0.38,-0.0,210.92,31.5,10.28,6.28,38.45,0.0,1.0,0.24,0.0,0.0,0.42,0.0,22.33,11.67,13.79,14.74,6.56,0.0,4.33,0.45,0.0,0.0,0.72,0.0,9.99,1.21,0.66,0.44,-0.22,1.36,-0.4966497299855217,0,1,Fast
P102,"Laguna_Seca, Laguna_Seca",", McLaren 720S GT3","24/08/2024, ",Lap 10,90.411,64.7,221.4,141.9,188.9,191.6,36.8,0.0,100.0,14.0,0.0,0.0,28.0,-6.73,3.84,-1.24,-0.44,-0.55,1.33,-49.5,64.45,4.0,2.81,2.77,17.11,0.0,100.0,72.0,100.0,100.0,41.0,2.36,0.76,0.25,0.34,0.55,0.0,1.82,0.48,0.27,0.25,0.37,-0.0,133.48,26.58,6.28,8.07,27.36,0.0,1.0,0.23,0.0,0.0,0.42,0.0,21.07,10.24,14.74,0.0,6.35,0.0,4.3,0.42,0.0,0.0,0.71,0.0,6.73,1.27,0.44,0.55,0.11,1.3,-0.7648588957381073,0,1,Fast
P102,"Laguna_Seca, Laguna_Seca",", McLaren 720S GT3","24/08/2024, ",Lap 11,90.39,67.0,225.0,142.2,191.6,193.1,37.6,0.0,100.0,13.0,0.0,0.0,25.0,-7.45,12.87,-1.28,-0.55,-0.86,2.1,-42.22,57.35,3.94,2.77,5.0,17.46,0.0,100.0,71.0,100.0,100.0,41.0,2.51,0.76,0.34,0.41,0.57,0.0,1.8,0.46,0.25,0.24,0.35,-0.0,128.96,28.83,8.07,12.18,31.85,0.0,1.0,0.25,0.0,0.0,0.43,0.0,22.72,11.3,0.0,13.63,6.83,0.0,3.93,0.42,0.0,0.0,0.71,0.0,7.45,1.42,0.55,0.86,0.31,1.68,-0.7662596399511897,0,1,Fast
P102,"Laguna_Seca, Laguna_Seca",", McLaren 720S GT3","24/08/2024, ",Lap 12,89.07,58.5,225.9,144.1,193.1,193.3,37.7,0.0,100.0,12.0,0.0,0.0,26.0,-6.99,3.25,-1.43,-0.86,-0.59,1.59,-51.32,58.96,4.03,5.0,4.08,17.58,0.0,100.0,70.0,100.0,100.0,41.0,2.62,0.78,0.41,0.33,0.62,0.0,1.89,0.44,0.24,0.26,0.36,-0.0,146.76,28.53,12.18,9.07,30.64,0.0,1.0,0.29,0.0,0.0,0.45,0.0,25.9,12.37,13.63,10.36,7.94,0.0,4.02,0.51,0.0,0.0,0.72,0.0,6.99,1.45,0.86,0.59,-0.27,1.56,-0.8543064190592262,0,1,Fast
P101,"Laguna_Seca, Laguna_Seca",", McLaren 720S GT3","24/08/2024, ",Lap 2,89.722,56.8,224.5,143.7,191.5,193.2,39.4,0.0,100.0,12.0,0.0,0.0,27.0,-7.83,16.18,-1.28,-0.39,-0.45,2.16,-47.01,49.46,3.98,2.05,3.6,17.89,0.0,100.0,69.0,100.0,100.0,43.0,2.92,0.79,0.21,0.23,0.59,0.0,1.91,0.44,0.23,0.24,0.36,-0.0,168.57,30.15,5.79,6.33,31.6,0.0,1.0,0.35,0.0,0.0,0.48,0.0,31.35,15.83,0.0,13.79,9.44,0.0,4.18,0.65,0.03,0.0,0.86,0.0,7.83,1.47,0.39,0.45,0.05,1.57,-0.8108166463482871,0,1,Fast
P101,"Laguna_Seca, Laguna_Seca",", McLaren 720S GT3","24/08/2024, ",Lap 3,92.714,59.0,225.2,139.0,193.2,192.2,38.3,0.0,100.0,11.0,0.0,0.0,27.0,-7.45,9.59,-1.46,-0.45,-0.57,1.77,-37.57,66.92,3.88,3.6,3.36,17.55,0.0,100.0,67.0,100.0,100.0,42.0,2.9,0.76,0.23,0.25,0.58,0.0,1.93,0.44,0.24,0.22,0.36,-0.0,149.38,30.28,6.33,7.94,29.96,0.0,1.0,0.33,0.0,0.0,0.47,0.0,30.73,14.16,13.79,18.44,9.21,0.0,3.95,0.67,0.0,0.0,0.8,0.0,7.45,1.54,0.45,0.57,0.12,1.6,-0.6112439470367386,0,1,Fast
P101,"Laguna_Seca, Laguna_Seca",", McLaren 720S GT3","24/08/2024, ",Lap 4,88.572,55.7,224.9,145.4,192.2,189.2,39.0,0.0,100.0,12.0,0.0,0.0,29.0,-8.13,3.43,-1.53,-0.57,-0.49,1.58,-49.5,48.58,4.06,3.36,3.18,17.71,0.0,100.0,69.0,100.0,100.0,42.0,2.93,0.8,0.25,0.31,0.59,0.0,1.91,0.44,0.22,0.04,0.37,-0.0,172.06,29.95,7.94,7.44,31.22,0.0,1.0,0.31,0.0,0.0,0.46,0.0,27.35,12.83,18.44,7.66,8.55,0.0,3.22,0.55,0.0,0.0,0.77,0.0,8.13,1.55,0.57,0.49,-0.08,1.56,-0.8875240675408937,0,0,Fast
P101,"Laguna_Seca, Laguna_Seca",", McLaren 720S GT3","24/08/2024, ",Lap 5,93.489,44.5,225.1,138.4,189.2,192.3,42.1,0.0,100.0,13.0,0.0,0.0,30.0,-8.76,25.41,-1.2,-0.49,-0.47,2.3,-61.34,49.06,3.81,3.18,2.41,17.61,0.0,100.0,66.0,100.0,100.0,43.0,3.86,0.74,0.31,0.19,0.58,0.0,1.97,0.45,0.04,0.22,0.37,-0.0,224.49,31.63,7.44,6.54,35.22,0.0,1.0,0.32,0.0,0.0,0.47,0.0,30.12,14.37,7.66,28.31,9.28,0.0,4.03,0.59,0.0,0.47,0.86,0.0,8.76,1.38,0.49,0.47,-0.01,1.37,-0.5595498153634595,0,0,Fast
P101,"Laguna_Seca, Laguna_Seca",", McLaren 720S GT3","24/08/2024, ",Lap 6,88.219,57.7,225.0,145.6,192.3,190.6,38.5,0.0,100.0,13.0,0.0,0.0,30.0,-7.17,4.64,-1.54,-0.47,-0.36,1.57,-45.35,51.14,4.07,2.41,2.1,17.44,0.0,100.0,69.0,100.0,100.0,42.0,2.79,0.8,0.19,0.24,0.59,0.0,1.99,0.45,0.22,0.2,0.37,-0.0,123.01,29.9,6.54,5.56,29.35,0.0,1.0,0.31,0.0,0.0,0.46,0.0,28.31,12.87,28.31,21.76,8.28,0.0,3.95,0.58,0.47,0.0,0.82,0.0,7.17,1.56,0.47,0.36,-0.11,1.54,-0.9110699107417556,0,0,Fast
P101,"Laguna_Seca, Laguna_Seca",", McLaren 720S GT3","24/08/2024, ",Lap 7,87.722,55.0,225.3,146.7,190.6,191.3,38.7,0.0,100.0,12.0,0.0,0.0,30.0,-6.59,4.75,-1.53,-0.36,-0.35,1.51,-40.31,57.97,4.09,2.1,2.24,17.68,0.0,100.0,69.0,100.0,100.0,43.0,2.94,0.82,0.24,0.24,0.61,0.0,1.94,0.44,0.2,0.21,0.37,-0.0,165.97,29.93,5.56,5.28,29.41,0.0,1.0,0.35,0.0,0.0,0.48,0.0,30.75,14.92,21.76,14.76,9.38,0.0,4.13,0.63,0.0,0.0,0.87,0.0,6.59,1.55,0.36,0.35,-0.02,1.46,-0.9442208571180388,0,1,Fast
P101,"Laguna_Seca, Laguna_Seca",", McLaren 720S GT3","24/08/2024, ",Lap 8,88.029,64.6,225.1,146.2,191.3,191.3,38.6,0.0,100.0,12.0,0.0,0.0,29.0,-6.02,12.31,-1.49,-0.35,-0.45,1.74,-62.43,45.81,4.07,2.24,2.28,17.9,0.0,100.0,69.0,100.0,100.0,43.0,2.89,0.82,0.24,0.25,0.59,0.0,1.9,0.45,0.21,0.22,0.36,-0.0,134.18,30.56,5.28,6.63,29.44,0.0,1.0,0.34,0.0,0.0,0.47,0.0,29.67,14.44,14.76,21.95,9.07,0.0,4.12,0.58,0.0,0.0,0.85,0.0,6.02,1.56,0.35,0.45,0.1,1.5,-0.9237433107648816,0,1,Fast
P101,"Laguna_Seca, Laguna_Seca",", McLaren 720S GT3","24/08/2024, ",Lap 9,87.059,68.3,225.2,147.5,191.3,190.3,38.1,0.0,100.0,13.0,0.0,0.0,30.0,-7.4,2.44,-1.6,-0.45,-0.19,1.63,-47.02,54.85,4.09,2.28,0.82,17.77,0.0,100.0,70.0,100.0,100.0,43.0,3.05,0.82,0.25,0.06,0.61,0.0,1.93,0.44,0.22,0.22,0.37,-0.0,145.04,30.35,6.63,2.44,30.03,0.0,1.0,0.31,0.0,0.0,0.46,0.0,26.67,12.91,21.95,5.33,8.19,0.0,4.15,0.51,0.0,0.0,0.85,0.0,7.4,1.62,0.45,0.19,-0.26,1.6,-0.9884443529882112,0,1,Fast
P101,"Laguna_Seca, Laguna_Seca",", McLaren 720S GT3","24/08/2024, ",Lap 10,87.724,64.0,225.3,146.5,190.3,189.8,38.0,0.0,100.0,12.0,0.0,0.0,30.0,-6.54,4.91,-1.65,-0.19,-0.32,1.73,-42.47,55.3,4.1,0.82,2.15,17.71,0.0,100.0,69.0,100.0,100.0,42.0,3.07,0.81,0.06,0.25,0.62,0.0,1.89,0.43,0.22,0.25,0.37,-0.0,99.76,31.07,2.44,5.16,29.68,0.0,1.0,0.33,0.0,0.0,0.47,0.0,29.25,13.9,5.33,22.23,9.15,0.0,4.08,0.61,0.0,0.28,0.82,0.0,6.54,1.68,0.19,0.32,0.13,1.68,-0.9440874529072684,0,1,Fast
P101,"Laguna_Seca, Laguna_Seca",", McLaren 720S GT3","24/08/2024, ",Lap 11,87.936,57.2,225.3,146.1,189.8,192.4,37.9,0.0,100.0,13.0,0.0,0.0,30.0,-5.7,12.11,-1.39,-0.32,-0.46,1.57,-49.8,59.17,4.05,2.15,2.02,17.45,0.0,100.0,68.0,100.0,100.0,43.0,3.07,0.81,0.25,0.13,0.6,0.0,1.88,0.44,0.25,0.23,0.37,-0.0,139.03,29.0,5.16,5.77,27.67,0.0,1.0,0.32,0.0,0.0,0.47,0.0,28.43,14.15,22.23,17.06,8.55,0.0,4.12,0.65,0.28,0.32,0.77,0.0,5.7,1.46,0.32,0.46,0.14,1.35,-0.9299466065656744,0,1,Fast
P101,"Laguna_Seca, Laguna_Seca",", McLaren 720S GT3","24/08/2024, ",Lap 12,91.79,44.7,228.7,140.3,192.4,193.9,43.6,0.0,100.0,12.0,0.0,0.0,30.0,-17.46,22.95,-0.99,-0.46,-0.39,3.86,-47.99,173.78,3.92,2.02,2.77,20.18,0.0,100.0,70.0,100.0,100.0,42.0,5.87,0.81,0.13,0.27,0.64,0.0,3.59,0.42,0.23,0.24,0.37,-0.0,240.0,36.41,5.77,5.91,42.3,0.0,1.0,0.36,0.0,0.0,0.48,0.0,33.12,15.6,17.06,6.62,10.13,0.0,4.17,0.9,0.32,0.17,1.11,0.0,17.46,1.58,0.46,0.39,-0.07,1.73,-0.6728766924123633,0,1,Fast
P100,"Laguna_Seca, Laguna_Seca",", McLaren 720S GT3","24/08/2024, ",Lap 2,109.349,41.2,212.2,121.5,190.9,184.3,46.5,0.0,100.0,16.0,0.0,0.0,33.0,-7.47,1.15,-1.35,-0.98,-0.5,1.67,-38.06,48.24,3.27,5.75,2.35,17.37,0.0,100.0,63.0,96.0,100.0,40.0,2.28,0.61,0.48,0.2,0.48,0.0,2.03,0.48,0.23,0.27,0.37,-0.0,157.18,36.67,14.24,7.03,40.06,0.0,1.0,0.25,0.0,0.0,0.43,0.0,27.32,15.18,21.37,24.04,8.1,0.0,4.65,0.63,0.37,1.52,0.79,0.0,7.47,1.37,0.98,0.5,-0.48,1.66,0.4983455760406701,0,1,Slow
P100,"Laguna_Seca, Laguna_Seca",", McLaren 720S GT3","24/08/2024, ",Lap 3,115.297,0.0,216.1,114.5,184.3,188.9,55.0,0.0,100.0,15.0,0.0,0.0,31.0,-7.72,19.08,-0.69,-0.5,-0.68,2.74,-44.94,218.77,3.12,2.35,4.78,21.48,0.0,100.0,64.0,100.0,100.0,41.0,8.2,0.6,0.2,0.41,0.56,0.0,12.63,0.47,0.27,0.23,0.44,-0.0,240.0,47.09,7.03,10.11,62.4,0.0,1.0,0.19,0.0,0.0,0.39,0.0,24.04,12.32,24.04,1.28,5.94,0.0,4.23,0.6,1.52,0.22,0.78,0.0,7.72,1.05,0.5,0.68,0.18,1.5,0.8950896988699107,0,1,Slow
P100,"Laguna_Seca, Laguna_Seca",", McLaren 720S GT3","24/08/2024, ",Lap 4,112.962,0.0,223.4,117.2,188.9,185.1,55.3,0.0,100.0,16.0,0.0,0.0,32.0,-10.15,20.62,-0.9,-0.68,-0.84,2.72,-54.26,144.09,3.16,4.78,5.51,18.98,0.0,100.0,64.0,100.0,100.0,41.0,8.87,0.64,0.41,0.44,0.56,0.0,23.74,0.49,0.23,0.13,0.64,-0.0,215.83,44.39,10.11,12.16,51.19,0.0,1.0,0.25,0.0,0.0,0.43,0.0,28.15,16.18,1.28,9.57,7.77,0.0,4.33,1.05,0.22,0.6,1.39,0.0,10.15,1.2,0.68,0.84,0.16,1.64,0.7393402827962262,0,0,Slow
P100,"Laguna_Seca, Laguna_Seca",", McLaren 720S GT3","24/08/2024, ",Lap 5,98.179,45.0,217.4,133.1,185.1,186.6,41.6,0.0,100.0,16.0,0.0,0.0,33.0,-9.43,1.76,-1.51,-0.84,-0.55,1.85,-46.9,48.25,3.66,5.51,3.88,17.79,0.0,100.0,68.0,100.0,100.0,40.0,2.49,0.71,0.44,0.31,0.54,0.0,1.76,0.49,0.13,0.22,0.37,-0.0,160.89,33.13,12.16,7.6,37.48,0.0,1.0,0.27,0.0,0.0,0.44,0.0,26.05,13.85,9.57,15.63,7.79,0.0,4.03,0.64,0.6,0.32,0.78,0.0,9.43,1.54,0.84,0.55,-0.3,1.82,-0.2467169411083922,0,0,Fast
P100,"Laguna_Seca, Laguna_Seca",", McLaren 720S GT3","24/08/2024, ",Lap 6,95.409,48.1,221.9,135.4,186.6,192.6,40.0,0.0,100.0,16.0,0.0,0.0,33.0,-7.26,10.21,-1.25,-0.55,-1.1,2.0,-57.79,57.64,3.75,3.88,7.18,18.71,0.0,100.0,67.0,100.0,100.0,41.0,2.54,0.72,0.31,0.52,0.56,0.0,1.83,0.48,0.22,0.23,0.37,-0.0,172.58,30.74,7.6,15.84,34.51,0.0,1.0,0.3,0.0,0.0,0.46,0.0,28.52,14.41,15.63,1.71,8.23,0.0,4.05,0.69,0.32,0.0,0.97,0.0,7.26,1.42,0.55,1.1,0.55,1.59,-0.4314817730244978,0,0,Fast
P100,"Laguna_Seca, Laguna_Seca",", McLaren 720S GT3","24/08/2024, ",Lap 7,92.982,49.2,224.5,139.4,192.6,190.6,39.5,0.0,100.0,15.0,0.0,0.0,32.0,-9.17,4.98,-1.49,-1.1,-0.82,1.97,-43.89,50.27,3.84,7.18,5.2,18.23,0.0,100.0,68.0,100.0,100.0,41.0,2.53,0.76,0.52,0.29,0.57,0.0,1.79,0.47,0.23,0.26,0.36,-0.0,184.75,31.44,15.84,10.95,37.3,0.0,1.0,0.27,0.0,0.0,0.44,0.0,24.83,12.03,1.71,3.48,7.46,0.0,4.27,0.47,0.0,0.0,0.75,0.0,9.17,1.55,1.1,0.82,-0.27,1.88,-0.5933677827935918,0,1,Fast
P100,"Laguna_Seca, Laguna_Seca",", McLaren 720S GT3","24/08/2024, ",Lap 8,105.387,0.0,222.1,123.6,190.6,193.1,54.4,0.0,100.0,16.0,0.0,0.0,33.0,-7.87,18.19,-1.09,-0.82,-0.84,2.61,-55.91,46.53,3.42,5.2,4.12,18.09,0.0,100.0,66.0,100.0,100.0,42.0,3.87,0.66,0.29,0.36,0.57,0.0,16.49,0.47,0.26,0.24,0.51,-0.0,240.0,43.31,10.95,11.81,51.72,0.0,1.0,0.27,0.0,0.0,0.44,0.0,28.28,14.76,3.48,26.02,7.75,0.0,4.35,0.7,0.0,0.0,0.82,0.0,7.87,1.34,0.82,0.84,0.02,1.66,0.2340718345057921,0,1,Slow
P100,"Laguna_Seca, Laguna_Seca",", McLaren 720S GT3","24/08/2024, ",Lap 9,94.962,43.1,229.3,137.1,193.1,189.3,42.0,0.0,100.0,17.0,0.0,0.0,34.0,-10.75,2.77,-1.43,-0.84,-0.85,1.72,-49.25,52.88,3.77,4.12,5.03,17.92,0.0,100.0,70.0,100.0,100.0,40.0,2.27,0.71,0.36,0.31,0.54,0.0,1.86,0.5,0.24,0.24,0.38,-0.0,240.0,32.67,11.81,11.52,41.28,0.0,1.0,0.26,0.0,0.0,0.44,0.0,26.02,12.0,26.02,0.0,7.6,0.0,4.28,0.49,0.0,0.0,0.8,0.0,10.75,1.44,0.84,0.85,0.01,1.7,-0.4612976141315375,0,1,Fast
P100,"Laguna_Seca, Laguna_Seca",", McLaren 720S GT3","24/08/2024, ",Lap 10,94.99,41.7,227.6,136.5,189.3,193.2,42.8,0.0,100.0,16.0,0.0,0.0,33.0,-10.78,22.39,-1.31,-0.85,-0.7,2.7,-44.9,72.69,3.77,5.03,4.52,18.28,0.0,100.0,68.0,100.0,100.0,41.0,3.63,0.71,0.31,0.38,0.55,0.0,2.49,0.49,0.24,0.24,0.38,-0.0,189.62,34.99,11.52,9.74,43.37,0.0,1.0,0.27,0.0,0.0,0.44,0.0,25.78,13.56,0.0,20.63,7.44,0.0,4.22,0.49,0.0,0.0,0.83,0.0,10.78,1.51,0.85,0.7,-0.15,2.02,-0.4594299551807616,0,1,Fast
P100,"Laguna_Seca, Laguna_Seca",", McLaren 720S GT3","24/08/2024, ",Lap 11,92.6,51.6,229.8,139.4,193.2,193.0,40.1,0.0,100.0,17.0,0.0,0.0,36.0,-9.67,2.01,-1.5,-0.7,-1.08,1.83,-48.23,48.83,3.86,4.52,5.86,17.46,0.0,100.0,71.0,100.0,100.0,41.0,2.39,0.71,0.38,0.47,0.54,0.0,1.95,0.51,0.24,0.24,0.4,-0.0,170.21,30.23,9.74,15.31,35.36,0.0,1.0,0.28,0.0,0.0,0.45,0.0,26.28,12.78,20.63,0.0,7.71,0.0,4.13,0.51,0.0,0.0,0.79,0.0,9.67,1.52,0.7,1.08,0.38,1.81,-0.6188479870506147,0,1,Fast
P099,"Laguna_Seca, Laguna_Seca",", McLaren 720S GT3","24/08/2024, ",Lap 2,95.737,66.7,208.9,134.1,184.3,192.0,34.0,0.0,100.0,8.0,0.0,0.0,18.0,-5.54,8.54,-0.98,-0.81,-0.63,1.09,-49.77,49.71,3.76,6.46,4.34,16.57,0.0,100.0,55.0,100.0,100.0,40.0,2.22,0.7,0.46,0.4,0.53,0.0,1.69,0.38,0.26,0.26,0.3,-0.0,120.81,23.97,11.92,9.0,23.75,0.0,1.0,0.17,0.0,0.0,0.38,0.0,16.63,7.65,7.03,2.33,4.71,0.0,3.33,0.4,0.97,0.07,0.55,0.0,5.54,1.03,0.81,0.63,-0.18,0.96,-0.4096034824582594,0,1,Fast
P099,"Laguna_Seca, Laguna_Seca",", McLaren 720S GT3","24/08/2024, ",Lap 3,93.874,69.8,223.9,136.7,192.0,189.1,35.1,0.0,100.0,9.0,0.0,0.0,19.0,-3.88,2.91,-1.01,-0.63,-0.88,1.01,-59.17,49.09,3.83,4.34,4.96,16.74,0.0,100.0,57.0,100.0,100.0,40.0,3.05,0.72,0.4,0.46,0.56,0.0,1.7,0.39,0.26,0.26,0.3,-0.0,101.13,23.71,9.0,12.58,22.86,0.0,1.0,0.17,0.0,0.0,0.37,0.0,15.6,8.24,2.33,10.92,4.48,0.0,3.42,0.3,0.07,0.22,0.53,0.0,3.88,1.04,0.63,0.88,0.25,0.95,-0.533869504790283,0,1,Fast
P099,"Laguna_Seca, Laguna_Seca",", McLaren 720S GT3","24/08/2024, ",Lap 4,94.917,58.7,224.9,136.2,189.1,189.5,38.3,0.0,100.0,10.0,0.0,0.0,22.0,-6.78,6.86,-1.12,-0.88,-0.63,1.31,-54.43,53.76,3.78,4.96,4.27,16.95,0.0,100.0,62.0,100.0,100.0,39.0,2.72,0.74,0.46,0.36,0.54,0.0,1.82,0.4,0.26,0.27,0.31,-0.0,130.1,26.23,12.58,8.91,25.42,0.0,1.0,0.2,0.0,0.0,0.4,0.0,19.33,10.6,10.92,13.15,5.36,0.0,4.23,0.51,0.22,0.38,0.72,0.0,6.78,1.19,0.88,0.63,-0.26,1.17,-0.464299208873857,0,0,Fast
P099,"Laguna_Seca, Laguna_Seca",", McLaren 720S GT3","24/08/2024, ",Lap 5,108.824,0.0,223.5,119.9,189.5,192.4,51.9,0.0,100.0,11.0,0.0,0.0,22.0,-7.4,30.01,-0.68,-0.63,-0.76,2.64,-90.21,65.92,0.01,4.27,6.7,20.33,0.0,100.0,58.0,100.0,100.0,41.0,2.95,0.65,0.36,0.49,0.52,0.0,1.75,0.4,0.27,0.25,0.31,-0.0,240.0,47.21,8.91,10.86,66.26,0.0,1.0,0.19,0.0,0.0,0.39,0.0,20.28,11.15,13.15,4.87,5.71,0.0,4.1,0.49,0.38,0.3,0.62,0.0,7.4,0.97,0.63,0.76,0.13,1.08,0.4633269707136099,0,0,Slow
P099,"Laguna_Seca, Laguna_Seca",", McLaren 720S GT3","24/08/2024, ",Lap 6,94.047,67.9,225.3,136.4,192.4,189.6,36.7,0.0,100.0,10.0,0.0,0.0,21.0,-4.72,6.06,-0.99,-0.76,-1.1,1.03,-47.82,47.74,3.82,6.7,7.37,16.65,0.0,100.0,59.0,100.0,100.0,41.0,2.64,0.71,0.49,0.52,0.53,0.0,1.66,0.4,0.25,0.26,0.31,-0.0,112.01,23.79,10.86,15.71,23.29,0.0,1.0,0.16,0.0,0.0,0.37,0.0,15.32,8.15,4.87,6.43,4.23,0.0,3.93,0.33,0.3,0.22,0.56,0.0,4.72,1.03,0.76,1.1,0.35,0.95,-0.5223300405586992,0,0,Fast
P099,"Laguna_Seca, Laguna_Seca",", McLaren 720S GT3","24/08/2024, ",Lap 7,94.467,47.4,220.9,135.9,189.6,190.9,38.2,0.0,100.0,9.0,0.0,0.0,20.0,-8.11,18.25,-0.7,-1.1,-0.55,2.37,-66.82,232.97,3.77,7.37,3.88,20.67,0.0,100.0,61.0,100.0,100.0,42.0,10.06,0.73,0.52,0.25,0.6,0.0,6.19,0.41,0.26,0.27,0.33,-0.0,163.07,26.21,15.71,7.7,28.52,0.0,1.0,0.19,0.0,0.0,0.39,0.0,17.5,8.64,6.43,7.0,5.07,0.0,4.12,0.38,0.22,0.07,0.62,0.0,8.11,1.02,1.1,0.55,-0.55,1.01,-0.4943151562970513,0,1,Fast
P099,"Laguna_Seca, Laguna_Seca",", McLaren 720S GT3","24/08/2024, ",Lap 8,91.177,68.9,224.5,140.4,190.9,191.6,36.5,0.0,100.0,9.0,0.0,0.0,19.0,-5.46,3.61,-1.08,-0.55,-0.8,1.04,-65.87,45.84,3.96,3.88,5.96,16.74,0.0,100.0,60.0,100.0,100.0,42.0,3.41,0.75,0.25,0.49,0.56,0.0,1.7,0.41,0.27,0.26,0.29,-0.0,105.4,24.44,7.7,11.51,23.45,0.0,1.0,0.16,0.0,0.0,0.37,0.0,14.75,7.25,7.0,11.5,4.02,0.0,3.33,0.28,0.07,0.13,0.52,0.0,5.46,1.1,0.55,0.8,0.25,1.0,-0.7137650830132921,0,1,Fast
P099,"Laguna_Seca, Laguna_Seca",", McLaren 720S GT3","24/08/2024, ",Lap 9,92.592,72.1,226.4,138.7,191.6,190.5,36.9,0.0,100.0,10.0,0.0,0.0,22.0,-5.62,12.45,-1.03,-0.8,-0.49,1.39,-52.12,53.49,3.85,5.96,2.25,17.12,0.0,100.0,61.0,100.0,100.0,41.0,2.27,0.74,0.49,0.12,0.54,0.0,1.72,0.41,0.26,0.26,0.33,-0.0,117.08,25.11,11.51,5.8,25.94,0.0,1.0,0.16,0.0,0.0,0.37,0.0,15.17,7.87,11.5,3.94,4.22,0.0,4.12,0.31,0.13,0.13,0.61,0.0,5.62,1.1,0.8,0.49,-0.31,1.12,-0.6193816038936933,0,1,Fast
P099,"Laguna_Seca, Laguna_Seca",", McLaren 720S GT3","24/08/2024, ",Lap 10,91.741,74.0,225.4,140.1,190.5,188.5,36.1,0.0,100.0,10.0,0.0,0.0,21.0,-7.68,2.61,-1.19,-0.49,-0.52,1.46,-65.35,49.62,3.91,2.25,3.42,16.76,0.0,100.0,62.0,100.0,100.0,41.0,3.46,0.74,0.12,0.26,0.57,0.0,1.83,0.42,0.26,0.27,0.32,-0.0,129.18,25.35,5.8,7.24,27.87,0.0,1.0,0.17,0.0,0.0,0.38,0.0,15.67,8.08,3.94,12.53,4.41,0.0,4.12,0.34,0.13,0.35,0.63,0.0,7.68,1.21,0.49,0.52,0.03,1.43,-0.6761450955762226,0,1,Fast
P099,"Laguna_Seca, Laguna_Seca",", McLaren 720S GT3","24/08/2024, ",Lap 11,94.21,60.6,225.8,136.6,188.5,184.9,36.3,0.0,100.0,10.0,0.0,0.0,21.0,-6.37,5.87,-1.15,-0.52,-1.02,1.23,-53.12,47.17,3.8,3.42,7.29,16.69,0.0,100.0,62.0,100.0,100.0,40.0,2.63,0.74,0.26,0.4,0.55,0.0,1.76,0.42,0.27,0.26,0.3,-0.0,125.43,25.52,7.24,14.22,24.98,0.0,1.0,0.22,0.0,0.0,0.41,0.0,20.48,10.48,12.53,4.1,6.05,0.0,3.62,0.52,0.35,0.45,0.69,0.0,6.37,1.18,0.52,1.02,0.5,1.17,-0.5114575973809647,0,1,Fast
P099,"Laguna_Seca, Laguna_Seca",", McLaren 720S GT3","24/08/2024, ",Lap 12,92.37,68.9,221.7,139.3,184.9,189.3,35.6,0.0,87.0,10.0,0.0,0.0,19.0,-7.1,10.7,-1.05,-1.02,-0.72,1.29,-51.41,53.89,3.9,7.29,5.27,17.24,2.0,100.0,62.0,100.0,100.0,40.0,2.48,0.75,0.4,0.43,0.56,0.0,1.5,0.41,0.26,0.25,0.28,-0.0,129.31,24.86,14.22,10.53,25.79,0.0,1.0,0.19,0.0,0.0,0.39,0.0,17.57,8.15,4.1,0.0,5.18,0.0,3.47,0.41,0.45,0.33,0.68,0.0,7.1,1.1,1.02,0.72,-0.31,1.13,-0.6341894712891354,0,1,Fast
P098,"Laguna_Seca, Laguna_Seca",", McLaren 720S GT3","24/08/2024, ",Lap 2,134.219,0.1,193.8,103.3,154.4,173.8,48.0,0.0,100.0,7.0,0.0,0.0,20.0,-12.42,13.5,-1.42,-0.22,-0.55,2.89,-119.67,341.16,2.66,1.37,5.17,25.95,0.0,100.0,64.0,87.0,100.0,32.0,16.46,0.55,0.1,0.42,0.63,0.0,21.81,0.36,0.33,0.21,0.61,-0.0,229.94,50.18,2.8,9.22,55.38,0.0,1.0,0.23,0.0,0.0,0.42,0.0,30.78,14.24,21.84,17.85,9.92,0.0,5.25,1.17,0.07,0.43,1.56,0.0,12.42,1.54,0.22,0.55,0.33,2.66,2.15722693696253,1,1,
P098,"Laguna_Seca, Laguna_Seca",", McLaren 720S GT3","24/08/2024, ",Lap 3,121.892,0.0,197.9,108.7,173.8,178.6,46.6,0.0,100.0,11.0,0.0,0.0,25.0,-15.39,24.13,-1.61,-0.55,-0.26,3.44,-122.67,204.96,5.86,5.17,2.4,25.59,0.0,100.0,64.0,100.0,100.0,38.0,15.2,0.54,0.42,0.22,0.6,0.0,11.67,0.4,0.21,0.32,0.38,-0.0,240.0,50.75,9.22,3.93,67.31,0.0,1.0,0.26,0.0,0.0,0.44,0.0,31.17,16.44,17.85,1.87,9.2,0.0,4.52,0.71,0.43,0.8,0.74,0.0,15.39,1.8,0.55,0.26,-0.3,2.86,1.3349900838831663,0,1,Slow
P098,"Laguna_Seca, Laguna_Seca",", McLaren 720S GT3","24/08/2024, ",Lap 4,128.237,0.0,192.5,104.2,178.6,178.0,48.7,0.0,100.0,11.0,0.0,0.0,27.0,-10.72,30.98,-1.54,-0.26,-0.42,2.84,-59.29,80.29,5.54,2.4,3.34,18.35,0.0,100.0,62.0,100.0,100.0,35.0,2.79,0.54,0.22,0.27,0.51,0.0,15.01,0.4,0.32,0.31,0.44,-0.0,240.0,57.24,3.93,6.21,72.02,0.0,1.0,0.25,0.0,0.0,0.43,0.0,32.35,16.82,1.87,27.17,9.34,0.0,4.78,0.66,0.8,0.48,0.9,0.0,10.72,1.64,0.26,0.42,0.16,2.46,1.758214942550203,0,0,Slow
P098,"Laguna_Seca, Laguna_Seca",", McLaren 720S GT3","24/08/2024, ",Lap 5,114.002,16.7,193.1,115.0,178.0,171.3,40.0,0.0,100.0,12.0,0.0,0.0,28.0,-14.47,15.49,-1.89,-0.42,-0.23,2.94,-70.91,307.63,3.15,3.34,1.95,19.88,0.0,100.0,69.0,100.0,100.0,38.0,17.38,0.55,0.27,0.2,0.74,0.0,17.21,0.43,0.31,0.3,0.5,-0.0,178.16,36.45,6.21,3.79,44.95,0.0,1.0,0.27,0.0,0.0,0.44,0.0,30.48,14.32,27.17,21.95,9.23,0.0,4.02,0.63,0.48,0.55,0.82,0.0,14.47,1.93,0.42,0.23,-0.19,2.86,0.8087104723964965,0,0,Slow
P098,"Laguna_Seca, Laguna_Seca",", McLaren 720S GT3","24/08/2024, ",Lap 6,105.504,41.1,198.2,124.4,171.3,178.1,38.8,0.0,100.0,11.0,0.0,0.0,27.0,-15.9,31.53,-2.24,-0.23,-0.35,3.79,-54.35,364.24,3.35,1.95,2.73,22.64,0.0,100.0,69.0,100.0,100.0,40.0,20.91,0.65,0.2,0.19,0.86,0.0,11.47,0.43,0.3,0.27,0.5,-0.0,195.08,39.69,3.79,5.0,49.78,0.0,1.0,0.3,0.0,0.0,0.46,0.0,32.05,16.23,21.95,15.38,10.06,0.0,4.27,0.77,0.55,0.28,0.9,0.0,15.9,2.36,0.23,0.35,0.12,3.52,0.2418759808358229,0,0,Slow
P098,"Laguna_Seca, Laguna_Seca",", McLaren 720S GT3","24/08/2024, ",Lap 7,106.672,50.2,201.7,122.1,178.1,176.9,38.4,0.0,100.0,12.0,0.0,0.0,27.0,-15.01,20.74,-2.36,-0.35,-0.75,4.05,-62.8,61.29,3.37,2.73,4.6,17.81,0.0,100.0,66.0,100.0,100.0,41.0,3.45,0.61,0.19,0.31,0.58,0.0,2.93,0.42,0.27,0.27,0.33,-0.0,207.17,42.5,5.0,10.79,54.93,0.0,1.0,0.33,0.0,0.0,0.47,0.0,34.73,16.05,15.38,5.56,10.7,0.0,4.12,0.78,0.28,0.78,0.9,0.0,15.01,2.52,0.35,0.75,0.4,3.66,0.3197840399253572,0,1,Slow
P098,"Laguna_Seca, Laguna_Seca",", McLaren 720S GT3","24/08/2024, ",Lap 8,124.446,0.0,202.7,106.6,176.9,173.9,49.3,0.0,100.0,10.0,0.0,0.0,25.0,-19.39,32.87,-1.5,-0.75,-0.16,5.69,-287.42,64.03,-0.0,4.6,1.1,24.06,0.0,100.0,62.0,100.0,100.0,39.0,6.24,0.55,0.31,0.06,0.56,0.0,19.16,0.36,0.27,0.29,0.49,-0.0,240.0,56.81,10.79,2.19,70.89,0.0,1.0,0.29,0.0,0.0,0.45,0.0,36.38,19.67,5.56,14.55,10.71,0.0,5.05,1.03,0.78,0.38,1.11,0.0,19.39,2.21,0.75,0.16,-0.59,4.07,1.5053472610361391,0,1,Slow
P098,"Laguna_Seca, Laguna_Seca",", McLaren 720S GT3","24/08/2024, ",Lap 9,114.43,37.5,196.1,115.4,173.9,160.3,40.4,0.0,100.0,8.0,0.0,0.0,23.0,-19.04,41.11,-2.14,-0.16,-0.22,4.5,-293.34,346.44,3.16,1.1,1.92,21.8,0.0,100.0,61.0,100.0,100.0,40.0,36.28,0.58,0.06,0.15,1.17,0.0,15.55,0.38,0.29,0.17,0.5,-0.0,240.0,41.26,2.19,3.61,56.75,0.0,1.0,0.25,0.0,0.0,0.43,0.0,28.93,15.06,14.55,17.36,8.54,0.0,4.65,0.66,0.38,0.53,0.72,0.0,19.04,2.3,0.16,0.22,0.06,3.98,0.8372589735012241,0,1,Slow
P097,"Laguna_Seca, Laguna_Seca",", McLaren 720S GT3","24/08/2024, ",Lap 2,111.349,60.1,203.7,116.4,184.3,189.1,36.9,0.0,100.0,9.0,0.0,0.0,21.0,-4.36,1.11,-0.98,-0.74,-0.67,0.88,-39.42,47.53,3.22,4.86,2.7,14.43,0.0,100.0,48.0,100.0,100.0,41.0,1.71,0.51,0.37,0.14,0.39,0.0,1.64,0.39,0.31,0.25,0.34,-0.0,106.31,23.81,11.15,8.79,22.74,0.0,1.0,0.13,0.0,0.0,0.34,0.0,14.48,7.23,12.61,0.0,3.87,0.0,3.18,0.29,0.0,0.0,0.58,0.0,4.36,0.99,0.74,0.67,-0.07,0.87,0.6317497868104217,0,1,Slow
P097,"Laguna_Seca, Laguna_Seca",", McLaren 720S GT3","24/08/2024, ",Lap 3,136.357,0.0,212.6,96.3,189.1,189.0,55.0,0.0,100.0,8.0,0.0,0.0,17.0,-7.98,29.56,-0.22,-0.67,-0.59,3.37,-77.14,54.89,0.01,2.7,3.63,20.01,0.0,100.0,43.0,100.0,100.0,40.0,2.44,0.51,0.14,0.25,0.47,0.0,1.61,0.34,0.25,0.24,0.29,-0.0,240.0,54.21,8.79,8.21,72.05,0.0,1.0,0.15,0.0,0.0,0.35,0.0,19.98,10.01,0.0,11.59,5.21,0.0,3.7,0.55,0.0,0.4,0.77,0.0,7.98,0.76,0.67,0.59,-0.08,0.93,2.2998360382753944,1,1,
P097,"Laguna_Seca, Laguna_Seca",", McLaren 720S GT3","24/08/2024, ",Lap 4,107.664,52.0,212.9,120.8,189.0,188.3,40.5,0.0,84.0,7.0,0.0,0.0,17.0,-7.27,4.61,-1.13,-0.59,-0.37,1.28,-44.4,47.38,3.33,3.63,1.62,15.05,0.0,100.0,50.0,100.0,100.0,40.0,2.31,0.57,0.25,0.12,0.46,0.0,1.71,0.37,0.24,0.11,0.3,-0.0,124.97,26.03,8.21,4.56,26.09,0.0,1.0,0.17,0.0,0.0,0.37,0.0,18.0,8.08,11.59,13.32,5.05,0.0,3.68,0.36,0.4,0.0,0.65,0.0,7.27,1.16,0.59,0.37,-0.23,1.23,0.3859525284671543,0,0,Slow
P097,"Laguna_Seca, Laguna_Seca",", McLaren 720S GT3","24/08/2024, ",Lap 5,107.652,45.7,216.6,120.3,188.3,188.7,39.9,0.0,97.0,8.0,0.0,0.0,18.0,-16.58,28.75,-0.57,-0.37,-0.41,3.29,-57.5,76.03,3.32,1.62,2.19,17.68,0.0,100.0,49.0,100.0,100.0,41.0,2.08,0.59,0.12,0.17,0.47,0.0,1.57,0.37,0.11,0.11,0.31,-0.0,240.0,28.59,4.56,5.93,37.29,0.0,1.0,0.2,0.0,0.0,0.4,0.0,22.0,10.65,13.32,13.64,6.36,0.0,3.7,0.46,0.0,0.58,0.65,0.0,16.58,1.05,0.37,0.41,0.04,1.55,0.3851521032025358,0,0,Slow
P097,"Laguna_Seca, Laguna_Seca",", McLaren 720S GT3","24/08/2024, ",Lap 6,103.249,56.3,218.0,125.2,188.7,188.8,38.7,0.0,100.0,9.0,0.0,0.0,20.0,-4.04,1.85,-0.95,-0.41,-0.41,0.95,-43.21,39.9,3.45,2.19,0.77,15.66,0.0,100.0,52.0,100.0,100.0,43.0,2.08,0.59,0.17,0.05,0.47,0.0,1.76,0.41,0.11,0.05,0.32,-0.0,109.72,23.94,5.93,4.76,24.92,0.0,1.0,0.14,0.0,0.0,0.35,0.0,14.37,6.61,13.64,9.77,3.84,0.0,2.93,0.36,0.58,0.23,0.6,0.0,4.04,0.97,0.41,0.41,0.0,0.92,0.0914627331929274,0,0,Fast
P097,"Laguna_Seca, Laguna_Seca",", McLaren 720S GT3","24/08/2024, ",Lap 7,108.627,43.2,217.7,120.3,188.8,192.5,43.6,0.0,87.0,8.0,0.0,0.0,19.0,-8.11,19.11,-0.6,-0.41,-0.61,3.03,-59.18,54.9,3.3,0.77,2.92,17.02,0.0,100.0,52.0,100.0,100.0,42.0,2.09,0.6,0.05,0.19,0.49,0.0,2.86,0.39,0.05,0.23,0.3,-0.0,168.88,29.62,4.76,7.71,33.53,0.0,1.0,0.19,0.0,0.0,0.39,0.0,20.75,10.14,9.77,1.24,5.86,0.0,4.43,0.46,0.23,0.05,0.83,0.0,8.11,1.1,0.41,0.61,0.2,1.33,0.4501866559527893,0,1,Slow
P097,"Laguna_Seca, Laguna_Seca",", McLaren 720S GT3","24/08/2024, ",Lap 8,115.911,0.0,226.2,112.1,192.5,191.1,54.5,0.0,100.0,10.0,0.0,0.0,21.0,-4.25,18.52,-0.67,-0.61,-0.19,1.7,-61.56,114.93,3.09,2.92,0.68,18.21,0.0,100.0,48.0,100.0,100.0,42.0,7.32,0.57,0.19,0.07,0.49,0.0,23.78,0.4,0.23,0.23,0.59,-0.0,240.0,35.96,7.71,2.61,51.26,0.0,1.0,0.11,0.0,0.0,0.31,0.0,12.28,6.37,1.24,4.91,3.03,0.0,2.75,0.23,0.05,0.23,0.5,0.0,4.25,0.81,0.61,0.19,-0.42,0.86,0.9360447915762248,0,1,Slow
P097,"Laguna_Seca, Laguna_Seca",", McLaren 720S GT3","24/08/2024, ",Lap 9,101.51,55.2,225.7,127.4,191.1,186.8,40.3,0.0,100.0,11.0,0.0,0.0,25.0,-6.73,2.63,-1.15,-0.19,-0.4,1.19,-35.07,45.9,3.53,0.68,2.91,15.94,0.0,100.0,57.0,100.0,100.0,42.0,2.6,0.63,0.07,0.16,0.46,0.0,1.76,0.42,0.23,0.27,0.35,-0.0,138.83,26.48,2.61,5.36,27.2,0.0,1.0,0.16,0.0,0.0,0.37,0.0,16.42,7.96,4.91,13.13,4.64,0.0,3.75,0.36,0.23,0.05,0.65,0.0,6.73,1.17,0.19,0.4,0.21,1.16,-0.0245322280713709,0,1,Fast
P097,"Laguna_Seca, Laguna_Seca",", McLaren 720S GT3","24/08/2024, ",Lap 10,100.83,56.6,222.6,127.9,186.8,183.5,39.3,0.0,100.0,10.0,0.0,0.0,24.0,-3.94,2.38,-1.03,-0.4,-0.15,0.91,-39.26,46.41,3.54,2.91,0.42,15.75,0.0,100.0,54.0,100.0,100.0,43.0,1.93,0.62,0.16,0.03,0.47,0.0,1.78,0.41,0.27,0.29,0.35,-0.0,103.99,24.68,5.36,1.98,23.46,0.0,1.0,0.17,0.0,0.0,0.37,0.0,17.05,8.82,13.13,0.0,4.65,0.0,4.4,0.38,0.05,0.33,0.66,0.0,3.94,1.04,0.4,0.15,-0.25,0.88,-0.0698896597330868,0,1,Fast
P096,"Laguna_Seca, Laguna_Seca",", McLaren 720S GT3","24/08/2024, ",Lap 2,105.512,26.9,211.7,124.2,181.6,190.0,41.7,0.0,100.0,10.0,0.0,0.0,21.0,-10.47,9.17,-1.4,-0.68,-0.82,2.31,-38.69,163.53,3.4,4.57,6.07,18.61,0.0,100.0,58.0,100.0,100.0,41.0,4.19,0.66,0.41,0.46,0.51,0.0,4.32,0.42,0.31,0.22,0.31,-0.0,151.68,34.4,10.63,12.96,39.89,0.0,1.0,0.24,0.0,0.0,0.43,0.0,25.4,13.01,1.09,8.13,7.92,0.0,5.4,0.86,0.18,0.0,1.45,0.0,10.47,1.5,0.68,0.82,0.14,2.17,0.2424095976789016,0,1,Slow
P096,"Laguna_Seca, Laguna_Seca",", McLaren 720S GT3","24/08/2024, ",Lap 3,114.894,0.0,216.9,113.1,190.0,191.7,52.9,0.0,98.0,11.0,0.0,0.0,23.0,-10.14,24.04,-0.58,-0.82,-0.76,3.64,-48.78,193.32,3.15,6.07,4.16,18.38,0.0,100.0,59.0,100.0,100.0,41.0,7.62,0.57,0.46,0.43,0.55,-0.0,22.8,0.43,0.22,0.23,0.64,-0.0,190.67,41.87,12.96,11.64,49.37,0.0,1.0,0.24,0.0,0.0,0.43,0.0,27.93,16.15,8.13,18.99,7.98,0.0,3.7,0.66,0.0,0.0,0.77,0.0,10.14,1.17,0.82,0.76,-0.06,1.8,0.8682087503998064,0,1,Slow
P096,"Laguna_Seca, Laguna_Seca",", McLaren 720S GT3","24/08/2024, ",Lap 4,109.359,0.0,215.0,119.6,191.7,186.0,48.2,0.0,100.0,12.0,0.0,0.0,26.0,-6.74,27.56,-0.52,-0.76,-0.53,3.42,-155.42,45.57,-0.01,4.16,4.33,19.64,0.0,100.0,57.0,100.0,100.0,42.0,3.71,0.57,0.43,0.31,0.51,0.0,11.65,0.43,0.23,0.45,0.4,-0.0,240.0,38.45,11.64,7.74,53.25,0.0,1.0,0.21,0.0,0.0,0.4,0.0,22.5,11.44,18.99,3.15,6.22,0.0,4.35,0.57,0.0,0.95,0.8,0.0,6.74,0.96,0.76,0.53,-0.23,1.23,0.4990125970945183,0,0,Slow
P096,"Laguna_Seca, Laguna_Seca",", McLaren 720S GT3","24/08/2024, ",Lap 5,111.084,4.6,211.5,117.7,186.0,187.3,51.8,0.0,77.0,8.0,0.0,0.0,18.0,-11.97,19.96,-0.8,-0.53,-0.7,2.55,-61.03,159.04,6.44,4.33,5.42,21.47,0.0,100.0,54.0,100.0,100.0,43.0,4.58,0.62,0.31,0.5,0.54,0.0,22.98,0.4,0.45,0.14,0.58,-0.0,240.0,44.48,7.74,11.17,61.59,0.0,1.0,0.18,0.0,0.0,0.38,0.0,20.0,12.1,3.15,2.0,5.61,0.0,4.0,0.52,0.95,0.1,0.74,0.0,11.97,1.05,0.53,0.7,0.17,1.66,0.6140737288834296,0,0,Slow
P096,"Laguna_Seca, Laguna_Seca",", McLaren 720S GT3","24/08/2024, ",Lap 6,100.289,44.3,208.5,128.7,187.3,190.8,40.4,0.0,69.0,10.0,0.0,0.0,18.0,-7.26,0.97,-1.07,-0.7,-0.67,1.32,-40.58,49.16,3.57,5.42,4.7,15.69,0.0,100.0,55.0,100.0,100.0,45.0,2.23,0.58,0.5,0.42,0.47,0.0,1.32,0.45,0.14,0.21,0.28,-0.0,145.72,26.08,11.17,10.34,31.55,0.0,1.0,0.19,0.0,0.0,0.39,0.0,18.93,9.7,2.0,14.39,5.49,0.0,3.98,0.37,0.1,0.0,0.67,0.0,7.26,1.08,0.7,0.67,-0.03,1.3,-0.1059754987463044,0,0,Fast
P096,"Laguna_Seca, Laguna_Seca",", McLaren 720S GT3","24/08/2024, ",Lap 7,101.554,51.0,215.5,125.8,190.8,190.7,39.3,0.0,78.0,10.0,0.0,0.0,18.0,-5.55,11.19,-0.91,-0.67,-0.83,1.29,-40.22,43.6,3.53,4.7,4.95,15.76,0.0,100.0,54.0,100.0,100.0,45.0,2.01,0.55,0.42,0.43,0.45,0.0,1.45,0.45,0.21,0.25,0.3,-0.0,134.4,23.92,10.34,12.31,28.02,0.0,1.0,0.18,0.0,0.0,0.38,0.0,18.02,9.35,14.39,9.37,5.05,0.0,3.62,0.36,0.0,0.0,0.63,0.0,5.55,0.96,0.67,0.83,0.15,1.12,-0.0215973354344365,0,1,Fast
P096,"Laguna_Seca, Laguna_Seca",", McLaren 720S GT3","24/08/2024, ",Lap 8,98.752,57.9,214.3,129.0,190.7,190.6,37.8,0.0,71.0,10.0,0.0,0.0,20.0,-6.86,1.53,-0.96,-0.83,-0.54,1.1,-47.02,52.77,3.64,4.95,4.04,15.7,0.0,100.0,55.0,100.0,100.0,45.0,1.98,0.58,0.43,0.38,0.48,0.0,1.47,0.43,0.25,0.22,0.33,-0.0,137.42,23.15,12.31,8.53,26.21,0.0,1.0,0.17,0.0,0.0,0.37,0.0,16.4,8.25,9.37,6.56,4.65,0.0,3.52,0.27,0.0,0.0,0.58,0.0,6.86,0.98,0.83,0.54,-0.29,1.08,-0.2084966347228589,0,1,Fast
P096,"Laguna_Seca, Laguna_Seca",", McLaren 720S GT3","24/08/2024, ",Lap 9,98.85,59.2,218.7,129.0,190.6,188.9,38.5,0.0,78.0,10.0,0.0,0.0,21.0,-5.79,1.74,-0.98,-0.54,-0.56,1.12,-42.22,51.49,3.63,4.04,3.99,15.7,0.0,100.0,57.0,100.0,100.0,45.0,2.03,0.58,0.38,0.33,0.46,0.0,1.56,0.45,0.22,0.04,0.33,-0.0,140.2,23.79,8.53,8.64,26.39,0.0,1.0,0.17,0.0,0.0,0.38,0.0,17.28,8.39,6.56,6.91,4.91,0.0,2.97,0.29,0.0,0.0,0.55,0.0,5.79,1.0,0.54,0.56,0.03,1.09,-0.2019598283951411,0,1,Fast
P096,"Laguna_Seca, Laguna_Seca",", McLaren 720S GT3","24/08/2024, ",Lap 10,98.34,45.7,220.0,130.6,188.9,190.9,37.7,0.0,70.0,11.0,0.0,0.0,21.0,-8.66,9.73,-1.26,-0.56,-0.65,1.99,-50.45,53.43,3.65,3.99,4.03,16.76,0.0,100.0,59.0,100.0,100.0,45.0,2.74,0.62,0.33,0.45,0.5,0.0,1.49,0.46,0.04,0.24,0.33,-0.0,187.52,28.44,8.64,10.05,36.68,0.0,1.0,0.19,0.0,0.0,0.39,0.0,18.78,9.89,6.91,0.0,5.47,0.0,4.13,0.38,0.0,0.0,0.68,0.0,8.66,1.31,0.56,0.65,0.08,1.91,-0.2359779021414272,0,1,Fast
P095,"Laguna_Seca, Laguna_Seca",", McLaren 720S GT3","24/08/2024, ",Lap 2,111.864,0.0,208.3,116.1,184.5,191.9,51.5,0.0,100.0,14.0,0.0,0.0,26.0,-7.57,16.51,-0.69,-0.68,-0.95,2.4,-43.63,57.62,3.2,4.33,5.88,17.71,0.0,100.0,60.0,100.0,100.0,44.0,1.89,0.59,0.34,0.46,0.46,0.0,1.59,0.47,0.29,0.25,0.32,-0.0,153.5,35.57,9.91,13.5,37.63,0.0,1.0,0.2,0.0,0.0,0.4,0.0,22.63,13.02,13.13,2.26,6.24,0.0,4.53,0.64,0.0,0.03,0.92,0.0,7.57,1.01,0.68,0.95,0.27,1.25,0.6661013710836328,0,1,Slow
P095,"Laguna_Seca, Laguna_Seca",", McLaren 720S GT3","24/08/2024, ",Lap 3,97.219,59.7,223.2,132.5,191.9,191.0,39.9,0.0,100.0,15.0,0.0,0.0,28.0,-4.87,2.23,-1.16,-0.95,-0.79,1.26,-43.22,45.29,3.67,5.88,5.22,16.92,0.0,100.0,61.0,100.0,100.0,44.0,2.21,0.65,0.46,0.35,0.52,0.0,1.55,0.49,0.25,0.25,0.33,-0.0,104.06,27.02,13.5,10.95,28.49,0.0,1.0,0.25,0.0,0.0,0.43,0.0,23.98,11.95,2.26,23.02,6.72,0.0,4.42,0.44,0.03,0.13,0.73,0.0,4.87,1.19,0.95,0.79,-0.16,1.22,-0.3107509622778735,0,1,Fast
P095,"Laguna_Seca, Laguna_Seca",", McLaren 720S GT3","24/08/2024, ",Lap 4,98.477,50.4,215.8,130.9,191.0,191.6,40.8,0.0,97.0,14.0,0.0,0.0,27.0,-5.93,12.83,-1.05,-0.79,-1.06,2.36,-68.9,45.25,3.65,5.22,6.81,18.29,0.0,100.0,66.0,100.0,100.0,43.0,3.4,0.71,0.35,0.54,0.55,0.0,2.23,0.46,0.25,0.24,0.3,-0.0,125.37,31.32,10.95,15.38,32.66,0.0,1.0,0.3,0.0,0.0,0.46,0.0,29.28,13.35,23.02,9.96,8.76,0.0,4.25,0.56,0.13,0.0,0.81,0.0,5.93,1.37,0.79,1.06,0.27,1.55,-0.2268397137036991,0,0,Fast
P095,"Laguna_Seca, Laguna_Seca",", McLaren 720S GT3","24/08/2024, ",Lap 5,100.982,49.5,224.5,129.1,191.6,189.8,43.1,0.0,94.0,14.0,0.0,0.0,26.0,-6.77,9.78,-1.1,-1.06,-0.88,1.63,-40.93,51.93,3.57,6.81,5.6,16.89,0.0,100.0,63.0,100.0,100.0,44.0,2.27,0.65,0.54,0.44,0.48,0.0,1.47,0.46,0.24,0.24,0.32,-0.0,119.6,28.83,15.38,12.74,30.63,0.0,1.0,0.23,0.0,0.0,0.42,0.0,23.0,12.57,9.96,9.66,6.26,0.0,4.28,0.53,0.0,0.0,0.82,0.0,6.77,1.21,1.06,0.88,-0.18,1.31,-0.0597509397145856,0,0,Fast
P095,"Laguna_Seca, Laguna_Seca",", McLaren 720S GT3","24/08/2024, ",Lap 6,115.544,0.0,222.7,113.6,189.8,191.4,51.7,0.0,95.0,14.0,0.0,0.0,25.0,-6.28,15.17,-0.61,-0.88,-1.04,2.36,-52.54,208.69,3.08,5.6,6.76,19.0,0.0,100.0,62.0,100.0,100.0,44.0,6.67,0.62,0.44,0.48,0.53,0.0,4.28,0.45,0.24,0.25,0.3,-0.0,183.2,34.71,12.74,14.78,35.89,0.0,1.0,0.23,0.0,0.0,0.42,0.0,26.9,12.92,9.66,20.98,7.59,0.0,4.67,0.83,0.0,0.3,0.89,0.0,6.28,1.02,0.88,1.04,0.16,1.23,0.911565118899975,0,0,Slow
P095,"Laguna_Seca, Laguna_Seca",", McLaren 720S GT3","24/08/2024, ",Lap 7,115.039,0.0,220.4,113.9,191.4,189.7,51.9,0.0,91.0,12.0,0.0,0.0,23.0,-8.2,15.39,-0.51,-1.04,-0.81,2.58,-60.02,77.11,3.11,6.76,5.37,18.46,0.0,100.0,58.0,100.0,100.0,44.0,4.73,0.61,0.48,0.35,0.54,0.0,21.02,0.44,0.25,0.26,0.52,0.04,129.51,33.06,14.78,11.25,35.14,0.0,1.0,0.21,0.0,0.0,0.41,0.0,24.63,12.33,20.98,10.84,7.12,0.0,3.77,1.05,0.3,0.45,1.27,0.0,8.2,0.97,1.04,0.81,-0.23,1.21,0.8778805556806131,0,1,Slow
P095,"Laguna_Seca, Laguna_Seca",", McLaren 720S GT3","24/08/2024, ",Lap 8,118.009,0.0,215.9,110.7,189.7,187.3,57.2,0.0,100.0,12.0,0.0,0.0,24.0,-4.47,21.1,-0.61,-0.81,-0.72,1.76,-199.57,60.98,-0.01,5.37,5.21,25.26,0.0,100.0,56.0,100.0,100.0,44.0,2.15,0.61,0.35,0.44,0.53,-0.0,1.9,0.43,0.26,0.24,0.29,-0.0,240.0,41.21,11.25,10.88,48.65,0.0,1.0,0.16,0.0,0.0,0.36,0.0,18.37,9.21,10.84,16.53,5.29,0.0,3.72,0.4,0.45,0.0,0.7,0.0,4.47,0.8,0.81,0.72,-0.1,0.96,1.075985808673694,0,1,Slow
P095,"Laguna_Seca, Laguna_Seca",", McLaren 720S GT3","24/08/2024, ",Lap 9,122.175,0.0,222.2,108.6,187.3,188.7,56.6,0.0,97.0,13.0,0.0,0.0,25.0,-5.97,16.5,-0.53,-0.72,-0.58,1.84,-117.3,44.7,0.0,5.21,3.48,19.63,0.0,100.0,61.0,100.0,100.0,43.0,2.58,0.55,0.44,0.3,0.51,0.0,42.47,0.47,0.24,0.08,1.02,-0.0,188.25,36.07,10.88,8.46,44.1,0.0,1.0,0.12,0.0,0.0,0.33,0.0,16.53,8.52,16.53,0.0,4.04,0.0,3.42,0.36,0.0,0.48,0.64,0.0,5.97,0.76,0.72,0.58,-0.14,0.99,1.3538667797070862,0,1,Slow
P095,"Laguna_Seca, Laguna_Seca",", McLaren 720S GT3","24/08/2024, ",Lap 10,107.06,7.1,221.3,121.2,188.7,190.1,46.9,0.0,90.0,10.0,0.0,0.0,21.0,-9.63,28.29,-0.33,-0.58,-0.85,2.81,-49.81,382.97,3.33,3.48,4.64,21.03,0.0,100.0,64.0,100.0,100.0,44.0,26.12,0.69,0.3,0.38,0.87,0.0,19.13,0.44,0.08,0.22,0.64,-0.0,117.43,30.91,8.46,11.95,28.52,0.0,1.0,0.24,0.0,0.0,0.43,0.0,25.87,13.46,0.0,0.0,6.91,0.0,4.18,0.73,0.48,0.43,0.9,0.0,9.63,0.97,0.58,0.85,0.27,1.17,0.3456644568146894,0,1,Slow
P094,"Laguna_Seca, Laguna_Seca",", McLaren 720S GT3","24/08/2024, ",Lap 2,117.809,0.0,191.3,111.8,164.2,189.0,42.9,0.0,96.0,6.0,0.0,0.0,16.0,-9.81,27.38,-0.55,-0.42,-0.58,3.16,-94.0,54.29,3.03,1.96,3.37,20.08,0.0,100.0,47.0,79.0,100.0,33.0,2.46,0.57,0.15,0.21,0.52,0.0,1.6,0.32,0.23,0.26,0.23,-0.0,240.0,43.21,5.96,7.67,63.63,0.0,1.0,0.2,0.0,0.0,0.4,0.0,23.17,11.98,18.33,4.63,6.78,0.0,2.98,0.77,1.15,0.0,0.76,0.0,9.81,0.97,0.42,0.58,0.16,1.23,1.0626453875967188,0,1,Slow
P094,"Laguna_Seca, Laguna_Seca",", McLaren 720S GT3","24/08/2024, ",Lap 3,111.442,0.1,217.6,119.6,189.0,182.1,44.8,0.0,90.0,9.0,0.0,0.0,19.0,-6.31,11.79,-0.94,-0.58,-1.13,1.97,-51.2,180.32,3.23,3.37,8.27,22.63,0.0,100.0,54.0,100.0,94.0,40.0,11.32,0.61,0.21,0.52,0.56,0.0,22.74,0.39,0.26,0.22,0.55,-0.0,137.64,33.11,7.67,16.26,33.87,0.0,1.0,0.25,0.0,0.0,0.43,0.0,27.37,15.02,4.63,0.0,8.5,0.0,4.45,0.65,0.0,0.25,0.89,0.0,6.31,1.13,0.58,1.13,0.55,1.4,0.6379530826112144,0,1,Slow
P094,"Laguna_Seca, Laguna_Seca",", McLaren 720S GT3","24/08/2024, ",Lap 4,101.157,38.3,210.0,127.9,182.1,192.6,40.1,0.0,100.0,10.0,0.0,0.0,23.0,-8.61,9.82,-0.94,-1.13,-0.99,1.76,-73.04,211.46,3.55,8.27,6.49,18.73,0.0,100.0,53.0,94.0,100.0,43.0,9.69,0.61,0.52,0.41,0.58,0.0,8.53,0.42,0.22,0.25,0.37,-0.0,150.66,26.32,16.26,13.45,30.33,0.0,1.0,0.21,0.0,0.0,0.41,0.0,21.1,10.08,0.0,5.49,5.9,0.0,3.68,0.42,0.25,0.0,0.68,0.0,8.61,1.08,1.13,0.99,-0.14,1.42,-0.0480780712722326,0,0,Fast
P094,"Laguna_Seca, Laguna_Seca",", McLaren 720S GT3","24/08/2024, ",Lap 5,98.057,58.3,222.1,131.5,192.6,186.5,38.9,0.0,100.0,11.0,0.0,0.0,25.0,-8.46,1.16,-1.25,-0.99,-0.86,1.49,-38.95,57.62,3.68,6.49,6.3,16.76,0.0,100.0,57.0,100.0,100.0,44.0,2.04,0.65,0.41,0.4,0.53,0.0,1.94,0.44,0.25,0.25,0.34,-0.0,136.34,27.26,13.45,12.28,30.04,0.0,1.0,0.25,0.0,0.0,0.43,0.0,24.07,12.01,5.49,20.22,7.1,0.0,4.22,0.5,0.0,0.22,0.72,0.0,8.46,1.27,0.99,0.86,-0.13,1.47,-0.2548545979653471,0,0,Fast
P094,"Laguna_Seca, Laguna_Seca",", McLaren 720S GT3","24/08/2024, ",Lap 6,99.444,47.0,220.8,130.5,186.5,193.4,41.6,0.0,100.0,12.0,0.0,0.0,24.0,-8.21,5.42,-1.22,-0.86,-0.95,1.64,-43.09,46.59,3.6,6.3,6.44,16.6,0.0,100.0,55.0,100.0,100.0,44.0,2.25,0.63,0.4,0.44,0.53,0.0,1.79,0.44,0.25,0.25,0.31,-0.0,137.24,28.04,12.28,12.96,31.18,0.0,1.0,0.23,0.0,0.0,0.42,0.0,22.6,12.36,20.22,4.52,5.98,0.0,4.0,0.6,0.22,0.12,0.87,0.0,8.21,1.28,0.86,0.95,0.08,1.55,-0.1623387777965244,0,0,Fast
P094,"Laguna_Seca, Laguna_Seca",", McLaren 720S GT3","24/08/2024, ",Lap 7,114.594,0.0,217.6,115.8,193.4,186.6,51.4,0.0,82.0,9.0,0.0,0.0,18.0,-9.22,15.72,-0.58,-0.95,-0.89,2.34,-93.0,151.81,0.05,6.44,6.35,21.69,0.0,100.0,56.0,100.0,100.0,44.0,24.03,0.64,0.44,0.49,0.76,0.0,155.87,0.46,0.25,0.23,3.26,-0.0,240.0,43.91,12.96,12.99,62.02,0.0,1.0,0.22,0.0,0.0,0.41,0.0,24.88,12.62,4.52,13.93,7.09,0.0,3.33,0.64,0.12,0.47,0.86,0.0,9.22,0.97,0.95,0.89,-0.06,1.28,0.8481981187843429,0,1,Slow
P094,"Laguna_Seca, Laguna_Seca",", McLaren 720S GT3","24/08/2024, ",Lap 8,102.049,11.2,217.6,126.8,186.6,188.3,47.0,0.0,100.0,12.0,0.0,0.0,25.0,-9.08,14.43,-1.02,-0.89,-0.79,1.82,-49.37,115.88,3.52,6.35,4.37,17.91,0.0,100.0,59.0,100.0,100.0,44.0,5.84,0.63,0.49,0.36,0.52,0.0,11.58,0.46,0.23,0.19,0.45,-0.0,142.55,29.91,12.99,11.26,32.84,0.0,1.0,0.21,0.0,0.0,0.41,0.0,21.83,10.34,13.93,0.0,5.99,0.0,2.6,0.6,0.47,0.0,0.78,0.0,9.08,1.14,0.89,0.79,-0.1,1.43,0.0114202067310772,0,1,Fast
P094,"Laguna_Seca, Laguna_Seca",", McLaren 720S GT3","24/08/2024, ",Lap 9,97.297,46.6,220.8,132.1,188.3,188.8,38.6,0.0,100.0,11.0,0.0,0.0,25.0,-6.62,1.83,-1.11,-0.79,-0.94,1.27,-37.07,44.2,3.68,4.37,5.13,16.48,0.0,100.0,56.0,100.0,100.0,45.0,2.47,0.64,0.36,0.4,0.52,0.0,1.77,0.43,0.19,0.26,0.33,-0.0,119.53,26.15,11.26,13.36,28.73,0.0,1.0,0.21,0.0,0.0,0.41,0.0,20.27,9.92,0.0,0.0,5.95,0.0,4.2,0.38,0.0,0.0,0.64,0.0,6.62,1.13,0.79,0.94,0.15,1.24,-0.305548198057853,0,1,Fast
P094,"Laguna_Seca, Laguna_Seca",", McLaren 720S GT3","24/08/2024, ",Lap 10,97.67,50.9,220.8,131.9,188.8,193.1,39.3,0.0,98.0,10.0,0.0,0.0,22.0,-6.04,8.87,-0.95,-0.94,-0.89,1.6,-38.33,53.73,3.68,5.13,6.64,17.13,0.0,100.0,57.0,100.0,100.0,45.0,2.12,0.66,0.4,0.51,0.52,0.0,1.86,0.44,0.26,0.25,0.32,-0.0,128.34,25.97,13.36,13.02,27.0,0.0,1.0,0.23,0.0,0.0,0.42,0.0,22.5,11.7,0.0,13.5,6.34,0.0,3.48,0.5,0.0,0.0,0.76,0.0,6.04,1.11,0.94,0.89,-0.06,1.18,-0.280668312749294,0,1,Fast
P094,"Laguna_Seca, Laguna_Seca",", McLaren 720S GT3","24/08/2024, ",Lap 11,97.8,19.4,222.2,132.2,193.1,185.6,44.1,0.0,100.0,13.0,0.0,0.0,25.0,-7.07,3.75,-1.1,-0.89,-0.33,1.22,-49.84,109.9,3.61,6.64,1.94,18.36,0.0,100.0,61.0,100.0,100.0,45.0,13.85,0.67,0.51,0.12,0.62,0.0,36.02,0.49,0.25,0.24,0.89,-0.0,149.1,28.88,13.02,4.1,30.84,0.0,1.0,0.23,0.0,0.0,0.42,0.0,22.83,10.67,13.5,13.7,6.52,0.0,4.07,0.45,0.0,0.6,0.68,0.0,7.07,1.12,0.89,0.33,-0.56,1.19,-0.2719970390492605,0,1,Fast
P093,"Laguna_Seca, Laguna_Seca",", McLaren 720S GT3","24/08/2024, ",Lap 2,96.282,40.4,226.9,134.3,184.9,181.1,45.4,0.0,100.0,15.0,0.0,0.0,33.0,-10.25,1.45,-1.63,-0.83,-0.42,2.11,-49.47,57.34,3.72,6.09,3.83,16.89,0.0,100.0,66.0,100.0,100.0,42.0,2.46,0.69,0.42,0.36,0.55,0.0,2.64,0.47,0.22,0.22,0.38,-0.0,148.44,33.62,11.97,6.76,38.33,0.0,1.0,0.26,0.0,0.0,0.44,0.0,24.9,12.32,6.21,9.96,7.53,0.0,4.0,0.51,0.0,0.0,0.82,0.0,10.25,1.64,0.83,0.42,-0.41,2.1,-0.373250835023502,0,1,Fast
P093,"Laguna_Seca, Laguna_Seca",", McLaren 720S GT3","24/08/2024, ",Lap 3,92.479,54.7,224.8,139.5,181.1,190.9,41.1,0.0,100.0,13.0,0.0,0.0,30.0,-10.15,15.42,-1.84,-0.42,-0.76,2.93,-56.31,52.5,3.9,3.83,5.09,18.16,0.0,100.0,66.0,100.0,100.0,42.0,2.67,0.75,0.36,0.39,0.57,0.0,1.81,0.45,0.22,0.26,0.36,-0.0,177.06,36.16,6.76,11.01,44.24,0.0,1.0,0.29,0.0,0.0,0.46,0.0,27.08,12.71,9.96,17.87,8.28,0.0,4.35,0.54,0.0,0.07,0.83,0.0,10.15,1.95,0.42,0.76,0.34,2.6,-0.6269189418021843,0,1,Fast
P093,"Laguna_Seca, Laguna_Seca",", McLaren 720S GT3","24/08/2024, ",Lap 4,89.874,63.1,229.0,143.4,190.9,192.2,39.6,0.0,100.0,13.0,0.0,0.0,30.0,-9.88,9.14,-1.7,-0.76,-0.83,2.29,-38.79,56.21,3.98,5.09,5.56,17.76,0.0,100.0,68.0,100.0,100.0,43.0,2.78,0.76,0.39,0.35,0.59,0.0,1.78,0.45,0.26,0.25,0.36,-0.0,160.0,32.35,11.01,11.76,38.52,0.0,1.0,0.29,0.0,0.0,0.45,0.0,26.17,12.57,17.87,5.76,7.93,0.0,4.03,0.53,0.07,0.1,0.85,0.0,9.88,1.74,0.76,0.83,0.07,2.2,-0.800677926329786,0,0,Fast
P093,"Laguna_Seca, Laguna_Seca",", McLaren 720S GT3","24/08/2024, ",Lap 5,91.559,66.1,228.4,141.1,192.2,191.9,40.1,0.0,100.0,14.0,0.0,0.0,30.0,-13.35,3.62,-2.16,-0.83,-0.59,3.03,-53.31,52.89,3.93,5.56,3.15,17.37,0.0,100.0,68.0,100.0,100.0,43.0,2.75,0.74,0.35,0.33,0.59,0.0,2.72,0.47,0.25,0.26,0.35,-0.0,178.31,36.81,11.76,8.64,46.08,0.0,1.0,0.3,0.0,0.0,0.46,0.0,27.58,13.66,5.76,18.76,8.42,0.0,4.28,0.54,0.1,0.0,0.84,0.0,13.35,2.18,0.83,0.59,-0.24,3.0,-0.6882848787562701,0,0,Fast
P093,"Laguna_Seca, Laguna_Seca",", McLaren 720S GT3","24/08/2024, ",Lap 6,93.924,30.7,230.2,137.7,191.9,191.5,43.1,0.0,100.0,15.0,0.0,0.0,32.0,-13.72,13.16,-1.9,-0.59,-0.73,3.19,-46.45,57.79,3.79,3.15,4.97,17.83,0.0,100.0,66.0,100.0,100.0,43.0,2.59,0.71,0.33,0.39,0.57,0.0,2.32,0.46,0.26,0.24,0.37,-0.0,181.35,38.61,8.64,10.74,48.5,0.0,1.0,0.28,0.0,0.0,0.45,0.0,26.05,14.08,18.76,6.25,7.8,0.0,4.2,0.57,0.0,0.0,0.76,0.0,13.72,2.0,0.59,0.73,0.13,2.97,-0.5305343995210383,0,0,Fast
P093,"Laguna_Seca, Laguna_Seca",", McLaren 720S GT3","24/08/2024, ",Lap 7,108.129,0.0,229.1,120.0,191.5,188.1,55.7,0.0,100.0,15.0,0.0,0.0,32.0,-10.44,25.1,-1.36,-0.73,-0.45,3.25,-41.82,90.49,3.31,4.97,3.37,20.01,0.0,100.0,60.0,100.0,100.0,43.0,3.91,0.67,0.39,0.29,0.57,-0.0,1.8,0.42,0.24,0.26,0.36,-0.0,226.59,47.77,10.74,6.65,57.8,0.0,1.0,0.25,0.0,0.0,0.43,0.0,27.33,13.22,6.25,13.67,7.83,0.0,4.28,0.67,0.0,0.0,0.82,0.0,10.44,1.6,0.73,0.45,-0.28,2.37,0.4169690074711217,0,1,Slow
P093,"Laguna_Seca, Laguna_Seca",", McLaren 720S GT3","24/08/2024, ",Lap 8,97.082,53.1,229.9,133.5,188.1,189.4,44.4,0.0,100.0,16.0,0.0,0.0,34.0,-11.95,1.54,-1.91,-0.45,-0.83,2.64,-36.88,52.09,3.69,3.37,5.02,16.3,0.0,100.0,66.0,100.0,100.0,43.0,2.55,0.66,0.29,0.34,0.54,0.0,2.45,0.47,0.26,0.27,0.36,-0.0,160.35,34.32,6.65,11.55,42.82,0.0,1.0,0.28,0.0,0.0,0.45,0.0,27.25,14.1,13.67,15.81,8.08,0.0,4.72,0.54,0.0,0.13,0.84,0.0,11.95,1.93,0.45,0.83,0.38,2.62,-0.3198891507156015,0,1,Fast
P093,"Laguna_Seca, Laguna_Seca",", McLaren 720S GT3","24/08/2024, ",Lap 9,90.359,63.7,229.6,142.7,189.4,191.5,39.5,0.0,100.0,15.0,0.0,0.0,33.0,-10.12,1.79,-1.69,-0.83,-0.52,2.21,-46.21,61.72,3.99,5.02,4.17,17.56,0.0,100.0,68.0,100.0,100.0,43.0,3.45,0.74,0.34,0.31,0.59,0.0,1.79,0.47,0.27,0.25,0.37,-0.0,153.52,31.72,11.55,7.41,38.0,0.0,1.0,0.26,0.0,0.0,0.44,0.0,23.9,11.42,15.81,0.96,7.09,0.0,4.43,0.46,0.13,0.0,0.85,0.0,10.12,1.71,0.83,0.52,-0.3,2.19,-0.7683274052181213,0,1,Fast
P093,"Laguna_Seca, Laguna_Seca",", McLaren 720S GT3","24/08/2024, ",Lap 10,92.614,55.8,229.9,138.9,191.5,191.6,41.4,0.0,100.0,16.0,0.0,0.0,33.0,-13.89,4.99,-1.94,-0.52,-0.73,2.75,-60.27,52.13,3.88,4.17,4.69,17.19,0.0,100.0,67.0,100.0,100.0,42.0,2.76,0.72,0.31,0.35,0.56,0.0,1.85,0.47,0.25,0.24,0.36,-0.0,174.66,34.76,7.41,9.91,42.6,0.0,1.0,0.3,0.0,0.0,0.46,0.0,28.0,12.86,0.96,5.6,8.6,0.0,4.18,0.56,0.0,0.0,0.92,0.0,13.89,1.97,0.52,0.73,0.21,2.72,-0.6179141575752257,0,1,Fast
P093,"Laguna_Seca, Laguna_Seca",", McLaren 720S GT3","24/08/2024, ",Lap 11,89.31,66.9,229.9,143.4,191.6,191.7,38.9,0.0,100.0,15.0,0.0,0.0,32.0,-8.09,3.28,-1.53,-0.73,-0.42,1.86,-40.89,55.3,4.0,4.69,2.77,17.52,0.0,100.0,69.0,100.0,100.0,42.0,2.49,0.76,0.35,0.23,0.56,0.0,1.86,0.47,0.24,0.25,0.37,-0.0,152.75,29.96,9.91,5.68,34.41,0.0,1.0,0.27,0.0,0.0,0.44,0.0,23.93,11.76,5.6,14.36,7.12,0.0,4.38,0.48,0.0,0.0,0.84,0.0,8.09,1.55,0.73,0.42,-0.31,1.84,-0.8382979137668555,0,1,Fast
P093,"Laguna_Seca, Laguna_Seca",", McLaren 720S GT3","24/08/2024, ",Lap 12,101.56,20.0,229.4,126.4,191.7,187.1,47.2,0.0,100.0,13.0,0.0,0.0,31.0,-9.26,28.87,-0.87,-0.42,-0.43,3.87,-71.42,72.59,3.53,2.77,2.96,18.66,0.0,100.0,64.0,100.0,100.0,42.0,2.99,0.69,0.23,0.25,0.59,0.0,1.82,0.44,0.25,0.26,0.36,-0.0,210.57,35.89,5.68,6.26,46.99,0.0,1.0,0.25,0.0,0.0,0.43,0.0,25.48,12.8,14.36,0.0,7.43,0.0,4.03,0.63,0.0,0.35,0.72,0.0,9.26,1.36,0.42,0.43,0.02,1.92,-0.0211971228021272,0,1,Fast
P092,"Laguna_Seca, Laguna_Seca",", McLaren 720S GT3","24/08/2024, ",Lap 2,101.049,57.2,191.1,127.2,188.9,190.2,33.9,0.0,100.0,9.0,0.0,0.0,21.0,-9.29,11.18,-1.21,-0.66,-0.84,2.27,-39.53,44.66,3.56,3.82,3.92,16.64,0.0,100.0,52.0,100.0,100.0,46.0,2.2,0.62,0.38,0.37,0.53,0.0,1.83,0.39,0.27,0.26,0.31,-0.0,142.03,28.67,9.7,11.7,33.82,0.0,1.0,0.24,0.0,0.0,0.43,0.0,24.62,12.54,14.01,0.0,7.36,0.0,4.12,0.54,0.25,0.0,0.72,0.0,9.29,1.38,0.66,0.84,0.19,1.92,-0.0552818986537985,0,1,Fast
P092,"Laguna_Seca, Laguna_Seca",", McLaren 720S GT3","24/08/2024, ",Lap 3,99.749,47.4,201.5,129.2,190.2,189.8,38.0,0.0,100.0,12.0,0.0,0.0,28.0,-9.05,4.85,-1.45,-0.84,-1.13,1.86,-41.74,50.53,3.59,3.92,9.8,16.84,0.0,100.0,59.0,100.0,100.0,44.0,2.61,0.66,0.37,0.68,0.55,0.0,1.94,0.43,0.26,0.26,0.34,-0.0,148.22,30.6,11.7,16.02,32.17,0.0,1.0,0.28,0.0,0.0,0.45,0.0,28.0,14.15,0.0,0.0,8.06,0.0,3.92,0.55,0.0,0.0,0.8,0.0,9.05,1.48,0.84,1.13,0.29,1.82,-0.1419946356541377,0,1,Fast
P092,"Laguna_Seca, Laguna_Seca",", McLaren 720S GT3","24/08/2024, ",Lap 4,112.709,0.0,207.8,115.0,189.8,190.7,54.5,0.0,100.0,13.0,0.0,0.0,30.0,-9.66,18.35,-0.86,-1.13,-0.89,2.84,-62.25,85.89,3.18,9.8,5.67,18.93,0.0,100.0,56.0,100.0,100.0,43.0,3.68,0.62,0.68,0.45,0.54,0.0,1.76,0.4,0.26,0.26,0.34,-0.0,240.0,48.55,16.02,12.41,59.17,0.0,1.0,0.28,0.0,0.0,0.45,0.0,31.38,16.24,0.0,4.39,8.28,0.0,4.98,1.05,0.0,0.47,1.24,0.0,9.66,1.23,1.13,0.89,-0.24,1.7,0.7224646501338526,0,0,Slow
P092,"Laguna_Seca, Laguna_Seca",", McLaren 720S GT3","24/08/2024, ",Lap 5,111.624,0.0,212.2,116.9,190.7,189.1,53.2,0.0,100.0,10.0,0.0,0.0,24.0,-11.64,19.01,-1.25,-0.89,-0.83,2.88,-42.87,134.5,6.44,5.67,5.32,22.93,0.0,100.0,57.0,100.0,100.0,44.0,2.53,0.64,0.45,0.48,0.59,0.0,5.42,0.4,0.26,0.26,0.32,-0.0,183.84,42.91,12.41,12.26,46.42,0.0,1.0,0.28,0.0,0.0,0.45,0.0,31.08,16.59,4.39,21.76,8.49,0.0,4.08,0.73,0.47,0.2,0.92,0.0,11.64,1.47,0.89,0.83,-0.06,2.14,0.6500928657912619,0,0,Slow
P092,"Laguna_Seca, Laguna_Seca",", McLaren 720S GT3","24/08/2024, ",Lap 6,103.877,0.0,218.8,123.9,189.1,188.7,48.5,0.0,100.0,12.0,0.0,0.0,28.0,-9.87,17.5,-0.62,-0.83,-0.68,3.16,-184.31,45.3,-0.03,5.32,4.76,25.09,0.0,100.0,57.0,100.0,100.0,44.0,11.8,0.69,0.48,0.36,0.63,0.0,24.37,0.41,0.26,0.27,0.62,-0.0,166.42,35.62,12.26,9.68,36.96,0.0,1.0,0.29,0.0,0.0,0.46,0.0,30.47,15.63,21.76,2.44,8.66,0.0,5.1,0.65,0.2,0.1,0.94,0.0,9.87,1.18,0.83,0.68,-0.15,1.46,0.1333516553746294,0,0,Fast
P092,"Laguna_Seca, Laguna_Seca",", McLaren 720S GT3","24/08/2024, ",Lap 7,96.724,59.2,211.7,133.5,188.7,190.9,35.7,0.0,100.0,11.0,0.0,0.0,25.0,-9.1,9.51,-1.33,-0.68,-1.06,1.84,-42.53,45.8,3.7,4.76,6.06,16.95,0.0,100.0,59.0,100.0,100.0,44.0,2.58,0.71,0.36,0.47,0.55,0.0,1.96,0.4,0.27,0.25,0.32,-0.0,148.22,28.98,9.68,14.77,30.46,0.0,1.0,0.28,0.0,0.0,0.45,0.0,26.75,12.83,2.44,17.12,7.69,0.0,4.37,0.5,0.1,0.07,0.77,0.0,9.1,1.42,0.68,1.06,0.38,1.68,-0.3437685044433864,0,1,Fast
P092,"Laguna_Seca, Laguna_Seca",", McLaren 720S GT3","24/08/2024, ",Lap 8,133.394,0.0,210.8,98.6,190.9,189.1,55.4,0.0,100.0,10.0,0.0,0.0,25.0,-17.18,29.51,-0.7,-1.06,-0.82,3.92,-132.2,76.95,-2.69,6.06,5.23,25.13,0.0,100.0,49.0,100.0,100.0,43.0,2.4,0.56,0.47,0.48,0.53,0.0,2.46,0.36,0.25,0.26,0.29,-0.0,240.0,64.49,14.77,11.79,74.15,0.0,1.0,0.27,0.0,0.0,0.45,0.0,36.58,20.22,17.12,0.0,10.27,0.0,5.08,0.75,0.07,0.12,0.91,0.0,17.18,1.3,1.06,0.82,-0.24,2.07,2.102197700020008,1,1,
P092,"Laguna_Seca, Laguna_Seca",", McLaren 720S GT3","24/08/2024, ",Lap 9,96.88,59.7,210.4,132.8,189.1,190.6,38.7,0.0,100.0,10.0,0.0,0.0,25.0,-8.14,14.25,-1.11,-0.82,-0.79,2.24,-39.13,49.21,3.72,5.23,5.99,17.1,0.0,100.0,57.0,100.0,100.0,44.0,3.09,0.7,0.48,0.56,0.58,0.0,1.9,0.4,0.26,0.26,0.34,-0.0,143.48,29.02,11.79,11.7,31.23,0.0,1.0,0.29,0.0,0.0,0.45,0.0,27.72,13.56,0.0,0.0,8.17,0.0,4.03,0.57,0.12,0.0,0.78,0.0,8.14,1.33,0.82,0.79,-0.03,1.54,-0.3333629760033463,0,1,Fast
P092,"Laguna_Seca, Laguna_Seca",", McLaren 720S GT3","24/08/2024, ",Lap 10,98.22,55.0,216.1,131.6,190.6,190.6,36.3,0.0,100.0,9.0,0.0,0.0,22.0,-9.42,13.45,-1.47,-0.79,-0.7,2.23,-48.35,50.14,3.64,5.99,4.16,17.26,0.0,100.0,55.0,100.0,100.0,45.0,3.24,0.7,0.56,0.4,0.59,0.0,1.88,0.38,0.26,0.25,0.3,-0.0,164.52,31.28,11.7,10.24,34.94,0.0,1.0,0.31,0.0,0.0,0.46,0.0,30.27,15.72,0.0,0.0,9.0,0.0,4.18,0.73,0.0,0.0,0.82,0.0,9.42,1.61,0.79,0.7,-0.09,1.92,-0.2439821547876126,0,1,Fast
P092,"Laguna_Seca, Laguna_Seca",", McLaren 720S GT3","24/08/2024, ",Lap 11,97.84,54.3,217.6,132.0,190.6,190.2,37.3,0.0,100.0,9.0,0.0,0.0,21.0,-9.13,12.24,-1.25,-0.7,-1.13,2.34,-51.7,52.22,3.66,4.16,6.85,17.74,0.0,100.0,59.0,100.0,100.0,45.0,4.79,0.72,0.4,0.46,0.62,0.0,1.87,0.41,0.25,0.26,0.3,-0.0,143.74,30.51,10.24,15.77,33.1,0.0,1.0,0.31,0.0,0.0,0.46,0.0,30.63,16.16,0.0,18.38,8.6,0.0,4.32,0.65,0.0,0.0,0.87,0.0,9.13,1.49,0.7,1.13,0.43,1.89,-0.269328954833865,0,1,Fast
P091,"Laguna_Seca, Laguna_Seca",", McLaren 720S GT3","24/08/2024, ",Lap 2,94.277,22.8,228.5,137.6,194.0,193.7,45.2,0.0,100.0,15.0,0.0,0.0,33.0,-11.76,20.14,-2.18,-0.52,-0.54,3.32,-49.25,68.63,3.78,3.27,2.91,18.53,0.0,100.0,69.0,100.0,100.0,39.0,2.4,0.72,0.26,0.24,0.6,0.0,1.86,0.46,0.23,0.24,0.4,-0.0,193.18,43.72,7.03,7.59,52.38,0.0,1.0,0.33,0.0,0.0,0.47,0.0,30.78,16.01,21.5,6.77,9.21,0.0,4.15,0.6,0.0,0.05,0.9,0.0,11.76,2.29,0.52,0.54,0.02,3.06,-0.5069885563201776,0,1,Fast
P091,"Laguna_Seca, Laguna_Seca",", McLaren 720S GT3","24/08/2024, ",Lap 3,105.904,0.0,230.6,123.7,193.7,192.6,54.2,0.0,100.0,14.0,0.0,0.0,31.0,-11.72,15.14,-1.59,-0.54,-0.36,3.39,-78.4,55.03,3.4,2.91,2.37,18.9,0.0,100.0,65.0,100.0,100.0,41.0,2.6,0.68,0.24,0.22,0.55,0.0,9.04,0.45,0.24,0.24,0.42,-0.0,182.3,45.12,7.59,5.04,50.01,0.0,1.0,0.29,0.0,0.0,0.46,0.0,31.23,16.08,6.77,30.61,8.99,0.0,4.37,0.77,0.05,0.0,1.01,0.0,11.72,1.87,0.54,0.36,-0.18,2.74,0.2685568229897726,0,1,Slow
P091,"Laguna_Seca, Laguna_Seca",", McLaren 720S GT3","24/08/2024, ",Lap 4,91.892,64.7,228.5,140.7,192.6,189.0,38.1,0.0,100.0,13.0,0.0,0.0,30.0,-9.82,1.13,-1.77,-0.36,-0.17,2.27,-45.0,54.8,3.91,2.37,1.43,17.53,0.0,100.0,67.0,100.0,100.0,40.0,2.71,0.73,0.22,0.17,0.59,0.0,1.95,0.45,0.24,0.22,0.39,-0.0,156.48,32.09,5.04,2.2,38.27,0.0,1.0,0.29,0.0,0.0,0.45,0.0,30.61,12.44,30.61,12.11,7.91,0.0,4.37,0.52,0.0,0.0,0.87,0.0,9.82,1.78,0.36,0.17,-0.19,2.26,-0.6660730776631066,0,0,Fast
P091,"Laguna_Seca, Laguna_Seca",", McLaren 720S GT3","24/08/2024, ",Lap 5,93.079,66.2,224.8,138.6,189.0,191.0,38.9,0.0,100.0,13.0,0.0,0.0,31.0,-10.77,4.99,-1.91,-0.17,-0.58,2.6,-46.1,53.07,3.84,1.43,4.34,17.77,0.0,100.0,68.0,100.0,100.0,40.0,2.62,0.72,0.17,0.29,0.61,0.0,1.87,0.45,0.22,0.24,0.39,-0.0,159.32,34.33,2.2,8.27,40.7,0.0,1.0,0.32,0.0,0.0,0.47,0.0,29.98,14.53,12.11,21.59,9.04,0.0,4.17,0.58,0.0,0.12,0.9,0.0,10.77,1.97,0.17,0.58,0.42,2.52,-0.5868976785712593,0,0,Fast
P091,"Laguna_Seca, Laguna_Seca",", McLaren 720S GT3","24/08/2024, ",Lap 6,90.262,70.3,227.3,142.3,191.0,192.7,37.2,0.0,100.0,13.0,0.0,0.0,31.0,-9.81,1.51,-1.85,-0.58,-0.43,2.29,-48.08,60.24,3.98,4.34,2.52,17.82,0.0,100.0,70.0,100.0,100.0,39.0,2.74,0.77,0.29,0.13,0.6,0.0,1.8,0.44,0.24,0.24,0.4,-0.0,156.32,32.94,8.27,5.6,38.1,0.0,1.0,0.31,0.0,0.0,0.46,0.0,28.42,13.87,21.59,0.0,8.73,0.0,4.08,0.55,0.12,0.0,0.87,0.0,9.81,1.87,0.58,0.43,-0.15,2.27,-0.7747975094404538,0,0,Fast
P091,"Laguna_Seca, Laguna_Seca",", McLaren 720S GT3","24/08/2024, ",Lap 7,101.647,0.0,225.2,127.3,192.7,190.1,52.3,0.0,100.0,14.0,0.0,0.0,31.0,-9.92,21.54,-1.51,-0.43,-0.58,2.98,-71.54,93.47,3.51,2.52,4.15,19.6,0.0,100.0,65.0,100.0,100.0,40.0,2.49,0.7,0.13,0.33,0.57,0.0,2.66,0.44,0.24,0.28,0.4,-0.0,208.06,43.36,5.6,8.63,50.07,0.0,1.0,0.27,0.0,0.0,0.44,0.0,27.45,13.94,0.0,4.94,7.87,0.0,4.18,0.53,0.0,0.17,0.84,0.0,9.92,1.68,0.43,0.58,0.15,2.38,-0.0153940396336428,0,1,Fast
P091,"Laguna_Seca, Laguna_Seca",", McLaren 720S GT3","24/08/2024, ",Lap 8,90.984,73.1,225.0,141.3,190.1,188.6,36.8,0.0,100.0,12.0,0.0,0.0,31.0,-9.22,1.74,-1.8,-0.58,-0.44,2.17,-43.86,50.09,3.95,4.15,3.63,17.52,0.0,100.0,69.0,100.0,100.0,39.0,2.51,0.75,0.33,0.27,0.61,0.0,1.94,0.42,0.28,0.27,0.4,-0.0,145.06,32.15,8.63,6.38,36.1,0.0,1.0,0.32,0.0,0.0,0.47,0.0,28.83,14.16,4.94,4.04,8.67,0.0,4.18,0.57,0.17,0.12,0.87,0.0,9.22,1.81,0.58,0.44,-0.14,2.16,-0.7266385893525739,0,1,Fast
P091,"Laguna_Seca, Laguna_Seca",", McLaren 720S GT3","24/08/2024, ",Lap 9,90.434,70.6,225.2,142.3,188.6,192.0,37.6,0.0,100.0,13.0,0.0,0.0,31.0,-12.0,4.85,-2.11,-0.44,-0.47,2.84,-45.16,46.23,3.95,3.63,2.38,17.34,0.0,100.0,68.0,100.0,100.0,40.0,2.51,0.76,0.27,0.15,0.61,0.0,1.8,0.44,0.27,0.24,0.39,-0.0,163.62,35.63,6.38,6.52,42.03,0.0,1.0,0.31,0.0,0.0,0.46,0.0,27.88,13.29,4.04,2.79,8.49,0.0,3.9,0.55,0.12,0.0,0.88,0.0,12.0,2.14,0.44,0.47,0.03,2.8,-0.7633247473142554,0,1,Fast
P091,"Laguna_Seca, Laguna_Seca",", McLaren 720S GT3","24/08/2024, ",Lap 10,101.165,0.0,228.4,127.8,192.0,189.6,53.2,0.0,100.0,15.0,0.0,0.0,32.0,-10.45,15.63,-1.62,-0.47,-0.81,2.97,-58.39,90.7,3.54,2.38,6.65,19.81,0.0,100.0,64.0,100.0,100.0,40.0,2.67,0.71,0.15,0.42,0.6,0.0,2.01,0.44,0.24,0.24,0.39,-0.0,196.47,44.48,6.52,11.69,51.95,0.0,1.0,0.28,0.0,0.0,0.45,0.0,28.0,13.9,2.79,5.6,8.14,0.0,3.57,0.45,0.0,0.07,0.78,0.0,10.45,1.77,0.47,0.81,0.33,2.59,-0.0475444544291529,0,1,Fast
P091,"Laguna_Seca, Laguna_Seca",", McLaren 720S GT3","24/08/2024, ",Lap 11,91.1,65.1,225.1,141.8,189.6,189.8,36.0,0.0,100.0,12.0,0.0,0.0,29.0,-10.38,3.63,-2.28,-0.81,-0.38,2.89,-44.76,51.6,3.93,6.65,2.34,17.74,0.0,100.0,67.0,100.0,100.0,40.0,2.47,0.78,0.42,0.17,0.6,0.0,1.93,0.42,0.24,0.21,0.39,-0.0,155.82,37.97,11.69,5.22,44.28,0.0,1.0,0.34,0.0,0.0,0.47,0.0,30.58,15.26,5.6,6.12,9.34,0.0,4.22,0.6,0.07,0.17,0.88,0.0,10.38,2.3,0.81,0.38,-0.43,2.86,-0.7189011451279284,0,1,Fast
P091,"Laguna_Seca, Laguna_Seca",", McLaren 720S GT3","24/08/2024, ",Lap 12,89.83,71.1,225.0,143.3,189.8,191.5,37.0,0.0,100.0,13.0,0.0,0.0,31.0,-10.19,2.81,-2.19,-0.38,-0.59,2.81,-37.73,54.33,3.99,2.34,4.01,17.65,0.0,100.0,68.0,100.0,100.0,39.0,2.62,0.78,0.17,0.34,0.61,0.0,1.89,0.43,0.21,0.22,0.39,-0.0,163.84,36.7,5.22,8.5,43.08,0.0,1.0,0.33,0.0,0.0,0.47,0.0,29.38,14.59,6.12,11.75,8.95,0.0,4.13,0.56,0.17,0.07,0.89,0.0,10.19,2.21,0.38,0.59,0.21,2.79,-0.8036128189667203,0,1,Fast
P090,"Laguna_Seca, Laguna_Seca",", McLaren 720S GT3","23/08/2024, ",Lap 2,91.827,57.3,224.0,139.9,192.9,192.6,37.3,0.0,100.0,16.0,0.0,0.0,33.0,-10.87,3.32,-1.51,-0.58,-0.71,1.85,-40.36,59.98,3.91,3.43,4.08,17.11,0.0,100.0,66.0,100.0,100.0,44.0,2.36,0.76,0.35,0.36,0.52,0.0,1.75,0.49,0.26,0.24,0.36,-0.0,181.77,30.24,8.57,10.28,33.29,0.0,1.0,0.26,0.0,0.0,0.44,0.0,23.75,11.11,10.19,22.33,6.79,0.0,4.28,0.49,0.07,0.37,0.73,0.0,10.87,1.55,0.58,0.71,0.13,1.81,-0.6704087145131234,0,1,Fast
P090,"Laguna_Seca, Laguna_Seca",", McLaren 720S GT3","23/08/2024, ",Lap 3,91.937,49.7,223.1,139.6,192.6,192.5,38.6,0.0,100.0,16.0,0.0,0.0,33.0,-11.47,22.66,-1.43,-0.71,-0.66,2.85,-81.76,66.94,3.9,4.08,4.78,18.08,0.0,100.0,66.0,100.0,100.0,43.0,2.32,0.76,0.36,0.4,0.53,0.0,2.21,0.49,0.24,0.24,0.38,-0.0,200.78,32.82,10.28,9.78,38.85,0.0,1.0,0.26,0.0,0.0,0.44,0.0,24.13,11.89,22.33,17.38,7.32,0.0,3.95,0.54,0.37,0.0,0.77,0.0,11.47,1.65,0.71,0.66,-0.05,2.16,-0.6630714829207871,0,1,Fast
P090,"Laguna_Seca, Laguna_Seca",", McLaren 720S GT3","23/08/2024, ",Lap 4,89.964,65.2,225.6,143.1,192.5,193.0,37.2,0.0,100.0,15.0,0.0,0.0,31.0,-13.65,1.66,-1.52,-0.66,-0.65,2.05,-46.06,53.24,3.97,4.78,3.5,16.98,0.0,100.0,69.0,100.0,100.0,44.0,2.4,0.78,0.4,0.34,0.54,0.0,1.9,0.48,0.24,0.23,0.35,-0.0,207.13,29.59,9.78,9.19,34.66,0.0,1.0,0.26,0.0,0.0,0.44,0.0,23.08,12.1,17.38,20.31,6.68,0.0,4.42,0.47,0.0,0.52,0.71,0.0,13.65,1.54,0.66,0.65,-0.02,2.03,-0.7946747368451469,0,0,Fast
P090,"Laguna_Seca, Laguna_Seca",", McLaren 720S GT3","23/08/2024, ",Lap 5,90.237,61.7,224.7,142.1,193.0,193.2,38.2,0.0,100.0,15.0,0.0,0.0,33.0,-13.42,3.92,-1.53,-0.65,-0.78,1.95,-45.47,52.42,3.96,3.5,5.09,17.52,0.0,100.0,69.0,100.0,100.0,44.0,2.44,0.77,0.34,0.37,0.54,0.01,1.93,0.5,0.23,0.24,0.37,-0.0,211.8,30.25,9.19,11.14,34.88,0.0,1.0,0.27,0.0,0.0,0.45,0.0,24.73,11.89,20.31,16.32,7.68,0.0,3.93,0.58,0.52,0.08,0.77,0.0,13.42,1.56,0.65,0.78,0.14,1.93,-0.776465062075076,0,0,Fast
P090,"Laguna_Seca, Laguna_Seca",", McLaren 720S GT3","23/08/2024, ",Lap 6,89.292,60.4,226.6,143.7,193.2,192.3,38.3,0.0,100.0,15.0,0.0,0.0,32.0,-13.88,6.24,-1.65,-0.78,-0.66,2.11,-54.47,51.99,4.02,5.09,4.35,17.64,0.0,100.0,69.0,100.0,100.0,43.0,2.48,0.8,0.37,0.34,0.54,0.0,1.83,0.48,0.24,0.23,0.36,-0.0,208.23,31.57,11.14,9.54,36.31,0.0,1.0,0.28,0.0,0.0,0.45,0.0,24.83,11.37,16.32,3.48,7.66,0.0,4.13,0.5,0.08,0.0,0.82,0.0,13.88,1.68,0.78,0.66,-0.12,2.07,-0.8394985516637833,0,0,Fast
P090,"Laguna_Seca, Laguna_Seca",", McLaren 720S GT3","23/08/2024, ",Lap 7,99.127,0.0,224.9,130.7,192.3,192.5,53.0,0.0,100.0,15.0,0.0,0.0,33.0,-19.55,5.0,-1.58,-0.66,-0.47,2.33,-42.43,56.84,3.62,4.35,2.55,16.7,0.0,100.0,69.0,100.0,100.0,43.0,5.82,0.71,0.34,0.27,0.57,-0.0,29.08,0.49,0.23,0.25,0.74,-0.0,240.0,41.35,9.54,6.77,50.45,0.0,1.0,0.27,0.0,0.0,0.44,0.0,26.9,12.58,3.48,13.99,7.88,0.0,4.08,0.65,0.0,0.47,0.83,0.0,19.55,1.6,0.66,0.47,-0.19,2.31,-0.1834833452035305,0,1,Fast
P090,"Laguna_Seca, Laguna_Seca",", McLaren 720S GT3","23/08/2024, ",Lap 8,89.627,63.6,225.0,143.2,192.5,192.0,37.5,0.0,100.0,14.0,0.0,0.0,30.0,-11.13,2.97,-1.52,-0.47,-0.5,1.94,-37.14,65.0,4.0,2.55,3.04,17.36,0.0,100.0,70.0,100.0,100.0,43.0,2.35,0.79,0.27,0.24,0.54,0.0,1.84,0.49,0.25,0.22,0.35,-0.0,192.76,30.06,6.77,7.29,34.17,0.0,1.0,0.27,0.0,0.0,0.45,0.0,24.58,12.61,13.99,22.13,7.27,0.0,4.25,0.53,0.47,0.0,0.73,0.0,11.13,1.56,0.47,0.5,0.04,1.9,-0.8171533463598503,0,1,Fast
P090,"Laguna_Seca, Laguna_Seca",", McLaren 720S GT3","23/08/2024, ",Lap 9,89.212,67.3,224.4,143.8,192.0,193.0,37.0,0.0,100.0,14.0,0.0,0.0,29.0,-11.45,5.54,-1.64,-0.5,-0.48,2.08,-36.67,56.69,4.02,3.04,3.01,17.59,0.0,100.0,70.0,100.0,100.0,43.0,2.53,0.8,0.24,0.27,0.57,0.0,1.83,0.48,0.22,0.24,0.35,0.02,184.39,31.3,7.29,6.94,35.55,0.0,1.0,0.29,0.0,0.0,0.45,0.0,25.45,12.58,22.13,4.58,7.49,0.0,4.2,0.53,0.0,0.0,0.79,0.0,11.45,1.67,0.5,0.48,-0.03,2.04,-0.8448347200945732,0,1,Fast
P090,"Laguna_Seca, Laguna_Seca",", McLaren 720S GT3","23/08/2024, ",Lap 10,89.417,68.8,225.3,143.4,193.0,192.5,37.4,0.0,100.0,14.0,0.0,0.0,29.0,-11.61,1.77,-1.42,-0.48,-0.64,1.69,-45.09,61.47,4.02,3.01,3.86,17.33,0.0,100.0,69.0,100.0,100.0,43.0,2.43,0.79,0.27,0.37,0.54,0.0,1.9,0.48,0.24,0.25,0.36,-0.0,181.22,28.6,6.94,9.7,30.91,0.0,1.0,0.27,0.0,0.0,0.44,0.0,23.77,11.89,4.58,3.8,6.95,0.0,4.0,0.5,0.0,0.03,0.74,0.0,11.61,1.45,0.48,0.64,0.16,1.66,-0.8311607884906738,0,1,Fast
P089,"Laguna_Seca, Laguna_Seca",", McLaren 720S GT3","22/08/2024, ",Lap 2,128.632,0.0,206.7,102.6,188.7,190.9,54.4,0.0,100.0,9.0,0.0,0.0,23.0,-13.39,20.63,-0.95,-0.55,-0.74,3.32,-141.09,83.35,2.79,3.18,5.56,24.81,0.0,100.0,61.0,100.0,100.0,44.0,5.13,0.58,0.23,0.39,0.56,0.0,3.72,0.41,0.26,0.26,0.33,-0.0,240.0,53.62,7.36,10.99,58.11,0.0,1.0,0.25,0.0,0.0,0.43,0.0,32.13,16.07,12.89,19.92,8.97,0.0,4.27,0.73,0.02,0.13,0.91,0.0,13.39,1.35,0.55,0.74,0.19,2.19,1.7845622741772296,0,1,Slow
P089,"Laguna_Seca, Laguna_Seca",", McLaren 720S GT3","22/08/2024, ",Lap 3,122.437,0.0,208.0,108.0,190.9,189.8,53.2,0.0,100.0,11.0,0.0,0.0,27.0,-11.19,20.14,-0.67,-0.74,-0.87,2.62,-105.04,58.35,0.05,5.56,5.26,21.53,0.0,100.0,58.0,100.0,100.0,44.0,2.93,0.58,0.39,0.45,0.52,0.0,10.5,0.42,0.26,0.26,0.41,-0.0,240.0,44.67,10.99,12.4,56.2,0.0,1.0,0.19,0.0,0.0,0.39,0.0,23.27,11.05,19.92,0.0,6.36,0.0,4.0,0.44,0.13,0.38,0.7,0.0,11.19,1.01,0.74,0.87,0.13,1.57,1.3713427313179238,0,1,Slow
P089,"Laguna_Seca, Laguna_Seca",", McLaren 720S GT3","22/08/2024, ",Lap 4,97.514,62.3,212.1,131.9,189.8,191.4,37.9,0.0,100.0,13.0,0.0,0.0,30.0,-8.19,15.55,-1.3,-0.87,-0.47,1.97,-59.98,56.38,3.66,5.26,2.25,17.82,0.0,100.0,64.0,100.0,100.0,44.0,2.08,0.66,0.45,0.25,0.54,0.0,1.84,0.47,0.26,0.26,0.38,-0.0,144.69,29.53,12.4,6.5,34.12,0.0,1.0,0.27,0.0,0.0,0.44,0.0,26.08,12.28,0.0,0.0,7.74,0.0,4.13,0.52,0.38,0.0,0.78,0.0,8.19,1.4,0.87,0.47,-0.4,1.69,-0.2910738411893351,0,0,Fast
P089,"Laguna_Seca, Laguna_Seca",", McLaren 720S GT3","22/08/2024, ",Lap 5,98.347,41.2,221.4,131.6,191.4,188.0,42.2,0.0,100.0,16.0,0.0,0.0,34.0,-14.46,9.69,-1.67,-0.47,-0.45,2.56,-58.5,56.39,3.63,2.25,2.37,18.05,0.0,100.0,67.0,100.0,100.0,44.0,2.63,0.67,0.25,0.16,0.56,0.0,1.85,0.49,0.26,0.19,0.38,-0.0,240.0,36.58,6.5,6.01,47.61,0.0,1.0,0.28,0.0,0.0,0.45,0.0,27.72,14.84,0.0,20.51,8.27,0.0,4.13,0.6,0.0,0.0,0.82,0.0,14.46,1.73,0.47,0.45,-0.02,2.47,-0.2355109874037336,0,0,Fast
P089,"Laguna_Seca, Laguna_Seca",", McLaren 720S GT3","22/08/2024, ",Lap 6,94.314,53.6,211.5,136.0,188.0,193.0,38.4,0.0,100.0,16.0,0.0,0.0,35.0,-8.79,12.17,-1.3,-0.45,-1.1,1.98,-51.99,48.13,3.81,2.37,7.8,18.08,0.0,100.0,67.0,100.0,100.0,43.0,2.69,0.69,0.16,0.42,0.54,0.0,1.87,0.49,0.19,0.24,0.4,-0.0,143.74,29.96,6.01,15.27,33.86,0.0,1.0,0.27,0.0,0.0,0.44,0.0,25.45,12.58,20.51,22.91,7.71,0.0,3.92,0.47,0.0,0.0,0.69,0.0,8.79,1.42,0.45,1.1,0.65,1.71,-0.5045205784209377,0,0,Fast
P089,"Laguna_Seca, Laguna_Seca",", McLaren 720S GT3","22/08/2024, ",Lap 7,158.044,0.0,221.0,87.7,193.0,192.0,62.4,0.0,100.0,8.0,0.0,0.0,25.0,-10.15,19.79,-0.04,-1.1,-0.89,3.7,-268.91,180.03,2.3,7.8,6.23,31.46,0.0,100.0,60.0,100.0,100.0,43.0,13.85,0.56,0.42,0.48,0.6,0.0,19.07,0.39,0.24,0.24,0.64,-0.0,240.0,59.7,15.27,12.98,64.62,0.0,1.0,0.21,0.0,0.0,0.4,0.0,32.63,18.06,22.91,8.48,8.96,0.0,5.72,1.71,0.0,0.0,2.15,0.0,10.15,0.83,1.1,0.89,-0.2,1.46,3.746404597757196,1,1,
P089,"Laguna_Seca, Laguna_Seca",", McLaren 720S GT3","22/08/2024, ",Lap 8,95.561,55.3,210.6,135.0,192.0,186.5,38.4,0.0,100.0,15.0,0.0,0.0,34.0,-11.94,15.42,-1.42,-0.89,-0.72,2.59,-47.42,54.29,3.75,6.23,5.38,17.83,0.0,100.0,68.0,100.0,100.0,42.0,2.6,0.7,0.48,0.44,0.57,0.0,1.9,0.48,0.24,0.27,0.4,-0.0,193.54,32.22,12.98,10.74,38.15,0.0,1.0,0.3,0.0,0.0,0.46,0.0,28.92,14.88,8.48,17.35,8.57,0.0,3.92,0.63,0.0,0.0,0.96,0.0,11.94,1.6,0.89,0.72,-0.17,2.13,-0.4213430530059966,0,1,Fast
P089,"Laguna_Seca, Laguna_Seca",", McLaren 720S GT3","22/08/2024, ",Lap 9,95.38,51.3,223.7,135.4,186.5,189.6,38.0,0.0,100.0,14.0,0.0,0.0,33.0,-11.07,8.58,-1.59,-0.72,-0.59,2.37,-52.08,54.33,3.77,5.38,3.35,17.66,0.0,100.0,64.0,100.0,100.0,44.0,2.34,0.69,0.44,0.3,0.57,0.0,1.86,0.46,0.27,0.22,0.39,-0.0,161.98,31.75,10.74,8.13,39.83,0.0,1.0,0.26,0.0,0.0,0.44,0.0,25.07,12.21,17.35,0.0,7.21,0.0,4.33,0.5,0.0,0.0,0.74,0.0,11.07,1.66,0.72,0.59,-0.13,2.29,-0.43341613408066,0,1,Fast
P089,"Laguna_Seca, Laguna_Seca",", McLaren 720S GT3","22/08/2024, ",Lap 10,94.64,53.0,224.6,135.8,189.6,191.2,39.4,0.0,100.0,16.0,0.0,0.0,34.0,-9.34,3.43,-1.54,-0.59,-0.47,2.12,-55.68,52.99,3.77,3.35,3.71,17.49,0.0,100.0,66.0,100.0,100.0,43.0,2.05,0.67,0.3,0.22,0.53,0.0,1.87,0.5,0.22,0.25,0.4,-0.0,165.8,31.05,8.13,6.15,38.0,0.0,1.0,0.26,0.0,0.0,0.44,0.0,24.32,12.47,0.0,0.0,6.81,0.0,4.23,0.5,0.0,0.13,0.73,0.0,9.34,1.57,0.59,0.47,-0.12,2.08,-0.4827756920654677,0,1,Fast
P088,"Laguna_Seca, Laguna_Seca",", McLaren 720S GT3","22/08/2024, ",Lap 2,97.632,53.1,203.6,133.0,185.1,185.6,36.6,0.0,98.0,9.0,0.0,0.0,18.0,-9.46,9.48,-1.19,-0.58,-1.01,1.95,-55.43,64.29,3.66,3.81,6.23,17.09,0.0,100.0,61.0,100.0,100.0,46.0,2.44,0.69,0.28,0.44,0.56,0.0,1.31,0.42,0.27,0.27,0.25,-0.0,152.56,27.88,8.65,14.74,32.57,0.0,1.0,0.24,0.0,0.0,0.42,0.0,23.0,10.41,5.73,9.2,6.9,0.0,3.08,0.51,0.35,0.33,0.64,0.0,9.46,1.32,0.58,1.01,0.43,1.72,-0.2832029927539191,0,1,Fast
P088,"Laguna_Seca, Laguna_Seca",", McLaren 720S GT3","22/08/2024, ",Lap 3,97.604,62.7,205.2,132.1,185.6,191.2,35.7,0.0,99.0,10.0,0.0,0.0,20.0,-9.72,17.79,-1.22,-1.01,-0.87,2.73,-67.52,54.07,3.69,6.23,5.19,18.16,0.0,100.0,62.0,100.0,100.0,46.0,3.26,0.69,0.44,0.42,0.55,0.0,1.65,0.44,0.27,0.26,0.27,-0.0,179.3,31.45,14.74,12.67,37.47,0.0,1.0,0.27,0.0,0.0,0.44,0.0,26.23,13.2,9.2,4.2,7.91,0.0,3.88,0.63,0.33,0.3,0.7,0.0,9.72,1.5,1.01,0.87,-0.14,2.06,-0.285070651704696,0,1,Fast
P088,"Laguna_Seca, Laguna_Seca",", McLaren 720S GT3","22/08/2024, ",Lap 4,95.657,66.4,206.1,134.6,191.2,191.4,35.4,0.0,100.0,11.0,0.0,0.0,24.0,-12.93,14.14,-1.38,-0.87,-1.08,2.91,-66.54,58.31,3.74,5.19,5.4,17.73,0.0,100.0,65.0,100.0,100.0,45.0,3.49,0.7,0.42,0.48,0.56,0.0,1.77,0.45,0.26,0.26,0.31,-0.0,179.77,31.73,12.67,15.58,40.34,0.0,1.0,0.26,0.0,0.0,0.44,0.0,24.78,12.87,4.2,18.34,7.23,0.0,3.93,0.62,0.3,0.2,0.7,0.0,12.93,1.62,0.87,1.08,0.22,2.49,-0.4149396508890493,0,0,Fast
P088,"Laguna_Seca, Laguna_Seca",", McLaren 720S GT3","22/08/2024, ",Lap 5,102.559,0.0,213.7,126.4,191.4,192.3,49.2,0.0,100.0,13.0,0.0,0.0,26.0,-10.28,31.27,-0.83,-1.08,-1.08,4.38,-108.05,225.95,3.51,5.4,8.48,28.02,0.0,100.0,67.0,100.0,100.0,45.0,2.84,0.72,0.48,0.59,0.58,0.0,1.87,0.44,0.26,0.25,0.29,-0.0,240.0,49.5,15.58,16.19,63.73,0.0,1.0,0.28,0.0,0.0,0.45,0.0,28.6,13.99,18.34,5.72,8.64,0.0,4.8,0.97,0.2,0.0,1.27,0.0,10.28,1.5,1.08,1.08,-0.01,2.16,0.0454382804773632,0,0,Fast
P088,"Laguna_Seca, Laguna_Seca",", McLaren 720S GT3","22/08/2024, ",Lap 6,93.957,59.8,212.5,137.0,192.3,189.2,38.7,0.0,100.0,13.0,0.0,0.0,26.0,-11.73,10.19,-1.5,-1.08,-0.91,2.48,-68.68,51.69,3.8,8.48,5.69,17.48,0.0,100.0,69.0,100.0,100.0,45.0,3.68,0.73,0.59,0.34,0.57,0.0,1.67,0.46,0.25,0.25,0.3,-0.0,163.28,30.92,16.19,12.24,38.32,0.0,1.0,0.26,0.0,0.0,0.44,0.0,24.05,11.95,5.72,18.76,6.88,0.0,4.07,0.55,0.0,0.3,0.83,0.0,11.73,1.6,1.08,0.91,-0.17,2.35,-0.5283332300433383,0,0,Fast
P088,"Laguna_Seca, Laguna_Seca",", McLaren 720S GT3","22/08/2024, ",Lap 7,98.232,14.7,206.7,132.0,189.2,188.9,41.2,0.0,100.0,15.0,0.0,0.0,29.0,-9.92,14.77,-1.04,-0.91,-1.06,2.28,-56.81,59.84,3.67,5.69,5.83,17.28,0.0,100.0,67.0,100.0,100.0,44.0,2.59,0.68,0.34,0.48,0.55,0.0,1.71,0.5,0.25,0.24,0.3,-0.0,184.61,31.92,12.24,15.67,37.99,0.0,1.0,0.27,0.0,0.0,0.45,0.0,26.97,12.94,18.76,23.19,8.13,0.0,2.97,0.67,0.3,0.48,0.73,0.0,9.92,1.29,0.91,1.06,0.15,1.67,-0.243181729522994,0,1,Fast
P088,"Laguna_Seca, Laguna_Seca",", McLaren 720S GT3","22/08/2024, ",Lap 8,110.507,6.2,207.5,117.7,188.9,187.3,48.6,0.0,100.0,17.0,0.0,0.0,32.0,-12.42,28.2,-0.26,-1.06,-0.83,4.0,-74.04,171.07,3.25,5.83,6.52,21.81,0.0,100.0,65.0,100.0,100.0,45.0,5.98,0.64,0.48,0.53,0.55,0.0,18.7,0.49,0.24,0.26,0.51,-0.0,240.0,42.25,15.67,12.32,56.83,0.0,1.0,0.21,0.0,0.0,0.41,0.0,23.57,11.08,23.19,10.37,7.32,0.0,2.55,0.76,0.48,0.0,0.75,0.0,12.42,0.96,1.06,0.83,-0.23,1.3,0.5755866140763564,0,1,Slow
P088,"Laguna_Seca, Laguna_Seca",", McLaren 720S GT3","22/08/2024, ",Lap 9,99.537,44.0,201.6,130.0,187.3,181.9,40.3,0.0,93.0,11.0,0.0,0.0,23.0,-15.32,23.98,-1.0,-0.83,-0.83,2.88,-65.1,63.85,3.6,6.52,4.68,17.77,0.0,100.0,64.0,100.0,99.0,45.0,3.0,0.67,0.53,0.45,0.53,0.0,1.56,0.43,0.26,0.28,0.28,-0.0,240.0,30.89,12.32,12.15,40.4,0.0,1.0,0.23,0.0,0.0,0.42,0.0,23.15,11.72,10.37,5.09,6.8,0.0,3.17,0.52,0.0,0.27,0.71,0.0,15.32,1.33,0.83,0.83,-0.0,2.07,-0.1561354819957307,0,1,Fast
P087,"Laguna_Seca, Laguna_Seca",", McLaren 720S GT3","22/08/2024, ",Lap 2,184.642,0.0,165.3,74.4,155.6,157.5,48.7,0.0,100.0,7.0,0.0,0.0,19.0,-7.85,26.07,-0.2,-0.2,-0.75,3.14,-105.79,212.47,3.9,1.26,5.61,28.89,0.0,100.0,55.0,76.0,75.0,34.0,4.68,0.41,0.09,0.28,0.46,0.0,27.31,0.29,0.19,0.19,0.61,-0.0,240.0,48.5,2.97,11.12,59.51,0.0,1.0,0.15,0.0,0.0,0.36,0.0,28.3,16.93,0.0,9.06,8.28,0.0,3.32,1.18,1.58,0.47,0.83,0.0,7.85,0.68,0.2,0.75,0.56,1.14,5.52054719678412,1,1,
P087,"Laguna_Seca, Laguna_Seca",", McLaren 720S GT3","22/08/2024, ",Lap 3,156.819,0.0,186.0,88.0,157.5,165.7,50.4,0.0,100.0,17.0,0.0,0.0,29.0,-5.29,3.39,-0.7,-0.75,-0.38,0.98,-34.77,256.64,2.29,5.61,2.68,21.68,0.0,100.0,64.0,75.0,100.0,36.0,22.1,0.39,0.28,0.2,0.52,0.0,82.78,0.42,0.19,0.3,1.5,-0.0,128.47,33.85,11.12,5.72,30.7,0.0,1.0,0.1,0.0,0.0,0.3,0.0,16.23,10.48,9.06,2.92,4.8,0.0,3.48,0.66,0.47,0.0,0.69,0.0,5.29,0.73,0.75,0.38,-0.38,0.93,3.664694518660722,1,1,
P084,"Laguna_Seca, Laguna_Seca",", McLaren 720S GT3","8/27/2023, ",Lap 2,114.644,1.75,0.5,0.2,0.49,0.42,0.0,1.71,0.32,0.32,0.25,0.28,-0.0,128.72,25.38,4.01,15.84,27.71,0.0,100.0,6.0,0.0,0.0,18.0,48.2,190.5,112.9,175.6,190.5,33.8,0.0,1.0,0.15,0.0,0.0,0.36,-7.05,9.83,-1.0,-0.26,-1.03,1.22,-57.21,47.4,3.13,1.75,7.56,15.41,0.0,17.68,9.03,4.9,12.73,5.03,0.0,3.53,0.31,0.28,0.0,0.57,0.0,100.0,38.0,98.0,100.0,40.0,0.0,7.05,1.03,0.26,1.03,0.77,1.13,0.8515332240535874,0,1,Slow
P084,"Laguna_Seca, Laguna_Seca",", McLaren 720S GT3","8/27/2023, ",Lap 3,127.849,2.05,0.46,0.49,0.25,0.5,0.0,2.97,0.33,0.25,0.32,0.31,-0.0,214.39,30.48,15.84,8.57,41.61,0.0,100.0,8.0,0.0,0.0,24.0,0.0,213.1,103.7,190.5,175.2,48.0,0.0,1.0,0.19,0.0,0.0,0.39,-18.85,8.0,-1.39,-1.03,-0.59,2.87,-49.66,53.26,2.8,7.56,3.77,14.87,0.0,24.08,13.08,12.73,18.78,6.35,0.0,4.37,0.49,0.0,1.03,0.74,0.0,100.0,40.0,100.0,99.0,37.0,0.0,18.85,1.46,1.03,0.59,-0.44,2.79,1.7323345256608718,0,1,Slow
P084,"Laguna_Seca, Laguna_Seca",", McLaren 720S GT3","8/27/2023, ",Lap 4,121.079,2.36,0.51,0.25,0.3,0.49,-0.0,21.44,0.32,0.32,0.27,0.53,-0.0,113.42,24.11,8.57,7.74,25.66,0.0,100.0,7.0,0.0,0.0,20.0,0.0,203.6,109.1,175.2,191.9,50.6,0.0,1.0,0.15,0.0,0.0,0.36,-6.34,7.46,-0.82,-0.59,-0.56,1.25,-36.38,41.46,2.97,3.77,3.58,14.49,0.0,18.78,11.02,18.78,0.74,4.78,0.0,4.42,0.49,1.03,0.23,0.72,0.0,100.0,42.0,99.0,100.0,37.0,0.0,6.34,0.88,0.59,0.56,-0.03,1.11,1.280761272205262,0,0,Slow
P084,"Laguna_Seca, Laguna_Seca",", McLaren 720S GT3","8/27/2023, ",Lap 5,108.269,2.51,0.56,0.3,0.16,0.48,0.0,3.32,0.33,0.27,0.27,0.27,-0.0,165.21,28.47,7.74,4.87,35.02,0.0,97.0,6.0,0.0,0.0,15.0,30.9,215.8,119.6,191.9,186.6,40.5,0.0,1.0,0.15,0.0,0.0,0.35,-11.6,3.05,-0.99,-0.56,-0.39,1.43,-48.24,51.06,3.3,3.58,2.82,15.67,0.0,15.92,8.09,0.74,14.33,4.27,0.0,3.77,0.36,0.23,0.08,0.65,0.0,100.0,41.0,100.0,100.0,37.0,0.0,11.6,1.02,0.56,0.39,-0.16,1.4,0.4263073022250044,0,0,Slow
P084,"Laguna_Seca, Laguna_Seca",", McLaren 720S GT3","8/27/2023, ",Lap 6,110.417,8.03,0.56,0.16,0.11,0.59,0.0,10.42,0.3,0.27,0.22,0.33,-0.0,218.32,25.93,4.87,3.4,35.55,0.0,100.0,4.0,0.0,0.0,16.0,17.0,202.5,117.5,186.6,177.8,40.9,0.0,1.0,0.2,0.0,0.0,0.4,-13.33,15.29,-1.15,-0.39,-0.26,2.08,-75.34,257.33,3.28,2.82,1.83,19.87,0.0,22.42,11.91,14.33,19.73,6.6,0.0,3.72,0.43,0.08,0.0,0.72,0.0,100.0,38.0,100.0,83.0,38.0,0.0,13.33,1.22,0.39,0.26,-0.14,1.94,0.5695834245917173,0,0,Slow
P083,"Laguna_Seca, Laguna_Seca",", McLaren 720S GT3","8/27/2023, ",Lap 2,118.864,2.21,0.49,0.04,0.28,0.46,0.0,1.3,0.34,0.26,0.26,0.22,-0.0,151.48,26.52,2.88,9.62,30.7,0.0,66.0,6.0,0.0,0.0,13.0,29.8,200.2,110.0,175.3,182.9,37.4,0.0,1.0,0.19,0.0,0.0,0.39,-8.06,7.85,-0.96,-0.26,-0.66,1.46,-48.99,64.24,3.03,0.85,3.6,16.54,0.0,22.45,12.86,16.73,0.0,6.57,0.0,4.85,0.48,0.0,0.48,0.81,0.0,100.0,43.0,98.0,100.0,40.0,0.0,8.06,1.03,0.26,0.66,0.41,1.28,1.133016108777763,0,1,Slow
P083,"Laguna_Seca, Laguna_Seca",", McLaren 720S GT3","8/27/2023, ",Lap 3,115.947,1.88,0.45,0.28,0.31,0.43,0.0,1.07,0.33,0.26,0.26,0.23,-0.0,148.38,24.31,9.62,11.84,29.66,0.0,51.0,6.0,0.0,0.0,13.0,23.2,198.4,111.4,182.9,189.6,36.3,0.0,1.0,0.12,0.0,0.0,0.32,-4.11,8.18,-0.73,-0.66,-0.79,1.1,-45.28,49.79,3.08,3.6,3.41,15.06,0.0,13.88,8.07,0.0,2.5,4.08,0.0,2.78,0.36,0.48,0.0,0.59,0.0,100.0,41.0,100.0,100.0,37.0,0.0,4.11,0.81,0.66,0.79,0.13,0.87,0.9384460673700804,0,1,Slow
P083,"Laguna_Seca, Laguna_Seca",", McLaren 720S GT3","8/27/2023, ",Lap 4,136.464,4.06,0.48,0.31,0.21,0.51,0.0,4.06,0.33,0.26,0.29,0.23,-0.0,240.0,65.14,11.84,8.3,88.2,0.0,72.0,6.0,0.0,0.0,13.0,0.0,210.4,97.6,189.6,183.2,53.3,0.0,1.0,0.16,0.0,0.0,0.36,-19.18,30.4,-0.91,-0.79,-0.57,4.06,-92.82,78.74,5.25,3.41,3.37,19.46,0.0,21.45,12.11,2.5,7.29,6.54,0.0,3.75,0.45,0.0,0.0,0.86,0.0,100.0,47.0,100.0,100.0,40.0,0.0,19.18,1.28,0.79,0.57,-0.23,3.15,2.306973163551576,1,0,
P083,"Laguna_Seca, Laguna_Seca",", McLaren 720S GT3","8/27/2023, ",Lap 5,118.689,60.82,0.58,0.21,0.44,1.34,0.0,8.28,0.33,0.29,0.27,0.29,-0.0,240.0,38.89,8.3,14.33,51.43,0.0,48.0,6.0,0.0,0.0,12.0,0.0,211.2,110.3,183.2,187.6,48.5,0.0,1.0,0.16,0.0,0.0,0.37,-12.35,86.87,-0.74,-0.57,-1.0,4.34,-147.55,69.29,0.0,3.37,7.5,21.39,0.0,18.88,9.88,7.29,0.0,5.61,0.0,4.43,0.41,0.0,0.22,0.73,0.0,100.0,45.0,100.0,100.0,41.0,0.0,12.35,1.14,0.57,1.0,0.44,1.9,1.121343240335409,0,0,Slow
P083,"Laguna_Seca, Laguna_Seca",", McLaren 720S GT3","8/27/2023, ",Lap 6,121.104,1.78,0.52,0.44,0.07,0.46,0.0,4.46,0.32,0.27,0.26,0.25,-0.0,240.0,36.06,14.33,3.09,50.9,0.0,49.0,5.0,0.0,0.0,12.0,3.3,216.5,107.2,187.6,187.8,42.6,0.0,1.0,0.15,0.0,0.0,0.36,-5.73,15.54,-0.73,-1.0,-0.24,1.66,-164.75,49.59,2.96,7.5,0.98,21.95,0.0,18.28,10.54,0.0,0.0,5.15,0.0,3.98,0.39,0.22,0.13,0.61,0.0,100.0,44.0,100.0,100.0,41.0,0.0,5.73,0.86,1.0,0.24,-0.77,1.04,1.2824288248398843,0,0,Slow
P082,"Laguna_Seca, Laguna_Seca",", McLaren 720S GT3","8/27/2023, ",Lap 2,149.664,14.13,0.55,0.41,0.22,0.66,0.0,101.57,0.4,0.31,0.07,1.87,-0.0,240.0,70.23,14.44,6.52,78.91,0.0,100.0,9.0,0.0,0.0,21.0,0.0,203.9,90.7,180.4,170.0,56.5,0.0,1.0,0.26,0.0,0.0,0.44,-21.2,27.67,-1.09,-0.96,-0.45,5.04,-138.53,245.91,0.06,5.6,2.65,25.3,0.0,39.58,21.44,2.37,8.71,12.02,0.0,4.33,1.41,0.0,0.0,1.35,0.0,100.0,66.0,100.0,37.0,38.0,0.0,21.2,1.73,0.96,0.45,-0.51,3.68,3.187440954631936,1,1,
P082,"Laguna_Seca, Laguna_Seca",", McLaren 720S GT3","8/27/2023, ",Lap 3,138.194,18.24,0.54,0.22,0.47,0.73,0.0,99.09,0.46,0.07,0.28,1.92,-0.0,240.0,66.91,6.52,13.68,76.06,0.0,100.0,12.0,0.0,0.0,25.0,0.0,197.2,96.3,170.0,179.2,52.4,0.0,1.0,0.28,0.0,0.0,0.45,-20.03,22.29,-1.36,-0.45,-0.96,5.0,-98.49,331.27,0.06,2.65,5.89,24.08,0.0,38.6,19.94,8.71,22.39,11.93,0.0,3.8,1.14,0.0,1.47,1.19,0.0,100.0,67.0,37.0,100.0,39.0,0.0,20.03,1.99,0.45,0.96,0.51,3.91,2.4223678058674105,1,1,
P082,"Laguna_Seca, Laguna_Seca",", McLaren 720S GT3","8/27/2023, ",Lap 4,167.909,2.6,0.44,0.47,0.39,0.47,0.0,8.13,0.42,0.28,0.28,0.37,-0.0,240.0,86.77,13.68,12.52,94.49,0.0,100.0,17.0,0.0,0.0,33.0,0.0,207.3,81.4,179.2,183.9,57.4,0.0,1.0,0.22,0.0,0.0,0.41,-21.62,30.34,-1.75,-0.96,-0.86,5.18,-177.54,161.99,2.14,5.89,5.3,28.4,0.0,36.47,19.86,22.39,1.46,9.94,0.0,5.87,2.21,1.47,0.3,1.8,0.0,100.0,59.0,100.0,100.0,41.0,0.0,21.62,2.04,0.96,0.86,-0.1,4.62,4.404420867378994,1,0,
P082,"Laguna_Seca, Laguna_Seca",", McLaren 720S GT3","8/27/2023, ",Lap 5,120.347,9.18,0.51,0.39,0.43,0.52,0.0,25.76,0.5,0.28,0.29,0.67,-0.0,240.0,61.4,12.52,14.32,77.85,0.0,100.0,19.0,0.0,0.0,37.0,0.0,220.4,111.5,183.9,178.8,52.6,0.0,1.0,0.28,0.0,0.0,0.45,-20.85,9.76,-2.51,-0.86,-0.98,4.95,-178.81,62.92,0.01,5.3,6.73,19.41,0.0,33.13,18.43,1.46,7.29,10.09,0.0,3.98,0.85,0.3,0.0,1.07,0.0,100.0,71.0,100.0,100.0,39.0,0.0,20.85,2.62,0.86,0.98,0.12,4.84,1.2319353310635333,0,0,Slow
P081,"Laguna_Seca, Laguna_Seca",", McLaren 720S GT3","8/27/2023, ",Lap 2,118.332,14.94,0.48,0.28,0.28,0.58,0.0,12.67,0.34,0.38,0.12,0.41,-0.0,171.08,29.33,9.18,8.65,36.51,0.0,100.0,7.0,0.0,0.0,22.0,37.0,193.5,108.5,159.6,165.5,35.5,0.0,1.0,0.22,0.0,0.0,0.41,-14.91,13.02,-1.26,-0.56,-0.57,2.34,-55.23,93.77,3.03,3.13,3.78,16.61,0.0,25.8,12.97,11.33,0.0,7.8,0.0,4.2,0.57,0.93,0.0,0.82,0.0,100.0,67.0,100.0,59.0,42.0,0.0,14.91,1.35,0.56,0.57,0.01,2.19,1.0975305887130085,0,1,Slow
P081,"Laguna_Seca, Laguna_Seca",", McLaren 720S GT3","8/27/2023, ",Lap 3,109.602,213.27,0.74,0.28,0.49,4.6,0.0,47.09,0.32,0.12,0.03,1.04,-0.0,240.0,39.02,8.65,12.58,46.12,0.0,100.0,4.0,0.0,0.0,16.0,0.4,202.5,117.4,165.5,180.0,41.5,0.0,1.0,0.31,0.0,0.0,0.46,-19.4,50.69,-0.99,-0.57,-0.81,4.72,-276.66,471.05,3.33,3.78,6.13,24.85,0.0,34.35,16.4,0.0,0.0,10.65,0.0,4.18,0.92,0.0,0.2,1.02,0.0,100.0,62.0,59.0,44.0,43.0,0.0,19.4,1.62,0.57,0.81,0.23,2.47,0.5152212087030437,0,1,Slow
P081,"Laguna_Seca, Laguna_Seca",", McLaren 720S GT3","8/27/2023, ",Lap 4,143.017,47.01,0.52,0.49,0.42,1.03,0.0,23.53,0.32,0.03,0.29,0.56,-0.0,240.0,63.13,12.58,12.81,79.43,0.0,100.0,6.0,0.0,0.0,19.0,0.0,189.5,92.8,180.0,172.4,50.2,0.0,1.0,0.19,0.0,0.0,0.4,-11.3,33.67,-0.67,-0.81,-0.86,4.26,-157.31,345.67,5.07,6.13,4.75,24.09,0.0,27.85,14.22,0.0,13.92,7.58,0.0,4.33,0.92,0.2,0.62,1.05,0.0,100.0,50.0,44.0,92.0,41.0,0.0,11.3,1.2,0.81,0.86,0.06,2.2,2.744072060138667,1,0,
P081,"Laguna_Seca, Laguna_Seca",", McLaren 720S GT3","8/27/2023, ",Lap 5,153.802,13.15,0.42,0.42,0.25,0.51,0.0,77.04,0.29,0.29,0.24,1.41,-0.0,240.0,61.49,12.81,7.25,77.61,0.0,100.0,4.0,0.0,0.0,15.0,0.0,190.5,86.7,172.4,168.3,52.1,0.0,1.0,0.17,0.0,0.0,0.37,-18.71,27.76,-0.86,-0.86,-0.49,3.04,-175.65,311.24,-2.3,4.75,3.64,25.51,0.0,25.78,11.67,13.92,9.8,6.94,0.0,2.78,1.11,0.62,1.13,1.01,0.0,100.0,42.0,92.0,99.0,38.0,0.0,18.71,1.08,0.86,0.49,-0.37,2.16,3.463454266714552,1,0,
P080,"Laguna_Seca, Laguna_Seca",", McLaren 720S GT3","8/27/2023, ",Lap 1,118.804,5.87,0.57,0.26,0.54,0.55,0.0,26.63,0.41,0.32,0.26,0.63,-0.0,240.0,52.24,7.73,11.87,64.01,0.0,100.0,11.0,0.0,0.0,27.0,0.0,204.3,110.6,172.1,179.2,54.0,0.0,1.0,0.23,0.0,0.0,0.42,-13.64,20.92,-1.26,-0.49,-0.72,3.53,-88.74,73.7,3.04,3.92,6.71,18.85,0.0,27.35,14.87,21.08,17.5,8.06,0.0,4.75,0.56,0.0,0.0,0.82,0.0,100.0,55.0,100.0,100.0,46.0,0.0,13.64,1.56,0.49,0.72,0.22,2.69,1.1290139824546703,0,0,Slow
P080,"Laguna_Seca, Laguna_Seca",", McLaren 720S GT3","8/27/2023, ",Lap 2,104.682,16.41,0.63,0.54,0.47,0.64,0.0,31.88,0.44,0.26,0.3,0.77,-0.0,202.7,39.45,11.87,15.23,50.91,0.0,100.0,10.0,0.0,0.0,26.0,20.5,194.8,124.0,179.2,171.1,41.0,0.0,1.0,0.25,0.0,0.0,0.44,-15.16,7.99,-1.9,-0.72,-0.99,3.36,-53.57,273.81,3.44,6.71,7.68,21.77,0.0,26.6,13.51,17.5,19.15,7.93,0.0,4.43,0.47,0.0,0.0,0.73,0.0,100.0,60.0,100.0,100.0,47.0,0.0,15.16,1.99,0.72,0.99,0.27,3.24,0.1870468502094548,0,1,Slow
P080,"Laguna_Seca, Laguna_Seca",", McLaren 720S GT3","8/27/2023, ",Lap 3,105.387,4.75,0.67,0.47,0.44,0.59,0.0,11.8,0.39,0.3,0.25,0.44,-0.0,240.0,45.23,15.23,12.83,63.12,0.0,100.0,8.0,0.0,0.0,20.0,23.1,201.2,121.8,171.1,191.6,38.4,0.0,1.0,0.3,0.0,0.0,0.46,-19.07,27.14,-1.29,-0.99,-0.83,5.67,-181.09,196.52,3.41,7.68,6.06,24.04,0.0,31.68,16.99,19.15,15.84,9.35,0.0,4.45,0.72,0.0,0.22,0.82,0.0,100.0,60.0,100.0,100.0,46.0,0.0,19.07,2.08,0.99,0.83,-0.16,3.85,0.2340718345057921,0,1,Slow
P080,"Laguna_Seca, Laguna_Seca",", McLaren 720S GT3","8/27/2023, ",Lap 4,113.954,2.59,0.65,0.44,0.42,0.56,0.0,2.7,0.38,0.25,0.25,0.28,-0.0,190.48,45.2,12.83,10.49,50.46,0.0,100.0,7.0,0.0,0.0,20.0,0.1,214.4,114.8,191.6,186.2,46.6,0.0,1.0,0.26,0.0,0.0,0.44,-13.3,22.91,-0.97,-0.83,-0.66,4.22,-89.16,64.15,0.01,6.06,4.81,21.24,0.0,30.15,17.59,15.84,7.84,8.24,0.0,5.9,1.13,0.22,0.27,1.64,0.0,100.0,59.0,100.0,100.0,45.0,0.0,13.3,1.56,0.83,0.66,-0.17,2.49,0.8055087713380223,0,0,Slow
P080,"Laguna_Seca, Laguna_Seca",", McLaren 720S GT3","8/27/2023, ",Lap 5,145.899,4.21,0.51,0.42,0.26,0.55,0.0,22.66,0.32,0.25,0.26,0.64,-0.0,217.31,45.55,10.49,6.44,50.68,0.0,100.0,8.0,0.0,0.0,20.0,0.0,208.3,90.0,186.2,190.7,61.7,0.0,1.0,0.17,0.0,0.0,0.38,-6.66,25.03,-0.23,-0.66,-0.43,3.35,-66.89,78.53,2.47,4.81,3.01,18.05,0.0,24.72,11.9,7.84,7.91,6.86,0.0,4.15,1.44,0.27,0.08,1.61,0.0,100.0,45.0,100.0,100.0,44.0,0.0,6.66,0.76,0.66,0.43,-0.23,1.14,2.936307527857879,1,0,
P080,"Laguna_Seca, Laguna_Seca",", McLaren 720S GT3","8/27/2023, ",Lap 6,115.929,2.6,0.6,0.26,0.34,0.51,0.0,2.29,0.37,0.26,0.29,0.31,-0.0,240.0,48.74,6.44,10.87,63.21,0.0,100.0,8.0,0.0,0.0,23.0,0.1,204.7,111.9,190.7,178.5,50.2,0.0,1.0,0.22,0.0,0.0,0.42,-11.23,29.74,-0.95,-0.43,-0.69,3.0,-48.03,96.47,6.12,3.01,5.0,18.6,0.0,25.92,12.17,7.91,15.03,7.54,0.0,4.05,0.55,0.08,0.0,0.79,0.0,100.0,51.0,100.0,100.0,46.0,0.0,11.23,1.28,0.43,0.69,0.26,1.89,0.9372454294731526,0,0,Slow
P079,"Laguna_Seca, Laguna_Seca",", McLaren 720S GT3","8/27/2023, ",Lap 2,140.114,21.73,0.54,0.13,0.62,0.65,0.0,23.13,0.32,0.01,0.11,0.52,-0.0,240.0,74.0,4.69,9.83,92.29,0.0,100.0,7.0,0.0,0.0,21.0,0.0,172.6,95.3,134.4,159.6,43.0,0.0,1.0,0.26,0.0,0.0,0.44,-21.38,32.07,-2.12,-0.29,-0.39,6.05,-373.71,232.45,2.6,2.24,8.83,25.58,0.0,35.97,18.83,1.63,7.91,10.76,0.0,4.42,0.95,0.0,0.88,1.26,0.0,100.0,48.0,36.0,23.0,35.0,0.0,21.38,2.56,0.29,0.39,0.11,5.09,2.550435848206373,1,1,
P079,"Laguna_Seca, Laguna_Seca",", McLaren 720S GT3","8/27/2023, ",Lap 3,126.199,9.16,0.51,0.62,0.57,0.52,0.0,2.41,0.29,0.11,0.02,0.25,-0.0,240.0,48.71,9.83,18.27,72.32,0.0,100.0,7.0,0.0,0.0,20.0,0.0,164.7,103.2,159.6,164.7,35.8,0.0,1.0,0.2,0.0,0.0,0.4,-19.99,16.44,-1.98,-0.39,-1.19,4.8,-145.91,61.8,2.84,8.83,8.64,22.23,0.0,25.48,14.7,7.91,7.14,7.09,0.0,5.38,0.66,0.88,0.17,0.92,0.0,100.0,46.0,23.0,46.0,35.0,0.0,19.99,2.16,0.39,1.19,0.8,4.59,1.6222760517758263,0,1,Slow
P079,"Laguna_Seca, Laguna_Seca",", McLaren 720S GT3","8/27/2023, ",Lap 4,119.832,2.79,0.5,0.57,0.56,0.49,0.0,7.58,0.29,0.02,0.2,0.29,-0.0,240.0,48.99,18.27,18.78,74.46,0.0,100.0,6.0,0.0,0.0,18.0,0.1,180.0,107.9,164.7,162.0,39.0,0.0,1.0,0.19,0.0,0.0,0.39,-18.7,29.66,-1.26,-1.19,-1.17,4.46,-49.57,148.54,3.0,8.64,9.28,22.95,0.0,22.5,11.45,7.14,8.1,6.54,0.0,4.12,0.59,0.17,0.8,0.88,0.0,100.0,46.0,46.0,100.0,38.0,0.0,18.7,1.61,1.19,1.17,-0.02,3.45,1.197583746790322,0,0,Slow
P079,"Laguna_Seca, Laguna_Seca",", McLaren 720S GT3","8/27/2023, ",Lap 5,141.552,2.43,0.49,0.56,0.53,0.49,0.0,15.43,0.29,0.2,0.01,0.39,-0.0,240.0,65.64,18.78,13.6,83.94,0.0,100.0,8.0,0.0,0.0,20.0,0.0,166.0,92.3,162.0,158.2,44.6,0.0,1.0,0.2,0.0,0.0,0.4,-19.88,30.29,-0.88,-1.17,-0.74,4.25,-96.16,176.35,5.07,9.28,9.15,24.14,0.0,28.02,13.67,8.1,6.72,7.92,0.0,4.52,1.04,0.8,0.22,1.39,0.0,100.0,41.0,100.0,38.0,35.0,0.0,19.88,1.34,1.17,0.74,-0.44,2.83,2.6463534757498235,1,0,
P079,"Laguna_Seca, Laguna_Seca",", McLaren 720S GT3","8/27/2023, ",Lap 6,131.557,19.05,0.54,0.53,0.28,0.62,0.0,2.14,0.26,0.01,0.1,0.24,-0.0,240.0,59.33,13.6,7.87,79.5,0.0,100.0,6.0,0.0,0.0,18.0,0.0,177.9,99.3,158.2,157.9,42.4,0.0,1.0,0.21,0.0,0.0,0.41,-17.92,24.86,-1.5,-0.74,-0.5,3.88,-81.7,156.39,5.47,9.15,3.79,21.15,0.0,28.28,15.84,6.72,23.19,8.37,0.0,4.42,0.75,0.22,0.1,1.25,0.0,100.0,45.0,38.0,61.0,35.0,0.0,17.92,1.72,0.74,0.5,-0.23,3.35,1.9796659324279904,0,0,Slow
P078,"Laguna_Seca, Laguna_Seca",", McLaren 720S GT3","8/27/2023, ",Lap 1,122.727,11.34,0.5,0.48,0.63,0.52,0.0,9.0,0.46,0.25,0.25,0.44,-0.0,240.0,38.42,12.78,17.0,47.98,0.0,100.0,12.0,0.0,0.0,24.0,0.0,213.2,105.8,192.2,192.3,50.5,0.0,1.0,0.19,0.0,0.0,0.39,-5.04,15.81,-0.63,-0.87,-1.19,1.96,-87.72,343.55,-0.02,6.77,9.08,21.33,0.0,22.77,13.22,0.0,21.86,6.88,0.0,4.15,0.58,0.0,0.0,0.77,0.0,100.0,56.0,100.0,100.0,42.0,0.0,5.04,0.85,0.87,1.19,0.32,0.98,1.390686341879538,0,0,Slow
P078,"Laguna_Seca, Laguna_Seca",", McLaren 720S GT3","8/27/2023, ",Lap 2,105.522,1.95,0.57,0.63,0.63,0.46,0.0,1.77,0.47,0.25,0.26,0.35,-0.0,175.06,28.52,17.0,14.0,33.53,0.0,100.0,13.0,0.0,0.0,27.0,47.9,212.1,122.2,192.3,192.9,38.3,0.0,1.0,0.22,0.0,0.0,0.41,-7.46,3.3,-1.13,-1.19,-0.96,1.44,-55.68,52.72,3.43,9.08,7.71,16.9,0.0,22.73,12.52,21.86,14.55,6.65,0.0,4.4,0.44,0.0,0.0,0.76,0.0,100.0,59.0,100.0,100.0,43.0,0.0,7.46,1.16,1.19,0.96,-0.23,1.4,0.2430766187327507,0,1,Slow
P078,"Laguna_Seca, Laguna_Seca",", McLaren 720S GT3","8/27/2023, ",Lap 3,127.142,30.21,0.53,0.63,0.63,0.8,0.0,50.91,0.49,0.26,0.28,1.19,-0.0,240.0,45.41,14.0,15.17,56.73,0.0,100.0,12.0,0.0,0.0,25.0,0.0,208.5,103.2,192.9,192.8,53.6,0.0,1.0,0.23,0.0,0.0,0.42,-8.99,49.6,-0.8,-0.96,-1.0,3.04,-59.67,152.24,2.82,7.71,7.53,20.59,0.0,29.17,14.55,14.55,3.5,8.36,0.0,4.23,0.75,0.0,0.0,1.04,0.0,100.0,56.0,100.0,100.0,42.0,0.0,8.99,1.11,0.96,1.0,0.04,1.66,1.685176137153764,0,1,Slow
P078,"Laguna_Seca, Laguna_Seca",", McLaren 720S GT3","8/27/2023, ",Lap 4,131.792,1.92,0.54,0.63,0.5,0.49,0.0,13.5,0.43,0.28,0.26,0.4,-0.0,240.0,42.27,15.17,10.59,53.5,0.0,100.0,11.0,0.0,0.0,24.0,0.0,211.5,100.6,192.8,193.2,50.5,0.0,1.0,0.24,0.0,0.0,0.43,-8.54,16.44,-0.83,-1.0,-0.71,2.35,-45.07,85.91,5.42,7.53,5.6,19.86,0.0,31.9,15.86,3.5,19.14,8.66,0.0,4.1,0.81,0.0,0.0,0.95,0.0,100.0,54.0,100.0,100.0,41.0,0.0,8.54,1.13,1.0,0.71,-0.3,1.59,1.9953409271934368,0,0,Slow
P078,"Laguna_Seca, Laguna_Seca",", McLaren 720S GT3","8/27/2023, ",Lap 5,100.992,2.06,0.62,0.5,0.7,0.48,0.0,1.87,0.47,0.26,0.25,0.35,-0.0,158.27,26.75,10.59,18.81,30.05,0.0,100.0,12.0,0.0,0.0,26.0,58.6,213.0,127.3,193.2,193.5,37.4,0.0,1.0,0.19,0.0,0.0,0.4,-7.15,2.75,-1.12,-0.71,-1.27,1.27,-42.82,48.73,3.56,5.6,9.42,16.98,0.0,19.6,9.97,19.14,1.57,5.7,0.0,4.28,0.35,0.0,0.0,0.65,0.0,100.0,57.0,100.0,100.0,44.0,0.0,7.15,1.16,0.71,1.27,0.56,1.23,-0.0590839186607365,0,0,Fast
P078,"Laguna_Seca, Laguna_Seca",", McLaren 720S GT3","8/27/2023, ",Lap 6,101.167,2.23,0.65,0.7,0.65,0.53,0.0,3.01,0.47,0.25,0.26,0.35,-0.0,140.63,28.54,18.81,16.32,30.3,0.0,100.0,13.0,0.0,0.0,27.0,46.7,220.1,128.1,193.5,192.3,39.3,0.0,1.0,0.25,0.0,0.0,0.43,-7.89,3.08,-1.3,-1.27,-1.1,1.53,-47.87,46.87,3.55,9.42,8.39,17.01,0.0,25.2,12.65,1.57,1.51,7.41,0.0,4.22,0.62,0.0,0.15,0.76,0.0,100.0,62.0,100.0,100.0,43.0,0.0,7.89,1.33,1.27,1.1,-0.16,1.49,-0.0474110502183835,0,0,Fast
P077,"Laguna_Seca, Laguna_Seca",", McLaren 720S GT3","8/27/2023, ",Lap 1,98.537,2.53,0.64,0.24,0.34,0.51,0.0,2.42,0.46,0.26,0.27,0.29,-0.0,175.94,28.29,8.14,10.85,35.14,0.0,78.0,12.0,0.0,0.0,20.0,54.0,210.2,129.8,191.6,189.8,38.8,0.0,1.0,0.22,0.0,0.0,0.42,-8.43,18.27,-0.72,-0.56,-0.77,2.59,-102.71,68.55,3.62,3.65,4.67,18.61,0.0,22.0,10.37,17.73,16.28,6.45,0.0,4.25,0.5,0.0,0.2,0.9,0.0,100.0,58.0,100.0,100.0,43.0,0.0,8.43,1.08,0.56,0.77,0.2,1.38,-0.2228375873806064,0,0,Fast
P077,"Laguna_Seca, Laguna_Seca",", McLaren 720S GT3","8/27/2023, ",Lap 2,96.149,1.91,0.63,0.34,0.3,0.5,0.0,1.41,0.47,0.27,0.27,0.28,-0.0,132.67,24.91,10.85,8.38,29.49,0.0,70.0,11.0,0.0,0.0,20.0,64.4,218.7,133.1,189.8,192.8,37.4,0.0,1.0,0.18,0.0,0.0,0.38,-6.05,2.2,-1.07,-0.77,-0.58,1.33,-40.65,48.73,3.73,4.67,3.48,16.7,0.0,17.1,8.97,16.28,13.68,4.85,0.0,3.97,0.33,0.2,0.0,0.63,0.0,100.0,58.0,100.0,100.0,44.0,0.0,6.05,1.09,0.77,0.58,-0.19,1.3,-0.3821222150396902,0,1,Fast
P077,"Laguna_Seca, Laguna_Seca",", McLaren 720S GT3","8/27/2023, ",Lap 3,97.604,2.1,0.66,0.3,0.42,0.51,0.0,1.81,0.46,0.27,0.27,0.27,-0.0,179.27,29.76,8.38,12.47,38.74,0.0,68.0,11.0,0.0,0.0,19.0,54.5,216.9,131.8,192.8,188.7,38.3,0.0,1.0,0.21,0.0,0.0,0.41,-9.84,10.8,-1.29,-0.58,-0.86,2.47,-47.18,60.7,3.69,3.48,6.18,17.44,0.0,20.2,10.93,13.68,11.31,5.59,0.0,4.13,0.45,0.0,0.47,0.74,0.0,100.0,58.0,100.0,100.0,43.0,0.0,9.84,1.44,0.58,0.86,0.28,2.17,-0.285070651704696,0,1,Fast
P077,"Laguna_Seca, Laguna_Seca",", McLaren 720S GT3","8/27/2023, ",Lap 4,100.319,5.59,0.61,0.42,0.31,0.5,0.0,16.11,0.48,0.27,0.25,0.47,-0.0,146.67,27.72,12.47,8.24,34.57,0.0,100.0,12.0,0.0,0.0,22.0,28.9,218.4,127.4,188.7,192.2,41.7,0.0,1.0,0.18,0.0,0.0,0.38,-8.3,17.93,-0.9,-0.86,-0.57,2.61,-78.92,94.01,3.59,6.18,3.72,18.24,0.0,17.9,9.66,11.31,7.52,5.19,0.0,4.15,0.41,0.47,0.05,0.61,0.0,100.0,58.0,100.0,100.0,44.0,0.0,8.3,1.16,0.86,0.57,-0.3,1.68,-0.1039744355847581,0,0,Fast
P077,"Laguna_Seca, Laguna_Seca",", McLaren 720S GT3","8/27/2023, ",Lap 5,95.617,1.98,0.63,0.31,0.43,0.49,0.0,1.47,0.46,0.25,0.25,0.29,-0.0,152.29,25.58,8.24,11.41,32.19,0.0,84.0,11.0,0.0,0.0,20.0,62.9,216.2,133.7,192.2,192.7,37.9,0.0,1.0,0.17,0.0,0.0,0.37,-9.95,3.56,-1.17,-0.57,-0.75,1.79,-42.25,47.83,3.74,3.72,4.7,16.03,0.0,15.98,8.33,7.52,0.0,4.45,0.0,4.0,0.3,0.05,0.0,0.6,0.0,100.0,57.0,100.0,100.0,44.0,0.0,9.95,1.2,0.57,0.75,0.18,1.76,-0.4176077351044438,0,0,Fast
P077,"Laguna_Seca, Laguna_Seca",", McLaren 720S GT3","8/27/2023, ",Lap 6,108.647,3.3,0.58,0.43,0.42,0.47,0.0,1.48,0.46,0.25,0.26,0.28,-0.0,229.11,35.58,11.41,10.35,45.84,0.0,87.0,12.0,0.0,0.0,21.0,0.0,217.6,118.3,192.7,192.0,52.4,0.0,1.0,0.15,0.0,0.0,0.36,-5.11,25.77,-0.73,-0.75,-0.68,1.9,-113.07,45.02,3.32,4.7,5.05,18.73,0.0,16.78,9.05,0.0,9.73,4.64,0.0,4.47,0.37,0.0,0.0,0.75,0.0,100.0,57.0,100.0,100.0,44.0,0.0,5.11,0.89,0.75,0.68,-0.06,1.05,0.4515206980604874,0,0,Slow
P076,"Laguna_Seca, Laguna_Seca",", McLaren 720S GT3","8/27/2023, ",Lap 2,138.029,13.82,0.5,0.23,0.12,0.63,0.0,62.43,0.21,0.28,0.0,1.24,-0.0,240.0,54.34,9.16,7.3,77.56,0.0,63.0,1.0,0.0,0.0,6.0,14.3,161.7,95.3,136.8,99.2,36.8,0.0,1.0,0.22,0.0,0.0,0.41,-21.62,28.65,-1.71,-0.62,-0.44,5.93,-182.72,294.09,1.0,3.81,2.59,22.4,0.0,30.52,18.99,1.43,9.15,8.81,0.0,4.22,0.77,0.0,0.0,1.16,0.0,100.0,39.0,100.0,28.0,27.0,0.0,21.62,2.21,0.62,0.44,-0.18,4.8,2.4113619584789068,1,1,
P076,"Laguna_Seca, Laguna_Seca",", McLaren 720S GT3","8/27/2023, ",Lap 3,137.427,17.19,0.44,0.12,0.19,0.63,0.0,24.24,0.15,0.0,0.22,0.5,-0.0,240.0,39.48,7.3,7.27,63.07,0.0,78.0,1.0,0.0,0.0,7.0,19.2,150.3,95.2,99.2,121.6,28.2,0.0,1.0,0.16,0.0,0.0,0.37,-21.23,9.46,-2.0,-0.44,-0.41,4.47,-68.16,357.22,2.6,2.59,3.12,19.51,0.0,22.67,11.93,9.15,15.41,7.23,0.0,4.22,0.41,0.0,0.0,0.71,0.0,100.0,39.0,28.0,100.0,26.0,0.0,21.23,2.03,0.44,0.41,-0.02,4.45,2.3712072910372117,1,1,
P076,"Laguna_Seca, Laguna_Seca",", McLaren 720S GT3","8/27/2023, ",Lap 4,132.177,4.33,0.5,0.19,0.08,0.55,0.0,2.04,0.13,0.22,0.14,0.12,-0.0,240.0,47.31,7.27,3.9,75.03,0.0,8.0,0.0,0.0,0.0,1.0,37.3,148.1,98.9,121.6,115.5,22.3,0.0,1.0,0.23,0.0,0.0,0.42,-19.91,16.6,-2.66,-0.41,-0.24,5.59,-77.58,91.79,2.71,3.12,1.42,17.84,0.0,31.07,15.67,15.41,1.86,9.84,0.0,4.25,0.76,0.0,0.57,1.09,0.0,100.0,38.0,100.0,76.0,27.0,0.0,19.91,2.78,0.41,0.24,-0.17,5.44,2.021021237766613,1,0,
P076,"Laguna_Seca, Laguna_Seca",", McLaren 720S GT3","8/27/2023, ",Lap 5,161.799,15.05,0.38,0.08,0.14,0.57,0.0,9.77,0.12,0.14,0.21,0.23,-0.0,240.0,66.81,3.9,6.87,92.33,0.0,50.0,0.0,0.0,0.0,4.0,0.0,137.4,81.2,115.5,126.6,37.6,0.0,1.0,0.14,0.0,0.0,0.35,-20.12,27.03,-1.5,-0.24,-0.43,4.31,-114.92,303.88,2.2,1.42,2.54,20.93,0.0,22.93,12.0,1.86,2.75,6.56,0.0,3.4,0.45,0.57,2.47,0.83,0.0,100.0,33.0,76.0,99.0,26.0,0.0,20.12,1.6,0.24,0.43,0.18,4.09,3.996871003477404,1,0,
P075,"Laguna_Seca, Laguna_Seca",", McLaren 720S GT3","8/27/2023, ",Lap 1,98.142,2.33,0.59,0.52,0.41,0.5,0.0,1.3,0.44,0.27,0.25,0.23,-0.0,204.85,26.82,12.94,5.94,37.14,0.0,60.0,9.0,0.0,0.0,14.0,57.6,205.7,130.4,191.4,193.2,36.5,0.0,1.0,0.18,0.0,0.0,0.39,-10.24,21.18,-0.97,-0.83,-0.47,2.28,-73.4,71.05,3.65,6.84,2.98,17.36,0.0,17.85,8.84,12.05,4.64,5.22,0.0,3.62,0.33,0.0,0.0,0.56,0.0,100.0,53.0,100.0,100.0,46.0,0.0,10.24,1.14,0.83,0.47,-0.36,1.68,-0.2491849190076331,0,0,Fast
P075,"Laguna_Seca, Laguna_Seca",", McLaren 720S GT3","8/27/2023, ",Lap 2,98.287,3.08,0.63,0.41,0.28,0.5,0.0,1.53,0.46,0.25,0.24,0.26,-0.0,219.24,26.39,5.94,8.51,31.23,0.0,87.0,10.0,0.0,0.0,17.0,38.0,206.9,129.9,193.2,189.1,38.2,0.0,1.0,0.18,0.0,0.0,0.38,-7.77,7.03,-0.99,-0.47,-0.57,1.4,-50.36,57.12,3.63,2.98,3.25,17.66,0.0,17.78,8.98,4.64,0.71,5.54,0.0,3.02,0.34,0.0,0.0,0.53,0.0,100.0,58.0,100.0,100.0,45.0,0.0,7.77,1.06,0.47,0.57,0.1,1.28,-0.2395131137268254,0,1,Fast
P075,"Laguna_Seca, Laguna_Seca",", McLaren 720S GT3","8/27/2023, ",Lap 3,94.994,2.99,0.66,0.28,0.4,0.54,0.0,1.48,0.46,0.24,0.24,0.25,-0.0,159.17,25.87,8.51,10.23,31.96,0.0,61.0,10.0,0.0,0.0,16.0,58.8,204.6,134.5,189.1,191.2,36.3,0.0,1.0,0.18,0.0,0.0,0.39,-8.46,1.5,-1.17,-0.57,-0.69,1.55,-55.47,58.44,3.76,3.25,4.43,16.96,0.0,17.28,8.56,0.71,6.91,5.11,0.0,4.1,0.36,0.0,0.0,0.69,0.0,100.0,58.0,100.0,100.0,45.0,0.0,8.46,1.2,0.57,0.69,0.13,1.53,-0.4591631467592217,0,1,Fast
P075,"Laguna_Seca, Laguna_Seca",", McLaren 720S GT3","8/27/2023, ",Lap 4,95.042,3.61,0.69,0.4,0.4,0.54,0.0,1.71,0.48,0.24,0.25,0.26,-0.0,164.09,28.3,10.23,13.26,34.37,0.0,81.0,11.0,0.0,0.0,19.0,51.2,213.6,135.2,191.2,186.2,39.0,0.0,1.0,0.2,0.0,0.0,0.4,-10.1,16.2,-1.17,-0.69,-0.91,2.09,-57.1,60.06,3.79,4.43,6.59,17.69,0.0,18.92,9.42,6.91,16.65,5.65,0.0,3.45,0.39,0.0,0.27,0.61,0.0,100.0,63.0,100.0,100.0,45.0,0.0,10.1,1.28,0.69,0.91,0.22,1.73,-0.4559614457007476,0,0,Fast
P075,"Laguna_Seca, Laguna_Seca",", McLaren 720S GT3","8/27/2023, ",Lap 5,94.722,2.82,0.66,0.4,0.38,0.54,0.0,1.41,0.46,0.25,0.24,0.28,-0.0,146.01,26.01,13.26,10.07,31.1,0.0,88.0,10.0,0.0,0.0,19.0,56.5,203.8,135.0,186.2,193.1,38.6,0.0,1.0,0.2,0.0,0.0,0.4,-7.37,3.39,-1.15,-0.91,-0.76,1.44,-49.11,52.58,3.78,6.59,4.94,16.93,0.0,18.52,8.11,16.65,10.37,5.71,0.0,3.12,0.34,0.27,0.0,0.58,0.0,100.0,59.0,100.0,100.0,44.0,0.0,7.37,1.17,0.91,0.76,-0.15,1.41,-0.4773061194239083,0,0,Fast
P075,"Laguna_Seca, Laguna_Seca",", McLaren 720S GT3","8/27/2023, ",Lap 6,93.642,2.76,0.71,0.38,0.44,0.56,0.0,1.6,0.47,0.24,0.26,0.29,-0.0,210.06,27.16,10.07,11.15,33.52,0.0,85.0,11.0,0.0,0.0,19.0,42.3,218.6,136.9,193.1,185.7,39.3,0.0,1.0,0.19,0.0,0.0,0.4,-11.38,14.84,-1.14,-0.76,-0.72,1.85,-54.42,55.88,3.83,4.94,6.46,17.64,0.0,18.15,8.28,10.37,0.73,5.48,0.0,3.57,0.34,0.0,0.0,0.61,0.0,100.0,63.0,100.0,100.0,45.0,0.0,11.38,1.23,0.76,0.72,-0.04,1.6,-0.5493443932395741,0,0,Fast
P074,"Laguna_Seca, Laguna_Seca",", McLaren 720S GT3","8/27/2023, ",Lap 1,104.727,3.16,0.63,0.3,0.47,0.58,0.0,62.15,0.49,0.26,0.25,1.41,-0.0,170.33,41.09,11.09,11.16,45.9,0.0,100.0,14.0,0.0,0.0,31.0,0.0,214.1,125.5,192.3,193.5,54.0,0.0,1.0,0.24,0.0,0.0,0.43,-12.3,4.11,-1.73,-0.82,-0.75,2.92,-108.73,55.36,3.41,4.43,5.27,18.35,0.0,25.43,14.09,17.25,1.02,7.42,0.0,4.32,0.45,0.0,0.0,0.74,0.0,100.0,64.0,100.0,100.0,44.0,0.0,12.3,1.77,0.82,0.75,-0.07,2.88,0.1900484449517743,0,0,Slow
P074,"Laguna_Seca, Laguna_Seca",", McLaren 720S GT3","8/27/2023, ",Lap 2,122.162,4.49,0.57,0.47,0.34,0.58,0.0,28.83,0.43,0.25,0.27,0.83,-0.0,175.54,46.53,11.16,10.87,49.6,0.0,100.0,12.0,0.0,0.0,26.0,0.0,218.7,106.7,193.5,191.6,56.0,0.0,1.0,0.25,0.0,0.0,0.43,-10.42,22.53,-0.84,-0.75,-0.79,3.73,-104.76,87.31,2.93,5.27,5.28,19.11,0.0,30.18,16.73,1.02,9.66,8.72,0.0,4.17,0.83,0.0,0.0,0.84,0.0,100.0,59.0,100.0,100.0,45.0,0.0,10.42,1.36,0.75,0.79,0.04,2.43,1.3529996523370835,0,1,Slow
P074,"Laguna_Seca, Laguna_Seca",", McLaren 720S GT3","8/27/2023, ",Lap 3,96.804,2.08,0.64,0.34,0.23,0.54,0.0,1.66,0.44,0.27,0.26,0.33,-0.0,144.8,26.94,10.87,6.41,34.01,0.0,100.0,11.0,0.0,0.0,23.0,65.5,201.5,132.5,191.6,193.7,35.4,0.0,1.0,0.22,0.0,0.0,0.42,-9.59,3.26,-1.27,-0.79,-0.48,1.96,-39.32,48.56,3.71,5.28,2.8,16.72,0.0,21.7,10.77,9.66,1.74,6.34,0.0,4.18,0.41,0.0,0.0,0.67,0.0,100.0,60.0,100.0,100.0,44.0,0.0,9.59,1.32,0.79,0.48,-0.31,1.92,-0.3384323360125965,0,1,Fast
P074,"Laguna_Seca, Laguna_Seca",", McLaren 720S GT3","8/27/2023, ",Lap 4,94.072,2.26,0.68,0.23,0.24,0.57,0.0,1.89,0.46,0.26,0.25,0.35,-0.0,139.06,25.75,6.41,5.97,29.41,0.0,100.0,12.0,0.0,0.0,25.0,65.2,220.1,136.1,193.7,193.5,36.0,0.0,1.0,0.24,0.0,0.0,0.43,-8.18,2.91,-1.16,-0.48,-0.42,1.49,-43.32,51.58,3.8,2.8,2.48,17.1,0.0,22.68,11.04,1.74,17.24,6.74,0.0,4.22,0.43,0.0,0.0,0.71,0.0,100.0,64.0,100.0,100.0,43.0,0.0,8.18,1.2,0.48,0.42,-0.06,1.44,-0.520662487924077,0,0,Fast
P074,"Laguna_Seca, Laguna_Seca",", McLaren 720S GT3","8/27/2023, ",Lap 5,126.534,7.21,0.59,0.24,0.36,0.6,0.0,20.24,0.42,0.25,0.24,0.59,-0.0,219.68,51.67,5.97,8.87,55.35,0.0,100.0,12.0,0.0,0.0,27.0,0.0,222.7,104.5,193.5,193.9,60.3,0.0,1.0,0.26,0.0,0.0,0.44,-9.11,17.89,-0.33,-0.42,-0.62,3.43,-68.23,384.19,5.64,2.48,4.65,25.73,0.0,32.63,18.56,17.24,23.5,8.47,0.0,4.68,1.19,0.0,0.0,1.5,0.0,100.0,59.0,100.0,100.0,45.0,0.0,9.11,1.03,0.42,0.62,0.2,1.62,1.6446212570797605,0,0,Slow
P074,"Laguna_Seca, Laguna_Seca",", McLaren 720S GT3","8/27/2023, ",Lap 6,94.312,2.17,0.66,0.36,0.45,0.54,0.0,1.87,0.47,0.24,0.23,0.37,-0.0,158.4,27.62,8.87,13.12,34.56,0.0,100.0,13.0,0.0,0.0,28.0,59.7,215.5,135.8,193.9,194.3,37.7,0.0,1.0,0.21,0.0,0.0,0.41,-9.72,1.99,-1.34,-0.62,-0.92,1.95,-41.67,56.05,3.8,4.65,6.67,16.82,0.0,23.5,10.39,23.5,0.0,5.88,0.0,4.17,0.39,0.0,0.0,0.69,0.0,100.0,64.0,100.0,100.0,43.0,0.0,9.72,1.38,0.62,0.92,0.3,1.91,-0.5046539826317071,0,0,Fast
P073,"Laguna_Seca, Laguna_Seca",", McLaren 720S GT3","8/27/2023, ",Lap 1,99.459,2.21,0.62,0.68,0.43,0.5,0.0,1.78,0.5,0.23,0.24,0.38,-0.0,194.19,31.38,18.52,15.48,40.19,0.0,100.0,14.0,0.0,0.0,28.0,47.9,211.0,128.7,191.1,192.8,39.6,0.0,1.0,0.24,0.0,0.0,0.42,-12.38,19.38,-1.33,-1.31,-1.1,2.54,-84.1,55.34,3.6,9.17,5.31,18.32,0.0,23.38,11.57,18.91,7.95,7.09,0.0,4.43,0.49,0.02,0.0,0.81,0.0,100.0,63.0,97.0,100.0,43.0,0.0,12.38,1.47,1.31,1.1,-0.21,2.11,-0.1613382462157512,0,0,Fast
P073,"Laguna_Seca, Laguna_Seca",", McLaren 720S GT3","8/27/2023, ",Lap 2,100.064,2.12,0.62,0.43,0.54,0.52,0.0,1.84,0.48,0.24,0.27,0.37,-0.0,196.44,28.98,15.48,14.9,36.5,0.0,100.0,13.0,0.0,0.0,28.0,54.7,207.1,128.7,192.8,186.4,34.9,0.0,1.0,0.23,0.0,0.0,0.42,-12.52,13.6,-1.31,-1.1,-1.0,2.05,-68.98,61.99,3.6,5.31,9.38,17.52,0.0,23.18,11.33,7.95,11.59,6.92,0.0,4.0,0.48,0.0,0.73,0.71,0.0,100.0,59.0,100.0,100.0,43.0,0.0,12.52,1.38,1.1,1.0,-0.1,1.92,-0.120983472457902,0,1,Fast
P073,"Laguna_Seca, Laguna_Seca",", McLaren 720S GT3","8/27/2023, ",Lap 3,100.164,1.98,0.59,0.54,0.47,0.51,0.0,1.81,0.46,0.27,0.22,0.37,-0.0,219.7,27.92,14.9,15.02,36.45,0.0,100.0,12.0,0.0,0.0,26.0,52.8,205.9,127.7,186.4,191.2,35.8,0.0,1.0,0.22,0.0,0.0,0.42,-11.09,2.32,-1.27,-1.0,-0.91,1.77,-54.83,52.94,3.6,9.38,7.4,17.08,0.0,22.48,11.95,11.59,14.84,6.69,0.0,4.2,0.5,0.73,0.0,0.73,0.0,100.0,58.0,100.0,92.0,43.0,0.0,11.09,1.3,1.0,0.91,-0.09,1.75,-0.1143132619194139,0,1,Fast
P073,"Laguna_Seca, Laguna_Seca",", McLaren 720S GT3","8/27/2023, ",Lap 4,100.384,2.06,0.59,0.47,0.42,0.5,0.0,1.7,0.47,0.22,0.26,0.37,-0.0,174.48,27.84,15.02,5.83,34.49,0.0,89.0,11.0,0.0,0.0,24.0,67.3,203.0,127.3,191.2,193.4,34.4,0.0,1.0,0.23,0.0,0.0,0.42,-9.79,9.76,-1.29,-0.91,-0.28,1.9,-52.37,61.85,3.59,7.4,3.19,16.77,0.0,22.62,11.6,14.84,14.02,6.77,0.0,4.05,0.45,0.0,0.0,0.74,0.0,100.0,57.0,92.0,100.0,42.0,0.0,9.79,1.34,0.91,0.28,-0.63,1.82,-0.0996387987347413,0,0,Fast
P073,"Laguna_Seca, Laguna_Seca",", McLaren 720S GT3","8/27/2023, ",Lap 5,96.439,3.29,0.63,0.42,0.53,0.54,0.0,1.59,0.45,0.26,0.25,0.36,-0.0,152.64,29.09,5.83,16.33,35.8,0.0,100.0,11.0,0.0,0.0,24.0,63.9,203.8,132.6,193.4,194.0,35.8,0.0,1.0,0.23,0.0,0.0,0.42,-10.26,10.14,-1.39,-0.28,-1.1,2.04,-52.22,71.12,3.72,3.19,7.35,17.35,0.0,22.43,11.97,14.02,6.28,6.66,0.0,4.1,0.42,0.0,0.0,0.73,0.0,100.0,58.0,100.0,100.0,43.0,0.0,10.26,1.44,0.28,1.1,0.82,1.97,-0.3627786044780767,0,0,Fast
P073,"Laguna_Seca, Laguna_Seca",", McLaren 720S GT3","8/27/2023, ",Lap 6,95.952,2.26,0.65,0.53,0.34,0.54,0.0,1.8,0.5,0.25,0.25,0.37,-0.0,146.14,28.34,16.33,14.97,32.66,0.0,100.0,13.0,0.0,0.0,28.0,64.2,207.2,133.1,194.0,193.8,35.0,0.0,1.0,0.23,0.0,0.0,0.42,-8.66,9.84,-1.28,-1.1,-0.97,1.79,-70.37,61.91,3.73,7.35,3.57,17.4,0.0,22.45,11.33,6.28,3.59,6.86,0.0,3.62,0.43,0.0,0.0,0.7,0.0,100.0,62.0,100.0,100.0,43.0,0.0,8.66,1.35,1.1,0.97,-0.13,1.65,-0.3952625298005108,0,0,Fast
P072,"Laguna_Seca, Laguna_Seca",", McLaren 720S GT3","8/27/2023, ",Lap 1,111.317,30.87,0.6,0.3,0.21,0.82,0.0,58.61,0.32,0.31,0.25,1.26,-0.0,240.0,35.11,11.44,7.44,45.11,0.0,93.0,5.0,0.0,0.0,15.0,34.7,186.4,117.5,181.9,181.0,35.3,0.0,1.0,0.25,0.0,0.0,0.44,-20.0,17.01,-1.41,-0.82,-0.52,3.61,-60.7,335.97,3.24,5.85,3.25,21.79,0.0,28.27,15.8,0.0,1.7,9.23,0.0,6.15,0.91,0.08,0.0,1.32,0.0,100.0,46.0,100.0,90.0,39.0,0.0,20.0,1.72,0.82,0.52,-0.3,2.98,0.6296153194381049,0,0,Slow
P072,"Laguna_Seca, Laguna_Seca",", McLaren 720S GT3","8/27/2023, ",Lap 2,114.994,3.74,0.55,0.21,0.09,0.5,0.0,2.59,0.3,0.25,0.31,0.23,-0.0,240.0,42.13,7.44,3.73,61.68,0.0,68.0,5.0,0.0,0.0,11.0,0.0,195.5,113.7,181.0,178.8,43.1,0.0,1.0,0.16,0.0,0.0,0.37,-19.71,17.56,-1.33,-0.52,-0.29,3.23,-53.45,220.34,3.15,3.25,1.55,21.68,0.0,18.88,9.65,1.7,7.93,5.45,0.0,4.13,0.45,0.0,0.0,0.78,0.0,100.0,41.0,90.0,100.0,34.0,0.0,19.71,1.42,0.52,0.29,-0.22,3.05,0.8748789609382935,0,1,Slow
P072,"Laguna_Seca, Laguna_Seca",", McLaren 720S GT3","8/27/2023, ",Lap 3,107.434,2.36,0.53,0.09,0.28,0.5,0.0,1.46,0.28,0.31,0.25,0.22,-0.0,205.71,28.16,3.73,8.66,39.97,0.0,100.0,5.0,0.0,0.0,13.0,53.9,196.5,119.1,178.8,190.5,33.6,0.0,1.0,0.18,0.0,0.0,0.38,-13.84,9.26,-1.29,-0.29,-0.65,2.43,-42.54,53.52,3.34,1.55,4.87,16.3,0.0,19.42,10.11,7.93,7.38,5.51,0.0,4.25,0.35,0.0,0.0,0.71,0.0,100.0,39.0,100.0,100.0,37.0,0.0,13.84,1.36,0.29,0.65,0.35,2.31,0.3706110442286326,0,1,Slow
P072,"Laguna_Seca, Laguna_Seca",", McLaren 720S GT3","8/27/2023, ",Lap 4,124.047,12.65,0.53,0.28,0.33,0.58,0.0,12.56,0.28,0.25,0.26,0.36,-0.0,240.0,51.04,8.66,9.87,75.4,0.0,100.0,4.0,0.0,0.0,12.0,0.0,214.6,105.3,190.5,190.5,47.0,0.0,1.0,0.17,0.0,0.0,0.38,-12.13,28.77,-0.49,-0.65,-0.69,3.29,-297.4,55.83,0.02,4.87,3.91,26.24,0.0,21.3,10.77,7.38,11.93,6.11,0.0,3.75,0.5,0.0,0.07,0.86,0.0,100.0,40.0,100.0,100.0,35.0,0.0,12.13,0.93,0.65,0.69,0.04,1.52,1.4787331209875736,0,0,Slow
P072,"Laguna_Seca, Laguna_Seca",", McLaren 720S GT3","8/27/2023, ",Lap 5,106.629,3.23,0.53,0.33,0.32,0.47,0.0,2.33,0.32,0.26,0.04,0.27,-0.0,147.85,24.86,9.87,11.35,30.42,0.0,100.0,7.0,0.0,0.0,17.0,54.5,205.6,120.1,190.5,187.4,35.5,0.0,1.0,0.16,0.0,0.0,0.37,-7.17,1.9,-1.05,-0.69,-0.73,1.32,-36.59,62.02,3.34,3.91,5.13,15.91,0.0,16.95,8.63,11.93,13.9,4.8,0.0,3.17,0.33,0.07,0.0,0.59,0.0,100.0,40.0,100.0,44.0,38.0,0.0,7.17,1.07,0.69,0.73,0.04,1.29,0.3169158493938081,0,0,Slow
P072,"Laguna_Seca, Laguna_Seca",", McLaren 720S GT3","8/27/2023, ",Lap 6,108.482,10.45,0.61,0.32,0.31,0.56,0.0,22.69,0.34,0.04,0.26,0.55,-0.0,240.0,37.84,11.35,8.65,54.39,0.0,92.0,6.0,0.0,0.0,17.0,0.0,187.4,120.8,187.4,185.2,42.2,0.0,1.0,0.21,0.0,0.0,0.41,-19.35,10.34,-1.42,-0.73,-0.61,3.25,-50.87,130.33,3.32,5.13,4.39,22.53,0.0,22.78,11.21,13.9,20.51,6.56,0.0,4.4,0.53,0.0,0.0,0.84,0.0,100.0,44.0,44.0,100.0,40.0,0.0,19.35,1.56,0.73,0.61,-0.12,3.04,0.4405148506719825,0,0,Slow
P071,"Laguna_Seca, Laguna_Seca",", McLaren 720S GT3","8/27/2023, ",Lap 2,144.569,9.25,0.41,0.35,0.39,0.47,0.0,14.19,0.42,0.26,0.4,0.46,-0.0,240.0,45.35,9.37,12.38,62.49,0.0,100.0,12.0,0.0,9.0,26.0,0.0,195.1,91.9,170.0,179.9,52.4,0.0,1.0,0.14,0.0,0.0,0.35,-18.59,28.83,-0.81,-0.58,-0.75,2.69,-242.31,82.71,2.46,4.75,5.2,17.39,0.0,20.37,11.78,10.49,4.48,5.57,0.0,4.53,0.47,0.0,0.0,0.78,0.0,100.0,53.0,87.0,3.0,38.0,0.0,18.59,1.01,0.58,0.75,0.17,2.15,2.847593727695993,1,1,
P071,"Laguna_Seca, Laguna_Seca",", McLaren 720S GT3","8/27/2023, ",Lap 3,153.027,3.45,0.39,0.39,0.39,0.43,0.0,27.24,0.44,0.4,0.26,0.6,-0.0,240.0,60.31,12.38,11.7,81.34,0.0,100.0,15.0,9.0,0.0,29.0,0.0,189.2,87.5,179.9,181.6,54.5,0.0,1.0,0.17,0.0,0.0,0.38,-20.59,27.49,-0.51,-0.75,-0.79,4.52,-153.44,203.33,4.69,5.2,5.81,23.59,0.0,25.92,14.92,4.48,15.55,7.31,0.0,4.27,1.13,0.0,0.67,1.39,0.0,100.0,57.0,3.0,100.0,41.0,0.0,20.59,1.09,0.75,0.79,0.04,2.9,3.4117601350412725,1,1,
P071,"Laguna_Seca, Laguna_Seca",", McLaren 720S GT3","8/27/2023, ",Lap 4,124.379,29.85,0.52,0.39,0.46,0.84,-0.0,56.79,0.47,0.26,0.21,1.19,-0.0,240.0,58.68,11.7,16.77,81.24,0.0,100.0,15.0,0.0,0.0,30.0,0.0,207.1,107.1,181.6,184.7,52.9,0.0,1.0,0.2,0.0,0.0,0.4,-20.21,16.63,-1.42,-0.79,-1.15,4.25,-239.44,301.0,2.87,5.81,7.47,24.14,0.0,25.4,13.14,15.55,0.0,7.7,0.0,3.0,0.61,0.67,0.0,0.74,0.0,100.0,59.0,100.0,82.0,40.0,0.0,20.21,1.68,0.79,1.15,0.36,3.87,1.500878219975353,0,0,Slow
P071,"Laguna_Seca, Laguna_Seca",", McLaren 720S GT3","8/27/2023, ",Lap 5,113.622,4.74,0.6,0.46,0.4,0.56,0.0,16.64,0.42,0.21,0.26,0.49,-0.0,240.0,57.24,16.77,10.54,79.4,0.0,100.0,10.0,0.0,0.0,25.0,0.0,203.7,116.7,184.7,188.3,48.1,0.0,1.0,0.25,0.0,0.0,0.43,-21.3,4.45,-2.43,-1.15,-0.7,4.75,-171.48,48.25,0.02,7.47,4.92,20.78,0.0,28.32,14.01,0.0,15.29,8.07,0.0,4.27,0.57,0.0,0.67,0.79,0.0,100.0,58.0,82.0,100.0,42.0,0.0,21.3,2.49,1.15,0.7,-0.45,4.71,0.7833636723502441,0,0,Slow
P070,"Laguna_Seca, Laguna_Seca",", McLaren 720S GT3","8/27/2023, ",Lap 1,87.449,3.11,0.82,0.33,0.46,0.6,0.0,1.83,0.45,0.26,0.25,0.35,-0.0,113.62,29.17,9.65,12.97,28.34,0.0,100.0,12.0,0.0,0.0,28.0,72.3,226.2,146.7,193.3,193.7,38.0,0.0,1.0,0.32,0.0,0.0,0.47,-7.08,9.19,-1.37,-0.63,-0.82,1.71,-64.46,52.28,4.1,3.11,5.4,18.07,0.0,27.93,13.73,25.97,1.12,8.4,0.0,4.17,0.56,0.0,0.0,0.8,0.0,100.0,68.0,100.0,100.0,43.0,0.0,7.08,1.46,0.63,0.82,0.19,1.49,-0.9624305318881096,0,0,Fast
P070,"Laguna_Seca, Laguna_Seca",", McLaren 720S GT3","8/27/2023, ",Lap 2,104.862,4.34,0.75,0.46,0.23,0.59,0.0,1.83,0.44,0.25,0.27,0.3,-0.0,240.0,56.88,12.97,5.06,73.9,0.0,100.0,13.0,0.0,0.0,29.0,0.0,226.9,123.1,193.7,191.4,50.5,0.0,1.0,0.31,0.0,0.0,0.46,-8.41,28.37,0.03,-0.82,-0.34,5.55,-89.0,99.03,3.4,5.4,2.7,24.57,0.0,32.43,16.88,1.12,10.38,9.78,0.0,3.88,0.84,0.0,0.3,0.8,0.0,100.0,67.0,100.0,100.0,43.0,0.0,8.41,1.2,0.82,0.34,-0.48,1.51,0.1990532291787319,0,1,Slow
P070,"Laguna_Seca, Laguna_Seca",", McLaren 720S GT3","8/27/2023, ",Lap 3,88.572,2.75,0.81,0.23,0.17,0.6,0.0,1.86,0.42,0.27,0.25,0.34,-0.0,138.27,29.72,5.06,4.46,28.41,0.0,100.0,12.0,0.0,0.0,26.0,67.1,221.1,145.0,191.4,193.1,37.0,0.0,1.0,0.33,0.0,0.0,0.47,-7.89,11.41,-1.28,-0.34,-0.33,1.81,-45.68,60.78,4.06,2.7,1.85,18.15,0.0,29.32,14.77,10.38,0.0,8.78,0.0,4.13,0.65,0.3,0.22,0.8,0.0,100.0,67.0,100.0,100.0,42.0,0.0,7.89,1.44,0.34,0.33,-0.01,1.46,-0.8875240675408937,0,1,Fast
P070,"Laguna_Seca, Laguna_Seca",", McLaren 720S GT3","8/27/2023, ",Lap 4,89.747,2.37,0.77,0.17,0.3,0.59,0.0,1.86,0.44,0.25,0.24,0.33,-0.0,141.11,29.87,4.46,9.69,32.42,0.0,100.0,12.0,0.0,0.0,24.0,68.4,221.9,143.2,193.1,194.4,37.0,0.0,1.0,0.31,0.0,0.0,0.46,-8.67,12.59,-1.39,-0.33,-0.67,1.91,-51.48,49.09,4.0,1.85,4.4,18.09,0.0,27.88,13.41,0.0,5.02,8.49,0.0,4.08,0.56,0.22,0.18,0.8,0.0,100.0,67.0,100.0,100.0,44.0,0.0,8.67,1.49,0.33,0.67,0.33,1.69,-0.8091490937136648,0,0,Fast
P070,"Laguna_Seca, Laguna_Seca",", McLaren 720S GT3","8/27/2023, ",Lap 5,87.597,2.76,0.82,0.3,0.22,0.6,0.0,1.83,0.44,0.24,0.24,0.35,-0.0,157.52,30.78,9.69,6.07,31.75,0.0,100.0,12.0,0.0,0.0,27.0,73.1,228.1,146.7,194.4,191.0,38.5,0.0,1.0,0.33,0.0,0.0,0.47,-9.61,7.73,-1.54,-0.67,-0.47,1.84,-41.89,48.6,4.09,4.4,3.24,18.21,0.0,28.95,13.62,5.02,10.42,8.74,0.0,3.98,0.6,0.18,0.47,0.78,0.0,100.0,69.0,100.0,100.0,42.0,0.0,9.61,1.61,0.67,0.47,-0.19,1.74,-0.952558620291148,0,0,Fast
P070,"Laguna_Seca, Laguna_Seca",", McLaren 720S GT3","8/27/2023, ",Lap 6,87.472,2.74,0.83,0.22,0.12,0.6,0.0,1.89,0.44,0.24,0.23,0.36,-0.0,124.26,30.48,6.07,3.64,29.39,0.0,100.0,13.0,0.0,0.0,28.0,74.7,225.4,146.7,191.0,192.6,37.5,0.0,1.0,0.34,0.0,0.0,0.47,-6.1,11.47,-1.43,-0.47,-0.27,1.88,-49.36,46.8,4.09,3.24,0.92,18.11,0.0,29.97,15.02,10.42,1.2,8.97,0.0,4.15,0.63,0.47,0.12,0.85,0.0,100.0,70.0,100.0,100.0,41.0,0.0,6.1,1.56,0.47,0.27,-0.2,1.55,-0.9608963834642577,0,0,Fast
P069,"Laguna_Seca, Laguna_Seca",", McLaren 720S GT3","8/27/2023, ",Lap 1,101.084,2.27,0.59,0.25,0.2,0.47,0.0,1.68,0.44,0.28,0.12,0.33,-0.0,240.0,35.29,6.97,6.38,53.72,0.0,100.0,12.0,0.0,0.0,26.0,42.4,198.2,127.6,189.5,188.1,39.5,0.0,1.0,0.2,0.0,0.0,0.4,-17.66,1.73,-1.72,-0.49,-0.44,3.31,-40.48,64.69,3.54,3.52,3.0,16.7,0.0,20.17,10.89,7.87,6.45,5.91,0.0,4.27,0.44,0.0,0.0,0.7,0.0,100.0,56.0,100.0,100.0,46.0,0.0,17.66,1.74,0.49,0.44,-0.05,3.31,-0.0529473249653281,0,0,Fast
P069,"Laguna_Seca, Laguna_Seca",", McLaren 720S GT3","8/27/2023, ",Lap 2,96.874,2.05,0.64,0.2,0.28,0.53,0.0,1.76,0.48,0.12,0.25,0.35,-0.0,208.59,28.47,6.38,7.15,35.19,0.0,100.0,13.0,0.0,0.0,27.0,61.7,209.3,131.6,188.1,192.1,36.8,0.0,1.0,0.24,0.0,0.0,0.43,-13.04,1.51,-1.37,-0.44,-0.5,1.91,-47.77,55.89,3.71,3.0,3.22,17.11,0.0,23.47,11.31,6.45,20.65,6.89,0.0,4.3,0.5,0.0,0.0,0.75,0.0,100.0,64.0,100.0,100.0,45.0,0.0,13.04,1.4,0.44,0.5,0.06,1.88,-0.3337631886356556,0,1,Fast
P069,"Laguna_Seca, Laguna_Seca",", McLaren 720S GT3","8/27/2023, ",Lap 3,109.212,7.43,0.6,0.28,0.44,0.54,0.0,22.96,0.47,0.25,0.27,0.59,-0.0,240.0,55.88,7.15,11.78,77.62,0.0,100.0,12.0,0.0,0.0,26.0,0.1,214.4,119.0,192.1,190.2,49.3,0.0,1.0,0.23,0.0,0.0,0.42,-16.95,29.29,-1.53,-0.5,-0.83,4.53,-49.43,69.03,6.53,3.22,5.76,18.7,0.0,25.28,13.38,20.65,0.0,6.96,0.0,4.28,0.56,0.0,0.0,0.81,0.0,100.0,59.0,100.0,100.0,45.0,0.0,16.95,1.83,0.5,0.83,0.33,3.53,0.4892073876029421,0,1,Slow
P069,"Laguna_Seca, Laguna_Seca",", McLaren 720S GT3","8/27/2023, ",Lap 4,96.829,2.69,0.64,0.44,0.48,0.55,0.0,1.81,0.48,0.27,0.27,0.35,-0.0,230.21,30.23,11.78,12.75,40.82,0.0,100.0,13.0,0.0,0.0,28.0,57.5,214.7,132.3,190.2,190.6,37.7,0.0,1.0,0.26,0.0,0.0,0.44,-14.4,2.06,-1.51,-0.83,-0.87,2.37,-42.22,57.46,3.71,5.76,7.03,17.19,0.0,24.77,11.79,0.0,10.4,7.39,0.0,4.02,0.47,0.0,0.0,0.77,0.0,100.0,64.0,100.0,100.0,45.0,0.0,14.4,1.55,0.83,0.87,0.04,2.34,-0.3367647833779751,0,0,Fast
P069,"Laguna_Seca, Laguna_Seca",", McLaren 720S GT3","8/27/2023, ",Lap 5,98.572,2.55,0.66,0.48,0.33,0.53,0.0,1.72,0.47,0.27,0.26,0.35,-0.0,228.56,36.07,12.75,7.98,49.13,0.0,100.0,14.0,0.0,0.0,30.0,43.6,212.5,131.2,190.6,186.8,37.7,0.0,1.0,0.25,0.0,0.0,0.43,-14.92,3.18,-1.88,-0.87,-0.54,3.04,-46.08,54.4,3.65,7.03,4.21,17.43,0.0,24.25,12.43,10.4,2.43,7.44,0.0,4.13,0.46,0.0,0.1,0.72,0.0,100.0,64.0,100.0,100.0,45.0,0.0,14.92,1.91,0.87,0.54,-0.33,3.02,-0.220503013692136,0,0,Fast
P069,"Laguna_Seca, Laguna_Seca",", McLaren 720S GT3","8/27/2023, ",Lap 6,95.984,2.24,0.66,0.33,0.37,0.52,0.0,1.79,0.47,0.26,0.28,0.36,-0.0,205.05,30.42,7.98,11.33,38.94,0.0,100.0,13.0,0.0,0.0,29.0,48.5,208.7,133.9,186.8,191.6,36.8,0.0,1.0,0.25,0.0,0.0,0.43,-11.78,1.3,-1.49,-0.54,-0.77,2.09,-41.72,57.76,3.73,4.21,5.84,16.9,0.0,24.22,11.89,2.43,1.45,7.22,0.0,4.05,0.48,0.1,0.0,0.73,0.0,100.0,63.0,100.0,100.0,45.0,0.0,11.78,1.51,0.54,0.77,0.23,2.08,-0.3931280624281951,0,0,Fast
P068,"Laguna_Seca, Laguna_Seca",", McLaren 720S GT3","8/27/2023, ",Lap 1,98.242,2.39,0.62,0.29,0.28,0.56,0.0,1.76,0.49,0.26,0.27,0.39,-0.0,149.04,28.5,7.62,9.05,34.64,0.0,100.0,14.0,0.0,0.0,29.0,50.8,215.1,130.5,192.2,192.7,38.4,0.0,1.0,0.24,0.0,0.0,0.43,-9.64,2.83,-1.32,-0.53,-0.63,1.82,-51.25,55.29,3.65,3.82,3.39,17.41,0.0,23.87,12.03,6.31,0.0,6.91,0.0,4.03,0.48,0.0,0.0,0.77,0.0,100.0,63.0,100.0,100.0,43.0,0.0,9.64,1.36,0.53,0.63,0.1,1.78,-0.2425147084691449,0,0,Fast
P068,"Laguna_Seca, Laguna_Seca",", McLaren 720S GT3","8/27/2023, ",Lap 2,113.967,3.43,0.52,0.28,0.36,0.56,0.0,80.9,0.5,0.27,0.24,1.73,-0.0,196.72,38.19,9.05,11.61,47.51,0.0,100.0,13.0,0.0,0.0,27.0,0.0,207.1,114.1,192.7,191.5,52.5,0.0,1.0,0.23,0.0,0.0,0.42,-12.21,6.38,-1.54,-0.63,-0.84,2.73,-41.96,68.06,3.18,3.39,5.62,16.03,0.0,26.03,13.01,0.0,18.74,7.64,0.0,4.18,0.5,0.0,0.0,0.74,0.0,100.0,59.0,100.0,100.0,43.0,0.0,12.21,1.58,0.63,0.84,0.21,2.69,0.8063758987080261,0,1,Slow
P068,"Laguna_Seca, Laguna_Seca",", McLaren 720S GT3","8/27/2023, ",Lap 3,103.362,2.84,0.66,0.36,0.45,0.57,0.0,2.44,0.45,0.24,0.25,0.33,-0.0,178.64,39.56,11.61,11.16,49.01,0.0,100.0,13.0,0.0,0.0,25.0,17.3,217.4,125.2,191.5,193.5,45.8,0.0,1.0,0.28,0.0,0.0,0.45,-11.47,22.36,-1.49,-0.84,-0.77,3.64,-65.29,100.98,3.48,5.62,5.45,19.6,0.0,29.27,15.45,18.74,0.0,8.72,0.0,4.13,0.73,0.0,0.0,0.89,0.0,100.0,61.0,100.0,100.0,43.0,0.0,11.47,1.81,0.84,0.77,-0.07,2.68,0.0990000711014183,0,1,Fast
P068,"Laguna_Seca, Laguna_Seca",", McLaren 720S GT3","8/27/2023, ",Lap 4,97.597,6.6,0.64,0.45,0.42,0.58,0.0,8.31,0.49,0.25,0.25,0.42,-0.0,177.71,33.27,11.16,11.43,38.66,0.0,100.0,14.0,0.0,0.0,29.0,35.0,222.5,130.9,193.5,193.3,43.7,0.0,1.0,0.24,0.0,0.0,0.42,-9.6,13.17,-1.15,-0.77,-0.79,2.28,-343.48,58.18,3.64,5.45,5.61,21.89,0.0,23.05,14.51,0.0,0.0,6.14,0.0,5.0,0.5,0.0,0.0,0.89,0.0,100.0,61.0,100.0,100.0,43.0,0.0,9.6,1.33,0.77,0.79,0.02,1.82,-0.2855375664423905,0,0,Fast
P068,"Laguna_Seca, Laguna_Seca",", McLaren 720S GT3","8/27/2023, ",Lap 5,97.247,2.48,0.68,0.42,0.45,0.56,0.0,1.77,0.46,0.25,0.12,0.34,-0.0,137.22,30.0,11.43,13.17,34.48,0.0,100.0,14.0,0.0,0.0,27.0,54.9,213.1,133.2,193.3,188.0,36.9,0.0,1.0,0.27,0.0,0.0,0.45,-7.77,8.14,-1.38,-0.79,-0.91,1.94,-49.98,55.52,3.69,5.61,6.96,17.86,0.0,26.5,13.11,0.0,9.54,7.88,0.0,4.1,0.52,0.0,0.25,0.78,0.0,100.0,65.0,100.0,100.0,42.0,0.0,7.77,1.47,0.79,0.91,0.13,1.79,-0.3088833033270966,0,0,Fast
P068,"Laguna_Seca, Laguna_Seca",", McLaren 720S GT3","8/27/2023, ",Lap 6,96.227,2.64,0.68,0.45,0.21,0.57,0.0,1.87,0.47,0.12,0.25,0.36,-0.0,176.33,32.93,13.17,8.8,41.33,0.0,100.0,14.0,0.0,0.0,29.0,54.2,205.0,133.8,188.0,191.2,38.4,0.0,1.0,0.29,0.0,0.0,0.45,-10.12,14.12,-1.53,-0.91,-0.66,2.61,-53.85,58.6,3.73,6.96,2.91,18.37,0.0,27.85,14.21,9.54,0.0,8.22,0.0,4.2,0.58,0.25,0.42,0.77,0.0,100.0,66.0,100.0,100.0,42.0,0.0,10.12,1.67,0.91,0.66,-0.25,2.33,-0.3769194508196696,0,0,Fast
P067,"Laguna_Seca, Laguna_Seca",", McLaren 720S GT3","8/26/2023, ",Lap 1,118.582,5.54,0.53,0.42,0.36,0.5,0.0,30.01,0.41,0.24,0.24,0.71,-0.0,179.89,32.85,11.62,11.83,35.85,0.0,100.0,11.0,0.0,0.0,26.0,0.0,188.1,114.5,156.2,184.7,45.1,0.0,1.0,0.18,0.0,0.0,0.39,-9.54,1.89,-1.08,-0.73,-0.84,1.53,-46.58,151.05,3.02,5.64,5.55,16.64,0.0,27.9,10.81,27.9,0.0,6.81,0.0,2.93,0.7,0.4,0.07,0.72,0.0,100.0,58.0,100.0,97.0,42.0,0.0,9.54,1.1,0.73,0.84,0.11,1.51,1.1142061150592275,0,0,Slow
P067,"Laguna_Seca, Laguna_Seca",", McLaren 720S GT3","8/26/2023, ",Lap 2,110.492,17.33,0.63,0.36,0.53,0.62,0.0,2.13,0.38,0.24,0.14,0.33,-0.0,188.42,33.7,11.83,13.0,37.44,0.0,100.0,9.0,0.0,0.0,23.0,42.2,192.0,120.2,184.7,186.4,40.0,0.0,1.0,0.26,0.0,0.0,0.44,-14.07,19.77,-1.25,-0.84,-0.86,2.37,-98.47,162.25,3.25,5.55,7.34,20.09,0.0,28.37,14.47,0.0,15.32,8.11,0.0,4.2,0.67,0.07,1.08,0.85,0.0,100.0,56.0,97.0,100.0,43.0,0.0,14.07,1.42,0.84,0.86,0.03,1.9,0.5745860824955832,0,1,Slow
P067,"Laguna_Seca, Laguna_Seca",", McLaren 720S GT3","8/26/2023, ",Lap 3,106.814,1.94,0.61,0.53,0.34,0.45,0.0,2.15,0.42,0.14,0.24,0.3,-0.0,121.4,29.25,13.0,9.21,29.73,0.0,100.0,10.0,0.0,0.0,23.0,53.8,207.5,123.4,186.4,185.7,39.6,0.0,1.0,0.23,0.0,0.0,0.42,-9.2,2.48,-1.29,-0.86,-0.63,1.57,-58.1,52.94,3.36,7.34,4.81,16.54,0.0,24.45,11.62,15.32,17.12,7.33,0.0,3.35,0.62,1.08,0.78,0.68,0.0,100.0,57.0,100.0,96.0,44.0,0.0,9.2,1.33,0.86,0.63,-0.24,1.53,0.3292557388900093,0,1,Slow
P067,"Laguna_Seca, Laguna_Seca",", McLaren 720S GT3","8/26/2023, ",Lap 4,132.264,6.92,0.5,0.34,0.56,0.48,0.0,16.88,0.38,0.24,0.22,0.5,-0.0,236.51,46.34,9.21,9.65,52.77,0.0,100.0,9.0,0.0,0.0,24.0,0.0,209.5,102.1,185.7,185.3,54.8,0.0,1.0,0.2,0.0,0.0,0.4,-11.11,26.54,-0.8,-0.63,-0.6,2.69,-75.16,188.22,2.75,4.81,6.2,22.82,0.0,26.02,12.64,17.12,22.37,7.68,0.0,4.55,1.27,0.78,0.68,1.51,0.0,100.0,57.0,96.0,98.0,43.0,0.0,11.11,1.07,0.63,0.6,-0.03,1.69,2.026824320935099,1,0,
P067,"Laguna_Seca, Laguna_Seca",", McLaren 720S GT3","8/26/2023, ",Lap 5,108.064,2.53,0.63,0.56,0.46,0.51,0.0,2.91,0.34,0.22,0.28,0.28,-0.0,119.2,31.38,9.65,12.78,32.09,0.0,100.0,6.0,0.0,0.0,20.0,50.6,188.8,121.7,185.3,183.7,34.3,0.0,1.0,0.29,0.0,0.0,0.45,-7.86,6.34,-1.45,-0.6,-0.85,1.79,-47.17,58.25,3.32,6.2,6.8,17.2,0.0,31.15,15.02,22.37,0.0,8.92,0.0,4.25,0.77,0.68,1.55,0.78,0.0,100.0,49.0,98.0,96.0,43.0,0.0,7.86,1.51,0.6,0.85,0.26,1.7,0.412633370621104,0,0,Slow
P067,"Laguna_Seca, Laguna_Seca",", McLaren 720S GT3","8/26/2023, ",Lap 6,129.574,10.65,0.56,0.46,0.26,0.5,0.0,30.96,0.39,0.28,0.24,0.87,-0.0,217.2,43.12,12.78,3.64,51.58,0.0,100.0,7.0,0.0,0.0,19.0,0.0,190.3,103.5,183.7,186.6,50.0,0.0,1.0,0.16,0.0,0.0,0.37,-6.03,18.69,-0.37,-0.85,-0.26,2.65,-74.51,136.4,5.54,6.8,2.07,22.12,0.0,20.83,8.92,0.0,12.08,6.39,0.0,3.8,0.98,1.55,1.17,1.06,0.0,100.0,52.0,96.0,94.0,43.0,0.0,6.03,0.78,0.85,0.26,-0.59,1.0,1.847395657449783,0,0,Slow
P066,"Laguna_Seca, Laguna_Seca",", McLaren 720S GT3","8/26/2023, ",Lap 2,136.499,8.17,0.47,0.37,0.29,0.5,0.0,24.9,0.31,0.19,0.19,0.55,-0.0,240.0,51.28,13.23,7.87,72.02,0.0,100.0,6.0,0.0,0.0,17.0,0.0,182.0,96.0,178.6,181.2,46.4,0.0,1.0,0.19,0.0,0.0,0.4,-11.53,31.38,-0.55,-0.94,-0.53,3.07,-80.17,86.85,2.62,5.81,3.59,18.32,0.0,26.53,12.7,0.0,0.0,7.22,0.0,4.37,0.81,0.0,0.88,1.08,0.0,100.0,41.0,81.0,86.0,36.0,0.0,11.53,0.95,0.94,0.53,-0.41,1.35,2.309307737240047,1,1,
P066,"Laguna_Seca, Laguna_Seca",", McLaren 720S GT3","8/26/2023, ",Lap 3,141.774,3.25,0.51,0.29,0.01,0.5,0.0,5.77,0.3,0.19,0.07,0.28,-0.0,240.0,58.86,7.87,0.73,72.59,0.0,93.0,6.0,0.0,0.0,16.0,0.0,193.4,92.3,181.2,175.5,54.3,0.0,1.0,0.2,0.0,0.0,0.4,-7.17,24.03,-0.75,-0.53,0.02,2.36,-88.5,96.88,0.01,3.59,-0.25,22.08,0.0,27.97,14.02,0.0,15.66,7.24,0.0,4.27,0.67,0.88,0.87,0.81,0.0,100.0,40.0,86.0,60.0,35.0,0.0,7.17,0.98,0.53,0.0,-0.53,1.43,2.6611613431452668,1,1,
P066,"Laguna_Seca, Laguna_Seca",", McLaren 720S GT3","8/26/2023, ",Lap 4,130.542,9.93,0.53,0.01,0.15,0.54,0.0,6.7,0.31,0.07,0.24,0.28,-0.0,240.0,48.06,0.73,4.56,65.37,0.0,100.0,6.0,0.0,0.0,16.0,0.0,192.5,101.6,175.5,176.0,48.2,0.0,1.0,0.16,0.0,0.0,0.37,-15.35,17.09,-0.83,0.02,-0.32,2.41,-108.63,205.15,0.03,-0.25,1.45,21.04,0.0,21.43,11.07,15.66,0.86,6.23,0.0,3.88,0.66,0.87,0.0,0.68,0.0,100.0,46.0,60.0,93.0,39.0,0.0,15.35,1.03,0.0,0.32,0.32,1.76,1.911963295462342,0,0,Slow
P066,"Laguna_Seca, Laguna_Seca",", McLaren 720S GT3","8/26/2023, ",Lap 5,128.559,3.82,0.5,0.15,0.26,0.47,0.0,21.42,0.32,0.24,0.15,0.5,-0.0,240.0,55.03,4.56,8.27,74.14,0.0,100.0,6.0,0.0,0.0,16.0,0.0,199.1,101.9,176.0,188.3,50.4,0.0,1.0,0.2,0.0,0.0,0.4,-6.73,21.63,-0.73,-0.32,-0.6,2.19,-108.45,55.08,0.01,1.45,4.57,19.46,0.0,25.33,14.7,0.86,12.67,7.16,0.0,4.55,0.46,0.0,0.18,0.79,0.0,100.0,41.0,93.0,78.0,39.0,0.0,6.73,0.96,0.32,0.6,0.29,1.22,1.7796930204841332,0,0,Slow
P066,"Laguna_Seca, Laguna_Seca",", McLaren 720S GT3","8/26/2023, ",Lap 6,119.112,2.23,0.49,0.26,0.26,0.45,0.0,10.12,0.33,0.15,0.21,0.33,-0.0,240.0,35.41,8.27,9.45,49.59,0.0,92.0,7.0,0.0,0.0,17.0,0.0,191.8,109.7,188.3,188.6,43.5,0.0,1.0,0.18,0.0,0.0,0.39,-5.58,16.53,-0.68,-0.6,-0.65,1.95,-102.29,45.63,0.01,4.57,4.21,17.24,0.0,21.93,11.92,12.67,17.11,6.21,0.0,3.98,0.41,0.18,0.07,0.75,0.0,100.0,41.0,78.0,96.0,38.0,0.0,5.58,0.89,0.6,0.65,0.04,1.04,1.1495582309132115,0,0,Slow
P065,"Laguna_Seca, Laguna_Seca",", McLaren 720S GT3","8/26/2023, ",Lap 2,138.534,1.91,0.32,0.17,0.41,0.36,0.0,1.15,0.25,0.18,0.22,0.2,-0.0,144.36,23.48,5.09,14.17,28.91,0.0,65.0,6.0,0.0,0.0,13.0,36.2,174.9,92.3,163.2,149.8,32.3,0.0,1.0,0.1,0.0,0.0,0.3,-8.28,9.24,-0.68,-0.33,-0.89,1.18,-46.87,40.12,2.59,2.53,7.09,12.74,0.0,13.83,7.37,0.39,13.56,3.51,0.0,5.05,0.29,0.0,0.0,0.65,0.0,100.0,42.0,100.0,100.0,36.0,0.0,8.28,0.73,0.33,0.89,0.57,1.06,2.4450465216982686,1,1,
P065,"Laguna_Seca, Laguna_Seca",", McLaren 720S GT3","8/26/2023, ",Lap 3,143.947,1.54,0.3,0.41,0.14,0.33,0.0,1.24,0.21,0.22,0.1,0.18,-0.0,166.07,21.98,14.17,5.45,29.4,0.0,91.0,5.0,0.0,0.0,12.0,40.4,175.6,89.0,149.8,117.5,26.5,0.0,1.0,0.11,0.0,0.0,0.31,-5.92,6.34,-0.72,-0.89,-0.29,1.02,-43.66,51.44,2.5,7.09,2.34,12.9,0.0,15.47,8.69,13.56,2.47,4.58,0.0,4.18,0.27,0.0,0.0,0.61,0.0,100.0,36.0,100.0,66.0,31.0,0.0,5.92,0.75,0.89,0.29,-0.61,0.95,2.8061050181466016,1,1,
P065,"Laguna_Seca, Laguna_Seca",", McLaren 720S GT3","8/26/2023, ",Lap 4,146.129,2.06,0.29,0.14,0.27,0.31,0.0,1.37,0.25,0.1,0.22,0.22,-0.0,156.6,22.97,5.45,10.32,28.33,0.0,78.0,6.0,0.0,0.0,14.0,0.0,159.1,87.5,117.5,151.8,32.2,0.0,1.0,0.11,0.0,0.0,0.32,-5.24,0.47,-0.7,-0.29,-0.68,0.89,-31.39,56.04,2.46,2.34,4.83,12.3,0.0,16.75,10.37,2.47,7.04,4.92,0.0,5.47,0.31,0.0,0.0,0.72,0.0,100.0,40.0,66.0,100.0,36.0,0.0,5.24,0.7,0.29,0.68,0.39,0.89,2.9516490120964,1,0,
P065,"Laguna_Seca, Laguna_Seca",", McLaren 720S GT3","8/26/2023, ",Lap 5,166.257,3.07,0.3,0.27,0.07,0.37,0.0,18.38,0.25,0.22,0.14,0.38,-0.0,240.0,58.23,10.32,2.02,80.88,0.0,70.0,5.0,0.0,0.0,12.0,0.0,177.4,78.7,151.8,137.4,45.4,0.0,1.0,0.11,0.0,0.0,0.31,-6.02,30.17,-0.28,-0.68,-0.12,2.98,-76.06,63.12,2.15,4.83,0.75,14.65,0.0,18.25,11.2,7.04,0.0,5.24,0.0,5.42,0.67,0.0,0.0,1.0,0.0,100.0,40.0,100.0,70.0,35.0,0.0,6.02,0.6,0.68,0.12,-0.56,0.94,4.29422898928318,1,0,
P064,"Laguna_Seca, Laguna_Seca",", McLaren 720S GT3","8/26/2023, ",Lap 1,92.609,3.96,0.75,0.2,0.33,0.57,0.0,1.75,0.41,0.12,0.27,0.31,-0.0,225.22,33.7,5.65,10.84,40.91,0.0,100.0,10.0,0.0,0.0,21.0,64.5,211.0,138.9,189.1,193.1,36.9,0.0,1.0,0.31,0.0,0.0,0.46,-12.66,23.65,-1.43,-0.34,-0.68,3.09,-69.88,75.32,3.88,2.16,5.27,18.63,0.0,28.67,14.34,23.66,9.17,8.6,0.0,4.15,0.63,0.17,0.0,0.71,0.0,100.0,60.0,100.0,100.0,44.0,0.0,12.66,1.7,0.34,0.68,0.34,2.42,-0.6182476681021508,0,0,Fast
P064,"Laguna_Seca, Laguna_Seca",", McLaren 720S GT3","8/26/2023, ",Lap 2,123.307,4.44,0.67,0.33,0.27,0.61,0.0,1.76,0.35,0.27,0.24,0.26,-0.0,240.0,71.85,10.84,5.82,86.35,0.0,100.0,7.0,0.0,0.0,16.0,0.0,219.2,106.2,193.1,187.3,58.1,0.0,1.0,0.25,0.0,0.0,0.44,-15.12,29.87,-0.4,-0.68,-0.39,5.41,-70.11,115.32,5.82,5.27,2.62,24.91,0.0,31.35,16.22,9.17,28.22,8.81,0.0,5.1,0.88,0.0,0.0,1.3,0.0,100.0,53.0,100.0,100.0,43.0,0.0,15.12,1.36,0.68,0.39,-0.29,2.54,1.429373563002766,0,1,Slow
P064,"Laguna_Seca, Laguna_Seca",", McLaren 720S GT3","8/26/2023, ",Lap 3,98.017,3.98,0.7,0.27,0.18,0.61,0.0,7.76,0.4,0.24,0.24,0.33,-0.0,240.0,41.39,5.82,3.56,60.78,0.0,81.0,7.0,0.0,0.0,16.0,4.0,209.3,132.1,187.3,193.0,47.5,0.0,1.0,0.23,0.0,0.0,0.42,-13.4,17.35,-1.18,-0.39,-0.36,2.42,-49.51,163.74,3.58,2.62,1.29,22.01,0.0,28.22,12.31,28.22,19.65,6.24,0.0,3.88,0.45,0.0,0.22,0.66,0.0,100.0,56.0,100.0,100.0,45.0,0.0,13.4,1.34,0.39,0.36,-0.03,2.06,-0.2575226821807425,0,1,Fast
P064,"Laguna_Seca, Laguna_Seca",", McLaren 720S GT3","8/26/2023, ",Lap 4,116.962,4.43,0.64,0.18,0.33,0.59,0.0,13.69,0.38,0.24,0.24,0.42,-0.0,240.0,64.37,3.56,9.81,78.8,0.0,100.0,7.0,0.0,0.0,18.0,0.0,214.3,111.4,193.0,192.2,61.0,0.0,1.0,0.24,0.0,0.0,0.43,-18.44,30.15,-0.23,-0.36,-0.64,4.67,-131.55,115.18,6.15,1.29,4.12,23.55,0.0,28.58,13.95,19.65,4.57,8.53,0.0,3.83,0.92,0.22,0.25,1.06,0.0,100.0,52.0,100.0,100.0,45.0,0.0,18.44,1.08,0.36,0.64,0.28,1.65,1.0061487043357291,0,0,Slow
P064,"Laguna_Seca, Laguna_Seca",", McLaren 720S GT3","8/26/2023, ",Lap 5,110.337,3.54,0.73,0.33,0.29,0.59,0.0,1.76,0.38,0.24,0.24,0.29,-0.0,240.0,61.63,9.81,7.52,77.29,0.0,100.0,7.0,0.0,0.0,18.0,11.8,215.3,117.0,192.2,193.1,47.3,0.0,1.0,0.32,0.0,0.0,0.47,-19.69,30.51,-0.38,-0.64,-0.48,5.99,-204.34,77.77,-0.03,4.12,4.05,31.26,0.0,35.77,17.43,4.57,0.0,10.83,0.0,4.05,1.18,0.25,0.1,1.15,0.0,100.0,55.0,100.0,100.0,45.0,0.0,19.69,1.62,0.64,0.48,-0.16,2.84,0.5642472561609274,0,0,Slow
P064,"Laguna_Seca, Laguna_Seca",", McLaren 720S GT3","8/26/2023, ",Lap 6,103.614,7.54,0.76,0.29,0.3,0.6,0.0,9.79,0.39,0.24,0.25,0.41,-0.0,240.0,44.75,7.52,8.48,55.8,0.0,100.0,7.0,0.0,0.0,19.0,3.1,219.4,124.4,193.1,193.4,46.2,0.0,1.0,0.3,0.0,0.0,0.46,-18.38,36.21,-0.9,-0.48,-0.55,3.9,-56.63,308.74,6.9,4.05,3.33,26.58,0.0,30.78,16.35,0.0,3.08,9.3,0.0,6.02,1.18,0.1,0.0,1.53,0.0,100.0,55.0,100.0,100.0,44.0,0.0,18.38,1.44,0.48,0.55,0.06,1.87,0.1158090016584076,0,0,Fast
P063,"Laguna_Seca, Laguna_Seca",", McLaren 720S GT3","8/26/2023, ",Lap 1,103.504,2.73,0.66,0.37,0.32,0.56,0.0,1.57,0.46,0.26,0.27,0.32,-0.0,240.0,42.53,11.18,9.42,58.13,0.0,82.0,13.0,0.0,0.0,22.0,0.0,221.8,124.3,193.6,192.6,52.5,0.0,1.0,0.23,0.0,0.0,0.42,-11.02,23.62,-0.71,-0.73,-0.64,3.59,-45.28,54.13,3.46,4.37,4.35,18.97,0.0,23.85,12.13,12.4,0.0,7.29,0.0,4.05,0.81,0.0,0.0,1.25,0.0,100.0,64.0,100.0,100.0,42.0,0.0,11.02,1.2,0.73,0.64,-0.09,1.75,0.1084717700660713,0,0,Fast
P063,"Laguna_Seca, Laguna_Seca",", McLaren 720S GT3","8/26/2023, ",Lap 2,92.344,2.53,0.7,0.32,0.23,0.53,0.0,1.53,0.49,0.27,0.26,0.31,-0.0,198.7,29.65,9.42,6.64,37.91,0.0,84.0,13.0,0.0,0.0,22.0,51.7,224.0,139.4,192.6,194.3,39.0,0.0,1.0,0.23,0.0,0.0,0.42,-9.39,7.09,-1.42,-0.64,-0.47,2.09,-36.71,52.59,3.88,4.35,2.06,17.49,0.0,21.2,10.77,0.0,0.0,6.39,0.0,4.17,0.42,0.0,0.0,0.73,0.0,100.0,66.0,100.0,100.0,43.0,0.0,9.39,1.49,0.64,0.47,-0.17,2.01,-0.6359237260291429,0,1,Fast
P063,"Laguna_Seca, Laguna_Seca",", McLaren 720S GT3","8/26/2023, ",Lap 3,91.609,2.99,0.72,0.23,0.29,0.56,0.0,1.5,0.48,0.26,0.26,0.31,-0.0,189.12,31.07,6.64,8.87,40.02,0.0,75.0,12.0,0.0,0.0,22.0,59.2,223.3,140.1,194.3,193.6,39.4,0.0,1.0,0.25,0.0,0.0,0.43,-10.27,3.53,-1.58,-0.47,-0.58,2.26,-50.54,54.77,3.92,2.06,3.74,17.6,0.0,23.2,12.02,0.0,6.03,6.86,0.0,4.07,0.48,0.0,0.0,0.74,0.0,100.0,66.0,100.0,100.0,43.0,0.0,10.27,1.62,0.47,0.58,0.11,2.22,-0.6849497734870266,0,1,Fast
P063,"Laguna_Seca, Laguna_Seca",", McLaren 720S GT3","8/26/2023, ",Lap 4,90.992,2.82,0.73,0.29,0.27,0.54,0.0,1.73,0.48,0.26,0.26,0.31,-0.0,203.8,31.87,8.87,8.4,43.26,0.0,97.0,13.0,0.0,0.0,23.0,61.8,225.9,141.3,193.6,193.7,37.9,0.0,1.0,0.22,0.0,0.0,0.41,-12.53,1.93,-1.72,-0.58,-0.59,2.73,-54.23,64.78,3.93,3.74,2.63,17.09,0.0,20.03,9.83,6.03,14.82,5.84,0.0,3.8,0.4,0.0,0.0,0.68,0.0,100.0,67.0,100.0,100.0,42.0,0.0,12.53,1.75,0.58,0.59,0.01,2.71,-0.7261049725094942,0,0,Fast
P063,"Laguna_Seca, Laguna_Seca",", McLaren 720S GT3","8/26/2023, ",Lap 5,90.959,2.95,0.73,0.27,0.29,0.55,0.0,1.78,0.48,0.26,0.26,0.32,-0.0,200.35,31.86,8.4,8.78,41.5,0.0,97.0,13.0,0.0,0.0,23.0,61.7,226.2,141.5,193.7,193.4,38.6,0.0,1.0,0.23,0.0,0.0,0.42,-11.91,1.12,-1.74,-0.59,-0.59,2.59,-53.09,65.57,3.94,2.63,4.15,17.13,0.0,21.22,11.1,14.82,0.0,6.34,0.0,3.55,0.43,0.0,0.0,0.67,0.0,100.0,68.0,100.0,100.0,41.0,0.0,11.91,1.76,0.59,0.59,-0.0,2.57,-0.7283061419871952,0,0,Fast
P063,"Laguna_Seca, Laguna_Seca",", McLaren 720S GT3","8/26/2023, ",Lap 6,89.837,2.74,0.75,0.29,0.28,0.57,0.0,1.79,0.48,0.26,0.26,0.32,-0.0,173.54,29.55,8.78,8.46,36.13,0.0,92.0,13.0,0.0,0.0,23.0,63.5,226.4,142.6,193.4,193.8,38.4,0.0,1.0,0.25,0.0,0.0,0.43,-10.01,1.4,-1.53,-0.59,-0.56,2.07,-47.36,62.87,3.99,4.15,2.85,17.3,0.0,22.32,11.59,0.0,21.87,6.6,0.0,4.23,0.47,0.0,0.0,0.72,0.0,100.0,69.0,100.0,100.0,41.0,0.0,10.01,1.55,0.59,0.56,-0.02,2.05,-0.8031459042290259,0,0,Fast
P062,"Laguna_Seca, Laguna_Seca",", McLaren 720S GT3","8/26/2023, ",Lap 2,124.979,1.94,0.37,0.15,0.35,0.34,0.0,2.73,0.29,0.09,0.2,0.29,-0.0,129.99,21.86,6.91,10.98,23.96,0.0,83.0,7.0,0.0,0.0,16.0,46.3,176.7,102.4,160.1,176.7,30.2,0.0,1.0,0.11,0.0,0.0,0.32,-3.58,2.05,-0.82,-0.51,-0.69,0.88,-36.21,43.33,2.88,3.1,4.92,12.69,0.0,14.28,8.27,8.35,10.0,3.72,0.0,4.77,0.27,0.0,0.0,0.66,0.0,100.0,41.0,57.0,88.0,28.0,0.0,3.58,0.84,0.51,0.69,0.18,0.86,1.540899483206278,0,1,Slow
P062,"Laguna_Seca, Laguna_Seca",", McLaren 720S GT3","8/26/2023, ",Lap 3,120.492,2.47,0.42,0.35,0.47,0.42,0.0,1.71,0.29,0.2,0.25,0.26,-0.0,124.89,23.34,10.98,13.14,28.12,0.0,64.0,7.0,0.0,0.0,15.0,42.8,197.1,106.6,176.7,189.5,31.5,0.0,1.0,0.16,0.0,0.0,0.37,-5.11,2.19,-0.88,-0.69,-0.86,1.05,-37.39,48.31,2.98,4.92,5.44,14.61,0.0,19.18,10.53,10.0,3.45,5.13,0.0,4.27,0.36,0.0,0.0,0.67,0.0,100.0,42.0,88.0,100.0,31.0,0.0,5.11,0.9,0.69,0.86,0.17,1.03,1.2416071363443408,0,1,Slow
P062,"Laguna_Seca, Laguna_Seca",", McLaren 720S GT3","8/26/2023, ",Lap 4,106.077,17.18,0.57,0.47,0.42,0.61,0.0,30.33,0.39,0.25,0.27,0.72,-0.0,206.83,29.12,13.14,13.18,35.65,0.0,100.0,10.0,0.0,0.0,21.0,28.3,203.6,121.3,189.5,189.9,38.0,0.0,1.0,0.19,0.0,0.0,0.39,-14.77,10.29,-1.07,-0.86,-0.83,1.99,-63.07,187.02,3.39,5.44,4.87,18.64,0.0,20.22,10.64,3.45,11.32,5.89,0.0,3.55,0.35,0.0,0.1,0.62,0.0,100.0,52.0,100.0,100.0,36.0,0.0,14.77,1.16,0.86,0.83,-0.03,1.78,0.2800962872213562,0,0,Slow
P062,"Laguna_Seca, Laguna_Seca",", McLaren 720S GT3","8/26/2023, ",Lap 5,120.317,4.91,0.5,0.42,0.52,0.48,0.0,5.58,0.36,0.27,0.26,0.31,-0.0,240.0,45.93,13.18,15.36,67.47,0.0,86.0,10.0,0.0,0.0,19.0,0.0,216.4,108.2,189.9,189.0,47.6,0.0,1.0,0.18,0.0,0.0,0.39,-9.19,29.48,-0.61,-0.83,-0.9,3.38,-142.65,44.93,0.01,4.87,6.97,18.28,0.0,21.8,12.58,11.32,11.77,6.14,0.0,3.85,0.56,0.1,0.22,0.87,0.0,100.0,51.0,100.0,100.0,39.0,0.0,9.19,1.0,0.83,0.9,0.07,1.47,1.229934267901987,0,0,Slow
P062,"Laguna_Seca, Laguna_Seca",", McLaren 720S GT3","8/26/2023, ",Lap 6,111.177,2.42,0.5,0.52,0.28,0.44,0.0,1.3,0.37,0.26,0.28,0.28,-0.0,137.13,24.26,15.36,11.77,28.46,0.0,86.0,10.0,0.0,0.0,20.0,53.1,212.2,115.6,189.0,189.9,33.7,0.0,1.0,0.18,0.0,0.0,0.39,-6.01,5.48,-0.98,-0.9,-0.84,1.3,-51.72,48.94,3.21,6.97,3.44,15.39,0.0,20.25,11.76,11.77,18.63,5.66,0.0,4.4,0.41,0.22,0.0,0.79,0.0,100.0,49.0,100.0,100.0,37.0,0.0,6.01,1.03,0.9,0.84,-0.06,1.2,0.6202770246842232,0,0,Slow
P061,"Laguna_Seca, Laguna_Seca",", McLaren 720S GT3","8/26/2023, ",Lap 1,93.219,2.44,0.68,0.35,0.36,0.55,0.0,1.64,0.46,0.26,0.26,0.34,-0.0,209.97,29.45,9.02,8.66,39.97,0.0,85.0,11.0,0.0,0.0,22.0,64.9,220.1,137.6,193.4,193.3,38.9,0.0,1.0,0.22,0.0,0.0,0.42,-14.89,1.03,-1.51,-0.63,-0.58,2.5,-40.19,53.67,3.85,3.15,4.9,16.67,0.0,20.78,10.31,9.83,6.65,6.05,0.0,4.25,0.4,0.0,0.03,0.73,0.0,100.0,60.0,100.0,100.0,45.0,0.0,14.89,1.53,0.63,0.58,-0.06,2.49,-0.5775593838173766,0,0,Fast
P061,"Laguna_Seca, Laguna_Seca",", McLaren 720S GT3","8/26/2023, ",Lap 2,92.624,2.34,0.69,0.36,0.34,0.56,0.0,1.65,0.48,0.26,0.25,0.33,-0.0,196.15,32.54,8.66,8.37,46.19,0.0,100.0,13.0,0.0,0.0,26.0,54.0,220.2,139.1,193.3,193.8,38.8,0.0,1.0,0.24,0.0,0.0,0.43,-12.97,2.89,-1.74,-0.58,-0.57,2.84,-45.17,55.07,3.87,4.9,3.55,17.36,0.0,22.2,10.93,6.65,19.54,6.51,0.0,4.15,0.5,0.03,0.0,0.78,0.0,100.0,62.0,100.0,100.0,44.0,0.0,12.97,1.77,0.58,0.57,-0.01,2.82,-0.6172471365213776,0,1,Fast
P061,"Laguna_Seca, Laguna_Seca",", McLaren 720S GT3","8/26/2023, ",Lap 3,91.897,2.5,0.69,0.34,0.3,0.56,0.0,1.81,0.51,0.25,0.25,0.38,-0.0,186.09,30.47,8.37,6.91,38.98,0.0,100.0,15.0,0.0,0.0,30.0,62.5,228.0,139.1,193.8,193.0,39.1,0.0,1.0,0.26,0.0,0.0,0.44,-11.95,1.41,-1.6,-0.57,-0.48,2.29,-39.5,59.26,3.9,3.55,3.41,17.13,0.0,23.5,11.69,19.54,1.41,6.9,0.0,4.37,0.5,0.0,0.0,0.82,0.0,100.0,67.0,100.0,100.0,43.0,0.0,11.95,1.62,0.57,0.48,-0.08,2.28,-0.6657395671361817,0,1,Fast
P061,"Laguna_Seca, Laguna_Seca",", McLaren 720S GT3","8/26/2023, ",Lap 4,91.484,2.72,0.71,0.3,0.27,0.56,0.0,1.79,0.5,0.25,0.26,0.36,-0.0,212.32,33.4,6.91,6.7,46.2,0.0,100.0,15.0,0.0,0.0,30.0,59.4,228.0,139.9,193.0,193.7,39.5,0.0,1.0,0.27,0.0,0.0,0.44,-14.73,11.65,-1.74,-0.48,-0.47,3.2,-42.37,57.93,3.92,3.41,3.24,17.15,0.0,24.58,12.04,1.41,0.49,7.35,0.0,4.28,0.5,0.0,0.12,0.81,0.0,100.0,67.0,100.0,100.0,43.0,0.0,14.73,1.86,0.48,0.47,-0.02,3.0,-0.693287536660136,0,0,Fast
P061,"Laguna_Seca, Laguna_Seca",", McLaren 720S GT3","8/26/2023, ",Lap 5,90.747,2.47,0.73,0.27,0.27,0.59,0.0,1.84,0.47,0.26,0.26,0.37,-0.0,174.62,31.92,6.7,6.5,41.18,0.0,100.0,14.0,0.0,0.0,30.0,66.5,226.1,140.8,193.7,193.8,37.7,0.0,1.0,0.26,0.0,0.0,0.44,-11.55,9.04,-1.66,-0.47,-0.45,2.62,-47.67,58.07,3.94,3.24,3.15,17.58,0.0,23.87,11.94,0.49,4.77,7.05,0.0,4.08,0.54,0.12,0.0,0.79,0.0,100.0,64.0,100.0,100.0,44.0,0.0,11.55,1.73,0.47,0.45,-0.02,2.52,-0.7424469883287891,0,0,Fast
P061,"Laguna_Seca, Laguna_Seca",", McLaren 720S GT3","8/26/2023, ",Lap 6,91.387,2.4,0.7,0.27,0.19,0.59,0.0,1.86,0.49,0.26,0.26,0.36,-0.0,223.18,37.48,6.5,3.99,54.05,0.0,100.0,15.0,0.0,0.0,31.0,59.0,226.7,140.4,193.8,194.1,38.8,0.0,1.0,0.28,0.0,0.0,0.45,-16.69,4.87,-2.21,-0.45,-0.26,3.72,-49.13,56.09,3.92,3.15,0.46,17.46,0.0,25.42,12.03,4.77,24.91,7.5,0.0,4.3,0.49,0.0,0.03,0.83,0.0,100.0,67.0,100.0,100.0,43.0,0.0,16.69,2.25,0.45,0.26,-0.18,3.69,-0.6997576408824686,0,0,Fast
P060,"Laguna_Seca, Laguna_Seca",", McLaren 720S GT3","8/26/2023, ",Lap 2,137.504,8.29,0.57,0.44,0.29,0.55,0.0,23.75,0.42,0.27,0.26,0.57,-0.0,240.0,75.66,13.14,7.2,85.79,0.0,100.0,12.0,0.0,0.0,27.0,0.0,217.5,96.1,186.0,182.1,56.4,0.0,1.0,0.25,0.0,0.0,0.43,-20.49,29.98,-1.45,-0.87,-0.51,5.66,-103.51,277.92,2.65,5.54,2.81,25.84,0.0,34.7,18.59,25.14,17.35,9.74,0.0,4.62,1.27,1.77,1.95,1.09,0.0,100.0,57.0,100.0,100.0,46.0,0.0,20.49,2.07,0.87,0.51,-0.36,4.48,2.3763433531518463,1,1,
P060,"Laguna_Seca, Laguna_Seca",", McLaren 720S GT3","8/26/2023, ",Lap 3,115.119,4.62,0.64,0.29,0.29,0.54,0.0,13.8,0.44,0.26,0.26,0.43,-0.0,240.0,63.03,7.2,10.84,79.85,0.0,100.0,13.0,0.0,0.0,30.0,0.1,218.7,113.2,182.1,183.5,49.5,0.0,1.0,0.3,0.0,0.0,0.46,-19.89,29.91,-2.22,-0.51,-0.79,5.77,-174.58,92.18,3.11,2.81,4.15,25.92,0.0,34.5,19.09,17.35,12.42,10.39,0.0,4.28,1.09,1.95,0.28,1.25,0.0,100.0,59.0,100.0,100.0,45.0,0.0,19.89,2.68,0.51,0.79,0.28,4.95,0.8832167241114031,0,1,Slow
P059,"Laguna_Seca, Laguna_Seca",", McLaren 720S GT3","8/26/2023, ",Lap 1,96.644,2.52,0.74,0.57,0.42,0.58,0.0,1.64,0.45,0.26,0.25,0.31,-0.0,192.66,31.85,15.56,11.22,37.03,0.0,100.0,11.0,0.0,0.0,24.0,50.4,223.5,133.4,192.4,190.8,39.4,0.0,1.0,0.28,0.0,0.0,0.45,-7.87,20.7,-0.6,-1.02,-0.77,3.39,-56.55,64.73,3.7,7.85,5.52,19.0,0.0,27.13,13.62,17.97,3.8,8.19,0.0,3.7,0.77,0.0,0.0,1.09,0.0,100.0,60.0,100.0,100.0,46.0,0.0,7.87,1.21,1.02,0.77,-0.25,1.33,-0.3491046728741763,0,0,Fast
P059,"Laguna_Seca, Laguna_Seca",", McLaren 720S GT3","8/26/2023, ",Lap 2,96.752,7.3,0.71,0.42,0.5,0.6,0.0,3.24,0.46,0.25,0.26,0.3,-0.0,134.17,28.9,11.22,14.65,31.16,0.0,86.0,11.0,0.0,0.0,21.0,52.2,225.9,132.6,190.8,193.4,40.6,0.0,1.0,0.26,0.0,0.0,0.44,-7.73,15.4,-0.76,-0.77,-0.92,2.47,-292.08,55.98,3.72,5.52,6.81,20.47,0.0,25.12,12.17,3.8,0.0,7.57,0.0,3.73,0.61,0.0,0.0,0.75,0.0,100.0,63.0,100.0,100.0,45.0,0.0,7.73,1.14,0.77,0.92,0.15,1.25,-0.3419008454926104,0,1,Fast
P059,"Laguna_Seca, Laguna_Seca",", McLaren 720S GT3","8/26/2023, ",Lap 3,105.284,11.82,0.69,0.5,0.55,0.62,0.0,28.93,0.45,0.26,0.25,0.68,-0.0,240.0,41.77,14.65,16.58,57.83,0.0,84.0,10.0,0.0,0.0,21.0,0.0,226.3,123.1,193.4,193.2,51.2,0.0,1.0,0.21,0.0,0.0,0.4,-6.42,23.43,-0.54,-0.92,-1.12,3.14,-60.67,157.26,3.42,6.81,7.37,24.63,0.0,21.6,11.31,0.0,21.17,6.04,0.0,4.23,0.49,0.0,0.0,0.68,0.0,100.0,60.0,100.0,100.0,44.0,0.0,6.42,1.02,0.92,1.12,0.2,1.34,0.2272015176511503,0,1,Slow
P059,"Laguna_Seca, Laguna_Seca",", McLaren 720S GT3","8/26/2023, ",Lap 4,91.999,2.32,0.71,0.55,0.41,0.55,0.0,1.76,0.48,0.25,0.25,0.31,-0.0,140.36,25.89,16.58,10.52,29.32,0.0,97.0,12.0,0.0,0.0,24.0,64.4,224.9,139.4,193.2,193.6,38.2,0.0,1.0,0.21,0.0,0.0,0.41,-6.79,3.64,-1.15,-1.12,-0.71,1.39,-39.65,51.65,3.9,7.37,5.37,17.26,0.0,21.17,9.75,21.17,0.0,5.74,0.0,4.13,0.37,0.0,0.0,0.69,0.0,100.0,63.0,100.0,100.0,45.0,0.0,6.79,1.19,1.12,0.71,-0.41,1.33,-0.6589359523869249,0,0,Fast
P059,"Laguna_Seca, Laguna_Seca",", McLaren 720S GT3","8/26/2023, ",Lap 5,94.862,2.2,0.7,0.41,0.43,0.57,0.0,1.47,0.47,0.25,0.26,0.29,-0.0,148.45,29.44,10.52,12.31,33.74,0.0,89.0,12.0,0.0,0.0,22.0,51.4,224.7,136.9,193.6,192.1,42.0,0.0,1.0,0.24,0.0,0.0,0.43,-7.52,16.73,-1.24,-0.71,-0.82,1.94,-58.8,51.49,3.78,5.37,6.14,17.95,0.0,22.93,11.93,0.0,7.34,6.56,0.0,3.67,0.52,0.0,0.12,0.75,0.0,100.0,63.0,100.0,100.0,46.0,0.0,7.52,1.35,0.71,0.82,0.11,1.52,-0.4679678246700257,0,0,Fast
P059,"Laguna_Seca, Laguna_Seca",", McLaren 720S GT3","8/26/2023, ",Lap 6,93.457,2.64,0.74,0.43,0.29,0.59,0.0,1.61,0.46,0.26,0.27,0.3,-0.0,189.45,29.2,12.31,7.06,33.52,0.0,100.0,12.0,0.0,0.0,25.0,57.9,223.4,137.7,192.1,192.9,40.6,0.0,1.0,0.27,0.0,0.0,0.45,-9.71,16.2,-0.9,-0.82,-0.48,2.43,-52.25,57.96,3.84,6.14,2.94,18.71,0.0,25.48,12.28,7.34,22.93,7.45,0.0,4.13,0.58,0.12,0.07,0.93,0.0,100.0,64.0,100.0,100.0,44.0,0.0,9.71,1.25,0.82,0.48,-0.34,1.52,-0.5616842827357762,0,0,Fast
P058,"Laguna_Seca, Laguna_Seca",", McLaren 720S GT3","8/26/2023, ",Lap 2,126.224,20.81,0.66,0.34,0.35,0.72,0.0,19.18,0.34,0.31,0.33,0.47,-0.0,240.0,62.14,11.85,11.59,69.52,0.0,86.0,3.0,0.0,0.0,9.0,0.1,190.7,106.3,158.0,187.9,51.1,0.0,1.0,0.3,0.0,0.0,0.46,-15.96,21.0,-1.43,-0.75,-0.74,4.1,-205.36,280.2,0.02,5.01,5.6,29.36,0.0,37.98,18.1,8.24,34.94,12.08,0.0,4.73,0.9,1.1,1.02,0.87,0.0,100.0,55.0,88.0,100.0,44.0,0.0,15.96,1.87,0.75,0.74,-0.01,3.07,1.6239436044104487,0,1,Slow
P058,"Laguna_Seca, Laguna_Seca",", McLaren 720S GT3","8/26/2023, ",Lap 3,150.689,9.82,0.6,0.35,0.25,0.56,0.0,15.4,0.32,0.33,0.02,0.39,-0.0,240.0,83.58,11.59,8.91,89.09,0.0,75.0,5.0,0.0,0.0,12.0,0.0,202.6,89.7,187.9,185.5,58.5,0.0,1.0,0.22,0.0,0.0,0.41,-9.46,24.03,0.13,-0.74,-0.64,3.72,-290.98,109.56,0.0,5.6,4.64,27.87,0.0,34.94,16.84,34.94,18.85,9.86,0.0,5.63,0.88,1.02,0.07,1.2,0.0,100.0,50.0,100.0,47.0,44.0,0.0,9.46,0.75,0.74,0.64,-0.1,1.34,3.255810612651433,1,1,
P058,"Laguna_Seca, Laguna_Seca",", McLaren 720S GT3","8/26/2023, ",Lap 4,100.454,2.67,0.67,0.25,0.44,0.54,0.0,2.41,0.37,0.02,0.23,0.24,-0.0,115.58,24.01,8.91,14.44,23.47,0.0,77.0,7.0,0.0,0.0,16.0,43.8,192.9,128.5,185.5,187.9,35.2,0.0,1.0,0.22,0.0,0.0,0.41,-7.02,12.3,-0.88,-0.64,-0.98,1.7,-49.92,70.18,3.6,4.64,6.68,16.75,0.0,21.93,9.3,18.85,7.46,6.91,0.0,2.87,0.42,0.07,0.0,0.62,0.0,100.0,53.0,47.0,100.0,46.0,0.0,7.02,1.06,0.64,0.98,0.34,1.23,-0.0949696513578004,0,0,Fast
P058,"Laguna_Seca, Laguna_Seca",", McLaren 720S GT3","8/26/2023, ",Lap 5,107.167,2.92,0.63,0.44,0.48,0.49,0.0,1.44,0.36,0.23,0.23,0.25,-0.0,197.45,26.86,14.44,13.48,28.73,0.0,81.0,6.0,0.0,0.0,15.0,48.6,208.1,120.4,187.9,190.6,35.9,0.0,1.0,0.22,0.0,0.0,0.42,-11.43,20.35,-0.7,-0.98,-0.87,2.52,-73.25,234.83,3.31,6.68,7.1,18.92,0.0,24.05,11.79,7.46,7.7,7.19,0.0,3.68,0.74,0.0,0.27,1.03,0.0,100.0,51.0,100.0,100.0,45.0,0.0,11.43,1.08,0.98,0.87,-0.12,1.26,0.3528015820908711,0,0,Slow
P057,"Laguna_Seca, Laguna_Seca",", McLaren 720S GT3","8/26/2023, ",Lap 1,103.017,2.04,0.59,0.35,0.24,0.53,0.0,1.75,0.39,0.19,0.23,0.3,-0.0,240.0,29.36,9.96,7.77,39.44,0.0,100.0,11.0,0.0,0.0,23.0,43.3,198.4,124.9,177.9,181.6,35.6,0.0,1.0,0.2,0.0,0.0,0.4,-9.24,24.88,-1.13,-0.66,-0.53,2.22,-67.29,51.48,3.48,5.73,3.74,17.65,0.0,21.08,10.93,7.06,5.48,6.24,0.0,3.97,0.4,0.0,0.0,0.72,0.0,100.0,57.0,100.0,100.0,43.0,0.0,9.24,1.25,0.66,0.53,-0.13,1.7,0.0759878447436362,0,0,Fast
P057,"Laguna_Seca, Laguna_Seca",", McLaren 720S GT3","8/26/2023, ",Lap 2,102.097,2.3,0.6,0.24,0.36,0.51,0.0,1.84,0.41,0.23,0.28,0.3,-0.0,191.47,30.86,7.77,11.14,39.02,0.0,100.0,11.0,0.0,0.0,24.0,55.6,210.4,126.0,181.6,187.1,35.9,0.0,1.0,0.24,0.0,0.0,0.43,-12.78,3.35,-1.51,-0.53,-0.78,2.35,-42.27,54.35,3.52,3.74,5.22,16.87,0.0,24.68,11.86,5.48,10.86,7.51,0.0,3.95,0.49,0.0,0.0,0.75,0.0,100.0,59.0,100.0,100.0,43.0,0.0,12.78,1.55,0.53,0.78,0.25,2.31,0.0146219077895504,0,1,Fast
P057,"Laguna_Seca, Laguna_Seca",", McLaren 720S GT3","8/26/2023, ",Lap 3,108.729,2.59,0.65,0.36,0.32,0.53,0.0,1.66,0.38,0.28,0.27,0.3,-0.0,182.48,38.48,11.14,11.17,45.51,0.0,100.0,10.0,0.0,0.0,24.0,52.0,215.0,119.1,187.1,184.9,38.9,0.0,1.0,0.32,0.0,0.0,0.47,-12.8,13.14,-1.74,-0.78,-0.76,3.36,-67.77,68.16,3.29,5.22,4.92,18.91,0.0,35.05,16.81,10.86,24.53,10.58,0.0,4.1,0.8,0.0,0.05,1.06,0.0,100.0,56.0,100.0,100.0,42.0,0.0,12.8,2.01,0.78,0.76,-0.02,2.89,0.4569902707020468,0,1,Slow
P057,"Laguna_Seca, Laguna_Seca",", McLaren 720S GT3","8/26/2023, ",Lap 4,103.514,25.83,0.6,0.32,0.2,0.79,0.0,10.53,0.44,0.27,0.28,0.38,-0.0,191.89,31.95,11.17,5.89,39.85,0.0,100.0,11.0,0.0,0.0,24.0,6.0,210.6,124.5,184.9,187.5,41.9,0.0,1.0,0.22,0.0,0.0,0.41,-11.91,23.59,-1.35,-0.76,-0.42,2.51,-81.45,317.29,3.53,4.92,3.02,19.51,0.0,24.53,12.06,24.53,19.54,6.72,0.0,3.8,0.48,0.05,0.0,0.72,0.0,100.0,59.0,100.0,100.0,43.0,0.0,11.91,1.44,0.76,0.42,-0.35,2.25,0.1091387911199195,0,0,Fast
P057,"Laguna_Seca, Laguna_Seca",", McLaren 720S GT3","8/26/2023, ",Lap 5,115.567,1.9,0.56,0.2,0.35,0.47,0.0,1.66,0.37,0.28,0.28,0.3,-0.0,240.0,40.98,5.89,11.42,53.57,0.0,100.0,9.0,0.0,0.0,22.0,7.1,211.9,113.2,187.5,187.9,47.1,0.0,1.0,0.19,0.0,0.0,0.39,-10.57,26.8,-0.92,-0.42,-0.81,2.59,-42.82,78.8,6.22,3.02,5.71,17.94,0.0,22.2,11.43,19.54,18.65,6.13,0.0,4.17,0.73,0.0,0.0,1.01,0.0,100.0,52.0,100.0,100.0,40.0,0.0,10.57,1.14,0.42,0.81,0.39,1.69,0.913099267323827,0,0,Slow
P057,"Laguna_Seca, Laguna_Seca",", McLaren 720S GT3","8/26/2023, ",Lap 6,105.939,2.13,0.57,0.35,0.29,0.46,0.0,1.6,0.42,0.28,0.31,0.29,-0.0,177.03,28.07,11.42,9.47,34.41,0.0,100.0,10.0,0.0,2.0,21.0,47.3,211.5,122.3,187.9,171.1,38.4,0.0,1.0,0.22,0.0,0.0,0.42,-11.56,5.08,-1.19,-0.81,-0.63,1.77,-39.01,52.77,3.39,5.71,4.56,16.31,0.0,23.52,11.19,18.65,11.76,6.56,0.0,4.55,0.54,0.0,1.65,0.79,0.0,100.0,57.0,100.0,100.0,44.0,0.0,11.56,1.22,0.81,0.63,-0.17,1.72,0.2708913966782431,0,0,Slow
P056,"Laguna_Seca, Laguna_Seca",", McLaren 720S GT3","8/26/2023, ",Lap 1,124.949,2.82,0.41,0.16,0.13,0.39,0.0,2.81,0.41,0.09,0.23,0.35,-0.0,240.0,49.43,5.08,5.23,72.86,0.0,100.0,14.0,0.0,0.0,31.0,0.0,194.0,103.4,156.3,181.3,50.1,0.0,1.0,0.16,0.0,0.0,0.36,-13.25,0.75,-0.9,-0.32,-0.4,1.37,-36.25,98.14,5.68,2.62,1.71,16.55,0.0,19.7,12.67,0.0,18.52,5.9,0.0,5.38,0.41,0.0,0.0,0.82,0.0,100.0,49.0,67.0,100.0,40.0,0.0,13.25,0.91,0.32,0.4,0.08,1.36,1.5388984200447318,0,0,Slow
P056,"Laguna_Seca, Laguna_Seca",", McLaren 720S GT3","8/26/2023, ",Lap 2,108.664,1.72,0.47,0.13,0.15,0.38,0.0,1.82,0.44,0.23,0.23,0.37,-0.0,214.72,26.36,5.23,5.51,32.53,0.0,100.0,14.0,0.0,0.0,31.0,53.5,198.1,118.1,181.3,181.6,38.3,0.0,1.0,0.2,0.0,0.0,0.4,-10.48,0.71,-1.14,-0.4,-0.42,1.42,-41.71,54.27,3.3,1.71,2.24,14.88,0.0,21.57,11.39,18.52,2.16,6.23,0.0,4.83,0.45,0.0,0.0,0.83,0.0,100.0,55.0,100.0,100.0,42.0,0.0,10.48,1.15,0.4,0.42,0.02,1.42,0.4526546338520301,0,1,Slow
P056,"Laguna_Seca, Laguna_Seca",", McLaren 720S GT3","8/26/2023, ",Lap 3,114.962,1.56,0.43,0.15,0.28,0.36,0.0,1.7,0.48,0.23,0.27,0.38,-0.0,158.23,27.4,5.51,7.76,30.82,0.0,100.0,16.0,0.0,0.0,33.0,42.1,203.4,112.1,181.6,190.6,41.8,0.0,1.0,0.21,0.0,0.0,0.41,-8.37,0.5,-1.09,-0.42,-0.54,1.22,-42.18,49.25,3.12,2.24,4.17,14.32,0.0,24.37,12.22,2.16,9.26,6.72,0.0,5.3,0.48,0.0,0.0,0.88,0.0,100.0,60.0,100.0,100.0,42.0,0.0,8.37,1.09,0.42,0.54,0.12,1.21,0.8727444935659778,0,1,Slow
P056,"Laguna_Seca, Laguna_Seca",", McLaren 720S GT3","8/26/2023, ",Lap 4,109.319,2.0,0.53,0.28,0.01,0.45,0.0,1.77,0.49,0.27,0.18,0.38,-0.0,224.3,31.46,7.76,0.52,39.07,0.0,100.0,18.0,0.0,0.0,37.0,36.6,220.3,118.8,190.6,174.0,43.4,0.0,1.0,0.22,0.0,0.0,0.42,-15.56,2.33,-1.35,-0.54,-0.05,1.87,-49.15,49.98,3.28,4.17,0.08,15.85,0.0,24.32,13.36,9.26,5.84,7.25,0.0,4.58,0.51,0.0,0.0,0.87,0.0,100.0,64.0,100.0,100.0,42.0,0.0,15.56,1.37,0.54,0.05,-0.49,1.85,0.4963445128791238,0,0,Slow
P056,"Laguna_Seca, Laguna_Seca",", McLaren 720S GT3","8/26/2023, ",Lap 5,112.914,2.13,0.51,0.01,0.2,0.46,0.0,1.79,0.48,0.18,0.26,0.37,-0.0,162.69,32.27,0.52,5.9,37.58,0.0,100.0,17.0,0.0,0.0,35.0,32.3,206.9,116.0,174.0,179.8,44.2,0.0,1.0,0.21,0.0,0.0,0.41,-12.97,4.8,-1.25,-0.05,-0.41,1.86,-45.34,48.27,3.18,0.08,2.8,15.5,0.0,23.52,12.03,5.84,9.41,7.38,0.0,4.3,0.45,0.0,0.0,0.77,0.0,100.0,60.0,100.0,95.0,42.0,0.0,12.97,1.28,0.05,0.41,0.36,1.83,0.736138581737752,0,0,Slow
P056,"Laguna_Seca, Laguna_Seca",", McLaren 720S GT3","8/26/2023, ",Lap 6,106.859,1.96,0.49,0.2,0.21,0.45,0.0,2.04,0.48,0.26,0.29,0.38,-0.0,175.5,27.48,5.9,6.39,34.24,0.0,100.0,16.0,0.0,0.0,33.0,45.7,205.5,119.8,179.8,179.6,40.2,0.0,1.0,0.21,0.0,0.0,0.41,-6.6,2.15,-1.07,-0.41,-0.46,1.34,-54.7,58.93,3.35,2.8,3.02,16.06,0.0,22.4,13.0,9.41,19.26,6.87,0.0,4.7,0.47,0.0,0.0,0.84,0.0,100.0,61.0,95.0,100.0,43.0,0.0,6.6,1.1,0.41,0.46,0.05,1.31,0.3322573336323289,0,0,Slow
P055,"Laguna_Seca, Laguna_Seca",", McLaren 720S GT3","8/26/2023, ",Lap 1,115.412,4.66,0.63,0.24,0.14,0.5,0.0,60.07,0.42,0.28,0.44,1.28,-0.0,240.0,39.62,7.45,3.67,50.98,0.0,86.0,8.0,0.0,0.0,18.0,0.2,203.1,114.2,183.6,184.2,47.3,0.0,1.0,0.19,0.0,0.0,0.39,-6.46,23.22,-0.6,-0.55,-0.23,2.71,-165.93,57.33,-0.0,3.84,1.83,22.28,0.0,22.15,11.61,21.44,1.33,6.29,0.0,4.08,0.61,0.28,0.68,0.76,0.0,100.0,55.0,100.0,100.0,44.0,0.0,6.46,0.95,0.55,0.23,-0.32,1.14,0.902760440989172,0,0,Slow
P055,"Laguna_Seca, Laguna_Seca",", McLaren 720S GT3","8/26/2023, ",Lap 2,99.697,2.09,0.66,0.14,0.4,0.5,0.0,1.54,0.43,0.44,0.25,0.31,-0.0,108.41,24.89,3.67,8.83,24.09,0.0,84.0,10.0,0.0,0.0,20.0,50.4,215.3,129.1,184.2,190.8,37.4,0.0,1.0,0.21,0.0,0.0,0.41,-4.31,10.36,-0.96,-0.23,-0.62,1.3,-36.18,51.62,3.6,1.83,4.66,16.8,0.0,21.08,10.51,1.33,5.06,6.18,0.0,4.5,0.45,0.68,0.07,0.69,0.0,100.0,58.0,100.0,100.0,45.0,0.0,4.31,1.06,0.23,0.62,0.39,1.01,-0.1454631451341508,0,1,Fast
P055,"Laguna_Seca, Laguna_Seca",", McLaren 720S GT3","8/26/2023, ",Lap 3,119.907,8.23,0.61,0.4,0.07,0.57,0.0,97.95,0.44,0.25,0.25,2.28,-0.0,240.0,45.07,8.83,2.38,56.0,0.0,100.0,7.0,0.0,0.0,18.0,0.0,223.6,110.3,190.8,190.7,57.4,0.0,1.0,0.18,0.0,0.0,0.38,-7.96,24.32,-0.57,-0.62,-0.17,2.87,-182.61,66.01,-0.01,4.66,1.11,20.91,0.0,21.43,11.78,5.06,17.58,5.54,0.0,4.23,0.78,0.07,0.0,0.89,0.0,100.0,53.0,100.0,100.0,45.0,0.0,7.96,0.94,0.62,0.17,-0.45,1.29,1.202586404694188,0,1,Slow
P055,"Laguna_Seca, Laguna_Seca",", McLaren 720S GT3","8/26/2023, ",Lap 4,95.802,1.94,0.69,0.07,0.14,0.51,0.0,1.48,0.42,0.25,0.25,0.29,-0.0,123.09,25.37,2.38,5.16,25.76,0.0,78.0,9.0,0.0,0.0,18.0,59.3,219.6,134.1,190.7,193.3,37.3,0.0,1.0,0.19,0.0,0.0,0.39,-5.1,2.42,-1.08,-0.17,-0.38,1.15,-38.13,43.84,3.74,1.11,1.91,16.65,0.0,18.02,8.8,17.58,0.0,5.2,0.0,3.65,0.32,0.0,0.0,0.55,0.0,100.0,57.0,100.0,100.0,45.0,0.0,5.1,1.12,0.17,0.38,0.21,1.1,-0.4052678456082416,0,0,Fast
P055,"Laguna_Seca, Laguna_Seca",", McLaren 720S GT3","8/26/2023, ",Lap 5,98.079,2.78,0.7,0.14,0.22,0.52,0.0,1.68,0.43,0.25,0.26,0.29,-0.0,240.0,33.21,5.16,6.29,47.74,0.0,94.0,10.0,0.0,0.0,19.0,17.5,222.5,131.0,193.3,193.4,42.8,0.0,1.0,0.18,0.0,0.0,0.38,-7.63,21.68,-0.82,-0.38,-0.47,2.0,-66.58,66.73,3.67,1.91,3.09,18.82,0.0,17.7,9.78,0.0,16.99,4.92,0.0,3.92,0.33,0.0,0.12,0.55,0.0,100.0,59.0,100.0,100.0,46.0,0.0,7.63,1.03,0.38,0.47,0.08,1.21,-0.2533871516468804,0,0,Fast
P055,"Laguna_Seca, Laguna_Seca",", McLaren 720S GT3","8/26/2023, ",Lap 6,97.252,2.01,0.67,0.22,0.17,0.5,0.0,1.83,0.43,0.26,0.26,0.31,-0.0,112.83,24.76,6.29,6.53,25.16,0.0,98.0,10.0,0.0,0.0,21.0,56.5,223.1,132.3,193.4,192.1,38.1,0.0,1.0,0.2,0.0,0.0,0.4,-4.62,9.72,-0.89,-0.47,-0.48,1.52,-37.4,50.37,3.67,3.09,3.06,16.77,0.0,19.3,9.39,16.99,16.21,5.47,0.0,3.48,0.37,0.12,0.0,0.65,0.0,100.0,59.0,100.0,100.0,46.0,0.0,4.62,1.04,0.47,0.48,0.01,1.03,-0.3085497928001726,0,0,Fast
P054,"Laguna_Seca, Laguna_Seca",", McLaren 720S GT3","8/26/2023, ",Lap 1,105.849,1.97,0.53,0.04,0.39,0.48,0.0,1.69,0.35,0.16,0.17,0.29,-0.0,210.83,26.96,1.7,13.02,36.54,0.0,100.0,8.0,0.0,0.0,19.0,54.2,182.2,121.3,172.8,182.2,34.2,0.0,1.0,0.22,0.0,0.0,0.41,-12.69,0.81,-1.21,-0.16,-0.89,1.81,-49.45,50.18,3.39,0.08,6.34,16.4,0.0,23.15,11.64,10.04,12.5,6.72,0.0,4.28,0.47,0.0,0.0,0.78,0.0,100.0,46.0,74.0,87.0,40.0,0.0,12.69,1.22,0.16,0.89,0.73,1.8,0.2648882071936049,0,0,Slow
P054,"Laguna_Seca, Laguna_Seca",", McLaren 720S GT3","8/26/2023, ",Lap 2,119.179,4.05,0.53,0.39,0.51,0.48,0.0,13.72,0.35,0.17,0.28,0.4,-0.0,240.0,48.02,13.02,14.24,69.52,0.0,98.0,7.0,0.0,0.0,17.0,0.0,195.1,109.6,182.2,187.5,47.2,0.0,1.0,0.18,0.0,0.0,0.39,-9.32,33.3,-0.65,-0.89,-0.97,3.28,-45.63,73.0,6.05,6.34,7.24,17.87,0.0,21.67,11.82,12.5,17.33,6.32,0.0,3.88,0.73,0.0,0.0,0.97,0.0,100.0,46.0,87.0,100.0,40.0,0.0,9.32,0.97,0.89,0.97,0.08,1.41,1.1540272719739988,0,1,Slow
P054,"Laguna_Seca, Laguna_Seca",", McLaren 720S GT3","8/26/2023, ",Lap 3,103.304,1.79,0.57,0.51,0.44,0.47,0.0,1.64,0.38,0.28,0.2,0.29,-0.0,125.73,24.78,14.24,8.37,27.42,0.0,100.0,8.0,0.0,0.0,18.0,53.2,211.2,124.2,187.5,187.9,36.9,0.0,1.0,0.2,0.0,0.0,0.4,-5.42,2.45,-1.03,-0.97,-0.51,1.11,-43.39,43.47,3.47,7.24,4.5,16.0,0.0,20.6,10.32,17.33,11.54,5.78,0.0,3.4,0.38,0.0,0.0,0.66,0.0,100.0,48.0,100.0,100.0,42.0,0.0,5.42,1.04,0.97,0.51,-0.46,1.09,0.095131348989096,0,1,Fast
P054,"Laguna_Seca, Laguna_Seca",", McLaren 720S GT3","8/26/2023, ",Lap 4,102.462,1.96,0.59,0.44,0.56,0.48,0.0,1.54,0.38,0.2,0.21,0.28,-0.0,125.77,24.74,8.37,12.75,26.5,0.0,86.0,8.0,0.0,0.0,17.0,58.1,206.2,125.1,187.9,186.0,35.6,0.0,1.0,0.21,0.0,0.0,0.41,-5.24,1.24,-1.04,-0.51,-0.8,1.08,-43.49,48.01,3.5,4.5,7.01,16.22,0.0,21.87,11.37,11.54,0.0,6.21,0.0,4.52,0.39,0.0,0.0,0.74,0.0,100.0,49.0,100.0,98.0,44.0,0.0,5.24,1.05,0.51,0.8,0.29,1.06,0.0389681762550307,0,0,Fast
P054,"Laguna_Seca, Laguna_Seca",", McLaren 720S GT3","8/26/2023, ",Lap 5,117.312,4.98,0.54,0.56,0.4,0.49,0.0,3.26,0.34,0.21,0.18,0.27,-0.0,240.0,45.77,12.75,11.04,64.65,0.0,61.0,7.0,0.0,0.0,14.0,0.1,199.5,110.7,186.0,187.1,49.0,0.0,1.0,0.21,0.0,0.0,0.41,-9.91,18.37,-0.75,-0.8,-0.73,2.28,-185.27,64.15,0.02,7.01,5.63,20.87,0.0,24.78,13.24,0.0,2.97,7.25,0.0,4.63,0.43,0.0,0.0,0.77,0.0,100.0,48.0,98.0,100.0,42.0,0.0,9.91,0.98,0.8,0.73,-0.07,1.36,1.0294944412204354,0,0,Slow
P054,"Laguna_Seca, Laguna_Seca",", McLaren 720S GT3","8/26/2023, ",Lap 6,100.937,1.78,0.58,0.4,0.53,0.51,0.0,1.57,0.39,0.18,0.27,0.3,-0.0,129.7,24.94,11.04,12.92,29.12,0.0,89.0,9.0,0.0,0.0,19.0,48.2,204.9,127.1,187.1,189.3,36.7,0.0,1.0,0.2,0.0,0.0,0.4,-5.59,0.83,-1.03,-0.73,-0.86,1.2,-41.25,41.83,3.56,5.63,6.94,16.12,0.0,19.97,10.92,2.97,17.97,5.83,0.0,4.23,0.34,0.0,0.0,0.67,0.0,100.0,52.0,100.0,100.0,43.0,0.0,5.59,1.04,0.73,0.86,0.14,1.18,-0.0627525344569052,0,0,Fast
P053,"Laguna_Seca, Laguna_Seca",", McLaren 720S GT3","8/26/2023, ",Lap 1,123.842,18.23,0.52,0.41,0.36,0.69,0.0,70.27,0.43,0.2,0.26,1.47,-0.0,240.0,72.71,9.06,8.57,91.13,0.0,100.0,10.0,0.0,0.0,25.0,0.0,200.9,105.4,187.5,187.4,60.5,0.0,1.0,0.18,0.0,0.0,0.38,-10.14,29.92,-0.81,-0.6,-0.56,3.1,-91.66,80.29,0.09,4.52,3.91,17.85,0.0,21.77,12.64,12.34,0.0,6.01,0.0,4.3,0.41,0.02,0.0,0.68,0.0,100.0,50.0,100.0,100.0,45.0,0.0,10.14,1.08,0.6,0.56,-0.05,1.94,1.4650591893836742,0,0,Slow
P053,"Laguna_Seca, Laguna_Seca",", McLaren 720S GT3","8/26/2023, ",Lap 2,95.722,3.32,0.67,0.36,0.49,0.56,0.0,1.74,0.46,0.26,0.21,0.37,-0.0,161.94,28.53,8.57,12.79,33.53,0.0,100.0,13.0,0.0,0.0,31.0,57.6,210.2,134.0,187.4,187.7,37.6,0.0,1.0,0.24,0.0,0.0,0.43,-8.83,7.11,-1.36,-0.56,-0.83,1.76,-45.39,53.92,3.74,3.91,4.13,17.24,0.0,23.08,11.38,0.0,14.31,6.66,0.0,4.02,0.49,0.0,0.28,0.75,0.0,100.0,58.0,100.0,100.0,45.0,0.0,8.83,1.4,0.56,0.83,0.27,1.7,-0.4106040140390325,0,1,Fast
P053,"Laguna_Seca, Laguna_Seca",", McLaren 720S GT3","8/26/2023, ",Lap 3,108.037,2.67,0.61,0.49,0.42,0.52,0.0,58.33,0.51,0.21,0.21,1.3,-0.0,240.0,39.43,12.79,11.84,51.62,0.0,100.0,15.0,0.0,0.0,32.0,0.0,220.3,121.7,187.7,187.6,50.8,0.0,1.0,0.24,0.0,0.0,0.43,-12.3,9.75,-1.44,-0.83,-0.76,2.33,-49.86,54.7,3.32,4.13,4.24,16.11,0.0,25.95,11.27,14.31,10.38,7.66,0.0,3.52,0.72,0.28,0.3,0.8,0.0,100.0,63.0,100.0,100.0,45.0,0.0,12.3,1.53,0.83,0.76,-0.07,2.21,0.4108324137757133,0,1,Slow
P053,"Laguna_Seca, Laguna_Seca",", McLaren 720S GT3","8/26/2023, ",Lap 4,103.502,2.24,0.62,0.42,0.38,0.52,-0.0,1.91,0.49,0.21,0.23,0.36,-0.0,240.0,33.34,11.84,11.23,41.71,0.0,100.0,14.0,0.0,0.0,31.0,0.0,208.7,126.9,187.6,188.5,48.9,0.0,1.0,0.19,0.0,0.0,0.39,-8.27,8.93,-1.15,-0.76,-0.75,1.62,-45.4,102.61,3.46,4.24,3.77,17.64,0.0,19.43,11.15,10.38,5.44,6.1,0.0,4.3,0.46,0.3,0.0,0.74,0.0,100.0,63.0,100.0,100.0,45.0,0.0,8.27,1.18,0.76,0.75,-0.01,1.56,0.1083383658553009,0,0,Fast
P053,"Laguna_Seca, Laguna_Seca",", McLaren 720S GT3","8/26/2023, ",Lap 5,96.042,2.52,0.65,0.38,0.19,0.54,0.0,1.84,0.48,0.23,0.23,0.38,-0.0,177.5,28.65,11.23,5.62,35.34,0.0,100.0,13.0,0.0,0.0,30.0,60.8,206.9,133.5,188.5,193.7,37.7,0.0,1.0,0.25,0.0,0.0,0.43,-11.67,7.06,-1.37,-0.75,-0.41,1.95,-39.56,52.73,3.72,3.77,2.37,17.27,0.0,23.68,12.65,5.44,0.0,7.18,0.0,4.3,0.48,0.0,0.0,0.79,0.0,100.0,61.0,100.0,100.0,44.0,0.0,11.67,1.41,0.75,0.41,-0.34,1.89,-0.3892593403158718,0,0,Fast
P053,"Laguna_Seca, Laguna_Seca",", McLaren 720S GT3","8/26/2023, ",Lap 6,96.884,2.56,0.69,0.19,0.51,0.54,0.0,1.91,0.47,0.23,0.22,0.35,-0.0,146.49,29.15,5.62,15.85,33.72,0.0,100.0,13.0,0.0,0.0,29.0,55.6,211.4,134.0,193.7,188.0,39.1,0.0,1.0,0.26,0.0,0.0,0.44,-10.07,9.05,-1.36,-0.41,-1.06,2.23,-58.39,54.63,3.72,2.37,6.84,17.39,0.0,25.42,12.42,0.0,18.3,7.37,0.0,3.78,0.53,0.0,0.05,0.81,0.0,100.0,66.0,100.0,100.0,43.0,0.0,10.07,1.51,0.41,1.06,0.65,1.96,-0.3330961675818065,0,0,Fast
P052,"Laguna_Seca, Laguna_Seca",", McLaren 720S GT3","8/26/2023, ",Lap 1,90.202,3.01,0.79,0.61,0.23,0.57,0.0,2.89,0.48,0.25,0.25,0.35,-0.0,152.89,30.24,15.97,9.65,28.89,0.0,100.0,14.0,0.0,0.0,29.0,59.6,225.5,143.7,191.5,193.1,40.8,0.0,1.0,0.35,0.0,0.0,0.48,-9.44,1.59,-1.5,-1.06,-0.75,1.43,-52.43,48.04,3.96,9.5,5.26,17.64,0.0,31.18,15.17,25.02,20.58,9.15,0.0,4.25,0.68,0.1,0.35,0.85,0.0,100.0,68.0,100.0,100.0,42.0,0.0,9.44,1.52,1.06,0.75,-0.32,1.41,-0.7787996357635465,0,0,Fast
P052,"Laguna_Seca, Laguna_Seca",", McLaren 720S GT3","8/26/2023, ",Lap 2,92.134,16.39,0.83,0.23,0.37,0.7,0.0,20.47,0.42,0.25,0.25,0.58,-0.0,228.05,34.98,9.65,8.79,36.92,0.0,100.0,10.0,0.0,0.0,25.0,56.1,229.3,140.5,193.1,193.6,40.9,0.0,1.0,0.37,0.0,0.0,0.48,-6.27,21.52,-0.93,-0.75,-0.57,3.39,-56.86,422.11,3.87,5.26,3.44,23.23,0.0,33.83,15.4,20.58,20.98,10.21,0.0,4.98,0.84,0.35,0.03,1.19,0.0,100.0,70.0,100.0,100.0,41.0,0.0,6.27,1.48,0.75,0.57,-0.18,1.44,-0.6499311681599664,0,1,Fast
P052,"Laguna_Seca, Laguna_Seca",", McLaren 720S GT3","8/26/2023, ",Lap 3,90.672,2.89,0.77,0.37,0.43,0.57,0.0,2.81,0.44,0.25,0.25,0.35,-0.0,157.1,29.7,8.79,12.25,28.13,0.0,100.0,12.0,0.0,0.0,27.0,66.8,229.5,142.0,193.6,194.5,37.3,0.0,1.0,0.32,0.0,0.0,0.47,-8.07,12.25,-1.4,-0.57,-0.79,1.75,-58.9,51.57,3.94,3.44,6.92,17.44,0.0,29.23,14.68,20.98,8.77,9.24,0.0,3.1,0.79,0.03,0.02,0.91,0.0,100.0,67.0,100.0,100.0,41.0,0.0,8.07,1.49,0.57,0.79,0.22,1.52,-0.747449646232655,0,1,Fast
P052,"Laguna_Seca, Laguna_Seca",", McLaren 720S GT3","8/26/2023, ",Lap 4,92.134,11.78,0.8,0.43,0.34,0.65,0.0,18.81,0.46,0.25,0.26,0.57,-0.0,240.0,37.21,12.25,7.37,46.55,0.0,100.0,14.0,0.0,0.0,31.0,43.6,230.4,139.7,194.5,194.3,42.3,0.0,1.0,0.33,0.0,0.0,0.47,-7.19,25.76,-0.92,-0.79,-0.47,4.1,-64.84,282.86,3.91,6.92,3.95,23.53,0.0,30.38,15.75,8.77,7.9,9.17,0.0,4.23,0.68,0.02,0.1,0.83,0.0,100.0,70.0,100.0,100.0,39.0,0.0,7.19,1.5,0.79,0.47,-0.32,1.56,-0.6499311681599664,0,0,Fast
P052,"Laguna_Seca, Laguna_Seca",", McLaren 720S GT3","8/26/2023, ",Lap 5,89.474,2.77,0.76,0.34,0.22,0.58,0.0,1.92,0.46,0.26,0.24,0.39,-0.0,154.09,29.74,7.37,7.04,30.85,0.0,100.0,14.0,0.0,0.0,32.0,66.2,230.0,143.3,194.3,194.3,39.4,0.0,1.0,0.29,0.0,0.0,0.45,-11.9,2.82,-1.54,-0.47,-0.5,1.74,-42.31,53.23,4.01,3.95,3.26,17.54,0.0,25.53,12.9,7.9,0.0,7.72,0.0,3.63,0.51,0.1,0.0,0.72,0.0,100.0,69.0,100.0,100.0,39.0,0.0,11.9,1.55,0.47,0.5,0.03,1.73,-0.8273587684837357,0,0,Fast
P052,"Laguna_Seca, Laguna_Seca",", McLaren 720S GT3","8/26/2023, ",Lap 6,88.479,2.82,0.78,0.22,0.27,0.6,0.0,1.92,0.47,0.24,0.25,0.4,-0.0,163.72,29.65,7.04,5.71,30.17,0.0,100.0,15.0,0.0,0.0,34.0,66.5,229.6,145.0,194.3,194.3,39.6,0.0,1.0,0.32,0.0,0.0,0.47,-8.24,16.5,-1.25,-0.5,-0.36,2.2,-54.09,46.32,4.05,3.26,2.69,17.72,0.0,28.57,14.57,0.0,2.29,8.59,0.0,4.22,0.6,0.0,0.03,0.84,0.0,100.0,72.0,100.0,100.0,39.0,0.0,8.24,1.46,0.5,0.36,-0.14,1.48,-0.8937273633416873,0,0,Fast
P051,"Laguna_Seca, Laguna_Seca",", McLaren 720S GT3","8/26/2023, ",Lap 1,106.732,3.43,0.68,0.35,0.51,0.56,0.0,5.94,0.43,0.25,0.26,0.37,-0.0,240.0,54.85,11.75,12.79,72.05,0.0,100.0,10.0,0.0,0.0,24.0,6.5,228.3,121.9,194.8,192.1,50.7,0.0,1.0,0.28,0.0,0.0,0.45,-13.51,25.74,-1.67,-0.82,-0.84,4.02,-99.95,201.0,6.73,5.64,6.46,30.89,0.0,30.42,16.26,16.76,22.51,8.82,0.0,4.18,0.54,0.0,0.0,0.88,0.0,100.0,62.0,100.0,100.0,42.0,0.0,13.51,1.96,0.82,0.84,0.01,3.23,0.3237861662484499,0,0,Slow
P051,"Laguna_Seca, Laguna_Seca",", McLaren 720S GT3","8/26/2023, ",Lap 2,118.632,2.36,0.65,0.51,0.37,0.56,0.0,3.4,0.42,0.26,0.26,0.35,-0.0,240.0,61.28,12.79,8.55,73.39,0.0,100.0,12.0,0.0,0.0,27.0,0.0,226.7,110.0,192.1,193.1,56.3,0.0,1.0,0.29,0.0,0.0,0.45,-12.91,28.83,-0.57,-0.84,-0.56,4.37,-76.55,138.05,3.02,6.46,3.95,23.33,0.0,34.08,17.04,22.51,27.95,9.57,0.0,4.2,1.27,0.0,0.37,1.16,0.0,100.0,62.0,100.0,100.0,42.0,0.0,12.91,1.36,0.84,0.56,-0.27,2.08,1.117541220328472,0,1,Slow
P051,"Laguna_Seca, Laguna_Seca",", McLaren 720S GT3","8/26/2023, ",Lap 3,92.457,2.41,0.73,0.37,0.37,0.57,0.0,1.96,0.45,0.26,0.25,0.38,-0.0,154.58,28.77,8.55,11.87,32.98,0.0,100.0,12.0,0.0,0.0,28.0,66.3,222.7,138.8,193.1,192.6,36.5,0.0,1.0,0.27,0.0,0.0,0.44,-9.53,4.23,-1.43,-0.56,-0.82,1.9,-42.74,56.06,3.88,3.95,4.17,17.44,0.0,27.95,12.11,27.95,0.0,7.24,0.0,4.07,0.5,0.37,0.18,0.69,0.0,100.0,65.0,100.0,100.0,42.0,0.0,9.53,1.49,0.56,0.82,0.26,1.84,-0.628386388120652,0,1,Fast
P051,"Laguna_Seca, Laguna_Seca",", McLaren 720S GT3","8/26/2023, ",Lap 4,92.164,2.81,0.75,0.37,0.27,0.59,0.0,1.92,0.46,0.25,0.27,0.38,-0.0,233.96,36.2,11.87,8.42,46.97,0.0,100.0,13.0,0.0,0.0,30.0,57.8,222.9,139.8,192.6,193.4,37.4,0.0,1.0,0.3,0.0,0.0,0.46,-14.02,5.02,-2.03,-0.82,-0.6,3.08,-44.71,55.65,3.88,4.17,3.1,17.93,0.0,28.05,14.06,0.0,15.71,8.47,0.0,4.2,0.6,0.18,0.0,0.78,0.0,100.0,68.0,100.0,100.0,42.0,0.0,14.02,2.09,0.82,0.6,-0.23,3.02,-0.6479301049984201,0,0,Fast
P051,"Laguna_Seca, Laguna_Seca",", McLaren 720S GT3","8/26/2023, ",Lap 5,92.637,2.42,0.77,0.27,0.29,0.57,0.0,1.92,0.45,0.27,0.25,0.38,-0.0,199.82,37.07,8.42,10.42,45.99,0.0,100.0,13.0,0.0,0.0,30.0,54.4,227.9,139.1,193.4,193.5,39.5,0.0,1.0,0.3,0.0,0.0,0.46,-13.16,19.96,-1.82,-0.6,-0.73,3.25,-66.31,51.72,3.86,3.1,3.78,18.62,0.0,28.0,14.45,15.71,9.52,8.27,0.0,4.1,0.57,0.0,0.1,0.7,0.0,100.0,67.0,100.0,100.0,42.0,0.0,13.16,2.0,0.6,0.73,0.13,2.8,-0.6163800091513739,0,0,Fast
P051,"Laguna_Seca, Laguna_Seca",", McLaren 720S GT3","8/26/2023, ",Lap 6,91.239,2.61,0.79,0.29,0.43,0.6,0.0,2.0,0.45,0.25,0.26,0.38,-0.0,210.63,36.52,10.42,11.89,43.33,0.0,100.0,13.0,0.0,0.0,30.0,67.7,227.5,141.0,193.5,193.8,38.3,0.0,1.0,0.33,0.0,0.0,0.47,-14.47,8.2,-1.95,-0.73,-0.81,2.94,-41.62,58.65,3.94,3.78,5.5,18.5,0.0,30.55,15.23,9.52,0.0,9.23,0.0,4.05,0.66,0.1,0.0,0.86,0.0,100.0,69.0,100.0,100.0,41.0,0.0,14.47,2.06,0.73,0.81,0.07,2.77,-0.7096295524794299,0,0,Fast
P050,"Laguna_Seca, Laguna_Seca",", McLaren 720S GT3","8/26/2023, ",Lap 1,105.252,2.83,0.67,0.48,0.36,0.53,0.0,1.79,0.43,0.27,0.27,0.33,-0.0,240.0,43.49,16.15,12.91,61.74,0.0,100.0,13.0,0.0,3.0,27.0,20.5,219.4,124.7,191.3,177.6,50.2,0.0,1.0,0.23,0.0,0.0,0.42,-6.49,30.39,-0.62,-1.1,-0.92,3.43,-85.5,57.67,3.41,8.36,6.51,21.38,0.0,23.72,10.1,2.42,22.77,7.08,0.0,3.08,0.51,0.37,0.58,0.78,0.0,100.0,70.0,100.0,100.0,37.0,0.0,6.49,1.06,1.1,0.92,-0.18,1.23,0.2250670502788335,0,0,Slow
P050,"Laguna_Seca, Laguna_Seca",", McLaren 720S GT3","8/26/2023, ",Lap 2,93.912,2.69,0.73,0.36,0.42,0.58,0.0,1.7,0.43,0.27,0.18,0.33,-0.0,109.23,27.42,12.91,10.29,28.5,0.0,98.0,14.0,3.0,2.0,25.0,62.4,212.8,137.8,177.6,185.7,37.6,0.0,1.0,0.27,0.0,0.0,0.45,-6.19,2.36,-1.28,-0.92,-0.7,1.37,-46.98,47.31,3.83,6.51,5.84,17.38,0.0,25.73,12.06,22.77,6.18,7.56,0.0,4.18,0.56,0.58,0.47,0.71,0.0,100.0,68.0,100.0,100.0,38.0,0.0,6.19,1.31,0.92,0.7,-0.21,1.34,-0.5313348247856569,0,1,Fast
P050,"Laguna_Seca, Laguna_Seca",", McLaren 720S GT3","8/26/2023, ",Lap 3,139.289,3.97,0.63,0.42,0.59,0.58,0.0,24.28,0.39,0.18,0.26,0.55,-0.0,240.0,73.42,10.29,16.13,85.93,0.0,92.0,10.0,2.0,0.0,20.0,0.0,221.1,97.1,185.7,192.4,61.3,0.0,1.0,0.22,0.0,0.0,0.41,-6.56,31.11,-0.07,-0.7,-1.09,4.58,-144.1,121.74,-2.56,5.84,8.47,28.9,0.0,30.32,15.42,6.18,27.29,8.38,0.0,4.2,1.37,0.47,0.0,1.24,0.0,100.0,65.0,100.0,100.0,37.0,0.0,6.56,0.91,0.7,1.09,0.39,1.43,2.4954066112638493,1,1,
P050,"Laguna_Seca, Laguna_Seca",", McLaren 720S GT3","8/26/2023, ",Lap 4,119.744,7.65,0.63,0.59,0.34,0.54,0.0,3.71,0.38,0.26,0.21,0.32,-0.0,240.0,52.69,16.13,10.91,68.16,0.0,100.0,13.0,0.0,2.0,23.0,0.0,222.3,110.9,192.4,181.7,55.9,0.0,1.0,0.2,0.0,0.0,0.4,-6.64,28.42,-0.48,-1.09,-0.74,3.54,-50.84,164.06,8.94,8.47,5.72,21.21,0.0,27.29,12.79,27.29,6.34,6.48,0.0,4.28,0.67,0.0,1.0,0.92,0.0,100.0,65.0,100.0,100.0,36.0,0.0,6.64,0.99,1.09,0.74,-0.35,1.27,1.1917139615164534,0,0,Slow
P050,"Laguna_Seca, Laguna_Seca",", McLaren 720S GT3","8/26/2023, ",Lap 5,93.514,2.58,0.7,0.34,0.61,0.54,0.0,1.77,0.45,0.21,0.26,0.32,-0.0,108.57,25.49,10.91,23.79,26.42,0.0,93.0,14.0,2.0,0.0,24.0,66.3,214.6,137.9,181.7,193.3,37.4,0.0,1.0,0.23,0.0,0.0,0.42,-5.0,2.89,-1.15,-0.74,-1.66,1.2,-47.35,43.04,3.84,5.72,12.13,16.84,0.0,21.8,10.01,6.34,9.16,6.48,0.0,3.0,0.53,1.0,0.15,0.66,2.0,100.0,70.0,100.0,100.0,38.0,0.0,5.0,1.17,0.74,1.66,0.92,1.18,-0.5578822627288381,0,0,Fast
P050,"Laguna_Seca, Laguna_Seca",", McLaren 720S GT3","8/26/2023, ",Lap 6,92.639,2.7,0.72,0.61,0.36,0.59,0.0,1.52,0.45,0.26,0.26,0.33,-0.0,145.02,31.09,23.79,10.72,36.98,0.0,80.0,13.0,0.0,0.0,23.0,64.4,223.9,139.1,193.3,193.2,37.9,0.0,1.0,0.28,0.0,0.0,0.45,-9.47,1.88,-1.64,-1.66,-0.74,2.2,-50.18,49.32,3.88,12.13,5.41,17.45,0.0,26.28,12.8,9.16,2.1,7.88,0.0,4.15,0.53,0.15,0.0,0.81,3.0,100.0,71.0,100.0,100.0,36.0,0.0,9.47,1.67,1.66,0.74,-0.92,2.17,-0.6162466049406045,0,0,Fast
P049,"Laguna_Seca, Laguna_Seca",", McLaren 720S GT3","8/26/2023, ",Lap 1,103.612,2.9,0.68,0.37,0.27,0.59,-0.0,2.43,0.42,0.28,0.27,0.38,-0.0,217.9,41.62,7.38,8.5,50.56,0.0,100.0,12.0,0.0,0.0,30.0,0.0,224.3,124.6,189.0,186.8,51.4,0.0,1.0,0.27,0.0,0.0,0.44,-11.82,24.01,-1.26,-0.49,-0.6,3.29,-70.19,66.0,3.47,4.93,3.44,19.09,0.0,28.1,14.28,1.52,9.55,8.01,0.0,4.25,0.5,0.0,0.15,0.75,0.0,100.0,62.0,100.0,100.0,43.0,0.0,11.82,1.55,0.49,0.6,0.12,2.38,0.1156755974476372,0,0,Fast
P049,"Laguna_Seca, Laguna_Seca",", McLaren 720S GT3","8/26/2023, ",Lap 2,100.219,2.76,0.71,0.27,0.58,0.58,0.0,1.89,0.44,0.27,0.04,0.39,-0.0,198.83,42.19,8.5,17.87,49.83,0.0,100.0,15.0,0.0,0.0,33.0,0.0,223.4,129.0,186.8,188.8,50.5,0.0,1.0,0.3,0.0,0.0,0.46,-10.5,22.18,-1.36,-0.6,-1.19,3.2,-66.21,59.54,3.6,3.44,8.88,19.06,0.0,30.57,15.75,9.55,6.11,9.19,0.0,4.15,0.57,0.15,0.0,0.82,0.0,100.0,64.0,100.0,100.0,43.0,0.0,10.5,1.65,0.6,1.19,0.58,2.25,-0.1106446461232462,0,1,Fast
P049,"Laguna_Seca, Laguna_Seca",", McLaren 720S GT3","8/26/2023, ",Lap 3,90.412,2.57,0.75,0.58,0.31,0.61,0.0,2.04,0.43,0.04,0.14,0.4,-0.0,173.36,31.69,17.87,5.85,36.16,0.0,100.0,12.0,0.0,0.0,30.0,66.5,223.8,142.0,188.8,187.9,37.3,0.0,1.0,0.3,0.0,0.0,0.46,-10.08,7.36,-1.67,-1.19,-0.4,2.14,-45.57,59.62,3.97,8.88,2.84,17.84,0.0,27.15,14.09,6.11,13.03,8.23,0.0,4.03,0.53,0.0,0.0,0.85,0.0,100.0,65.0,100.0,100.0,43.0,0.0,10.08,1.7,1.19,0.4,-0.79,2.09,-0.7647921936327221,0,1,Fast
P049,"Laguna_Seca, Laguna_Seca",", McLaren 720S GT3","8/26/2023, ",Lap 4,98.362,2.85,0.68,0.31,0.5,0.59,0.0,2.07,0.42,0.14,0.07,0.39,-0.0,208.32,39.07,5.85,12.92,49.75,0.0,100.0,12.0,0.0,0.0,30.0,21.1,224.0,131.7,187.9,188.8,43.8,0.0,1.0,0.28,0.0,0.0,0.45,-12.51,17.7,-1.5,-0.4,-0.87,3.01,-65.31,64.65,3.64,2.84,6.92,18.04,0.0,27.27,14.25,13.03,20.72,8.0,0.0,4.03,0.67,0.0,0.07,0.89,0.0,100.0,61.0,100.0,100.0,43.0,0.0,12.51,1.71,0.4,0.87,0.46,2.56,-0.2345104558229604,0,0,Fast
P049,"Laguna_Seca, Laguna_Seca",", McLaren 720S GT3","8/26/2023, ",Lap 5,89.992,2.48,0.78,0.5,0.42,0.6,0.0,1.87,0.43,0.07,0.04,0.39,-0.0,155.72,31.64,12.92,10.02,34.77,0.0,100.0,12.0,0.0,0.0,29.0,67.4,224.6,142.8,188.8,189.0,37.8,0.0,1.0,0.31,0.0,0.0,0.46,-8.2,7.15,-1.68,-0.87,-0.67,2.01,-47.37,50.95,3.97,6.92,5.47,17.75,0.0,27.62,13.81,20.72,6.63,8.34,0.0,4.07,0.55,0.07,0.45,0.78,0.0,100.0,64.0,100.0,100.0,43.0,0.0,8.2,1.71,0.87,0.67,-0.2,1.96,-0.79280707789437,0,0,Fast
P049,"Laguna_Seca, Laguna_Seca",", McLaren 720S GT3","8/26/2023, ",Lap 6,90.259,2.96,0.77,0.42,0.5,0.58,0.0,1.82,0.45,0.04,0.08,0.39,-0.0,193.8,32.85,10.02,11.55,40.42,0.0,100.0,12.0,0.0,0.0,30.0,61.4,223.7,142.5,189.0,188.6,38.0,0.0,1.0,0.3,0.0,0.0,0.46,-11.65,4.72,-1.81,-0.67,-0.77,2.46,-40.99,59.53,3.98,5.47,6.78,17.64,0.0,26.75,13.61,6.63,18.73,7.86,0.0,4.13,0.58,0.45,0.12,0.82,0.0,100.0,65.0,100.0,100.0,44.0,0.0,11.65,1.83,0.67,0.77,0.11,2.43,-0.7749976157566084,0,0,Fast
P048,"Laguna_Seca, Laguna_Seca",", McLaren 720S GT3","8/26/2023, ",Lap 1,116.999,4.49,0.56,0.5,0.32,0.51,0.0,11.73,0.41,0.27,0.26,0.42,-0.0,240.0,56.08,9.98,9.09,71.53,0.0,100.0,12.0,0.0,0.0,28.0,0.0,209.8,111.9,187.9,191.2,54.9,0.0,1.0,0.23,0.0,0.0,0.42,-15.7,19.46,-1.55,-0.6,-0.66,4.01,-38.83,63.07,3.04,4.69,5.36,17.19,0.0,27.28,14.22,11.32,14.73,7.49,0.0,4.58,0.68,0.28,0.4,0.94,0.0,100.0,54.0,100.0,100.0,45.0,0.0,15.7,1.8,0.6,0.66,0.06,3.44,1.0086166822349691,0,0,Slow
P048,"Laguna_Seca, Laguna_Seca",", McLaren 720S GT3","8/26/2023, ",Lap 2,95.392,2.45,0.71,0.32,0.27,0.57,0.0,2.77,0.4,0.26,0.2,0.36,-0.0,114.46,28.89,9.09,8.73,30.19,0.0,100.0,11.0,0.0,0.0,28.0,47.8,217.6,134.1,191.2,190.2,37.7,0.0,1.0,0.27,0.0,0.0,0.44,-6.02,5.67,-1.3,-0.66,-0.6,1.64,-44.45,42.51,3.76,5.36,3.32,17.41,0.0,25.62,12.96,14.73,0.51,7.48,0.0,4.05,0.58,0.4,0.03,0.73,0.0,100.0,58.0,100.0,100.0,45.0,0.0,6.02,1.38,0.66,0.6,-0.07,1.53,-0.4326157088160414,0,1,Fast
P048,"Laguna_Seca, Laguna_Seca",", McLaren 720S GT3","8/26/2023, ",Lap 3,97.257,2.72,0.72,0.27,0.28,0.59,0.0,1.94,0.41,0.2,0.27,0.34,-0.0,240.0,40.9,8.73,7.71,53.7,0.0,100.0,11.0,0.0,0.0,28.0,21.2,214.6,133.1,190.2,187.2,40.6,0.0,1.0,0.3,0.0,0.0,0.46,-18.6,6.55,-2.01,-0.6,-0.52,3.16,-57.82,71.39,3.7,3.32,3.34,17.6,0.0,28.93,15.38,0.51,17.36,9.15,0.0,4.18,0.6,0.03,0.0,0.8,0.0,100.0,61.0,100.0,100.0,46.0,0.0,18.6,2.07,0.6,0.52,-0.07,3.1,-0.3082162822732475,0,1,Fast
P048,"Laguna_Seca, Laguna_Seca",", McLaren 720S GT3","8/26/2023, ",Lap 4,125.762,6.98,0.6,0.28,0.35,0.58,0.0,17.69,0.39,0.27,0.25,0.47,-0.0,240.0,61.05,7.71,9.24,68.67,0.0,100.0,13.0,0.0,0.0,30.0,0.0,216.0,103.2,187.2,187.5,58.5,0.0,1.0,0.23,0.0,0.0,0.42,-10.96,19.8,-0.81,-0.52,-0.64,3.29,-87.21,143.07,5.7,3.34,4.69,22.73,0.0,28.97,14.21,17.36,0.0,8.71,0.0,3.83,0.91,0.0,0.0,0.92,0.0,100.0,55.0,100.0,100.0,44.0,0.0,10.96,1.26,0.52,0.64,0.12,2.05,1.593127231722636,0,0,Slow
P048,"Laguna_Seca, Laguna_Seca",", McLaren 720S GT3","8/26/2023, ",Lap 5,96.692,2.07,0.68,0.35,0.32,0.53,0.0,1.74,0.4,0.25,0.26,0.34,-0.0,131.46,28.85,9.24,9.75,30.77,0.0,100.0,10.0,0.0,0.0,25.0,57.2,216.3,132.5,187.5,190.8,37.2,0.0,1.0,0.25,0.0,0.0,0.43,-10.09,12.89,-1.23,-0.64,-0.65,1.98,-46.68,47.94,3.71,4.69,4.2,17.04,0.0,24.23,12.65,0.0,8.72,7.12,0.0,4.08,0.48,0.0,0.03,0.66,0.0,100.0,57.0,100.0,100.0,46.0,0.0,10.09,1.36,0.64,0.65,0.01,1.66,-0.3459029718157031,0,0,Fast
P048,"Laguna_Seca, Laguna_Seca",", McLaren 720S GT3","8/26/2023, ",Lap 6,95.532,2.26,0.65,0.32,0.28,0.48,0.0,1.75,0.44,0.26,0.26,0.34,-0.0,128.76,27.3,9.75,6.72,28.88,0.0,100.0,13.0,0.0,0.0,29.0,54.6,202.8,134.2,190.8,191.6,37.3,0.0,1.0,0.24,0.0,0.0,0.43,-7.5,2.66,-1.27,-0.65,-0.45,1.51,-39.67,43.45,3.76,4.2,3.54,16.04,0.0,22.8,11.77,8.72,0.0,6.61,0.0,4.32,0.48,0.03,0.22,0.73,0.0,100.0,59.0,100.0,100.0,46.0,0.0,7.5,1.31,0.65,0.45,-0.2,1.47,-0.4232774140621588,0,0,Fast
P047,"Laguna_Seca, Laguna_Seca",", McLaren 720S GT3","8/26/2023, ",Lap 1,102.284,3.44,0.71,0.41,0.33,0.59,0.0,8.5,0.49,0.25,0.26,0.4,-0.0,233.94,46.97,15.31,13.32,56.34,0.0,100.0,18.0,0.0,0.0,34.0,0.0,221.2,126.4,191.9,193.8,50.5,0.0,1.0,0.29,0.0,0.0,0.45,-16.06,26.12,-1.62,-1.01,-0.89,4.41,-74.93,59.91,3.51,6.56,4.86,18.8,0.0,29.52,13.77,0.0,3.54,8.38,0.0,4.28,0.62,0.0,0.03,0.77,0.0,100.0,69.0,100.0,100.0,40.0,0.0,16.06,2.06,1.01,0.89,-0.13,3.24,0.027095201496523,0,0,Fast
P047,"Laguna_Seca, Laguna_Seca",", McLaren 720S GT3","8/26/2023, ",Lap 2,104.359,2.74,0.75,0.33,0.45,0.56,0.0,1.92,0.44,0.26,0.27,0.36,-0.0,240.0,55.22,13.32,5.57,65.18,0.0,100.0,16.0,0.0,0.0,32.0,0.1,227.1,125.8,193.8,191.5,50.5,0.0,1.0,0.32,0.0,0.0,0.47,-15.9,27.38,-1.33,-0.89,-0.37,4.68,-66.55,163.38,6.85,4.86,5.48,20.78,0.0,33.65,16.71,3.54,19.52,10.49,0.0,4.23,0.87,0.03,0.92,0.94,0.0,100.0,71.0,100.0,100.0,38.0,0.0,15.9,1.93,0.89,0.37,-0.52,2.95,0.1655020701701394,0,1,Slow
P047,"Laguna_Seca, Laguna_Seca",", McLaren 720S GT3","8/26/2023, ",Lap 3,108.229,2.54,0.69,0.45,0.37,0.53,0.0,3.0,0.46,0.27,0.25,0.36,-0.0,229.24,51.67,5.57,14.16,57.97,0.0,100.0,17.0,0.0,0.0,34.0,0.1,224.7,119.5,191.5,194.0,49.7,0.0,1.0,0.34,0.0,0.0,0.47,-15.0,22.3,-1.45,-0.37,-1.05,4.63,-73.77,46.61,3.32,5.48,6.52,19.47,0.0,36.8,19.42,19.52,30.91,11.46,0.0,5.85,1.35,0.92,0.0,1.54,0.0,100.0,69.0,100.0,100.0,39.0,0.0,15.0,2.09,0.37,1.05,0.68,3.23,0.4236392180096089,0,1,Slow
P047,"Laguna_Seca, Laguna_Seca",", McLaren 720S GT3","8/26/2023, ",Lap 4,93.637,2.65,0.69,0.37,0.57,0.55,0.0,1.9,0.5,0.25,0.25,0.38,-0.0,237.3,33.04,14.16,16.02,43.13,0.0,100.0,17.0,0.0,0.0,32.0,54.1,225.5,136.9,194.0,194.6,39.0,0.0,1.0,0.27,0.0,0.0,0.44,-13.78,5.76,-1.71,-1.05,-1.12,2.7,-55.23,58.1,3.84,6.52,5.83,17.49,0.0,30.91,12.12,30.91,15.64,7.45,0.0,3.73,0.53,0.0,0.0,0.8,0.0,100.0,72.0,100.0,100.0,37.0,0.0,13.78,1.8,1.05,1.12,0.07,2.6,-0.549677903766498,0,0,Fast
P047,"Laguna_Seca, Laguna_Seca",", McLaren 720S GT3","8/26/2023, ",Lap 5,92.177,3.03,0.71,0.57,0.2,0.55,0.0,1.96,0.49,0.25,0.24,0.4,-0.0,233.81,34.61,16.02,7.4,46.44,0.0,100.0,17.0,0.0,0.0,33.0,61.2,228.1,139.3,194.6,193.5,38.6,0.0,1.0,0.28,0.0,0.0,0.45,-16.16,3.26,-1.92,-1.12,-0.72,3.05,-51.69,69.58,3.87,5.83,2.91,17.36,0.0,26.02,13.53,15.64,0.0,7.71,0.0,4.25,0.56,0.0,0.0,0.77,0.0,100.0,72.0,100.0,100.0,37.0,0.0,16.16,1.98,1.12,0.72,-0.39,3.0,-0.6470629776284164,0,0,Fast
P047,"Laguna_Seca, Laguna_Seca",", McLaren 720S GT3","8/26/2023, ",Lap 6,91.744,2.84,0.74,0.2,0.28,0.55,0.0,1.86,0.51,0.24,0.25,0.39,-0.0,240.0,36.62,7.4,7.38,48.66,0.0,100.0,18.0,0.0,0.0,35.0,52.9,226.4,139.8,193.5,194.6,38.7,0.0,1.0,0.29,0.0,0.0,0.45,-17.14,7.97,-2.01,-0.72,-0.53,3.29,-39.84,55.32,3.92,2.91,1.66,17.67,0.0,26.5,13.03,0.0,9.54,7.96,0.0,3.82,0.53,0.0,0.0,0.78,0.0,100.0,72.0,100.0,100.0,39.0,0.0,17.14,2.1,0.72,0.53,-0.2,3.19,-0.675944989260068,0,0,Fast
P046,"Laguna_Seca, Laguna_Seca",", McLaren 720S GT3","8/26/2023, ",Lap 2,158.899,1.82,0.27,0.16,0.28,0.32,0.0,1.61,0.18,0.11,0.16,0.24,-0.0,165.01,24.1,6.44,9.53,33.68,0.0,100.0,5.0,0.0,0.0,18.0,21.0,134.4,80.6,108.8,121.3,24.9,0.0,1.0,0.1,0.0,0.0,0.3,-6.96,1.48,-0.68,-0.35,-0.53,0.99,-39.79,47.45,2.26,2.52,4.35,12.55,0.0,16.12,9.91,0.0,11.28,4.75,0.0,5.0,0.28,0.0,0.0,0.65,0.0,71.0,31.0,52.0,71.0,25.0,0.0,6.96,0.69,0.35,0.53,0.17,0.98,3.803434897861264,1,1,
P046,"Laguna_Seca, Laguna_Seca",", McLaren 720S GT3","8/26/2023, ",Lap 3,145.654,1.97,0.31,0.28,0.32,0.34,0.0,1.55,0.2,0.16,0.16,0.24,-0.0,147.83,24.0,9.53,12.78,31.87,0.0,100.0,6.0,0.0,0.0,20.0,32.1,146.1,88.2,121.3,138.0,25.7,0.0,1.0,0.13,0.0,0.0,0.33,-7.22,1.14,-0.76,-0.53,-0.8,0.98,-36.52,38.77,2.46,4.35,5.08,12.98,0.0,18.43,10.94,11.28,8.48,5.43,0.0,5.28,0.37,0.0,0.0,0.75,0.0,82.0,35.0,71.0,76.0,28.0,0.0,7.22,0.77,0.53,0.8,0.28,0.97,2.9199655120385843,1,1,
P045,"Laguna_Seca, Laguna_Seca",", McLaren 720S GT3","8/26/2023, ",Lap 2,160.247,5.48,0.5,0.37,0.11,0.56,0.0,8.2,0.29,0.27,0.26,0.28,-0.0,240.0,103.4,11.94,3.67,98.82,0.0,91.0,4.0,0.0,0.0,12.0,0.0,218.8,83.2,188.6,182.8,62.8,0.0,1.0,0.22,0.0,0.0,0.41,-21.0,32.63,-1.05,-0.81,-0.27,5.76,-165.0,111.62,0.02,5.96,1.89,25.62,0.0,35.07,20.06,5.67,15.43,10.04,0.0,4.45,0.85,0.67,0.62,0.84,0.0,100.0,42.0,100.0,100.0,41.0,0.0,21.0,1.76,0.81,0.27,-0.54,3.93,3.8933493359200777,1,1,
P045,"Laguna_Seca, Laguna_Seca",", McLaren 720S GT3","8/26/2023, ",Lap 3,110.677,9.85,0.64,0.11,0.49,0.66,0.0,21.4,0.4,0.26,0.22,0.64,-0.0,240.0,42.62,3.67,15.01,56.68,0.0,100.0,5.0,0.0,0.0,17.0,0.0,216.3,118.6,182.8,188.3,50.7,0.0,1.0,0.26,0.0,0.0,0.44,-15.5,27.2,-1.31,-0.27,-1.0,4.22,-147.32,383.65,-0.01,1.89,7.83,31.44,0.0,29.27,14.84,15.43,24.0,7.99,0.0,4.15,0.79,0.62,0.4,0.99,0.0,100.0,53.0,100.0,100.0,43.0,0.0,15.5,1.75,0.27,1.0,0.73,3.12,0.5869259719917853,0,1,Slow
P045,"Laguna_Seca, Laguna_Seca",", McLaren 720S GT3","8/26/2023, ",Lap 4,103.384,3.02,0.68,0.49,0.26,0.56,0.0,1.86,0.4,0.22,0.25,0.3,-0.0,240.0,44.38,15.01,10.92,59.95,0.0,100.0,8.0,0.0,0.0,20.0,22.9,216.5,125.0,188.3,193.3,43.8,0.0,1.0,0.28,0.0,0.0,0.45,-15.34,33.93,-0.85,-1.0,-0.77,4.79,-64.68,89.07,3.47,7.83,4.82,20.8,0.0,29.38,14.33,24.0,22.92,8.96,0.0,4.52,0.66,0.4,0.17,0.87,0.0,100.0,54.0,100.0,100.0,43.0,0.0,15.34,1.55,1.0,0.77,-0.23,2.42,0.1004675174198859,0,0,Fast
P045,"Laguna_Seca, Laguna_Seca",", McLaren 720S GT3","8/26/2023, ",Lap 5,114.897,2.52,0.62,0.26,0.3,0.54,0.0,37.6,0.39,0.25,0.29,0.84,-0.0,240.0,47.57,10.92,10.71,64.62,0.0,100.0,7.0,0.0,0.0,18.0,0.0,223.2,113.2,193.3,183.9,49.8,0.0,1.0,0.25,0.0,0.0,0.44,-15.18,25.27,-0.99,-0.77,-0.74,3.77,-64.56,106.14,3.14,4.82,4.66,20.06,0.0,29.18,16.15,22.92,28.02,8.14,0.0,4.13,1.17,0.17,0.47,1.3,0.0,100.0,50.0,100.0,100.0,43.0,0.0,15.18,1.43,0.77,0.74,-0.03,2.58,0.868408856715961,0,0,Slow
P044,"Laguna_Seca, Laguna_Seca",", McLaren 720S GT3","8/26/2023, ",Lap 2,121.659,6.99,0.49,0.14,0.09,0.56,0.0,5.48,0.29,0.17,0.19,0.3,-0.0,209.4,38.86,5.91,4.65,54.11,0.0,100.0,7.0,0.0,0.0,20.0,36.7,163.6,108.4,140.5,135.0,36.5,0.0,1.0,0.2,0.0,0.0,0.4,-18.04,3.02,-1.82,-0.38,-0.37,3.69,-67.55,207.92,2.94,2.25,1.48,18.86,0.0,24.43,12.2,6.05,17.1,7.7,0.0,4.03,0.53,1.17,0.0,0.82,0.0,97.0,49.0,75.0,78.0,32.0,0.0,18.04,1.85,0.38,0.37,-0.01,3.67,1.319448493328491,0,1,Slow
P044,"Laguna_Seca, Laguna_Seca",", McLaren 720S GT3","8/26/2023, ",Lap 3,125.337,16.03,0.46,0.09,0.22,0.57,0.0,52.95,0.28,0.19,0.05,1.09,-0.0,240.0,39.38,4.65,6.28,61.74,0.0,100.0,5.0,0.0,0.0,19.0,14.0,159.4,104.4,135.0,141.7,34.5,0.0,1.0,0.19,0.0,0.0,0.4,-20.83,6.43,-1.83,-0.37,-0.37,4.01,-80.68,152.15,2.89,1.48,2.98,17.41,0.0,24.4,11.95,17.1,11.71,7.43,0.0,2.7,0.51,0.0,0.05,0.68,0.0,88.0,47.0,78.0,51.0,29.0,0.0,20.83,1.87,0.37,0.37,0.0,3.98,1.5647788369340638,0,1,Slow
P044,"Laguna_Seca, Laguna_Seca",", McLaren 720S GT3","8/26/2023, ",Lap 4,117.862,2.06,0.5,0.22,0.22,0.51,0.0,1.54,0.24,0.05,0.07,0.22,-0.0,240.0,33.11,6.28,8.44,48.99,0.0,100.0,6.0,0.0,0.0,16.0,45.4,162.1,110.0,141.7,132.2,28.6,0.0,1.0,0.22,0.0,0.0,0.42,-16.11,18.15,-1.63,-0.37,-0.47,3.05,-83.21,52.46,3.03,2.98,3.67,16.86,0.0,26.22,12.75,11.71,19.92,7.86,0.0,4.02,0.5,0.05,0.0,0.8,0.0,88.0,48.0,51.0,77.0,33.0,0.0,16.11,1.69,0.37,0.47,0.1,2.93,1.066180599182117,0,0,Slow
P043,"Laguna_Seca, Laguna_Seca",", McLaren 720S GT3","8/26/2023, ",Lap 2,91.229,2.79,0.77,0.29,0.14,0.57,0.0,1.87,0.47,0.25,0.27,0.39,-0.0,240.0,38.05,5.84,4.15,50.09,0.0,100.0,13.0,0.0,0.0,31.0,44.0,231.2,141.4,193.8,193.9,42.1,0.0,1.0,0.27,0.0,0.0,0.45,-11.67,31.36,-1.53,-0.45,-0.31,3.81,-65.68,51.04,3.96,3.93,1.37,19.22,0.0,24.98,12.5,17.16,22.98,7.78,0.0,2.93,0.52,0.0,0.0,0.73,0.0,100.0,69.0,100.0,100.0,42.0,0.0,11.67,1.84,0.45,0.31,-0.14,2.54,-0.710296573533279,0,1,Fast
P042,"Laguna_Seca, Laguna_Seca",", McLaren 720S GT3","8/25/2023, ",Lap 1,90.409,3.02,0.77,0.02,0.03,0.57,0.0,1.87,0.48,0.28,0.26,0.38,-0.0,191.54,31.49,0.31,3.7,37.4,0.0,100.0,16.0,0.0,0.0,33.0,57.0,225.9,142.1,189.5,193.1,38.4,0.0,1.0,0.27,0.0,0.0,0.45,-11.48,4.09,-1.61,0.03,-0.3,2.1,-49.21,51.83,3.95,-0.3,1.3,17.95,0.0,24.73,12.7,14.64,0.49,7.52,0.0,3.65,0.57,0.35,0.0,0.71,0.0,100.0,70.0,100.0,100.0,40.0,0.0,11.48,1.65,0.0,0.3,0.3,2.06,-0.7649922999488767,0,0,Fast
P042,"Laguna_Seca, Laguna_Seca",", McLaren 720S GT3","8/25/2023, ",Lap 2,89.242,3.02,0.81,0.03,0.34,0.59,0.0,1.85,0.47,0.26,0.26,0.37,-0.0,240.0,36.94,3.7,14.59,48.01,0.0,100.0,15.0,0.0,0.0,33.0,59.3,227.8,144.3,193.1,192.8,38.7,0.0,1.0,0.33,0.0,0.0,0.47,-17.49,15.69,-1.92,-0.3,-1.08,3.41,-45.05,80.12,4.03,1.3,4.61,18.6,0.0,29.23,14.66,0.49,0.0,8.53,0.0,4.25,0.64,0.0,0.35,0.77,0.0,100.0,73.0,100.0,100.0,40.0,0.0,17.49,2.06,0.3,1.08,0.78,3.14,-0.8428336569330268,0,1,Fast
P042,"Laguna_Seca, Laguna_Seca",", McLaren 720S GT3","8/25/2023, ",Lap 3,90.174,2.93,0.8,0.34,0.34,0.61,0.0,1.89,0.45,0.26,0.26,0.36,-0.0,160.86,31.89,14.59,11.12,33.18,0.0,100.0,14.0,0.0,0.0,31.0,68.8,229.4,142.9,192.8,191.7,38.0,0.0,1.0,0.33,0.0,0.0,0.47,-11.18,4.89,-1.61,-1.08,-0.81,2.15,-48.75,59.88,3.99,4.61,4.31,18.06,0.0,29.98,14.08,0.0,1.8,8.96,0.0,4.05,0.65,0.35,0.3,0.76,0.0,100.0,72.0,100.0,100.0,40.0,0.0,11.18,1.7,1.08,0.81,-0.27,2.03,-0.7806672947143225,0,1,Fast
P042,"Laguna_Seca, Laguna_Seca",", McLaren 720S GT3","8/25/2023, ",Lap 4,94.587,2.86,0.79,0.34,0.3,0.59,0.0,1.87,0.46,0.26,0.26,0.37,-0.0,240.0,50.14,11.12,9.15,67.21,0.0,100.0,15.0,0.0,0.0,32.0,21.7,225.6,137.1,191.7,192.3,44.7,0.0,1.0,0.34,0.0,0.0,0.47,-17.57,14.9,-2.0,-0.81,-0.64,4.28,-62.96,86.24,3.79,4.31,4.45,20.91,0.0,31.98,16.8,1.8,26.87,9.15,0.0,4.3,0.77,0.3,0.3,0.84,0.0,100.0,73.0,100.0,100.0,40.0,0.0,17.57,2.3,0.81,0.64,-0.17,3.78,-0.4863109036508659,0,0,Fast
P042,"Laguna_Seca, Laguna_Seca",", McLaren 720S GT3","8/25/2023, ",Lap 5,91.327,3.02,0.78,0.3,0.27,0.59,0.0,1.82,0.47,0.26,0.27,0.37,-0.0,240.0,35.64,9.15,7.73,42.8,0.0,100.0,15.0,0.0,0.0,32.0,55.5,213.7,141.1,192.3,191.3,39.1,0.0,1.0,0.34,0.0,0.0,0.47,-14.21,17.59,-1.45,-0.64,-0.55,3.3,-52.88,56.91,3.93,4.45,3.52,18.61,0.0,31.08,15.9,26.87,6.84,9.21,0.0,4.05,0.74,0.3,0.08,0.98,0.0,100.0,73.0,100.0,100.0,40.0,0.0,14.21,1.81,0.64,0.55,-0.09,2.42,-0.7037597672055613,0,0,Fast
P042,"Laguna_Seca, Laguna_Seca",", McLaren 720S GT3","8/25/2023, ",Lap 6,98.882,3.51,0.76,0.27,0.48,0.6,0.0,7.27,0.45,0.27,0.26,0.4,-0.0,240.0,48.05,7.73,14.36,64.04,0.0,100.0,15.0,0.0,0.0,33.0,0.1,229.0,130.8,191.3,192.8,49.8,0.0,1.0,0.32,0.0,0.0,0.47,-17.46,29.27,-1.09,-0.55,-1.0,4.96,-72.3,90.3,3.63,3.52,7.07,19.84,0.0,31.38,14.73,6.84,9.42,8.91,0.0,4.52,0.81,0.08,0.32,0.84,0.0,100.0,72.0,100.0,100.0,40.0,0.0,17.46,1.8,0.55,1.0,0.45,2.86,-0.1998253610228244,0,0,Fast
P041,"Laguna_Seca, Laguna_Seca",", McLaren 720S GT3","8/25/2023, ",Lap 1,90.364,2.5,0.76,0.24,0.35,0.59,0.0,2.01,0.43,0.25,0.25,0.34,-0.0,197.01,34.01,7.41,9.67,43.44,0.0,100.0,9.0,0.0,0.0,23.0,63.7,223.5,141.8,193.9,194.2,37.1,0.0,1.0,0.28,0.0,0.0,0.45,-11.87,5.85,-1.9,-0.52,-0.65,2.79,-66.0,49.12,3.97,1.92,4.38,17.62,0.0,25.42,12.43,4.62,8.64,7.5,0.0,4.1,0.5,0.0,0.0,0.76,0.0,100.0,59.0,100.0,100.0,46.0,0.0,11.87,1.94,0.52,0.65,0.13,2.74,-0.7679938946911963,0,0,Fast
P041,"Laguna_Seca, Laguna_Seca",", McLaren 720S GT3","8/25/2023, ",Lap 2,90.749,2.97,0.75,0.35,0.4,0.59,0.0,1.65,0.44,0.25,0.25,0.33,-0.0,196.22,35.59,9.67,10.88,45.7,0.0,92.0,10.0,0.0,0.0,23.0,60.4,225.4,141.6,194.2,193.4,37.3,0.0,1.0,0.29,0.0,0.0,0.45,-12.87,14.36,-1.88,-0.65,-0.74,3.06,-64.28,57.55,3.96,4.38,4.52,18.43,0.0,26.08,13.31,8.64,10.43,7.76,0.0,4.05,0.5,0.0,0.0,0.76,0.0,100.0,62.0,100.0,100.0,47.0,0.0,12.87,2.0,0.65,0.74,0.09,2.85,-0.7423135841180196,0,1,Fast
P041,"Laguna_Seca, Laguna_Seca",", McLaren 720S GT3","8/25/2023, ",Lap 3,90.667,2.99,0.78,0.4,0.38,0.61,0.0,1.66,0.42,0.25,0.25,0.31,-0.0,229.39,36.07,10.88,11.91,45.8,0.0,88.0,9.0,0.0,0.0,20.0,63.6,223.8,142.0,193.4,193.0,36.8,0.0,1.0,0.31,0.0,0.0,0.46,-14.66,14.24,-1.83,-0.74,-0.8,3.2,-70.66,57.72,3.96,4.52,5.58,18.78,0.0,28.18,14.5,10.43,10.71,8.26,0.0,4.08,0.55,0.0,0.0,0.78,0.0,100.0,62.0,100.0,100.0,46.0,0.0,14.66,2.01,0.74,0.8,0.06,2.88,-0.7477831567595791,0,1,Fast
P041,"Laguna_Seca, Laguna_Seca",", McLaren 720S GT3","8/25/2023, ",Lap 4,88.964,2.63,0.79,0.38,0.24,0.6,0.0,1.54,0.43,0.25,0.24,0.31,-0.0,204.74,35.2,11.91,7.69,44.85,0.0,80.0,9.0,0.0,0.0,20.0,66.4,223.2,144.3,193.0,194.4,37.6,0.0,1.0,0.3,0.0,0.0,0.46,-13.1,2.36,-2.0,-0.8,-0.57,2.95,-69.24,58.9,4.01,5.58,3.85,17.87,0.0,26.32,13.25,10.71,14.21,7.64,0.0,4.02,0.57,0.0,0.0,0.73,0.0,100.0,62.0,100.0,100.0,45.0,0.0,13.1,2.04,0.8,0.57,-0.22,2.91,-0.8613768422300226,0,0,Fast
P041,"Laguna_Seca, Laguna_Seca",", McLaren 720S GT3","8/25/2023, ",Lap 5,104.789,3.77,0.71,0.24,0.27,0.62,0.0,13.68,0.38,0.24,0.25,0.41,-0.0,240.0,54.04,7.69,7.22,73.53,0.0,72.0,7.0,0.0,0.0,18.0,0.1,224.0,123.7,194.4,192.8,51.7,0.0,1.0,0.28,0.0,0.0,0.45,-15.72,30.71,-0.69,-0.57,-0.5,4.79,-107.55,63.6,0.0,3.85,3.77,21.56,0.0,29.22,14.0,14.21,5.84,8.11,0.0,3.0,0.96,0.0,0.13,0.96,0.0,100.0,56.0,100.0,100.0,46.0,0.0,15.72,1.43,0.57,0.5,-0.07,2.43,0.1941839754856364,0,0,Slow
P041,"Laguna_Seca, Laguna_Seca",", McLaren 720S GT3","8/25/2023, ",Lap 6,90.642,4.06,0.81,0.27,0.28,0.6,0.0,1.8,0.4,0.25,0.21,0.32,-0.0,206.72,42.91,7.22,7.17,52.51,0.0,92.0,8.0,0.0,0.0,22.0,60.8,224.4,142.0,192.8,190.6,38.0,0.0,1.0,0.36,0.0,0.0,0.48,-14.01,16.25,-2.3,-0.5,-0.46,3.94,-82.96,66.93,3.97,3.77,2.96,19.14,0.0,32.38,16.66,5.84,22.02,9.81,0.0,4.15,0.65,0.13,0.0,0.84,0.0,100.0,61.0,100.0,100.0,46.0,0.0,14.01,2.53,0.5,0.46,-0.04,3.54,-0.7494507093942013,0,0,Fast
P040,"Laguna_Seca, Laguna_Seca",", McLaren 720S GT3","8/25/2023, ",Lap 2,107.904,2.07,0.54,0.36,0.36,0.47,0.0,3.01,0.47,0.28,0.28,0.33,-0.0,136.32,29.15,10.11,13.2,31.71,0.0,100.0,13.0,0.0,0.0,25.0,32.1,201.7,119.9,178.3,180.3,42.9,0.0,1.0,0.16,0.0,0.0,0.37,-10.13,3.0,-1.06,-0.67,-0.95,1.48,-39.36,46.62,3.33,5.61,4.85,15.52,0.0,17.43,9.82,3.17,17.08,5.27,0.0,3.87,0.38,0.0,0.0,0.64,0.0,100.0,58.0,100.0,100.0,44.0,0.0,10.13,1.08,0.67,0.95,0.28,1.46,0.4019610337595242,0,1,Slow
P040,"Laguna_Seca, Laguna_Seca",", McLaren 720S GT3","8/25/2023, ",Lap 3,123.329,3.31,0.5,0.36,0.32,0.5,0.0,5.86,0.44,0.28,0.27,0.33,-0.0,201.99,43.44,13.2,10.07,52.89,0.0,100.0,13.0,0.0,0.0,24.0,0.0,199.6,106.3,180.3,182.2,56.7,0.0,1.0,0.16,0.0,0.0,0.37,-14.71,19.44,-0.81,-0.95,-0.69,2.23,-113.91,48.3,2.91,4.85,4.49,17.15,0.0,19.77,11.81,17.08,4.74,5.91,0.0,4.22,0.36,0.0,0.33,0.64,0.0,100.0,58.0,100.0,100.0,42.0,0.0,14.71,0.96,0.95,0.69,-0.26,1.67,1.4308410093212327,0,1,Slow
P039,"Laguna_Seca, Laguna_Seca",", McLaren 720S GT3","8/25/2023, ",Lap 1,148.449,5.63,0.46,0.38,0.22,0.51,0.0,54.83,0.36,0.21,0.24,1.18,-0.0,240.0,81.78,12.52,6.23,96.6,0.0,100.0,8.0,0.0,0.0,24.0,0.0,205.4,90.9,185.2,190.0,57.4,0.0,1.0,0.19,0.0,0.0,0.39,-19.57,30.17,-0.84,-0.89,-0.46,5.08,-108.78,106.39,2.39,6.23,3.33,20.72,0.0,27.98,15.45,1.52,3.36,7.49,0.0,3.32,0.5,0.0,0.72,0.86,0.0,100.0,44.0,93.0,100.0,38.0,0.0,19.57,1.42,0.89,0.46,-0.44,3.39,3.1063978965893133,1,0,
P039,"Laguna_Seca, Laguna_Seca",", McLaren 720S GT3","8/25/2023, ",Lap 2,115.472,2.57,0.54,0.22,0.24,0.52,0.0,1.7,0.4,0.24,0.31,0.34,-0.0,240.0,58.16,6.23,5.02,82.67,0.0,100.0,10.0,0.0,0.0,24.0,4.3,212.4,114.2,190.0,183.3,51.5,0.0,1.0,0.21,0.0,0.0,0.41,-19.52,27.61,-1.9,-0.46,-0.33,4.84,-96.61,57.9,3.1,3.33,3.05,19.21,0.0,24.25,15.31,3.36,19.4,7.48,0.0,4.52,0.6,0.72,0.0,0.83,0.0,100.0,55.0,100.0,100.0,41.0,0.0,19.52,2.08,0.46,0.33,-0.13,4.38,0.9067625673122638,0,1,Slow
P039,"Laguna_Seca, Laguna_Seca",", McLaren 720S GT3","8/25/2023, ",Lap 3,117.892,5.18,0.54,0.24,0.43,0.52,0.0,24.74,0.42,0.31,0.25,0.66,-0.0,240.0,56.94,5.02,11.33,78.62,0.0,100.0,9.0,0.0,0.0,23.0,0.0,216.5,110.4,183.3,192.4,54.1,0.0,1.0,0.2,0.0,0.0,0.4,-18.25,30.11,-1.41,-0.33,-0.79,4.09,-96.58,115.46,6.08,3.05,5.66,20.05,0.0,23.77,13.35,19.4,0.0,6.38,0.0,4.4,0.45,0.0,0.0,0.73,0.0,100.0,53.0,100.0,100.0,41.0,0.0,18.25,1.59,0.33,0.79,0.46,3.5,1.0681816623436633,0,1,Slow
P039,"Laguna_Seca, Laguna_Seca",", McLaren 720S GT3","8/25/2023, ",Lap 4,103.272,2.59,0.6,0.43,0.21,0.55,0.0,10.07,0.42,0.25,0.26,0.38,-0.0,240.0,41.22,11.33,4.92,63.59,0.0,92.0,11.0,0.0,0.0,24.0,45.3,218.5,124.8,192.4,190.9,43.1,0.0,1.0,0.24,0.0,0.0,0.43,-18.51,13.79,-2.03,-0.79,-0.33,4.34,-53.15,54.46,3.46,5.66,2.55,18.42,0.0,25.22,14.21,0.0,24.21,7.27,0.0,4.32,0.55,0.0,0.0,0.82,0.0,100.0,55.0,100.0,100.0,42.0,0.0,18.51,2.14,0.79,0.33,-0.46,4.22,0.0929968816167802,0,0,Fast
P039,"Laguna_Seca, Laguna_Seca",", McLaren 720S GT3","8/25/2023, ",Lap 5,131.164,9.43,0.6,0.21,0.5,0.6,0.0,22.23,0.38,0.26,0.26,0.61,-0.0,240.0,66.73,4.92,13.31,78.83,0.0,100.0,9.0,0.0,0.0,23.0,0.0,220.5,101.8,190.9,190.8,61.3,0.0,1.0,0.25,0.0,0.0,0.43,-19.82,32.9,-1.45,-0.33,-0.94,5.11,-61.96,166.13,5.5,2.55,7.07,25.33,0.0,32.8,18.45,24.21,3.94,9.83,0.0,4.4,1.38,0.0,0.78,1.35,0.0,100.0,53.0,100.0,100.0,41.0,0.0,19.82,1.92,0.33,0.94,0.61,4.12,1.9534520050117337,0,0,Slow
P039,"Laguna_Seca, Laguna_Seca",", McLaren 720S GT3","8/25/2023, ",Lap 6,100.627,2.96,0.6,0.5,0.25,0.56,0.0,2.01,0.44,0.26,0.24,0.31,-0.0,240.0,38.34,13.31,5.7,59.69,0.0,100.0,12.0,0.0,0.0,25.0,37.7,217.9,129.5,190.8,189.0,43.0,0.0,1.0,0.25,0.0,0.0,0.43,-19.34,5.66,-1.9,-0.94,-0.39,3.78,-41.91,63.86,3.58,7.07,2.7,17.24,0.0,25.17,14.0,3.94,12.58,7.82,0.0,3.88,0.63,0.78,0.0,0.78,0.0,100.0,58.0,100.0,100.0,43.0,0.0,19.34,1.95,0.94,0.39,-0.55,3.74,-0.0834301871262168,0,0,Fast
P038,"Laguna_Seca, Laguna_Seca",", McLaren 720S GT3","8/25/2023, ",Lap 1,101.842,4.65,0.66,0.42,0.34,0.58,0.0,2.35,0.48,0.26,0.25,0.36,-0.0,240.0,38.33,10.24,8.46,49.98,0.0,100.0,16.0,0.0,0.0,34.0,11.9,229.6,127.4,193.8,193.5,50.3,0.0,1.0,0.28,0.0,0.0,0.45,-20.12,23.91,-1.22,-0.68,-0.56,3.75,-74.28,175.06,7.04,5.12,2.69,26.99,0.0,28.15,14.38,0.0,24.21,8.44,0.0,4.43,0.77,0.0,0.03,1.01,0.0,100.0,66.0,100.0,100.0,42.0,0.0,20.12,1.63,0.68,0.56,-0.12,2.48,-0.0023871290835925,0,0,Fast
P038,"Laguna_Seca, Laguna_Seca",", McLaren 720S GT3","8/25/2023, ",Lap 2,92.712,3.03,0.7,0.34,0.61,0.55,0.0,2.59,0.5,0.25,0.26,0.4,-0.0,240.0,37.64,8.46,13.42,48.46,0.0,100.0,16.0,0.0,0.0,33.0,21.7,228.0,138.4,193.5,194.1,46.0,0.0,1.0,0.27,0.0,0.0,0.44,-12.93,1.47,-1.93,-0.56,-0.85,2.86,-55.85,48.31,3.89,2.69,7.52,16.9,0.0,24.9,13.19,24.21,0.0,7.28,0.0,4.25,0.51,0.03,0.0,0.77,0.0,100.0,71.0,100.0,100.0,40.0,0.0,12.93,1.95,0.56,0.85,0.29,2.85,-0.611377351247508,0,1,Fast
P038,"Laguna_Seca, Laguna_Seca",", McLaren 720S GT3","8/25/2023, ",Lap 3,101.459,3.56,0.7,0.61,0.48,0.6,0.0,1.86,0.46,0.26,0.26,0.37,-0.0,240.0,51.35,13.42,12.37,68.51,0.0,100.0,15.0,0.0,0.0,31.0,0.0,228.0,126.4,194.1,194.1,50.2,0.0,1.0,0.28,0.0,0.0,0.45,-12.9,29.15,-0.89,-0.85,-0.86,4.93,-91.13,67.66,3.53,7.52,6.43,19.14,0.0,28.82,14.67,0.0,17.29,8.28,0.0,4.17,0.8,0.0,0.0,0.9,0.0,100.0,68.0,100.0,100.0,40.0,0.0,12.9,1.64,0.85,0.86,0.0,2.56,-0.0279340354459996,0,1,Fast
P038,"Laguna_Seca, Laguna_Seca",", McLaren 720S GT3","8/25/2023, ",Lap 4,96.577,4.02,0.77,0.48,0.67,0.6,0.0,1.88,0.42,0.26,0.26,0.35,-0.0,240.0,51.01,12.37,23.0,61.34,0.0,100.0,12.0,0.0,0.0,28.0,42.4,229.6,133.2,194.1,193.3,41.0,0.0,1.0,0.37,0.0,0.0,0.48,-14.73,25.57,-1.95,-0.86,-1.49,5.67,-76.7,55.93,3.71,6.43,8.97,19.46,0.0,35.57,17.46,17.29,34.86,11.17,0.0,4.18,0.91,0.0,0.0,0.84,0.0,100.0,67.0,100.0,100.0,39.0,0.0,14.73,2.65,0.86,1.49,0.63,3.67,-0.3535737139349635,0,0,Fast
P038,"Laguna_Seca, Laguna_Seca",", McLaren 720S GT3","8/25/2023, ",Lap 5,89.377,3.11,0.77,0.67,0.46,0.61,0.0,1.95,0.49,0.26,0.26,0.38,-0.0,206.81,41.6,23.0,10.56,52.85,0.0,100.0,15.0,0.0,0.0,32.0,58.9,229.0,144.3,193.3,193.4,39.7,0.0,1.0,0.33,0.0,0.0,0.47,-14.49,9.11,-2.52,-1.49,-0.68,3.58,-54.0,60.76,4.01,8.97,5.79,18.05,0.0,34.86,14.75,34.86,10.61,8.93,0.0,4.18,0.61,0.0,0.17,0.87,0.0,100.0,73.0,100.0,100.0,41.0,0.0,14.49,2.58,1.49,0.68,-0.8,3.51,-0.8338288727060692,0,0,Fast
P038,"Laguna_Seca, Laguna_Seca",", McLaren 720S GT3","8/25/2023, ",Lap 6,90.412,3.12,0.76,0.46,0.23,0.6,0.0,1.85,0.48,0.26,0.25,0.39,-0.0,236.1,43.12,10.56,4.24,55.45,0.0,100.0,14.0,0.0,0.0,31.0,65.1,230.2,141.7,193.4,194.2,39.0,0.0,1.0,0.33,0.0,0.0,0.47,-16.24,22.09,-2.45,-0.68,-0.28,4.14,-73.51,48.98,3.95,5.79,2.43,18.74,0.0,30.27,15.68,10.61,19.37,8.91,0.0,4.17,0.64,0.17,0.0,0.91,0.0,100.0,72.0,100.0,100.0,39.0,0.0,16.24,2.61,0.68,0.28,-0.4,3.78,-0.7647921936327221,0,0,Fast
P037,"Laguna_Seca, Laguna_Seca",", McLaren 720S GT3","8/25/2023, ",Lap 1,96.139,1.95,0.66,0.43,0.38,0.55,0.0,1.93,0.45,0.25,0.25,0.34,-0.0,159.32,28.07,14.02,11.04,34.61,0.0,100.0,11.0,0.0,0.0,23.0,59.4,206.1,133.3,192.3,193.7,36.3,0.0,1.0,0.24,0.0,0.0,0.43,-10.63,8.82,-1.26,-0.96,-0.76,1.88,-52.59,47.37,3.73,5.88,5.5,17.77,0.0,23.17,11.29,14.87,9.73,6.81,0.0,4.17,0.41,0.0,0.0,0.72,0.0,100.0,58.0,100.0,100.0,44.0,0.0,10.63,1.32,0.96,0.76,-0.2,1.8,-0.3827892360935392,0,0,Fast
P037,"Laguna_Seca, Laguna_Seca",", McLaren 720S GT3","8/25/2023, ",Lap 2,95.699,2.9,0.65,0.38,0.5,0.54,0.0,2.23,0.47,0.25,0.25,0.34,-0.0,142.03,28.29,11.04,15.19,33.1,0.0,100.0,11.0,0.0,0.0,24.0,59.3,214.2,133.7,193.7,192.7,37.9,0.0,1.0,0.23,0.0,0.0,0.42,-11.6,2.85,-1.34,-0.76,-0.98,1.84,-65.91,50.76,3.77,5.5,6.83,16.93,0.0,22.2,10.71,9.73,10.66,6.32,0.0,4.03,0.4,0.0,0.0,0.69,0.0,100.0,59.0,100.0,100.0,44.0,0.0,11.6,1.37,0.76,0.98,0.22,1.81,-0.4121381624628844,0,1,Fast
P037,"Laguna_Seca, Laguna_Seca",", McLaren 720S GT3","8/25/2023, ",Lap 3,95.554,2.68,0.64,0.5,0.47,0.55,0.0,1.75,0.46,0.25,0.24,0.33,-0.0,183.3,27.99,15.19,17.0,33.61,0.0,100.0,10.0,0.0,0.0,22.0,64.2,207.2,134.0,192.7,193.6,36.3,0.0,1.0,0.24,0.0,0.0,0.43,-11.14,10.2,-1.28,-0.98,-1.17,1.84,-82.53,47.86,3.74,6.83,7.64,17.63,0.0,23.08,11.55,10.66,5.54,6.86,0.0,4.15,0.41,0.0,0.0,0.71,0.0,100.0,58.0,100.0,100.0,45.0,0.0,11.14,1.34,0.98,1.17,0.19,1.73,-0.4218099677436911,0,1,Fast
P037,"Laguna_Seca, Laguna_Seca",", McLaren 720S GT3","8/25/2023, ",Lap 4,95.154,1.95,0.66,0.47,0.78,0.56,0.0,1.94,0.44,0.24,0.24,0.33,-0.0,175.91,28.08,17.0,25.66,35.8,0.0,100.0,10.0,0.0,0.0,22.0,60.4,218.5,135.0,193.6,193.9,36.8,0.0,1.0,0.24,0.0,0.0,0.42,-9.45,9.64,-1.28,-1.17,-1.67,1.98,-51.3,53.41,3.79,7.64,11.49,17.62,0.0,22.5,11.47,5.54,0.0,6.57,0.0,3.47,0.44,0.0,0.0,0.68,0.0,100.0,58.0,100.0,100.0,45.0,0.0,9.45,1.36,1.17,1.67,0.5,1.85,-0.4484908098976418,0,0,Fast
P037,"Laguna_Seca, Laguna_Seca",", McLaren 720S GT3","8/25/2023, ",Lap 5,94.799,2.15,0.67,0.78,0.54,0.56,0.0,1.72,0.47,0.24,0.24,0.32,-0.0,152.03,29.53,25.66,16.16,37.19,0.0,100.0,11.0,0.0,0.0,22.0,69.2,208.6,135.4,193.9,192.4,36.0,0.0,1.0,0.25,0.0,0.0,0.43,-8.72,8.46,-1.41,-1.67,-1.07,2.14,-51.34,51.02,3.79,11.49,7.6,17.68,0.0,23.65,11.46,0.0,1.42,6.92,0.0,4.12,0.45,0.0,0.18,0.72,0.0,100.0,60.0,100.0,100.0,44.0,0.0,8.72,1.48,1.67,1.07,-0.61,2.05,-0.4721700573092721,0,0,Fast
P037,"Laguna_Seca, Laguna_Seca",", McLaren 720S GT3","8/25/2023, ",Lap 6,94.317,2.31,0.66,0.54,0.79,0.56,0.0,1.92,0.44,0.24,0.24,0.34,-0.0,144.58,27.84,16.16,21.11,32.55,0.0,100.0,10.0,0.0,0.0,23.0,61.9,214.1,135.6,192.4,191.8,37.7,0.0,1.0,0.24,0.0,0.0,0.42,-11.41,9.89,-1.32,-1.07,-1.38,1.84,-65.89,57.19,3.82,7.6,9.89,17.13,0.0,22.27,11.55,1.42,0.89,6.4,0.0,4.13,0.44,0.18,0.0,0.66,0.0,100.0,58.0,100.0,100.0,45.0,0.0,11.41,1.36,1.07,1.38,0.31,1.76,-0.504320472104783,0,0,Fast
P036,"Laguna_Seca, Laguna_Seca",", McLaren 720S GT3","8/25/2023, ",Lap 2,146.484,2.24,0.33,0.24,0.07,0.37,0.0,1.15,0.13,0.02,0.14,0.13,-0.0,240.0,23.55,7.86,1.19,36.27,0.0,52.0,1.0,0.0,0.0,5.0,33.1,148.9,88.2,132.7,143.9,20.8,0.0,1.0,0.09,0.0,0.0,0.28,-5.02,29.22,-0.59,-0.41,-0.06,1.63,-49.33,57.03,2.45,3.72,0.74,14.66,0.0,13.03,5.84,2.83,2.35,3.71,0.0,2.73,0.32,1.35,0.02,0.56,0.0,87.0,24.0,30.0,14.0,20.0,0.0,5.02,0.7,0.41,0.06,-0.35,0.86,2.975328259508032,1,1,
P035,"Laguna_Seca, Laguna_Seca",", McLaren 720S GT3","8/25/2023, ",Lap 1,115.134,2.09,0.56,0.14,0.24,0.49,0.0,13.54,0.34,0.17,0.25,0.37,-0.0,240.0,42.14,7.71,5.59,59.38,0.0,99.0,6.0,0.0,0.0,14.0,0.0,191.4,114.3,180.1,179.8,40.7,0.0,1.0,0.23,0.0,0.0,0.42,-13.13,26.94,-1.16,-0.57,-0.38,3.14,-59.89,102.63,3.13,2.82,2.97,19.43,0.0,26.38,13.5,0.0,3.69,7.5,0.0,4.37,0.56,0.0,0.13,0.86,0.0,89.0,43.0,84.0,89.0,33.0,0.0,13.13,1.38,0.57,0.38,-0.18,2.19,0.8842172556921762,0,0,Slow
P035,"Laguna_Seca, Laguna_Seca",", McLaren 720S GT3","8/25/2023, ",Lap 2,103.039,1.9,0.59,0.24,0.6,0.5,0.0,1.29,0.35,0.25,0.26,0.23,-0.0,141.26,26.45,5.59,21.93,29.98,0.0,68.0,7.0,0.0,0.0,14.0,57.0,201.3,125.4,179.8,192.3,33.0,0.0,1.0,0.25,0.0,0.0,0.43,-5.75,1.1,-1.2,-0.38,-1.51,1.32,-41.01,52.64,3.5,2.97,8.6,16.43,0.0,25.47,12.14,3.69,0.0,7.57,0.0,4.58,0.52,0.13,0.0,0.9,0.0,100.0,46.0,89.0,100.0,35.0,0.0,5.75,1.21,0.38,1.51,1.13,1.31,0.0774552910621039,0,1,Fast
P035,"Laguna_Seca, Laguna_Seca",", McLaren 720S GT3","8/25/2023, ",Lap 3,98.247,1.98,0.68,0.6,0.19,0.55,0.0,1.22,0.37,0.26,0.18,0.24,-0.0,240.0,30.27,21.93,7.11,40.67,0.0,75.0,7.0,0.0,0.0,15.0,60.4,222.1,131.8,192.3,186.9,36.3,0.0,1.0,0.26,0.0,0.0,0.44,-16.42,0.86,-1.52,-1.51,-0.51,2.41,-41.26,52.67,3.65,8.6,2.71,17.39,0.0,25.72,12.18,0.0,0.0,7.66,0.0,4.03,0.49,0.0,0.1,0.79,0.0,100.0,51.0,100.0,100.0,39.0,0.0,16.42,1.54,1.51,0.51,-1.0,2.4,-0.2421811979422208,0,1,Fast
P035,"Laguna_Seca, Laguna_Seca",", McLaren 720S GT3","8/25/2023, ",Lap 4,101.379,2.26,0.65,0.19,0.54,0.55,0.0,1.28,0.36,0.18,0.26,0.23,-0.0,158.27,29.65,7.11,14.83,32.54,0.0,64.0,7.0,0.0,0.0,15.0,42.1,217.7,129.9,186.9,192.3,38.5,0.0,1.0,0.26,0.0,0.0,0.44,-7.81,4.27,-1.41,-0.51,-1.0,1.86,-45.41,47.33,3.55,2.71,7.57,16.77,0.0,25.97,13.44,0.0,6.23,7.86,0.0,2.6,0.67,0.1,0.02,0.84,0.0,100.0,52.0,100.0,100.0,38.0,0.0,7.81,1.45,0.51,1.0,0.49,1.81,-0.0332702038767896,0,0,Fast
P035,"Laguna_Seca, Laguna_Seca",", McLaren 720S GT3","8/25/2023, ",Lap 5,104.709,13.55,0.67,0.54,0.46,0.63,0.0,3.62,0.32,0.26,0.25,0.26,-0.0,148.8,33.66,14.83,12.96,38.24,0.0,61.0,5.0,0.0,0.0,12.0,50.9,219.6,124.7,192.3,194.0,40.2,0.0,1.0,0.3,0.0,0.0,0.46,-9.31,18.87,-1.39,-1.0,-0.87,2.77,-135.09,118.54,3.42,7.57,6.14,19.87,0.0,31.6,16.98,6.23,22.12,9.74,0.0,4.22,0.65,0.02,0.0,0.82,0.0,100.0,49.0,100.0,100.0,42.0,0.0,9.31,1.65,1.0,0.87,-0.13,2.07,0.1888478070548465,0,0,Slow
P035,"Laguna_Seca, Laguna_Seca",", McLaren 720S GT3","8/25/2023, ",Lap 6,141.504,3.24,0.52,0.46,0.42,0.57,0.0,30.78,0.32,0.25,0.25,0.7,-0.0,240.0,63.33,12.96,11.04,75.67,0.0,79.0,5.0,0.0,0.0,12.0,0.0,222.1,94.1,194.0,193.4,62.2,0.0,1.0,0.25,0.0,0.0,0.43,-10.66,15.73,-0.85,-0.87,-0.74,2.96,-69.92,74.99,2.54,6.14,4.8,17.52,0.0,35.12,16.8,22.12,16.15,9.79,0.0,5.2,1.69,0.0,0.72,1.59,0.0,100.0,44.0,100.0,100.0,40.0,0.0,10.66,1.21,0.87,0.74,-0.13,2.01,2.6431517746913493,1,0,
P034,"Laguna_Seca, Laguna_Seca",", McLaren 720S GT3","8/25/2023, ",Lap 1,90.659,2.8,0.79,0.39,0.43,0.6,0.0,1.83,0.43,0.26,0.27,0.35,-0.0,145.26,32.44,10.0,12.42,34.74,0.0,100.0,13.0,0.0,0.0,29.0,62.2,229.0,142.1,192.3,191.2,38.6,0.0,1.0,0.33,0.0,0.0,0.47,-8.19,9.07,-1.71,-0.7,-0.84,1.99,-39.43,51.47,3.94,5.01,6.17,17.97,0.0,30.53,14.16,30.53,12.52,8.89,0.0,4.2,0.63,0.25,0.55,0.81,0.0,100.0,65.0,100.0,100.0,42.0,0.0,8.19,1.75,0.7,0.84,0.14,1.92,-0.7483167736026578,0,0,Fast
P034,"Laguna_Seca, Laguna_Seca",", McLaren 720S GT3","8/25/2023, ",Lap 2,91.329,2.7,0.74,0.43,0.34,0.59,0.0,1.84,0.45,0.27,0.25,0.37,-0.0,175.08,31.64,12.42,8.35,34.56,0.0,100.0,14.0,0.0,0.0,32.0,61.1,230.8,141.9,191.2,193.0,39.2,0.0,1.0,0.32,0.0,0.0,0.47,-10.09,1.83,-1.71,-0.84,-0.58,1.9,-40.09,57.86,3.93,6.17,4.19,17.14,0.0,29.02,14.28,12.52,0.0,8.42,0.0,4.63,0.66,0.55,0.3,0.88,0.0,100.0,66.0,100.0,100.0,41.0,0.0,10.09,1.72,0.84,0.58,-0.27,1.89,-0.7036263629947919,0,1,Fast
P034,"Laguna_Seca, Laguna_Seca",", McLaren 720S GT3","8/25/2023, ",Lap 3,89.607,2.8,0.79,0.34,0.33,0.59,0.0,1.89,0.45,0.25,0.27,0.37,-0.0,161.83,35.18,8.35,8.81,37.92,0.0,100.0,15.0,0.0,0.0,33.0,63.5,230.8,144.1,193.0,190.9,40.5,0.0,1.0,0.35,0.0,0.0,0.48,-10.38,5.99,-1.99,-0.58,-0.6,2.31,-45.3,48.58,3.99,4.19,4.26,17.6,0.0,31.47,14.83,0.0,8.18,9.45,0.0,4.28,0.66,0.3,0.62,0.87,0.0,100.0,67.0,100.0,100.0,41.0,0.0,10.38,2.01,0.58,0.6,0.02,2.28,-0.8184873884675475,0,1,Fast
P034,"Laguna_Seca, Laguna_Seca",", McLaren 720S GT3","8/25/2023, ",Lap 4,99.764,2.84,0.75,0.33,0.43,0.57,0.0,1.94,0.42,0.27,0.26,0.37,-0.0,240.0,43.81,8.81,12.41,57.14,0.0,100.0,13.0,0.0,0.0,29.0,0.1,223.3,130.7,190.9,193.6,50.2,0.0,1.0,0.27,0.0,0.0,0.45,-7.04,20.81,-1.13,-0.6,-0.87,2.18,-40.69,86.76,7.1,4.26,6.53,20.05,0.0,27.4,13.53,8.18,11.51,7.91,0.0,4.15,0.58,0.62,0.37,0.74,0.0,100.0,65.0,100.0,100.0,42.0,0.0,7.04,1.3,0.6,0.87,0.27,1.45,-0.1409941040733646,0,0,Fast
P034,"Laguna_Seca, Laguna_Seca",", McLaren 720S GT3","8/25/2023, ",Lap 5,89.839,2.72,0.79,0.43,0.3,0.61,0.0,1.93,0.42,0.26,0.27,0.36,-0.0,125.11,31.18,12.41,8.59,31.81,0.0,100.0,13.0,0.0,0.0,30.0,70.5,222.0,142.9,193.6,190.9,37.3,0.0,1.0,0.34,0.0,0.0,0.48,-6.74,5.8,-1.64,-0.87,-0.6,1.82,-47.64,55.51,3.99,6.53,4.1,17.83,0.0,30.92,15.29,11.51,2.47,9.1,0.0,4.08,0.66,0.37,0.3,0.77,0.0,100.0,66.0,100.0,100.0,40.0,0.0,6.74,1.68,0.87,0.6,-0.26,1.76,-0.8030125000182564,0,0,Fast
P034,"Laguna_Seca, Laguna_Seca",", McLaren 720S GT3","8/25/2023, ",Lap 6,89.187,2.91,0.78,0.3,0.26,0.57,0.0,1.92,0.44,0.27,0.26,0.38,-0.0,142.47,28.87,8.59,7.62,30.48,0.0,100.0,14.0,0.0,0.0,33.0,71.9,230.0,144.3,190.9,192.0,38.3,0.0,1.0,0.28,0.0,0.0,0.45,-8.3,1.41,-1.48,-0.6,-0.53,1.59,-42.3,55.42,4.02,4.1,3.38,17.12,0.0,25.35,12.01,2.47,21.8,7.53,0.0,4.3,0.54,0.3,0.45,0.77,0.0,100.0,66.0,100.0,100.0,40.0,0.0,8.3,1.49,0.6,0.53,-0.07,1.58,-0.8465022727291954,0,0,Fast
P033,"Laguna_Seca, Laguna_Seca",", McLaren 720S GT3","8/25/2023, ",Lap 1,126.422,4.74,0.47,0.24,0.25,0.47,0.0,7.63,0.27,0.25,0.28,0.3,-0.0,167.59,31.22,6.49,6.99,37.01,0.0,100.0,6.0,0.0,0.0,17.0,0.0,189.8,103.9,177.8,189.8,39.2,0.0,1.0,0.19,0.0,0.0,0.39,-9.62,17.22,-0.93,-0.46,-0.5,2.42,-213.78,55.36,0.0,3.16,3.41,19.41,0.0,24.28,14.0,6.76,1.46,6.97,0.0,4.35,0.55,0.0,0.3,0.74,0.0,100.0,39.0,100.0,100.0,33.0,0.0,9.62,1.15,0.46,0.5,0.04,1.66,1.6371506212766536,0,0,Slow
P033,"Laguna_Seca, Laguna_Seca",", McLaren 720S GT3","8/25/2023, ",Lap 2,107.949,3.46,0.62,0.25,0.26,0.56,0.0,2.3,0.32,0.28,0.25,0.29,-0.0,183.25,30.88,6.99,7.48,36.03,0.0,99.0,6.0,0.0,0.0,17.0,47.6,202.2,119.3,189.8,187.4,36.3,0.0,1.0,0.25,0.0,0.0,0.43,-9.07,21.46,-0.97,-0.5,-0.54,2.69,-59.29,87.23,3.32,3.41,3.47,18.44,0.0,27.27,13.14,1.46,3.27,8.31,0.0,4.4,0.77,0.3,0.0,1.02,0.0,100.0,47.0,100.0,100.0,38.0,0.0,9.07,1.28,0.5,0.54,0.04,1.6,0.4049626285018436,0,1,Slow
P033,"Laguna_Seca, Laguna_Seca",", McLaren 720S GT3","8/25/2023, ",Lap 3,105.759,2.22,0.59,0.26,0.22,0.48,0.0,1.68,0.42,0.25,0.27,0.36,-0.0,169.87,30.29,7.48,8.88,34.51,0.0,100.0,11.0,0.0,0.0,26.0,41.8,205.4,123.0,187.4,183.4,40.6,0.0,1.0,0.21,0.0,0.0,0.41,-11.8,2.21,-1.35,-0.54,-0.64,1.9,-38.42,47.92,3.39,3.47,4.07,15.98,0.0,21.92,11.41,3.27,12.71,6.32,0.0,4.18,0.48,0.0,0.0,0.75,0.0,100.0,57.0,100.0,100.0,42.0,0.0,11.8,1.38,0.54,0.64,0.1,1.87,0.2588850177089659,0,1,Slow
P033,"Laguna_Seca, Laguna_Seca",", McLaren 720S GT3","8/25/2023, ",Lap 4,116.472,2.32,0.55,0.22,0.19,0.52,0.0,25.48,0.36,0.27,0.27,0.62,-0.0,215.75,40.08,8.88,6.29,50.99,0.0,100.0,10.0,0.0,0.0,24.0,0.0,209.4,111.7,183.4,192.3,50.1,0.0,1.0,0.16,0.0,0.0,0.37,-8.81,15.63,-0.88,-0.64,-0.41,2.23,-60.03,45.28,3.11,4.07,2.6,17.07,0.0,18.98,10.17,12.71,4.94,4.81,0.0,4.2,0.32,0.0,0.0,0.66,0.0,100.0,48.0,100.0,100.0,40.0,0.0,8.81,1.06,0.64,0.41,-0.22,1.68,0.9734646726971397,0,0,Slow
P033,"Laguna_Seca, Laguna_Seca",", McLaren 720S GT3","8/25/2023, ",Lap 5,104.839,2.03,0.57,0.19,0.28,0.49,0.0,1.76,0.41,0.27,0.26,0.36,-0.0,159.43,27.84,6.29,9.46,31.67,0.0,100.0,10.0,0.0,0.0,24.0,54.2,213.4,122.8,192.3,192.6,39.7,0.0,1.0,0.22,0.0,0.0,0.42,-8.81,11.5,-1.18,-0.41,-0.65,1.95,-43.97,48.72,3.4,2.6,4.09,16.27,0.0,23.47,12.82,4.94,21.59,6.43,0.0,4.12,0.52,0.0,0.0,0.77,0.0,100.0,55.0,100.0,100.0,42.0,0.0,8.81,1.3,0.41,0.65,0.24,1.66,0.1975190807548801,0,0,Slow
P033,"Laguna_Seca, Laguna_Seca",", McLaren 720S GT3","8/25/2023, ",Lap 6,103.129,2.24,0.59,0.28,0.47,0.5,0.0,2.63,0.43,0.26,0.27,0.36,-0.0,124.94,27.64,9.46,14.22,29.5,0.0,100.0,12.0,0.0,0.0,26.0,43.9,216.1,124.4,192.6,191.2,41.7,0.0,1.0,0.22,0.0,0.0,0.42,-6.18,1.64,-1.27,-0.65,-0.94,1.41,-33.7,46.0,3.5,4.09,7.65,16.03,0.0,23.08,11.52,21.59,4.16,6.79,0.0,4.07,0.43,0.0,0.0,0.76,0.0,100.0,54.0,100.0,100.0,42.0,0.0,6.18,1.28,0.65,0.94,0.29,1.39,0.0834584805467429,0,0,Fast
P032,"Laguna_Seca, Laguna_Seca",", McLaren 720S GT3","8/25/2023, ",Lap 1,118.607,2.4,0.57,0.69,0.55,0.53,0.0,4.12,0.34,0.09,0.26,0.27,-0.0,240.0,51.86,18.78,16.67,72.22,0.0,94.0,7.0,0.0,0.0,18.0,0.0,194.2,109.2,188.4,191.4,51.9,0.0,1.0,0.21,0.0,0.0,0.41,-10.69,33.74,-0.73,-1.19,-1.08,3.19,-50.14,93.57,6.06,8.33,5.74,18.52,0.0,25.13,11.99,12.47,1.01,7.12,0.0,4.23,0.84,0.0,0.27,0.96,0.0,100.0,49.0,66.0,100.0,43.0,0.0,10.69,1.11,1.19,1.08,-0.11,1.75,1.1158736676938497,0,0,Slow
P032,"Laguna_Seca, Laguna_Seca",", McLaren 720S GT3","8/25/2023, ",Lap 2,105.069,12.88,0.65,0.55,0.43,0.66,0.0,4.42,0.38,0.26,0.26,0.26,-0.0,240.0,31.78,16.67,13.21,40.15,0.0,79.0,7.0,0.0,0.0,15.0,42.3,210.4,123.7,191.4,192.0,41.0,0.0,1.0,0.23,0.0,0.0,0.42,-19.5,25.69,-0.69,-1.08,-0.87,3.6,-317.91,54.8,3.38,5.74,6.09,19.95,0.0,24.45,11.34,1.01,22.01,7.45,0.0,2.93,0.61,0.27,0.22,0.66,0.0,100.0,55.0,100.0,100.0,46.0,0.0,19.5,1.19,1.08,0.87,-0.21,1.76,0.2128605649934017,0,1,Slow
P032,"Laguna_Seca, Laguna_Seca",", McLaren 720S GT3","8/25/2023, ",Lap 3,114.447,2.84,0.61,0.43,0.62,0.53,0.0,1.53,0.36,0.26,0.26,0.25,-0.0,195.47,40.51,13.21,19.5,50.03,0.0,92.0,7.0,0.0,0.0,16.0,9.9,213.7,115.3,192.0,190.2,45.9,0.0,1.0,0.22,0.0,0.0,0.41,-10.34,21.0,-0.92,-0.87,-1.35,3.1,-74.76,59.5,-0.02,6.09,10.42,19.67,0.0,24.75,12.74,22.01,1.98,6.98,0.0,3.5,0.58,0.22,0.08,0.89,0.0,100.0,54.0,100.0,100.0,45.0,0.0,10.34,1.25,0.87,1.35,0.48,2.02,0.8383929092927668,0,1,Slow
P032,"Laguna_Seca, Laguna_Seca",", McLaren 720S GT3","8/25/2023, ",Lap 4,126.584,3.48,0.59,0.62,0.27,0.55,0.0,76.82,0.37,0.26,0.26,1.54,-0.0,240.0,52.08,19.5,9.76,65.18,0.0,95.0,6.0,0.0,0.0,16.0,0.0,210.8,104.9,190.2,180.6,57.0,0.0,1.0,0.19,0.0,0.0,0.39,-12.49,25.0,-0.94,-1.35,-0.64,3.03,-162.0,171.5,2.85,10.42,3.08,24.15,0.0,24.47,12.52,1.98,0.98,6.65,0.0,4.23,0.76,0.08,0.0,0.88,0.0,100.0,51.0,100.0,100.0,42.0,0.0,12.49,1.21,1.35,0.64,-0.7,2.05,1.647956362349004,0,0,Slow
P032,"Laguna_Seca, Laguna_Seca",", McLaren 720S GT3","8/25/2023, ",Lap 5,99.937,12.21,0.67,0.27,0.61,0.6,0.0,1.43,0.39,0.26,0.25,0.24,-0.0,220.54,29.59,9.76,19.51,38.6,0.0,88.0,8.0,0.0,0.0,16.0,38.2,202.5,129.7,180.6,193.4,39.6,0.0,1.0,0.2,0.0,0.0,0.4,-11.36,28.59,-0.91,-0.64,-1.24,2.9,-143.56,59.74,3.58,3.08,8.12,18.07,0.0,20.47,9.14,0.98,16.78,6.41,0.0,2.43,0.42,0.0,0.0,0.57,0.0,100.0,54.0,100.0,100.0,45.0,0.0,11.36,1.19,0.64,1.24,0.6,1.73,-0.129454639841781,0,0,Fast
P032,"Laguna_Seca, Laguna_Seca",", McLaren 720S GT3","8/25/2023, ",Lap 6,99.729,2.17,0.64,0.61,0.29,0.53,0.0,1.7,0.42,0.25,0.26,0.27,-0.0,150.42,27.6,19.51,11.7,32.83,0.0,91.0,8.0,0.0,0.0,17.0,53.5,208.6,129.2,193.4,193.6,37.3,0.0,1.0,0.22,0.0,0.0,0.41,-10.52,5.08,-1.25,-1.24,-0.82,1.9,-42.86,47.43,3.59,8.12,4.89,16.78,0.0,21.6,11.16,16.78,0.0,6.26,0.0,4.0,0.46,0.0,0.0,0.73,0.0,100.0,54.0,100.0,100.0,46.0,0.0,10.52,1.31,1.24,0.82,-0.42,1.83,-0.143328677761835,0,0,Fast
P031,"Laguna_Seca, Laguna_Seca",", McLaren 720S GT3","8/25/2023, ",Lap 1,124.577,2.89,0.64,0.33,0.4,0.55,0.0,1.87,0.43,0.25,0.14,0.32,-0.0,240.0,67.37,5.56,10.89,85.13,0.0,100.0,13.0,0.0,0.0,25.0,0.0,223.8,104.9,189.9,189.1,59.0,0.0,1.0,0.21,0.0,0.0,0.41,-18.73,31.38,0.21,-0.37,-0.71,5.17,-118.27,167.4,8.64,3.22,6.76,28.11,0.0,25.98,13.59,13.55,1.56,7.29,0.0,4.52,0.66,0.0,0.3,0.91,0.0,100.0,63.0,100.0,100.0,44.0,0.0,18.73,0.87,0.37,0.71,0.35,1.5,1.5140852368415578,0,0,Slow
P031,"Laguna_Seca, Laguna_Seca",", McLaren 720S GT3","8/25/2023, ",Lap 2,95.864,2.47,0.65,0.4,0.35,0.51,0.0,1.87,0.48,0.14,0.25,0.33,-0.0,160.97,25.95,10.89,7.1,28.39,0.0,100.0,13.0,0.0,0.0,25.0,63.5,223.2,133.5,189.1,192.8,37.7,0.0,1.0,0.23,0.0,0.0,0.42,-7.7,15.23,-0.9,-0.71,-0.47,1.84,-44.98,71.45,3.77,6.76,3.88,16.85,0.0,21.73,10.34,1.56,0.0,6.24,0.0,4.03,0.45,0.3,0.18,0.67,0.0,100.0,65.0,100.0,100.0,43.0,0.0,7.7,1.09,0.71,0.47,-0.24,1.17,-0.4011323150743795,0,1,Fast
P031,"Laguna_Seca, Laguna_Seca",", McLaren 720S GT3","8/25/2023, ",Lap 3,108.192,2.49,0.63,0.35,0.39,0.52,0.0,1.86,0.46,0.25,0.25,0.35,-0.0,240.0,46.63,7.1,10.6,67.79,0.0,100.0,13.0,0.0,0.0,28.0,0.0,224.1,119.7,192.8,192.0,51.0,0.0,1.0,0.2,0.0,0.0,0.4,-4.85,31.41,-0.49,-0.47,-0.71,3.38,-37.66,83.52,6.62,3.88,5.01,19.21,0.0,21.43,10.69,0.0,15.0,6.25,0.0,4.3,0.66,0.18,0.28,0.98,0.0,100.0,62.0,100.0,100.0,44.0,0.0,4.85,0.95,0.47,0.71,0.24,1.04,0.4211712401103681,0,1,Slow
P031,"Laguna_Seca, Laguna_Seca",", McLaren 720S GT3","8/25/2023, ",Lap 4,108.134,3.68,0.64,0.39,0.33,0.54,0.0,1.85,0.45,0.25,0.26,0.33,-0.0,240.0,48.7,10.6,8.06,70.82,0.0,100.0,12.0,0.0,0.0,24.0,0.0,223.5,119.7,192.0,191.9,51.6,0.0,1.0,0.2,0.0,0.0,0.4,-4.55,29.08,-0.33,-0.71,-0.54,3.57,-57.94,89.09,6.61,5.01,4.32,19.36,0.0,22.1,11.43,15.0,14.59,6.47,0.0,4.1,0.73,0.28,0.18,1.08,0.0,100.0,61.0,100.0,100.0,45.0,0.0,4.55,0.89,0.71,0.54,-0.16,1.03,0.4173025179980458,0,0,Slow
P031,"Laguna_Seca, Laguna_Seca",", McLaren 720S GT3","8/25/2023, ",Lap 5,94.409,2.44,0.66,0.33,0.44,0.47,0.0,1.83,0.5,0.26,0.24,0.35,-0.0,165.72,24.57,8.06,13.28,25.42,0.0,100.0,13.0,0.0,0.0,26.0,59.1,220.3,135.3,191.9,192.1,38.0,0.0,1.0,0.18,0.0,0.0,0.38,-8.61,1.41,-1.07,-0.54,-0.86,1.1,-52.12,58.7,3.8,4.32,7.25,16.01,0.0,17.02,8.94,14.59,2.04,4.95,0.0,3.75,0.31,0.18,0.0,0.58,0.0,100.0,67.0,100.0,100.0,43.0,0.0,8.61,1.09,0.54,0.86,0.32,1.08,-0.4981838784093736,0,0,Fast
P031,"Laguna_Seca, Laguna_Seca",", McLaren 720S GT3","8/25/2023, ",Lap 6,91.147,2.39,0.71,0.44,0.51,0.51,0.0,1.91,0.48,0.24,0.25,0.35,-0.0,117.91,24.96,13.28,12.77,24.9,0.0,100.0,13.0,0.0,0.0,26.0,63.8,224.9,140.0,192.1,189.7,37.9,0.0,1.0,0.2,0.0,0.0,0.4,-5.2,5.11,-1.1,-0.86,-0.81,1.07,-45.73,63.89,3.94,7.25,7.35,16.69,0.0,18.18,9.52,2.04,5.46,5.28,0.0,3.95,0.37,0.0,0.02,0.64,0.0,100.0,67.0,100.0,100.0,43.0,0.0,5.2,1.12,0.86,0.81,-0.05,1.04,-0.7157661461748385,0,0,Fast
P030,"Laguna_Seca, Laguna_Seca",", McLaren 720S GT3","8/25/2023, ",Lap 2,121.627,10.23,0.58,0.5,0.13,0.59,0.0,19.15,0.34,0.22,0.27,0.46,-0.0,227.07,41.07,11.37,4.59,51.2,0.0,100.0,5.0,0.0,0.0,16.0,5.2,187.8,111.0,175.7,185.4,45.4,0.0,1.0,0.19,0.0,0.0,0.4,-14.04,19.83,-1.12,-0.63,-0.36,2.68,-59.84,286.53,5.89,6.63,2.15,23.43,0.0,23.65,10.78,2.83,12.3,6.97,0.0,3.48,1.2,0.67,0.55,1.23,0.0,100.0,50.0,4.0,100.0,43.0,0.0,14.04,1.3,0.63,0.36,-0.27,2.2,1.3173140259561742,0,1,Slow
P030,"Laguna_Seca, Laguna_Seca",", McLaren 720S GT3","8/25/2023, ",Lap 3,110.562,19.78,0.65,0.13,0.14,0.79,0.0,25.32,0.37,0.27,0.14,0.59,-0.0,240.0,40.04,4.59,10.32,50.82,0.0,100.0,8.0,0.0,0.0,19.0,27.8,195.4,119.6,185.4,181.0,40.1,0.0,1.0,0.29,0.0,0.0,0.46,-18.83,17.95,-1.57,-0.36,-0.81,3.51,-245.4,61.85,3.22,2.15,3.06,20.46,0.0,32.57,16.34,12.3,26.05,10.34,0.0,4.57,0.94,0.55,0.0,1.18,0.0,100.0,59.0,100.0,17.0,44.0,0.0,18.83,1.85,0.36,0.81,0.45,2.8,0.579255229872524,0,1,Slow
P030,"Laguna_Seca, Laguna_Seca",", McLaren 720S GT3","8/25/2023, ",Lap 4,126.807,9.29,0.59,0.14,0.29,0.6,0.0,7.68,0.34,0.14,0.28,0.3,-0.0,240.0,56.95,10.32,11.75,72.15,0.0,100.0,5.0,0.0,0.0,16.0,0.1,194.5,106.0,181.0,185.2,52.3,0.0,1.0,0.2,0.0,0.0,0.4,-15.38,37.14,-1.0,-0.81,-0.85,4.03,-85.73,277.83,2.83,3.06,6.23,29.02,0.0,26.05,11.99,26.05,0.0,7.25,0.0,3.37,0.51,0.0,0.6,0.76,0.0,100.0,53.0,17.0,100.0,43.0,0.0,15.38,1.39,0.81,0.85,0.04,2.63,1.662830931849831,0,0,Slow
P030,"Laguna_Seca, Laguna_Seca",", McLaren 720S GT3","8/25/2023, ",Lap 5,129.392,5.07,0.55,0.29,0.15,0.56,0.0,9.99,0.3,0.28,0.04,0.37,-0.0,240.0,42.87,11.75,6.38,58.91,0.0,95.0,4.0,0.0,0.0,11.0,0.0,190.6,102.8,185.2,150.1,48.8,0.0,1.0,0.2,0.0,0.0,0.4,-12.38,15.67,-0.41,-0.85,-0.41,2.94,-87.9,118.55,5.55,6.23,2.24,22.81,0.0,26.33,10.82,0.0,22.65,7.86,0.0,3.93,1.1,0.6,0.4,1.16,0.0,100.0,50.0,100.0,32.0,41.0,0.0,12.38,0.94,0.85,0.41,-0.44,1.7,1.835255874269735,0,0,Slow
P030,"Laguna_Seca, Laguna_Seca",", McLaren 720S GT3","8/25/2023, ",Lap 6,130.552,2.76,0.53,0.15,0.33,0.54,0.0,2.13,0.28,0.04,0.23,0.24,-0.0,240.0,46.41,6.38,9.15,60.03,0.0,100.0,5.0,0.0,0.0,14.0,0.0,186.9,100.5,150.1,181.3,49.7,0.0,1.0,0.19,0.0,0.0,0.39,-10.17,18.78,-0.67,-0.41,-0.58,2.58,-91.25,111.26,2.76,2.24,4.49,21.24,0.0,25.17,14.09,22.65,18.62,7.36,0.0,4.17,0.95,0.4,0.08,1.28,0.0,100.0,43.0,32.0,0.0,40.0,0.0,10.17,0.99,0.41,0.58,0.17,1.68,1.9126303165161904,0,0,Slow
P029,"Laguna_Seca, Laguna_Seca",", McLaren 720S GT3","8/25/2023, ",Lap 1,117.057,4.28,0.64,0.41,0.39,0.64,0.0,7.91,0.39,0.28,0.08,0.33,-0.0,240.0,50.36,14.39,11.52,63.83,0.0,79.0,7.0,0.0,0.0,18.0,0.0,219.2,111.3,184.7,188.3,53.4,0.0,1.0,0.27,0.0,0.0,0.45,-8.66,33.69,-0.66,-1.0,-0.78,4.03,-128.72,46.47,-0.01,6.47,5.59,24.44,0.0,32.03,15.99,20.27,1.92,9.41,0.0,4.52,0.99,0.7,0.43,0.91,0.0,100.0,60.0,100.0,100.0,45.0,0.0,8.66,1.24,1.0,0.78,-0.22,1.8,1.0124854043472924,0,0,Slow
P029,"Laguna_Seca, Laguna_Seca",", McLaren 720S GT3","8/25/2023, ",Lap 2,97.202,13.4,0.73,0.39,0.34,0.67,0.0,7.28,0.45,0.08,0.27,0.38,-0.0,215.53,36.31,11.52,9.25,42.84,0.0,100.0,11.0,0.0,0.0,27.0,60.0,221.3,132.6,188.3,186.5,38.1,0.0,1.0,0.31,0.0,0.0,0.46,-12.72,19.83,-1.59,-0.78,-0.64,3.38,-69.22,331.69,3.73,5.59,5.0,21.3,0.0,30.13,14.0,1.92,28.33,9.42,0.0,4.77,0.97,0.43,0.0,1.32,0.0,100.0,66.0,100.0,100.0,43.0,0.0,12.72,1.89,0.78,0.64,-0.13,2.69,-0.3118848980694161,0,1,Fast
P028,"Laguna_Seca, Laguna_Seca",", McLaren 720S GT3","8/25/2023, ",Lap 1,129.919,2.95,0.55,0.27,0.43,0.53,0.0,2.62,0.3,0.24,0.26,0.23,-0.0,240.0,66.95,8.47,11.09,85.96,0.0,97.0,7.0,0.0,0.0,15.0,0.0,201.5,101.1,180.7,192.1,55.7,0.0,1.0,0.18,0.0,0.0,0.38,-15.43,28.14,-0.49,-0.56,-0.76,3.03,-170.36,107.75,2.78,4.25,5.92,23.96,0.0,22.75,11.93,1.4,20.93,6.19,0.0,3.98,0.62,0.0,0.3,1.06,0.0,100.0,51.0,92.0,100.0,39.0,0.0,15.43,0.84,0.56,0.76,0.2,1.26,1.870407883807565,0,0,Slow
P028,"Laguna_Seca, Laguna_Seca",", McLaren 720S GT3","8/25/2023, ",Lap 2,100.292,3.78,0.69,0.43,0.17,0.57,0.0,1.76,0.38,0.26,0.28,0.28,-0.0,240.0,36.4,11.09,6.38,49.46,0.0,84.0,8.0,0.0,0.0,19.0,47.6,205.1,129.2,192.1,180.7,36.2,0.0,1.0,0.3,0.0,0.0,0.46,-19.26,7.04,-1.86,-0.76,-0.47,3.26,-49.65,55.36,3.56,5.92,2.95,18.17,0.0,30.37,13.45,20.93,12.15,9.3,0.0,4.35,0.78,0.3,1.5,0.8,0.0,100.0,58.0,100.0,100.0,43.0,0.0,19.26,1.91,0.76,0.47,-0.28,3.21,-0.1057753924301498,0,1,Fast
P028,"Laguna_Seca, Laguna_Seca",", McLaren 720S GT3","8/25/2023, ",Lap 3,97.069,2.66,0.72,0.17,0.52,0.59,0.0,1.52,0.4,0.28,0.27,0.27,-0.0,240.0,40.39,6.38,14.66,57.57,0.0,92.0,9.0,0.0,0.0,19.0,57.3,204.7,133.7,180.7,190.8,37.8,0.0,1.0,0.29,0.0,0.0,0.45,-18.31,24.09,-2.1,-0.47,-0.98,4.05,-90.74,60.01,3.7,2.95,7.45,19.33,0.0,27.87,13.62,12.15,7.25,8.05,0.0,4.35,0.81,1.5,0.03,0.9,0.0,100.0,61.0,100.0,100.0,44.0,0.0,18.31,2.24,0.47,0.98,0.51,3.75,-0.3207562780856043,0,1,Fast
P028,"Laguna_Seca, Laguna_Seca",", McLaren 720S GT3","8/25/2023, ",Lap 4,95.434,3.23,0.71,0.52,0.32,0.61,0.0,1.37,0.37,0.27,0.27,0.25,-0.0,167.7,32.34,14.66,9.13,38.13,0.0,70.0,8.0,0.0,0.0,16.0,59.6,209.6,136.0,190.8,185.6,34.9,0.0,1.0,0.33,0.0,0.0,0.47,-11.58,3.66,-1.7,-0.98,-0.62,2.32,-48.43,48.39,3.75,7.45,4.93,17.77,0.0,31.6,15.33,7.25,6.95,9.81,0.0,4.13,0.76,0.03,0.4,0.87,0.0,100.0,60.0,100.0,100.0,43.0,0.0,11.58,1.75,0.98,0.62,-0.36,2.26,-0.4298142203898765,0,0,Fast
P028,"Laguna_Seca, Laguna_Seca",", McLaren 720S GT3","8/25/2023, ",Lap 5,120.404,2.5,0.65,0.32,0.49,0.6,0.0,1.39,0.35,0.27,0.27,0.25,-0.0,240.0,67.54,9.13,14.74,79.51,0.0,84.0,8.0,0.0,0.0,17.0,0.0,211.4,108.4,185.6,186.3,56.5,0.0,1.0,0.3,0.0,0.0,0.46,-16.51,20.45,-1.42,-0.62,-0.97,4.06,-92.47,55.4,2.99,4.93,7.38,21.64,0.0,35.95,17.62,6.95,35.23,10.21,0.0,4.07,1.24,0.4,0.53,1.43,0.0,100.0,55.0,100.0,100.0,45.0,0.0,16.51,1.84,0.62,0.97,0.35,3.22,1.2357373510704712,0,0,Slow
P028,"Laguna_Seca, Laguna_Seca",", McLaren 720S GT3","8/25/2023, ",Lap 6,95.559,2.08,0.7,0.49,0.31,0.57,0.0,1.28,0.38,0.27,0.26,0.27,-0.0,136.85,28.55,14.74,10.5,34.12,0.0,67.0,9.0,0.0,0.0,17.0,66.8,207.6,134.8,186.3,193.2,35.7,0.0,1.0,0.21,0.0,0.0,0.41,-9.96,3.79,-1.38,-0.97,-0.75,1.97,-48.83,57.11,3.74,7.38,5.37,17.42,0.0,35.23,10.28,35.23,0.0,5.74,0.0,3.53,0.48,0.53,0.0,0.74,0.0,100.0,59.0,100.0,100.0,42.0,0.0,9.96,1.41,0.97,0.75,-0.23,1.94,-0.4214764572167671,0,0,Fast
P027,"Laguna_Seca, Laguna_Seca",", McLaren 720S GT3","8/25/2023, ",Lap 1,93.609,2.55,0.74,0.55,0.44,0.57,0.0,1.68,0.44,0.27,0.25,0.34,-0.0,157.65,34.08,13.64,11.53,38.28,0.0,100.0,11.0,0.0,0.0,26.0,61.7,209.7,137.1,185.3,193.6,37.9,0.0,1.0,0.29,0.0,0.0,0.46,-10.03,3.97,-1.8,-0.91,-0.79,2.31,-44.27,52.87,3.84,7.0,6.25,18.13,0.0,27.58,13.98,14.98,0.0,8.43,0.0,4.13,0.57,0.0,0.0,0.82,0.0,100.0,61.0,100.0,100.0,45.0,0.0,10.03,1.84,0.91,0.79,-0.12,2.26,-0.5515455627172751,0,0,Fast
P027,"Laguna_Seca, Laguna_Seca",", McLaren 720S GT3","8/25/2023, ",Lap 2,92.734,2.69,0.74,0.44,0.23,0.6,0.0,2.4,0.47,0.25,0.25,0.34,-0.0,202.17,39.74,11.53,6.3,50.7,0.0,99.0,12.0,0.0,0.0,25.0,65.3,224.2,139.1,193.6,193.6,37.6,0.0,1.0,0.33,0.0,0.0,0.47,-13.74,5.27,-2.34,-0.79,-0.43,3.32,-52.21,81.96,3.86,6.25,2.86,18.58,0.0,30.55,15.09,0.0,3.05,9.31,0.0,4.27,0.59,0.0,0.0,0.85,0.0,100.0,65.0,100.0,100.0,43.0,0.0,13.74,2.39,0.79,0.43,-0.36,3.28,-0.6099099049290413,0,1,Fast
P027,"Laguna_Seca, Laguna_Seca",", McLaren 720S GT3","8/25/2023, ",Lap 3,91.772,4.03,0.78,0.23,0.23,0.61,0.0,1.58,0.43,0.25,0.27,0.32,-0.0,188.88,34.87,6.3,7.11,39.02,0.0,95.0,10.0,0.0,0.0,23.0,66.5,220.0,139.7,193.6,191.9,36.4,0.0,1.0,0.33,0.0,0.0,0.47,-11.66,8.25,-1.76,-0.43,-0.49,2.67,-60.95,57.13,3.91,2.86,3.24,18.17,0.0,30.73,14.96,3.05,23.97,9.08,0.0,4.42,0.62,0.0,0.15,0.85,0.0,100.0,64.0,100.0,100.0,44.0,0.0,11.66,1.92,0.43,0.49,0.06,2.41,-0.6740773303092911,0,1,Fast
P027,"Laguna_Seca, Laguna_Seca",", McLaren 720S GT3","8/25/2023, ",Lap 4,118.134,4.25,0.65,0.23,0.44,0.55,0.0,23.82,0.41,0.27,0.26,0.57,-0.0,240.0,64.96,7.11,10.37,75.8,0.0,100.0,8.0,0.0,0.0,20.0,0.1,220.5,110.4,191.9,190.1,56.2,0.0,1.0,0.26,0.0,0.0,0.44,-11.99,28.64,-0.61,-0.49,-0.66,4.78,-39.47,116.58,9.07,3.24,4.88,23.84,0.0,30.63,16.74,23.97,22.67,8.47,0.0,3.93,0.81,0.15,0.1,0.94,0.0,100.0,56.0,100.0,100.0,44.0,0.0,11.99,1.43,0.49,0.66,0.16,2.48,1.0843235718468036,0,0,Slow
P027,"Laguna_Seca, Laguna_Seca",", McLaren 720S GT3","8/25/2023, ",Lap 5,97.177,4.97,0.69,0.44,0.34,0.57,0.0,1.69,0.45,0.26,0.23,0.33,-0.0,171.34,33.62,10.37,9.97,41.34,0.0,100.0,11.0,0.0,0.0,26.0,58.4,212.5,132.5,190.1,190.9,40.6,0.0,1.0,0.3,0.0,0.0,0.46,-11.63,12.25,-1.7,-0.66,-0.68,2.68,-80.89,52.06,3.67,4.88,4.54,18.15,0.0,28.93,14.04,22.67,3.47,8.65,0.0,4.73,0.61,0.1,0.0,0.88,0.0,100.0,58.0,100.0,100.0,45.0,0.0,11.63,1.8,0.66,0.68,0.02,2.52,-0.3135524507040375,0,0,Fast
P027,"Laguna_Seca, Laguna_Seca",", McLaren 720S GT3","8/25/2023, ",Lap 6,93.714,2.55,0.72,0.34,0.29,0.59,0.0,1.91,0.43,0.23,0.22,0.29,-0.0,173.39,31.06,9.97,7.24,37.75,0.0,100.0,10.0,0.0,0.0,21.0,60.1,222.5,137.5,190.9,190.2,37.1,0.0,1.0,0.27,0.0,0.0,0.45,-8.35,10.5,-1.42,-0.68,-0.49,2.31,-68.12,53.51,3.83,4.54,3.52,18.5,0.0,25.63,13.18,3.47,7.18,7.48,0.0,4.17,0.52,0.0,0.0,0.71,0.0,100.0,61.0,100.0,100.0,46.0,0.0,8.35,1.55,0.68,0.49,-0.19,2.06,-0.5445418416518628,0,0,Fast
P026,"Laguna_Seca, Laguna_Seca",", McLaren 720S GT3","8/25/2023, ",Lap 2,183.564,14.03,0.56,0.14,0.82,0.66,0.0,64.76,0.39,0.17,0.11,1.19,-0.0,240.0,112.85,3.74,3.1,96.97,0.0,100.0,9.0,0.0,0.0,24.0,0.0,203.7,77.9,187.8,143.6,53.6,0.0,1.0,0.27,0.0,0.0,0.44,-21.5,26.45,-1.77,-0.28,0.34,5.87,-165.58,224.01,-0.04,1.94,10.94,40.61,0.0,48.68,27.53,0.0,11.68,14.76,0.0,8.17,3.03,0.0,1.15,2.8,0.0,100.0,68.0,100.0,59.0,34.0,0.0,21.5,2.33,0.28,0.0,-0.28,4.98,5.448642327179225,1,1,
P025,"Laguna_Seca, Laguna_Seca",", McLaren 720S GT3","8/25/2023, ",Lap 1,114.647,4.08,0.65,0.35,0.16,0.57,0.0,16.08,0.42,0.25,0.25,0.48,-0.0,240.0,55.26,9.06,4.47,71.59,0.0,100.0,11.0,0.0,0.0,27.0,0.0,223.7,114.7,184.8,193.8,56.3,0.0,1.0,0.25,0.0,0.0,0.43,-12.69,26.24,-0.73,-0.57,-0.35,4.15,-89.13,73.22,6.18,3.26,1.94,20.16,0.0,28.8,14.76,18.75,0.0,7.9,0.0,4.27,0.76,0.0,0.2,0.82,0.0,100.0,60.0,100.0,100.0,42.0,0.0,12.69,1.31,0.57,0.35,-0.23,2.19,0.8517333303697421,0,0,Slow
P025,"Laguna_Seca, Laguna_Seca",", McLaren 720S GT3","8/25/2023, ",Lap 2,90.759,2.69,0.75,0.16,0.37,0.54,0.0,1.88,0.46,0.25,0.25,0.39,-0.0,166.0,28.19,4.47,13.18,29.65,0.0,100.0,12.0,0.0,0.0,28.0,59.8,228.2,141.6,193.8,194.8,39.8,0.0,1.0,0.26,0.0,0.0,0.44,-8.01,4.43,-1.35,-0.35,-0.93,1.46,-41.8,53.5,3.96,1.94,7.17,17.35,0.0,23.55,11.79,0.0,11.77,6.87,0.0,4.03,0.5,0.2,0.0,0.76,0.0,100.0,65.0,100.0,100.0,42.0,0.0,8.01,1.38,0.35,0.93,0.59,1.41,-0.7416465630641705,0,1,Fast
P025,"Laguna_Seca, Laguna_Seca",", McLaren 720S GT3","8/25/2023, ",Lap 3,91.449,2.41,0.75,0.37,0.23,0.55,0.0,1.82,0.45,0.25,0.01,0.38,-0.0,145.13,29.0,13.18,5.6,29.83,0.0,100.0,11.0,0.0,0.0,27.0,63.7,229.3,140.5,194.8,189.3,39.2,0.0,1.0,0.27,0.0,0.0,0.45,-8.3,1.71,-1.43,-0.93,-0.43,1.52,-43.26,48.93,3.93,7.17,2.96,17.36,0.0,25.0,12.01,11.77,14.0,7.57,0.0,3.83,0.5,0.0,0.0,0.74,0.0,100.0,63.0,100.0,100.0,42.0,0.0,8.3,1.46,0.93,0.43,-0.5,1.49,-0.6956221103486064,0,1,Fast
P025,"Laguna_Seca, Laguna_Seca",", McLaren 720S GT3","8/25/2023, ",Lap 4,89.209,2.57,0.78,0.23,0.31,0.58,0.0,1.82,0.45,0.01,0.25,0.38,-0.0,164.93,29.37,5.6,9.73,33.23,0.0,100.0,12.0,0.0,0.0,27.0,64.6,224.0,144.2,189.3,193.7,37.8,0.0,1.0,0.28,0.0,0.0,0.45,-10.13,5.21,-1.48,-0.43,-0.72,1.88,-41.46,55.65,4.01,2.96,4.99,17.6,0.0,24.97,12.45,14.0,0.5,7.52,0.0,3.83,0.55,0.0,0.0,0.71,0.0,100.0,67.0,100.0,100.0,42.0,0.0,10.13,1.52,0.43,0.72,0.3,1.83,-0.8450348264107278,0,0,Fast
P025,"Laguna_Seca, Laguna_Seca",", McLaren 720S GT3","8/25/2023, ",Lap 5,90.352,2.84,0.77,0.31,0.15,0.55,0.0,1.84,0.45,0.25,0.01,0.38,-0.0,146.93,29.13,9.73,5.3,31.65,0.0,100.0,12.0,0.0,0.0,28.0,66.5,229.8,142.5,193.7,189.3,38.3,0.0,1.0,0.28,0.0,0.0,0.45,-9.0,5.25,-1.41,-0.72,-0.3,1.82,-41.17,58.97,3.97,4.99,-3.43,17.49,0.0,25.1,12.18,0.5,22.59,7.47,0.0,4.12,0.55,0.0,0.1,0.68,0.0,100.0,66.0,100.0,100.0,42.0,0.0,9.0,1.48,0.72,0.3,-0.42,1.73,-0.7687943199558148,0,0,Fast
P025,"Laguna_Seca, Laguna_Seca",", McLaren 720S GT3","8/25/2023, ",Lap 6,89.087,2.98,0.79,0.15,0.15,0.57,0.0,1.85,0.46,0.01,0.25,0.36,-0.0,179.43,31.31,5.3,4.87,35.18,0.0,100.0,12.0,0.0,0.0,27.0,57.7,226.4,144.5,189.3,194.4,39.3,0.0,1.0,0.29,0.0,0.0,0.45,-11.27,1.58,-1.65,-0.3,-0.3,1.97,-43.73,50.1,4.02,-3.43,0.98,17.55,0.0,25.82,11.88,22.59,17.56,8.01,0.0,3.85,0.51,0.1,0.0,0.81,0.0,100.0,68.0,100.0,100.0,41.0,0.0,11.27,1.67,0.3,0.3,-0.0,1.95,-0.8531724832676827,0,0,Fast
P024,"Laguna_Seca, Laguna_Seca",", McLaren 720S GT3","8/25/2023, ",Lap 2,164.414,1.55,0.3,0.19,0.13,0.35,0.0,0.84,0.16,0.15,0.12,0.14,-0.0,240.0,39.88,7.85,5.54,66.9,0.0,44.0,2.0,0.0,0.0,7.0,8.0,127.8,79.2,113.7,127.1,26.7,0.0,1.0,0.1,0.0,0.0,0.3,-16.86,30.36,-0.46,-0.42,-0.32,2.43,-48.75,85.94,4.37,3.78,2.48,15.23,0.0,17.05,9.6,10.03,12.28,4.66,0.0,4.43,0.29,0.0,0.12,0.71,0.0,89.0,29.0,0.0,11.0,23.0,0.0,16.86,0.67,0.42,0.32,-0.11,0.97,4.171297009058853,1,1,
P024,"Laguna_Seca, Laguna_Seca",", McLaren 720S GT3","8/25/2023, ",Lap 3,123.277,2.01,0.43,0.13,0.24,0.43,0.0,1.48,0.23,0.12,0.2,0.22,-0.0,119.88,22.18,5.54,8.1,25.82,0.0,87.0,4.0,0.0,0.0,12.0,43.5,162.3,104.1,127.1,162.3,24.8,0.0,1.0,0.14,0.0,0.0,0.35,-5.78,0.93,-0.86,-0.32,-0.52,0.98,-41.88,48.96,2.91,2.48,3.25,14.28,0.0,17.47,9.32,12.28,0.0,4.91,0.0,4.43,0.34,0.12,0.25,0.63,0.0,100.0,39.0,11.0,78.0,33.0,0.0,5.78,0.87,0.32,0.52,0.2,0.97,1.4273724998412196,0,1,Slow
P024,"Laguna_Seca, Laguna_Seca",", McLaren 720S GT3","8/25/2023, ",Lap 4,114.227,2.45,0.51,0.24,0.18,0.49,0.0,1.22,0.25,0.2,0.25,0.21,-0.0,207.51,26.38,8.1,8.69,35.54,0.0,58.0,5.0,0.0,0.0,12.0,47.2,168.6,113.1,162.3,167.1,27.8,0.0,1.0,0.16,0.0,0.0,0.37,-12.27,16.37,-1.1,-0.52,-0.66,1.9,-65.17,64.93,3.14,3.25,3.07,16.2,0.0,18.15,9.3,0.0,8.71,5.28,0.0,4.23,0.35,0.25,0.0,0.65,0.0,100.0,44.0,78.0,100.0,37.0,0.0,12.27,1.15,0.52,0.66,0.14,1.75,0.8237184461080941,0,0,Slow
P023,"Laguna_Seca, Laguna_Seca",", McLaren 720S GT3","8/25/2023, ",Lap 1,102.942,2.12,0.59,0.41,0.39,0.49,0.0,2.06,0.41,0.27,0.26,0.33,-0.0,197.53,30.94,10.79,13.42,42.76,0.0,100.0,10.0,0.0,0.0,22.0,54.4,199.9,125.8,188.8,190.1,36.3,0.0,1.0,0.21,0.0,0.0,0.41,-14.9,15.0,-1.51,-0.66,-0.92,2.9,-56.47,48.71,3.49,5.91,5.58,16.21,0.0,21.62,11.72,1.18,11.67,6.24,0.0,4.28,0.46,0.0,0.0,0.77,0.0,100.0,51.0,100.0,100.0,45.0,0.0,14.9,1.6,0.66,0.92,0.26,2.74,0.0709851868397704,0,0,Fast
P023,"Laguna_Seca, Laguna_Seca",", McLaren 720S GT3","8/25/2023, ",Lap 2,104.682,2.28,0.59,0.39,0.44,0.51,0.0,1.87,0.45,0.26,0.26,0.36,-0.0,213.71,31.34,13.42,15.66,40.71,0.0,100.0,13.0,0.0,0.0,28.0,37.3,209.7,123.5,190.1,191.7,39.4,0.0,1.0,0.2,0.0,0.0,0.4,-12.34,23.69,-1.22,-0.92,-1.05,2.33,-51.73,60.2,3.42,5.58,4.65,17.29,0.0,20.43,11.23,11.67,0.0,5.8,0.0,4.25,0.37,0.0,0.0,0.65,0.0,100.0,56.0,100.0,100.0,43.0,0.0,12.34,1.32,0.92,1.05,0.14,1.91,0.1870468502094548,0,1,Slow
P023,"Laguna_Seca, Laguna_Seca",", McLaren 720S GT3","8/25/2023, ",Lap 3,109.454,12.46,0.53,0.44,0.49,0.53,0.0,19.11,0.45,0.26,0.26,0.55,-0.0,240.0,39.6,15.66,14.87,55.14,0.0,100.0,13.0,0.0,0.0,30.0,3.0,215.0,119.0,191.7,192.5,49.6,0.0,1.0,0.19,0.0,0.0,0.39,-18.43,3.11,-1.22,-1.05,-1.01,2.04,-44.14,297.74,3.27,4.65,6.58,23.82,0.0,21.17,11.41,0.0,8.04,5.85,0.0,4.17,0.44,0.0,0.07,0.73,0.0,100.0,56.0,100.0,100.0,43.0,0.0,18.43,1.24,1.05,1.01,-0.04,2.02,0.5053492971060815,0,1,Slow
P023,"Laguna_Seca, Laguna_Seca",", McLaren 720S GT3","8/25/2023, ",Lap 4,100.182,1.93,0.6,0.49,0.52,0.5,0.0,1.97,0.47,0.26,0.25,0.38,-0.0,142.03,27.87,14.87,14.14,32.65,0.0,100.0,13.0,0.0,0.0,29.0,57.0,212.5,128.3,192.5,192.2,38.8,0.0,1.0,0.24,0.0,0.0,0.43,-8.08,7.58,-1.24,-1.01,-0.94,1.56,-40.81,50.79,3.59,6.58,6.68,16.99,0.0,24.15,12.32,8.04,11.11,7.13,0.0,4.08,0.47,0.07,0.0,0.75,0.0,100.0,57.0,100.0,100.0,43.0,0.0,8.08,1.28,1.01,0.94,-0.07,1.5,-0.1131126240224861,0,0,Fast
P023,"Laguna_Seca, Laguna_Seca",", McLaren 720S GT3","8/25/2023, ",Lap 5,101.302,12.95,0.62,0.52,0.44,0.63,0.0,5.01,0.47,0.25,0.25,0.39,-0.0,221.29,35.49,14.14,11.36,44.01,0.0,100.0,14.0,0.0,0.0,32.0,3.7,222.0,127.2,192.2,193.1,45.2,0.0,1.0,0.25,0.0,0.0,0.43,-18.6,7.07,-1.52,-0.94,-0.76,2.75,-47.98,351.77,3.54,6.68,3.89,19.35,0.0,25.35,13.76,11.11,8.62,7.27,0.0,4.28,0.53,0.0,0.0,0.8,0.0,100.0,61.0,100.0,100.0,43.0,0.0,18.6,1.58,0.94,0.76,-0.18,2.68,-0.0384062659914249,0,0,Fast
P023,"Laguna_Seca, Laguna_Seca",", McLaren 720S GT3","8/25/2023, ",Lap 6,98.394,2.21,0.62,0.44,0.46,0.54,0.0,1.83,0.45,0.25,0.25,0.35,-0.0,160.42,27.06,11.36,9.16,32.73,0.0,100.0,11.0,0.0,0.0,26.0,58.9,211.1,130.6,193.1,191.8,37.1,0.0,1.0,0.23,0.0,0.0,0.42,-10.61,6.16,-1.18,-0.76,-0.62,1.7,-41.29,51.71,3.65,3.89,4.14,17.42,0.0,22.78,11.73,8.62,15.95,6.72,0.0,3.45,0.44,0.0,0.0,0.67,0.0,100.0,56.0,100.0,100.0,44.0,0.0,10.61,1.25,0.76,0.62,-0.14,1.61,-0.2323759884506437,0,0,Fast
P022,"Laguna_Seca, Laguna_Seca",", McLaren 720S GT3","8/25/2023, ",Lap 1,106.717,2.5,0.66,0.36,0.25,0.56,-0.0,3.68,0.47,0.25,0.26,0.4,-0.0,240.0,45.05,9.88,6.85,54.32,0.0,100.0,14.0,0.0,0.0,30.0,0.0,228.4,122.8,194.3,193.6,57.8,0.0,1.0,0.27,0.0,0.0,0.44,-7.39,3.29,-1.33,-0.65,-0.47,1.61,-37.86,47.93,3.35,4.61,2.84,16.8,0.0,28.67,14.58,15.46,13.19,7.81,0.0,4.02,0.5,0.0,0.17,0.74,0.0,100.0,65.0,100.0,100.0,43.0,0.0,7.39,1.37,0.65,0.47,-0.19,1.57,0.3227856346676768,0,0,Slow
P022,"Laguna_Seca, Laguna_Seca",", McLaren 720S GT3","8/25/2023, ",Lap 2,97.239,17.58,0.75,0.25,0.38,0.68,0.0,36.89,0.51,0.26,0.25,0.92,-0.0,170.22,31.68,6.85,10.41,32.88,0.0,100.0,16.0,0.0,0.0,34.0,0.0,228.6,132.7,193.6,193.3,47.5,0.0,1.0,0.32,0.0,0.0,0.47,-8.05,9.11,-1.26,-0.47,-0.7,2.05,-48.81,227.76,3.69,2.84,4.32,22.05,0.0,30.97,16.77,13.19,3.72,9.15,0.0,4.13,0.82,0.17,0.0,0.88,0.0,100.0,70.0,100.0,100.0,42.0,0.0,8.05,1.44,0.47,0.7,0.23,1.63,-0.3094169201701753,0,1,Fast
P022,"Laguna_Seca, Laguna_Seca",", McLaren 720S GT3","8/25/2023, ",Lap 3,90.282,2.53,0.77,0.38,0.35,0.58,0.0,1.99,0.48,0.25,0.27,0.38,-0.0,169.54,33.57,10.41,8.48,38.3,0.0,100.0,14.0,0.0,0.0,32.0,61.2,228.2,143.0,193.3,193.1,38.9,0.0,1.0,0.32,0.0,0.0,0.47,-9.62,14.23,-1.68,-0.7,-0.6,2.38,-58.18,52.01,3.97,4.32,4.77,18.26,0.0,29.15,15.12,3.72,5.83,8.82,0.0,4.17,0.61,0.0,0.0,0.8,0.0,100.0,70.0,100.0,100.0,42.0,0.0,9.62,1.78,0.7,0.6,-0.1,2.1,-0.7734634673327566,0,1,Fast
P022,"Laguna_Seca, Laguna_Seca",", McLaren 720S GT3","8/25/2023, ",Lap 4,89.069,2.55,0.8,0.35,0.25,0.59,0.0,1.89,0.47,0.27,0.25,0.39,-0.0,179.93,33.12,8.48,5.04,37.2,0.0,100.0,14.0,0.0,0.0,32.0,57.3,228.5,144.4,193.1,193.5,39.8,0.0,1.0,0.33,0.0,0.0,0.47,-10.47,7.51,-1.72,-0.6,-0.34,2.09,-48.92,51.51,4.03,4.77,2.04,18.3,0.0,29.58,15.0,5.83,1.78,9.08,0.0,4.08,0.6,0.0,0.0,0.85,0.0,100.0,70.0,100.0,100.0,42.0,0.0,10.47,1.77,0.6,0.34,-0.27,2.03,-0.8543731211646105,0,0,Fast
P022,"Laguna_Seca, Laguna_Seca",", McLaren 720S GT3","8/25/2023, ",Lap 5,89.954,3.09,0.77,0.25,0.19,0.61,0.0,1.84,0.46,0.25,0.26,0.38,-0.0,187.12,32.16,5.04,5.43,35.52,0.0,100.0,14.0,0.0,0.0,31.0,56.3,228.9,143.6,193.5,193.4,38.9,0.0,1.0,0.34,0.0,0.0,0.47,-11.5,16.42,-1.5,-0.34,-0.4,2.46,-82.37,59.03,3.96,2.04,2.45,18.48,0.0,30.23,15.15,1.78,24.79,9.25,0.0,4.07,0.64,0.0,0.0,0.88,0.0,100.0,70.0,100.0,100.0,42.0,0.0,11.5,1.68,0.34,0.4,0.06,1.95,-0.795341757898996,0,0,Fast
P022,"Laguna_Seca, Laguna_Seca",", McLaren 720S GT3","8/25/2023, ",Lap 6,105.982,2.47,0.7,0.19,0.2,0.58,-0.0,17.0,0.45,0.26,0.26,0.51,-0.0,234.58,44.54,5.43,6.14,54.23,0.0,100.0,13.0,0.0,0.0,29.0,0.0,229.6,122.9,193.4,192.7,53.7,0.0,1.0,0.3,0.0,0.0,0.46,-10.84,17.24,-1.06,-0.4,-0.44,3.12,-41.12,69.12,3.38,2.45,3.09,18.24,0.0,31.9,16.61,24.79,28.71,9.37,0.0,4.0,1.13,0.0,0.15,1.2,0.0,100.0,63.0,100.0,100.0,43.0,0.0,10.84,1.45,0.4,0.44,0.04,1.87,0.2737595872097931,0,0,Slow
P021,"Laguna_Seca, Laguna_Seca",", McLaren 720S GT3","8/24/2023, ",Lap 1,107.344,3.55,0.67,0.35,0.53,0.58,0.0,1.94,0.43,0.25,0.22,0.35,-0.0,240.0,37.35,12.67,16.03,51.37,0.0,100.0,11.0,0.0,0.0,27.0,0.5,226.0,122.1,193.3,191.4,49.9,0.0,1.0,0.25,0.0,0.0,0.43,-7.58,21.52,-0.94,-0.89,-1.08,2.75,-69.92,44.84,-0.0,5.69,7.44,21.17,0.0,26.58,12.46,10.25,0.0,7.58,0.0,4.2,0.51,0.0,0.33,0.75,0.0,100.0,60.0,100.0,100.0,44.0,0.0,7.58,1.23,0.89,1.08,0.19,1.61,0.3646078547439936,0,0,Slow
P021,"Laguna_Seca, Laguna_Seca",", McLaren 720S GT3","8/24/2023, ",Lap 2,93.054,2.75,0.7,0.53,0.34,0.55,0.0,1.95,0.47,0.22,0.24,0.37,-0.0,129.88,28.18,16.03,9.82,30.6,0.0,100.0,13.0,0.0,0.0,30.0,64.3,223.2,138.1,191.4,192.7,38.4,0.0,1.0,0.25,0.0,0.0,0.43,-7.36,10.45,-1.26,-1.08,-0.69,1.72,-45.95,53.02,3.84,7.44,4.29,17.13,0.0,23.0,11.71,0.0,11.5,6.64,0.0,4.2,0.51,0.33,0.25,0.75,0.0,100.0,63.0,100.0,100.0,43.0,0.0,7.36,1.35,1.08,0.69,-0.39,1.5,-0.5885652312058806,0,1,Fast
P021,"Laguna_Seca, Laguna_Seca",", McLaren 720S GT3","8/24/2023, ",Lap 3,91.129,2.68,0.75,0.34,0.41,0.57,0.0,1.97,0.46,0.24,0.21,0.38,-0.0,150.95,30.96,9.82,13.25,34.24,0.0,100.0,14.0,0.0,0.0,32.0,67.4,223.9,141.8,192.7,190.7,38.6,0.0,1.0,0.29,0.0,0.0,0.46,-9.41,2.64,-1.61,-0.69,-0.89,1.92,-41.91,59.78,3.95,4.29,5.89,17.44,0.0,26.88,13.8,11.5,20.43,8.05,0.0,4.27,0.62,0.25,0.0,0.9,0.0,100.0,65.0,100.0,100.0,42.0,0.0,9.41,1.63,0.69,0.89,0.2,1.89,-0.7169667840717663,0,1,Fast
P021,"Laguna_Seca, Laguna_Seca",", McLaren 720S GT3","8/24/2023, ",Lap 4,91.754,2.75,0.76,0.41,0.54,0.58,0.0,2.11,0.46,0.21,0.25,0.39,-0.0,177.45,33.91,13.25,14.09,40.9,0.0,100.0,14.0,0.0,0.0,32.0,57.5,225.3,140.8,190.7,191.5,40.0,0.0,1.0,0.29,0.0,0.0,0.45,-10.41,12.72,-1.66,-0.89,-0.98,2.61,-46.08,56.79,3.9,5.89,7.62,18.2,0.0,26.38,13.07,20.43,13.72,7.65,0.0,4.13,0.55,0.0,0.25,0.76,0.0,100.0,64.0,100.0,100.0,43.0,0.0,10.41,1.77,0.89,0.98,0.08,2.36,-0.6752779682062189,0,0,Fast
P021,"Laguna_Seca, Laguna_Seca",", McLaren 720S GT3","8/24/2023, ",Lap 5,90.024,2.96,0.77,0.54,0.46,0.6,0.0,2.08,0.45,0.25,0.26,0.39,-0.0,206.39,36.01,14.09,14.28,46.98,0.0,100.0,13.0,0.0,0.0,31.0,67.7,227.7,143.4,191.5,192.6,39.2,0.0,1.0,0.3,0.0,0.0,0.46,-15.2,11.49,-2.02,-0.98,-0.95,3.14,-52.29,52.64,3.99,7.62,7.06,18.06,0.0,27.38,13.8,13.72,2.19,8.07,0.0,4.12,0.6,0.25,0.0,0.87,0.0,100.0,65.0,100.0,100.0,43.0,0.0,15.2,2.07,0.98,0.95,-0.02,3.05,-0.7906726105220542,0,0,Fast
P021,"Laguna_Seca, Laguna_Seca",", McLaren 720S GT3","8/24/2023, ",Lap 6,91.919,2.71,0.75,0.46,0.33,0.59,0.0,1.95,0.46,0.26,0.24,0.39,-0.0,194.39,39.31,14.28,9.32,45.98,0.0,100.0,14.0,0.0,0.0,32.0,58.7,230.1,141.7,192.6,193.0,41.9,0.0,1.0,0.36,0.0,0.0,0.48,-14.53,10.65,-2.28,-0.95,-0.64,3.02,-54.87,70.14,3.91,7.06,4.0,17.68,0.0,33.08,16.65,2.19,31.1,10.07,0.0,4.58,0.69,0.0,0.0,0.96,0.0,100.0,66.0,100.0,100.0,42.0,0.0,14.53,2.33,0.95,0.64,-0.31,2.96,-0.6642721208177149,0,0,Fast
P020,"Laguna_Seca, Laguna_Seca",", McLaren 720S GT3","8/24/2023, ",Lap 2,127.239,13.63,0.53,0.22,0.46,0.59,-0.0,115.88,0.32,0.25,0.2,2.31,-0.0,240.0,34.69,11.0,15.46,46.18,0.0,72.0,4.0,0.0,0.0,11.0,0.0,192.2,103.4,173.9,181.3,53.5,0.0,1.0,0.14,0.0,0.0,0.34,-20.6,26.81,-0.43,-0.77,-1.07,3.68,-190.56,67.8,2.86,3.18,6.93,17.43,0.0,17.3,8.36,0.59,0.0,4.46,0.0,3.42,0.49,0.0,0.23,0.86,0.0,100.0,46.0,100.0,97.0,38.0,0.0,20.6,0.88,0.77,1.07,0.3,1.84,1.6916462413760975,0,1,Slow
P020,"Laguna_Seca, Laguna_Seca",", McLaren 720S GT3","8/24/2023, ",Lap 3,114.199,2.48,0.53,0.46,0.25,0.48,0.0,1.76,0.3,0.2,0.27,0.23,-0.0,240.0,27.89,15.46,9.17,33.32,0.0,77.0,5.0,0.0,0.0,13.0,49.2,200.3,113.9,181.3,187.6,40.7,0.0,1.0,0.21,0.0,0.0,0.41,-8.4,24.13,-0.73,-1.07,-0.62,2.84,-37.83,49.67,3.14,6.93,3.72,15.2,0.0,24.45,13.96,0.0,18.58,6.97,0.0,3.72,0.56,0.23,0.0,0.72,0.0,100.0,45.0,97.0,100.0,39.0,0.0,8.4,1.08,1.07,0.62,-0.45,1.18,0.8218507871573172,0,1,Slow
P020,"Laguna_Seca, Laguna_Seca",", McLaren 720S GT3","8/24/2023, ",Lap 4,105.677,3.17,0.64,0.25,0.32,0.5,0.0,1.36,0.31,0.27,0.28,0.22,-0.0,174.09,27.25,9.17,13.39,28.75,0.0,77.0,5.0,0.0,0.0,13.0,46.3,196.0,123.4,187.6,183.3,39.4,0.0,1.0,0.19,0.0,0.0,0.39,-8.97,5.47,-1.13,-0.62,-0.91,1.32,-40.45,49.53,3.4,3.72,5.59,16.38,0.0,20.03,9.42,18.58,2.8,5.93,0.0,3.65,0.4,0.0,0.2,0.58,0.0,100.0,44.0,100.0,100.0,37.0,0.0,8.97,1.16,0.62,0.91,0.28,1.27,0.2534154450674065,0,0,Slow
P020,"Laguna_Seca, Laguna_Seca",", McLaren 720S GT3","8/24/2023, ",Lap 5,100.274,2.59,0.66,0.32,0.45,0.55,0.0,1.58,0.36,0.28,0.25,0.29,-0.0,214.28,28.99,13.39,12.84,35.79,0.0,100.0,8.0,0.0,0.0,20.0,57.4,210.9,128.8,183.3,191.1,38.3,0.0,1.0,0.25,0.0,0.0,0.43,-13.21,24.09,-0.94,-0.91,-0.88,2.83,-63.83,55.49,3.58,5.59,5.8,17.4,0.0,24.62,11.82,2.8,17.23,7.63,0.0,2.98,0.53,0.2,0.0,0.63,0.0,100.0,52.0,100.0,100.0,39.0,0.0,13.21,1.27,0.91,0.88,-0.02,1.74,-0.1069760303270776,0,0,Fast
P020,"Laguna_Seca, Laguna_Seca",", McLaren 720S GT3","8/24/2023, ",Lap 6,104.002,7.58,0.61,0.45,0.42,0.58,0.0,3.28,0.32,0.25,0.26,0.27,-0.0,164.38,26.88,12.84,12.21,29.58,0.0,73.0,6.0,0.0,0.0,15.0,34.4,203.4,124.7,191.1,190.5,41.4,0.0,1.0,0.23,0.0,0.0,0.42,-10.78,13.66,-1.04,-0.88,-0.81,1.68,-47.59,173.33,3.47,5.8,4.35,16.91,0.0,23.57,12.85,17.23,13.67,7.41,0.0,2.92,0.65,0.0,0.0,0.7,0.0,100.0,47.0,100.0,100.0,39.0,0.0,10.78,1.15,0.88,0.81,-0.07,1.35,0.1416894185477388,0,0,Fast
P019,"Laguna_Seca, Laguna_Seca",", McLaren 720S GT3","8/24/2023, ",Lap 1,103.397,2.2,0.58,0.5,0.49,0.47,0.0,1.84,0.42,0.26,0.26,0.34,-0.0,192.35,28.22,15.45,17.73,34.89,0.0,100.0,11.0,0.0,0.0,25.0,48.6,211.1,124.1,190.6,188.7,36.9,0.0,1.0,0.2,0.0,0.0,0.4,-10.65,15.01,-1.12,-1.05,-1.19,1.53,-62.52,50.25,3.47,7.25,7.89,17.34,0.0,21.0,10.8,15.16,17.64,6.16,0.0,3.72,0.4,0.0,0.0,0.7,0.0,100.0,53.0,100.0,100.0,44.0,0.0,10.65,1.18,1.05,1.19,0.15,1.38,0.1013346447898897,0,0,Fast
P019,"Laguna_Seca, Laguna_Seca",", McLaren 720S GT3","8/24/2023, ",Lap 2,116.792,1.87,0.54,0.49,0.3,0.47,0.0,1.85,0.42,0.26,0.26,0.35,-0.0,215.51,44.73,17.73,8.82,57.68,0.0,100.0,12.0,0.0,0.0,28.0,0.0,205.9,110.3,188.7,192.1,50.1,0.0,1.0,0.2,0.0,0.0,0.4,-6.86,25.09,-0.77,-1.19,-0.54,2.54,-40.46,79.21,6.16,7.89,3.07,18.29,0.0,23.73,12.14,17.64,7.59,6.56,0.0,4.32,0.73,0.0,0.0,1.09,0.0,100.0,51.0,100.0,100.0,44.0,0.0,6.86,1.01,1.19,0.54,-0.65,1.33,0.9948093464203004,0,1,Slow
P019,"Laguna_Seca, Laguna_Seca",", McLaren 720S GT3","8/24/2023, ",Lap 3,100.582,2.09,0.6,0.3,0.36,0.5,0.0,5.57,0.44,0.26,0.26,0.39,-0.0,136.23,27.59,8.82,14.31,32.32,0.0,100.0,12.0,0.0,0.0,29.0,56.3,203.6,127.4,192.1,192.1,34.9,0.0,1.0,0.22,0.0,0.0,0.42,-7.51,3.32,-1.25,-0.54,-1.03,1.63,-44.42,55.27,3.54,3.07,5.77,16.73,0.0,22.32,11.06,7.59,8.93,6.59,0.0,3.57,0.41,0.0,0.0,0.69,0.0,100.0,55.0,100.0,100.0,45.0,0.0,7.51,1.29,0.54,1.03,0.49,1.59,-0.0864317818685363,0,1,Fast
P019,"Laguna_Seca, Laguna_Seca",", McLaren 720S GT3","8/24/2023, ",Lap 4,111.554,6.63,0.55,0.36,0.52,0.5,-0.0,63.45,0.46,0.26,0.26,1.38,-0.0,211.03,36.07,14.31,18.28,45.56,0.0,100.0,11.0,0.0,0.0,26.0,0.0,200.7,115.6,192.1,191.5,48.4,0.0,1.0,0.22,0.0,0.0,0.42,-9.63,8.84,-1.15,-1.03,-1.26,1.91,-69.76,49.42,3.24,5.77,8.31,16.01,0.0,24.75,13.12,8.93,3.96,7.04,0.0,4.2,0.54,0.0,0.0,0.79,0.0,100.0,55.0,100.0,100.0,43.0,0.0,9.63,1.23,1.03,1.26,0.23,1.78,0.6454237184143211,0,0,Slow
P019,"Laguna_Seca, Laguna_Seca",", McLaren 720S GT3","8/24/2023, ",Lap 5,99.377,1.79,0.63,0.52,0.73,0.49,0.0,1.9,0.45,0.26,0.25,0.38,-0.0,144.51,28.56,18.28,22.31,33.98,0.0,100.0,12.0,0.0,0.0,29.0,60.1,201.7,129.0,191.5,192.3,35.8,0.0,1.0,0.23,0.0,0.0,0.42,-8.87,2.76,-1.35,-1.26,-1.45,1.85,-43.64,49.74,3.61,8.31,10.84,16.87,0.0,23.25,11.42,3.96,12.56,6.93,0.0,4.03,0.45,0.0,0.0,0.74,0.0,100.0,58.0,100.0,100.0,43.0,0.0,8.87,1.39,1.26,1.45,0.19,1.8,-0.1668078188573115,0,0,Fast
P019,"Laguna_Seca, Laguna_Seca",", McLaren 720S GT3","8/24/2023, ",Lap 6,98.539,2.29,0.63,0.73,0.69,0.52,0.0,1.9,0.45,0.25,0.25,0.37,-0.0,145.17,28.45,22.31,24.64,33.53,0.0,100.0,12.0,0.0,0.0,28.0,61.2,216.6,130.2,192.3,192.3,36.5,0.0,1.0,0.24,0.0,0.0,0.43,-9.76,3.46,-1.34,-1.45,-1.71,1.91,-45.43,46.19,3.64,10.84,11.87,16.77,0.0,23.9,13.19,12.56,4.78,6.48,0.0,4.03,0.53,0.0,0.0,0.79,0.0,100.0,58.0,100.0,100.0,43.0,0.0,9.76,1.39,1.45,1.71,0.26,1.86,-0.222704183169837,0,0,Fast
P018,"Laguna_Seca, Laguna_Seca",", McLaren 720S GT3","8/24/2023, ",Lap 1,98.069,2.49,0.67,0.44,0.32,0.56,0.0,2.04,0.4,0.27,0.27,0.32,-0.0,146.8,30.03,14.03,9.86,34.8,0.0,100.0,9.0,0.0,0.0,24.0,56.3,210.2,131.6,191.9,191.1,36.2,0.0,1.0,0.26,0.0,0.0,0.44,-8.99,8.99,-1.43,-0.96,-0.7,2.07,-52.56,51.79,3.65,7.28,4.39,17.51,0.0,25.3,12.52,9.2,8.6,7.65,0.0,4.05,0.48,0.0,0.0,0.79,0.0,100.0,55.0,100.0,100.0,46.0,0.0,8.99,1.51,0.96,0.7,-0.26,1.93,-0.2540541727007285,0,0,Fast
P018,"Laguna_Seca, Laguna_Seca",", McLaren 720S GT3","8/24/2023, ",Lap 2,94.447,2.74,0.71,0.32,0.16,0.59,0.0,1.72,0.4,0.27,0.25,0.31,-0.0,141.0,28.47,9.86,3.98,32.06,0.0,100.0,10.0,0.0,0.0,24.0,66.1,210.8,136.7,191.1,192.1,35.1,0.0,1.0,0.27,0.0,0.0,0.44,-11.57,3.59,-1.39,-0.7,-0.32,1.87,-41.18,49.42,3.78,4.39,1.78,17.47,0.0,25.68,12.26,8.6,0.0,7.57,0.0,3.97,0.48,0.0,0.1,0.77,0.0,100.0,56.0,100.0,100.0,46.0,0.0,11.57,1.42,0.7,0.32,-0.39,1.84,-0.4956491984047486,0,1,Fast
P018,"Laguna_Seca, Laguna_Seca",", McLaren 720S GT3","8/24/2023, ",Lap 3,98.417,2.83,0.69,0.16,0.32,0.57,0.0,1.7,0.42,0.25,0.26,0.32,-0.0,199.29,38.11,3.98,9.85,47.35,0.0,100.0,10.0,0.0,0.0,25.0,53.6,214.8,132.2,192.1,193.0,39.2,0.0,1.0,0.3,0.0,0.0,0.46,-14.68,5.58,-2.16,-0.32,-0.66,3.14,-48.43,53.71,3.65,1.78,3.76,17.71,0.0,29.37,14.79,0.0,14.68,8.96,0.0,4.1,0.7,0.1,0.0,0.84,0.0,100.0,57.0,100.0,100.0,46.0,0.0,14.68,2.19,0.32,0.66,0.35,3.11,-0.2308418400267918,0,1,Fast
P018,"Laguna_Seca, Laguna_Seca",", McLaren 720S GT3","8/24/2023, ",Lap 4,97.402,2.55,0.7,0.32,0.44,0.59,0.0,1.78,0.42,0.26,0.27,0.31,-0.0,240.0,35.12,9.85,14.18,45.88,0.0,100.0,10.0,0.0,0.0,22.0,57.8,208.6,132.2,193.0,186.2,36.5,0.0,1.0,0.28,0.0,0.0,0.45,-17.8,9.58,-1.79,-0.66,-1.0,3.07,-48.11,55.37,3.69,3.76,7.05,18.5,0.0,27.63,12.65,14.68,10.5,8.24,0.0,4.08,0.58,0.0,0.85,0.81,0.0,100.0,57.0,100.0,100.0,46.0,0.0,17.8,1.88,0.66,1.0,0.33,2.94,-0.2985444769924408,0,0,Fast
P018,"Laguna_Seca, Laguna_Seca",", McLaren 720S GT3","8/24/2023, ",Lap 5,96.439,2.54,0.68,0.44,0.17,0.59,0.0,1.83,0.44,0.27,0.26,0.32,-0.0,188.37,33.06,14.18,5.63,41.29,0.0,100.0,12.0,0.0,0.0,27.0,56.4,211.5,133.6,186.2,193.0,39.9,0.0,1.0,0.28,0.0,0.0,0.45,-15.51,11.12,-1.65,-1.0,-0.39,2.61,-46.54,50.74,3.7,7.05,2.25,18.09,0.0,27.1,13.37,10.5,1.08,7.86,0.0,4.15,0.71,0.85,0.0,0.85,0.0,100.0,61.0,100.0,100.0,44.0,0.0,15.51,1.73,1.0,0.39,-0.6,2.48,-0.3627786044780767,0,0,Fast
P018,"Laguna_Seca, Laguna_Seca",", McLaren 720S GT3","8/24/2023, ",Lap 6,110.837,2.51,0.68,0.17,0.43,0.55,0.0,1.82,0.42,0.26,0.25,0.31,-0.0,240.0,57.11,5.63,11.49,72.23,0.0,100.0,11.0,0.0,0.0,25.0,0.0,217.5,118.3,193.0,191.6,48.2,0.0,1.0,0.33,0.0,0.0,0.47,-20.22,23.92,-2.08,-0.39,-0.79,4.55,-113.53,50.3,3.24,2.25,5.83,22.37,0.0,36.12,19.02,1.08,29.62,11.09,0.0,4.1,0.91,0.0,0.1,0.93,0.0,100.0,61.0,100.0,100.0,44.0,0.0,20.22,2.38,0.39,0.79,0.39,3.94,0.5975983088533653,0,0,Slow
P017,"Laguna_Seca, Laguna_Seca",", McLaren 720S GT3","24/08/2023, ",Lap 1,143.944,2.86,0.4,0.24,0.13,0.49,0.0,28.03,0.22,0.15,0.29,0.6,-0.0,240.0,56.01,5.42,4.15,82.22,0.0,100.0,5.0,0.0,0.0,15.0,0.0,188.5,90.0,184.6,184.0,47.4,0.0,1.0,0.15,0.0,0.0,0.36,-17.35,28.14,-1.03,-0.35,-0.27,3.28,-180.74,51.95,0.01,3.09,1.96,19.73,0.0,21.48,12.29,12.37,18.05,6.14,0.0,3.92,0.41,0.0,0.0,0.72,0.0,100.0,33.0,76.0,100.0,28.0,0.0,17.35,1.2,0.35,0.27,-0.08,2.6,2.805904911830446,1,0,
P017,"Laguna_Seca, Laguna_Seca",", McLaren 720S GT3","24/08/2023, ",Lap 2,116.534,3.2,0.48,0.13,0.04,0.5,0.0,1.5,0.25,0.29,0.23,0.25,-0.0,240.0,32.07,4.15,1.67,52.82,0.0,100.0,6.0,0.0,0.0,18.0,47.6,206.2,110.7,184.0,184.8,36.2,0.0,1.0,0.17,0.0,0.0,0.37,-19.63,1.61,-1.72,-0.27,-0.16,3.59,-38.68,54.83,3.07,1.96,0.76,15.68,0.0,19.57,10.26,18.05,15.65,5.23,0.0,4.07,0.43,0.0,0.4,0.71,0.0,100.0,40.0,100.0,93.0,33.0,0.0,19.63,1.73,0.27,0.16,-0.11,3.58,0.9776002032310028,0,1,Slow
P017,"Laguna_Seca, Laguna_Seca",", McLaren 720S GT3","24/08/2023, ",Lap 3,110.172,2.62,0.54,0.04,0.11,0.54,0.0,1.5,0.31,0.23,0.19,0.28,-0.0,240.0,36.56,1.67,4.51,61.5,0.0,100.0,7.0,0.0,0.0,21.0,56.9,194.7,116.6,184.8,173.8,32.4,0.0,1.0,0.22,0.0,0.0,0.41,-18.22,11.39,-2.03,-0.16,-0.32,4.18,-94.24,56.21,3.26,0.76,2.2,17.9,0.0,24.03,11.64,15.65,11.54,6.89,0.0,4.32,0.51,0.4,0.92,0.72,0.0,100.0,46.0,93.0,83.0,33.0,0.0,18.22,2.07,0.16,0.32,0.16,4.14,0.5532414087724224,0,1,Slow
P017,"Laguna_Seca, Laguna_Seca",", McLaren 720S GT3","24/08/2023, ",Lap 4,108.137,3.15,0.53,0.11,0.06,0.53,0.0,1.6,0.32,0.19,0.28,0.28,-0.0,240.0,32.35,4.51,1.55,53.31,0.0,100.0,7.0,0.0,0.0,19.0,61.2,189.8,118.5,173.8,189.8,32.3,0.0,1.0,0.2,0.0,0.0,0.4,-18.28,7.31,-1.73,-0.32,-0.11,3.56,-89.23,58.99,3.32,2.2,0.49,17.16,0.0,21.83,11.56,11.54,5.68,6.36,0.0,3.78,0.46,0.92,0.0,0.68,0.0,100.0,46.0,83.0,100.0,38.0,0.0,18.28,1.75,0.32,0.11,-0.22,3.54,0.4175026243142005,0,0,Slow
P017,"Laguna_Seca, Laguna_Seca",", McLaren 720S GT3","24/08/2023, ",Lap 5,118.059,8.47,0.51,0.06,0.27,0.55,0.0,17.69,0.32,0.28,0.16,0.5,-0.0,240.0,50.83,1.55,7.46,76.53,0.0,100.0,8.0,0.0,0.0,22.0,0.4,208.1,109.7,189.8,167.5,43.8,0.0,1.0,0.23,0.0,0.0,0.42,-19.42,27.85,-1.85,-0.11,-0.45,4.99,-269.79,79.4,3.05,0.49,3.88,19.29,0.0,26.92,16.35,5.68,19.38,7.61,0.0,4.13,0.59,0.0,0.15,0.99,0.0,100.0,47.0,100.0,80.0,36.0,0.0,19.42,2.09,0.11,0.45,0.34,4.28,1.0793209139429376,0,0,Slow
P017,"Laguna_Seca, Laguna_Seca",", McLaren 720S GT3","24/08/2023, ",Lap 6,124.589,3.4,0.47,0.27,0.25,0.49,0.0,12.15,0.29,0.16,0.08,0.37,-0.0,240.0,51.69,7.46,5.73,76.61,0.0,100.0,7.0,0.0,0.0,21.0,0.0,183.5,102.9,167.5,178.2,46.1,0.0,1.0,0.18,0.0,0.0,0.38,-15.35,27.72,-0.92,-0.45,-0.36,2.76,-122.48,79.52,0.02,3.88,3.2,21.01,0.0,21.87,12.32,19.38,0.0,6.06,0.0,4.28,0.43,0.15,0.08,0.69,0.0,100.0,45.0,80.0,33.0,34.0,0.0,15.35,1.09,0.45,0.36,-0.09,1.89,1.5148856621061764,0,0,Slow
P016,"Laguna_Seca, Laguna_Seca",", McLaren 720S GT3","24/08/2023, ",Lap 1,93.734,3.32,0.69,0.57,0.55,0.55,0.0,1.88,0.45,0.26,0.25,0.36,-0.0,147.66,25.55,14.17,13.9,27.71,0.0,100.0,12.0,0.0,0.0,25.0,60.8,222.8,136.4,190.7,193.7,37.4,0.0,1.0,0.21,0.0,0.0,0.41,-6.31,3.05,-1.12,-0.87,-0.93,1.36,-54.67,54.62,3.83,7.41,6.97,16.99,0.0,19.7,10.37,8.9,6.3,5.79,0.0,3.87,0.39,0.0,0.0,0.62,0.0,100.0,62.0,100.0,100.0,42.0,0.0,6.31,1.18,0.87,0.93,0.06,1.28,-0.5432077995441655,0,0,Fast
P016,"Laguna_Seca, Laguna_Seca",", McLaren 720S GT3","24/08/2023, ",Lap 2,91.077,2.82,0.73,0.55,0.68,0.57,0.0,1.8,0.48,0.25,0.24,0.36,-0.0,162.53,27.55,13.9,16.4,31.67,0.0,100.0,14.0,0.0,0.0,27.0,61.8,227.2,140.6,193.7,193.7,39.1,0.0,1.0,0.23,0.0,0.0,0.42,-8.12,3.09,-1.31,-0.93,-1.1,1.61,-63.27,53.05,3.92,6.97,9.04,17.51,0.0,20.65,10.47,6.3,14.46,6.14,0.0,3.47,0.41,0.0,0.0,0.63,0.0,100.0,66.0,100.0,100.0,42.0,0.0,8.12,1.34,0.93,1.1,0.17,1.57,-0.7204352935517803,0,1,Fast
P016,"Laguna_Seca, Laguna_Seca",", McLaren 720S GT3","24/08/2023, ",Lap 3,89.957,3.08,0.75,0.68,0.51,0.58,0.0,1.87,0.46,0.24,0.25,0.37,-0.0,170.6,28.24,16.4,13.1,33.7,0.0,100.0,13.0,0.0,0.0,28.0,68.5,224.2,142.5,193.7,194.0,37.6,0.0,1.0,0.25,0.0,0.0,0.43,-9.55,1.89,-1.39,-1.1,-0.84,1.81,-52.43,54.59,4.0,9.04,6.67,17.68,0.0,22.23,11.79,14.46,6.23,6.39,0.0,4.17,0.43,0.0,0.0,0.68,0.0,100.0,65.0,100.0,100.0,42.0,0.0,9.55,1.42,1.1,0.84,-0.25,1.79,-0.7951416515828413,0,1,Fast
P016,"Laguna_Seca, Laguna_Seca",", McLaren 720S GT3","24/08/2023, ",Lap 4,90.744,2.95,0.73,0.51,0.37,0.57,0.0,1.8,0.46,0.25,0.25,0.37,-0.0,166.07,28.51,13.1,9.61,32.51,0.0,100.0,13.0,0.0,0.0,28.0,63.8,224.5,140.8,194.0,193.5,38.3,0.0,1.0,0.25,0.0,0.0,0.43,-8.21,5.36,-1.4,-0.84,-0.66,1.7,-45.55,55.2,3.96,6.67,4.08,17.48,0.0,22.58,12.18,6.23,14.45,6.46,0.0,4.02,0.48,0.0,0.12,0.69,0.0,100.0,64.0,100.0,100.0,42.0,0.0,8.21,1.42,0.84,0.66,-0.18,1.67,-0.7426470946449437,0,0,Fast
P016,"Laguna_Seca, Laguna_Seca",", McLaren 720S GT3","24/08/2023, ",Lap 5,90.789,2.56,0.73,0.37,0.52,0.57,0.0,1.9,0.47,0.25,0.27,0.37,-0.0,160.53,29.76,9.61,13.51,35.76,0.0,100.0,14.0,0.0,0.0,29.0,64.5,226.7,141.2,193.5,193.5,38.4,0.0,1.0,0.24,0.0,0.0,0.43,-10.96,1.93,-1.56,-0.66,-0.88,2.12,-40.93,53.12,3.94,4.08,7.14,17.03,0.0,22.1,11.42,14.45,6.63,6.43,0.0,4.05,0.48,0.12,0.0,0.71,0.0,100.0,67.0,100.0,100.0,42.0,0.0,10.96,1.57,0.66,0.88,0.21,2.11,-0.7396454999026242,0,0,Fast
P016,"Laguna_Seca, Laguna_Seca",", McLaren 720S GT3","24/08/2023, ",Lap 6,91.167,2.64,0.75,0.52,0.41,0.57,0.0,1.82,0.48,0.27,0.25,0.38,-0.0,170.53,31.18,13.51,9.64,36.86,0.0,100.0,14.0,0.0,0.0,30.0,63.9,227.4,140.9,193.5,193.7,39.1,0.0,1.0,0.26,0.0,0.0,0.44,-10.01,8.32,-1.59,-0.88,-0.63,2.12,-42.35,52.44,3.94,7.14,4.49,17.7,0.0,24.17,11.48,6.63,6.77,7.25,0.0,3.72,0.5,0.0,0.03,0.69,0.0,100.0,67.0,100.0,100.0,41.0,0.0,10.01,1.63,0.88,0.63,-0.25,2.06,-0.7144321040671412,0,0,Fast
P015,"Laguna_Seca, Laguna_Seca",", McLaren 720S GT3","24/08/2023, ",Lap 1,103.612,2.27,0.6,0.39,0.37,0.48,0.0,2.06,0.47,0.25,0.24,0.35,-0.0,240.0,35.31,10.59,9.38,47.24,0.0,100.0,17.0,3.0,0.0,32.0,36.6,205.5,125.6,184.3,180.4,38.5,0.0,1.0,0.23,0.0,0.0,0.42,-19.32,4.88,-1.65,-0.69,-0.59,2.85,-44.96,60.84,3.48,5.42,3.48,16.73,0.0,23.93,12.83,22.72,3.83,7.63,0.0,3.98,0.5,0.22,0.0,0.73,0.0,100.0,67.0,100.0,94.0,37.0,0.0,19.32,1.7,0.69,0.59,-0.1,2.79,0.1156755974476372,0,0,Fast
P015,"Laguna_Seca, Laguna_Seca",", McLaren 720S GT3","24/08/2023, ",Lap 2,104.987,2.21,0.57,0.37,0.33,0.43,0.0,1.97,0.46,0.24,0.23,0.36,-0.0,202.79,30.48,9.38,8.33,36.53,0.0,100.0,16.0,0.0,2.0,32.0,48.1,215.8,122.8,180.4,186.8,40.2,0.0,1.0,0.21,0.0,0.0,0.41,-16.5,0.55,-1.46,-0.59,-0.56,2.04,-45.64,46.66,3.41,3.48,4.46,15.82,0.0,22.47,12.57,3.83,21.12,6.5,0.0,4.1,0.42,0.0,0.02,0.81,0.0,100.0,60.0,94.0,100.0,36.0,0.0,16.5,1.46,0.59,0.56,-0.04,2.03,0.2073909923518414,0,1,Slow
P015,"Laguna_Seca, Laguna_Seca",", McLaren 720S GT3","24/08/2023, ",Lap 3,109.679,2.1,0.54,0.33,0.36,0.42,0.0,1.85,0.48,0.23,0.25,0.37,-0.0,218.87,34.36,8.33,7.62,40.42,0.0,100.0,18.0,2.0,0.0,32.0,36.3,214.9,118.3,186.8,193.0,42.2,0.0,1.0,0.25,0.0,0.0,0.43,-12.06,25.68,-1.33,-0.56,-0.56,2.6,-50.46,45.56,3.27,4.46,3.34,16.17,0.0,27.38,13.31,21.12,0.0,8.27,0.0,4.9,0.61,0.02,0.05,1.1,0.0,100.0,65.0,100.0,100.0,37.0,0.0,12.06,1.49,0.56,0.56,0.01,1.88,0.520357270817679,0,1,Slow
P015,"Laguna_Seca, Laguna_Seca",", McLaren 720S GT3","24/08/2023, ",Lap 4,110.179,4.68,0.54,0.36,0.5,0.45,0.0,8.83,0.52,0.25,0.25,0.41,-0.0,238.91,37.88,7.62,12.41,51.41,0.0,100.0,21.0,0.0,0.0,36.0,0.0,225.3,117.4,193.0,190.9,49.2,0.0,1.0,0.23,0.0,0.0,0.42,-15.12,13.51,-0.99,-0.56,-0.83,2.12,-219.77,52.94,3.24,3.34,5.86,21.22,0.0,25.35,14.33,0.0,0.0,7.54,0.0,4.77,0.68,0.05,0.0,0.92,0.0,100.0,65.0,100.0,100.0,39.0,0.0,15.12,1.15,0.56,0.83,0.26,1.64,0.5537083235101169,0,0,Slow
P015,"Laguna_Seca, Laguna_Seca",", McLaren 720S GT3","24/08/2023, ",Lap 5,112.882,5.19,0.56,0.5,0.29,0.46,0.0,8.66,0.48,0.25,0.27,0.4,-0.0,160.77,33.45,12.41,7.97,37.35,0.0,100.0,17.0,0.0,0.0,33.0,21.0,225.7,115.6,190.9,192.2,47.2,0.0,1.0,0.21,0.0,0.0,0.4,-9.67,13.43,-0.82,-0.83,-0.55,2.35,-63.33,171.6,3.22,5.86,3.81,20.45,0.0,23.2,12.29,0.0,12.53,6.59,0.0,4.38,0.5,0.0,0.0,0.78,0.0,100.0,60.0,100.0,100.0,39.0,0.0,9.67,1.11,0.83,0.55,-0.28,1.47,0.7340041143654363,0,0,Slow
P015,"Laguna_Seca, Laguna_Seca",", McLaren 720S GT3","24/08/2023, ",Lap 6,100.737,1.92,0.59,0.29,0.5,0.46,0.0,2.11,0.52,0.27,0.26,0.36,-0.0,195.18,29.43,7.97,13.75,33.88,0.0,100.0,21.0,0.0,0.0,36.0,56.1,224.5,128.0,192.2,191.8,41.6,0.0,1.0,0.26,0.0,0.0,0.44,-9.79,3.11,-1.4,-0.55,-0.94,1.62,-36.54,49.06,3.54,3.81,6.73,16.27,0.0,26.48,14.45,12.53,0.0,7.56,0.0,4.38,0.57,0.0,0.0,0.89,0.0,100.0,66.0,100.0,100.0,37.0,0.0,9.79,1.42,0.55,0.94,0.39,1.61,-0.0760929555338805,0,0,Fast
P014,"Laguna_Seca, Laguna_Seca",", McLaren 720S GT3","24/08/2023, ",Lap 1,88.754,2.67,0.79,0.28,0.2,0.56,0.0,2.0,0.46,0.24,0.23,0.38,-0.0,160.93,29.53,7.36,5.23,32.27,0.0,100.0,12.0,0.0,0.0,27.0,62.5,227.1,144.6,194.2,191.8,39.0,0.0,1.0,0.27,0.0,0.0,0.44,-9.68,2.65,-1.48,-0.58,-0.36,1.7,-40.93,54.64,4.03,3.2,2.12,17.43,0.0,24.07,11.55,0.0,8.18,7.38,0.0,4.02,0.51,0.0,0.0,0.76,0.0,100.0,67.0,100.0,100.0,43.0,0.0,9.68,1.51,0.58,0.36,-0.23,1.68,-0.8753842843608461,0,0,Fast
P014,"Laguna_Seca, Laguna_Seca",", McLaren 720S GT3","24/08/2023, ",Lap 2,88.199,2.82,0.79,0.2,0.22,0.56,0.0,2.05,0.48,0.23,0.23,0.39,-0.0,172.99,30.63,5.23,6.28,32.76,0.0,100.0,14.0,0.0,0.0,31.0,60.3,229.6,145.7,191.8,192.2,39.1,0.0,1.0,0.27,0.0,0.0,0.44,-9.02,2.19,-1.59,-0.36,-0.47,1.79,-44.9,64.79,4.06,2.12,2.07,17.32,0.0,23.42,11.61,8.18,9.37,7.26,0.0,4.15,0.5,0.0,0.0,0.82,0.0,100.0,68.0,100.0,100.0,43.0,0.0,9.02,1.61,0.36,0.47,0.11,1.76,-0.9124039528494526,0,1,Fast
P014,"Laguna_Seca, Laguna_Seca",", McLaren 720S GT3","24/08/2023, ",Lap 3,88.022,2.98,0.8,0.22,0.34,0.56,0.0,2.01,0.48,0.23,0.23,0.37,-0.0,181.45,31.54,6.28,10.61,34.27,0.0,100.0,15.0,0.0,0.0,32.0,55.5,230.1,146.1,192.2,192.5,39.3,0.0,1.0,0.28,0.0,0.0,0.45,-9.56,1.09,-1.68,-0.47,-0.71,1.9,-52.73,55.19,4.09,2.07,4.57,17.26,0.0,24.3,12.16,9.37,1.94,7.42,0.0,3.95,0.55,0.0,0.0,0.79,0.0,100.0,69.0,100.0,100.0,43.0,0.0,9.56,1.7,0.47,0.71,0.24,1.88,-0.9242102255025751,0,1,Fast
P014,"Laguna_Seca, Laguna_Seca",", McLaren 720S GT3","24/08/2023, ",Lap 4,88.789,3.02,0.8,0.34,0.2,0.56,0.0,2.57,0.48,0.23,0.25,0.39,-0.0,209.05,33.7,10.61,5.0,37.1,0.0,100.0,15.0,0.0,0.0,33.0,50.2,230.2,145.1,192.5,194.0,42.0,0.0,1.0,0.3,0.0,0.0,0.46,-10.66,7.66,-1.75,-0.71,-0.34,2.07,-57.9,55.47,4.02,4.57,1.9,17.91,0.0,26.6,12.99,1.94,19.68,8.41,0.0,3.95,0.59,0.0,0.0,0.87,0.0,100.0,69.0,100.0,100.0,42.0,0.0,10.66,1.79,0.71,0.34,-0.37,1.99,-0.8730497106723758,0,0,Fast
P014,"Laguna_Seca, Laguna_Seca",", McLaren 720S GT3","24/08/2023, ",Lap 5,88.182,2.85,0.81,0.2,0.23,0.57,0.0,1.93,0.47,0.25,0.24,0.38,-0.0,196.46,32.85,5.0,6.53,36.47,0.0,100.0,15.0,0.0,0.0,32.0,46.4,231.5,146.3,194.0,191.6,41.6,0.0,1.0,0.29,0.0,0.0,0.46,-10.58,1.11,-1.69,-0.34,-0.46,1.95,-66.1,53.81,4.06,1.9,2.88,17.61,0.0,25.93,12.3,19.68,21.27,8.18,0.0,3.82,0.52,0.0,0.05,0.84,0.0,100.0,70.0,100.0,100.0,43.0,0.0,10.58,1.7,0.34,0.46,0.12,1.93,-0.9135378886409952,0,0,Fast
P014,"Laguna_Seca, Laguna_Seca",", McLaren 720S GT3","24/08/2023, ",Lap 6,88.032,2.93,0.81,0.23,0.25,0.56,0.0,2.03,0.47,0.24,0.32,0.38,-0.0,175.32,30.92,6.53,8.36,33.39,0.0,100.0,13.0,0.0,0.0,30.0,64.7,228.8,145.9,191.6,189.0,38.7,0.0,1.0,0.27,0.0,0.0,0.44,-10.21,3.29,-1.6,-0.46,-0.55,1.9,-41.75,61.87,4.08,2.88,3.71,17.41,0.0,23.77,11.02,21.27,21.39,7.44,0.0,3.87,0.52,0.05,0.0,0.79,0.0,100.0,68.0,100.0,100.0,43.0,0.0,10.21,1.63,0.46,0.55,0.09,1.86,-0.9235432044487272,0,0,Fast
P013,"Laguna_Seca, Laguna_Seca",", McLaren 720S GT3","24/08/2023, ",Lap 1,94.027,2.56,0.7,0.03,0.36,0.56,0.0,2.01,0.44,0.26,0.26,0.35,-0.0,206.74,33.59,2.52,10.13,42.09,0.0,100.0,13.0,0.0,0.0,29.0,58.0,212.0,136.7,193.3,193.0,38.0,0.0,1.0,0.28,0.0,0.0,0.45,-12.54,5.63,-1.8,-0.21,-0.68,2.77,-43.93,52.25,3.84,0.86,3.93,17.03,0.0,26.72,14.03,9.54,20.3,7.93,0.0,4.22,0.58,0.0,0.0,0.79,0.0,100.0,63.0,100.0,100.0,43.0,0.0,12.54,1.88,0.21,0.68,0.48,2.67,-0.5236640826663965,0,0,Fast
P013,"Laguna_Seca, Laguna_Seca",", McLaren 720S GT3","24/08/2023, ",Lap 2,97.157,2.58,0.67,0.36,0.34,0.53,0.0,1.82,0.44,0.26,0.26,0.36,-0.0,240.0,31.36,10.13,11.19,38.65,0.0,100.0,13.0,0.0,0.0,29.0,59.4,214.5,132.8,193.0,192.7,37.3,0.0,1.0,0.29,0.0,0.0,0.45,-15.5,10.37,-1.53,-0.68,-0.76,2.58,-50.87,47.33,3.68,3.93,4.48,17.19,0.0,27.77,13.14,20.3,9.44,8.48,0.0,3.72,0.61,0.0,0.0,0.84,0.0,100.0,63.0,100.0,100.0,43.0,0.0,15.5,1.64,0.68,0.76,0.08,2.4,-0.3148864928117357,0,1,Fast
P013,"Laguna_Seca, Laguna_Seca",", McLaren 720S GT3","24/08/2023, ",Lap 3,98.869,3.06,0.72,0.34,0.35,0.54,0.0,1.78,0.41,0.26,0.27,0.33,-0.0,240.0,44.47,11.19,10.94,59.3,0.0,100.0,11.0,0.0,0.0,28.0,53.1,216.3,131.8,192.7,187.4,38.7,0.0,1.0,0.34,0.0,0.0,0.47,-19.77,14.76,-2.45,-0.76,-0.72,4.49,-61.93,56.02,3.62,4.48,4.9,18.47,0.0,33.57,17.36,9.44,6.71,10.13,0.0,4.18,0.77,0.0,0.18,0.86,0.0,100.0,61.0,100.0,100.0,43.0,0.0,19.77,2.65,0.76,0.72,-0.04,4.21,-0.2006924883928281,0,1,Fast
P013,"Laguna_Seca, Laguna_Seca",", McLaren 720S GT3","24/08/2023, ",Lap 4,96.004,3.19,0.71,0.35,0.49,0.57,0.0,1.87,0.45,0.27,0.25,0.34,-0.0,192.63,32.35,10.94,21.83,37.55,0.0,100.0,12.0,0.0,0.0,29.0,61.3,213.3,134.2,187.4,193.4,36.9,0.0,1.0,0.29,0.0,0.0,0.45,-11.89,9.6,-1.6,-0.72,-1.54,2.45,-44.81,57.28,3.74,4.9,10.67,17.87,0.0,27.8,14.1,6.71,26.69,8.66,0.0,3.7,0.66,0.18,0.0,0.8,0.0,100.0,63.0,100.0,100.0,44.0,0.0,11.89,1.7,0.72,1.54,0.82,2.28,-0.3917940203204968,0,0,Fast
P013,"Laguna_Seca, Laguna_Seca",", McLaren 720S GT3","24/08/2023, ",Lap 5,99.142,3.59,0.66,0.49,0.29,0.54,0.0,1.82,0.43,0.25,0.27,0.34,-0.0,194.19,31.54,21.83,9.31,40.87,0.0,100.0,11.0,0.0,0.0,26.0,62.1,216.5,130.1,193.4,190.2,35.8,0.0,1.0,0.24,0.0,0.0,0.42,-12.0,3.98,-1.64,-1.54,-0.66,2.64,-37.85,70.24,3.62,10.67,5.23,17.27,0.0,26.69,12.58,26.69,10.29,6.85,0.0,4.15,0.5,0.0,0.1,0.66,0.0,100.0,60.0,100.0,100.0,43.0,0.0,12.0,1.7,1.54,0.66,-0.88,2.58,-0.1824828136227573,0,0,Fast
P013,"Laguna_Seca, Laguna_Seca",", McLaren 720S GT3","24/08/2023, ",Lap 6,119.447,2.54,0.66,0.29,0.26,0.54,-0.0,7.23,0.39,0.27,0.12,0.37,-0.0,240.0,65.46,9.31,9.99,80.57,0.0,100.0,10.0,0.0,0.0,26.0,0.0,212.7,110.8,190.2,179.7,58.1,0.0,1.0,0.24,0.0,0.0,0.43,-15.53,28.3,-0.94,-0.66,-0.67,4.07,-48.67,90.61,6.01,5.23,3.53,22.02,0.0,28.67,15.7,10.29,0.0,7.75,0.0,4.23,0.79,0.1,0.48,0.79,0.0,100.0,57.0,100.0,67.0,42.0,0.0,15.53,1.43,0.66,0.67,0.01,2.6,1.1719034362171457,0,0,Slow
P012,"Laguna_Seca, Laguna_Seca",", McLaren 720S GT3","24/08/2023, ",Lap 1,92.874,2.58,0.73,0.38,0.41,0.57,0.0,1.82,0.45,0.27,0.26,0.35,-0.0,225.59,36.3,9.85,13.0,46.67,0.0,100.0,12.0,0.0,0.0,25.0,64.8,223.4,138.4,191.4,191.2,38.3,0.0,1.0,0.3,0.0,0.0,0.46,-14.44,13.84,-1.89,-0.69,-0.88,2.94,-56.99,52.57,3.86,4.03,5.56,18.61,0.0,27.75,14.62,17.17,6.66,8.17,0.0,4.15,0.58,0.0,0.03,0.79,0.0,100.0,64.0,100.0,100.0,43.0,0.0,14.44,1.98,0.69,0.88,0.2,2.8,-0.6005716101751587,0,0,Fast
P012,"Laguna_Seca, Laguna_Seca",", McLaren 720S GT3","24/08/2023, ",Lap 2,103.454,3.5,0.69,0.41,0.44,0.53,0.0,14.61,0.45,0.26,0.25,0.47,-0.0,240.0,50.3,13.0,17.36,63.98,0.0,100.0,12.0,0.0,0.0,27.0,11.1,225.2,125.1,191.2,192.8,45.0,0.0,1.0,0.3,0.0,0.0,0.46,-16.64,25.68,-1.6,-0.88,-1.24,5.26,-213.31,52.7,-0.02,5.56,8.16,26.38,0.0,30.97,18.11,6.66,0.0,8.96,0.0,4.2,0.99,0.03,0.0,1.27,0.0,100.0,62.0,100.0,100.0,43.0,0.0,16.64,2.21,0.88,1.24,0.35,3.75,0.1051366647968268,0,1,Fast
P012,"Laguna_Seca, Laguna_Seca",", McLaren 720S GT3","24/08/2023, ",Lap 3,95.502,2.38,0.7,0.44,0.37,0.54,0.0,1.86,0.47,0.25,0.3,0.38,-0.0,240.0,33.3,17.36,10.07,45.27,0.0,100.0,14.0,0.0,0.0,30.0,44.4,227.0,134.8,192.8,186.0,42.3,0.0,1.0,0.27,0.0,0.0,0.45,-16.7,2.89,-1.56,-1.24,-0.69,2.56,-34.69,57.73,3.75,8.16,5.18,17.79,0.0,26.27,12.2,0.0,23.11,7.72,0.0,4.52,0.56,0.0,1.0,0.77,0.0,100.0,65.0,100.0,100.0,42.0,0.0,16.7,1.59,1.24,0.69,-0.55,2.54,-0.4252784772237051,0,1,Fast
P012,"Laguna_Seca, Laguna_Seca",", McLaren 720S GT3","24/08/2023, ",Lap 4,104.324,2.88,0.64,0.37,0.44,0.53,0.0,3.01,0.46,0.3,0.26,0.36,-0.0,240.0,44.14,10.07,11.45,57.97,0.0,100.0,16.0,0.0,0.0,31.0,0.0,219.9,123.3,186.0,192.7,54.5,0.0,1.0,0.23,0.0,0.0,0.42,-9.8,27.25,-1.01,-0.69,-0.74,2.47,-87.95,98.29,3.46,5.18,5.99,20.11,0.0,23.55,13.03,23.11,10.36,6.51,0.0,4.13,0.53,1.0,0.07,0.78,0.0,100.0,59.0,100.0,100.0,43.0,0.0,9.8,1.21,0.69,0.74,0.05,1.66,0.163167496481669,0,0,Slow
P012,"Laguna_Seca, Laguna_Seca",", McLaren 720S GT3","24/08/2023, ",Lap 5,92.977,2.57,0.74,0.44,0.31,0.57,0.0,1.8,0.47,0.26,0.25,0.38,-0.0,240.0,34.74,11.45,5.85,44.78,0.0,100.0,13.0,0.0,0.0,29.0,49.4,227.8,138.6,192.7,186.5,41.2,0.0,1.0,0.3,0.0,0.0,0.46,-15.84,2.27,-1.83,-0.74,-0.31,2.71,-33.56,56.15,3.85,5.99,1.36,17.97,0.0,27.78,13.3,10.36,22.78,8.26,0.0,3.82,0.57,0.07,0.58,0.76,0.0,100.0,66.0,100.0,100.0,42.0,0.0,15.84,1.87,0.74,0.31,-0.43,2.67,-0.5937012933205159,0,0,Fast
P012,"Laguna_Seca, Laguna_Seca",", McLaren 720S GT3","24/08/2023, ",Lap 6,92.469,2.59,0.72,0.31,0.42,0.56,0.0,1.84,0.47,0.25,0.25,0.36,-0.0,240.0,37.38,5.85,15.23,50.17,0.0,100.0,13.0,0.0,0.0,28.0,62.1,221.7,139.1,186.5,193.5,39.1,0.0,1.0,0.31,0.0,0.0,0.46,-17.1,14.74,-2.04,-0.31,-1.04,3.41,-57.88,59.24,3.88,1.36,5.39,18.19,0.0,28.28,14.84,22.78,19.23,8.81,0.0,3.93,0.66,0.58,0.0,0.78,0.0,100.0,65.0,100.0,100.0,43.0,0.0,17.1,2.13,0.31,1.04,0.73,3.28,-0.6275859628560334,0,0,Fast
P011,"Laguna_Seca, Laguna_Seca",", McLaren 720S GT3","24/08/2023, ",Lap 1,91.624,2.8,0.74,0.46,0.37,0.56,0.0,1.89,0.42,0.27,0.26,0.38,-0.0,207.03,30.38,11.03,9.77,35.05,0.0,100.0,13.0,0.0,0.0,31.0,61.1,227.1,140.4,190.0,191.2,38.5,0.0,1.0,0.27,0.0,0.0,0.44,-14.37,1.71,-1.57,-0.7,-0.65,2.01,-42.56,53.34,3.92,5.52,3.83,17.09,0.0,24.35,11.95,2.37,15.58,7.21,0.0,4.35,0.48,0.02,0.02,0.82,0.0,100.0,66.0,100.0,100.0,41.0,0.0,14.37,1.59,0.7,0.65,-0.05,2.0,-0.6839492419062534,0,0,Fast
P011,"Laguna_Seca, Laguna_Seca",", McLaren 720S GT3","24/08/2023, ",Lap 2,90.937,2.69,0.76,0.37,0.25,0.58,0.0,1.93,0.44,0.26,0.26,0.38,-0.0,219.51,35.82,9.77,8.16,45.05,0.0,100.0,13.0,0.0,0.0,32.0,62.4,229.4,142.2,191.2,191.3,38.9,0.0,1.0,0.34,0.0,0.0,0.47,-14.39,8.71,-1.98,-0.65,-0.58,2.94,-43.53,49.73,3.93,3.83,3.43,17.66,0.0,30.77,16.08,15.58,12.92,9.18,0.0,4.25,0.67,0.02,0.0,0.84,0.0,100.0,66.0,100.0,100.0,43.0,0.0,14.39,2.05,0.65,0.58,-0.07,2.84,-0.7297735883056629,0,1,Fast
P011,"Laguna_Seca, Laguna_Seca",", McLaren 720S GT3","24/08/2023, ",Lap 3,90.019,3.13,0.77,0.25,0.38,0.61,0.0,1.94,0.44,0.26,0.26,0.38,-0.0,216.74,36.5,8.16,8.9,46.16,0.0,100.0,12.0,0.0,0.0,30.0,64.4,226.9,142.8,191.3,191.9,38.4,0.0,1.0,0.32,0.0,0.0,0.47,-15.81,8.19,-2.08,-0.58,-0.61,3.24,-48.23,58.58,3.99,3.43,4.31,17.78,0.0,28.77,14.71,12.92,8.05,8.67,0.0,4.07,0.58,0.0,0.0,0.82,0.0,100.0,65.0,100.0,100.0,43.0,0.0,15.81,2.14,0.58,0.61,0.03,3.16,-0.7910061210489783,0,1,Fast
P011,"Laguna_Seca, Laguna_Seca",", McLaren 720S GT3","24/08/2023, ",Lap 4,106.984,2.78,0.73,0.38,0.22,0.59,0.0,1.98,0.39,0.26,0.26,0.35,-0.0,240.0,54.19,8.9,9.54,65.13,0.0,100.0,11.0,0.0,0.0,28.0,0.0,228.0,122.4,191.9,192.6,56.2,0.0,1.0,0.29,0.0,0.0,0.46,-15.42,29.18,-1.32,-0.61,-0.72,4.56,-92.44,106.7,-0.03,4.31,2.92,22.85,0.0,31.52,16.85,8.05,7.56,10.01,0.0,4.23,0.7,0.0,0.23,0.78,0.0,100.0,58.0,100.0,100.0,44.0,0.0,15.42,1.81,0.61,0.72,0.12,2.76,0.3405950968054383,0,0,Slow
P011,"Laguna_Seca, Laguna_Seca",", McLaren 720S GT3","24/08/2023, ",Lap 5,89.592,2.39,0.76,0.22,0.29,0.58,0.0,1.86,0.46,0.26,0.26,0.38,-0.0,215.71,33.72,9.54,9.55,42.86,0.0,100.0,13.0,0.0,0.0,30.0,66.2,229.3,143.8,192.6,191.9,38.1,0.0,1.0,0.27,0.0,0.0,0.45,-14.44,2.31,-1.89,-0.72,-0.72,2.7,-40.93,63.25,4.01,2.92,3.83,17.5,0.0,24.57,12.26,7.56,17.69,7.22,0.0,4.28,0.51,0.23,0.0,0.79,0.0,100.0,67.0,100.0,100.0,43.0,0.0,14.44,1.91,0.72,0.72,-0.0,2.68,-0.8194879200483207,0,0,Fast
P011,"Laguna_Seca, Laguna_Seca",", McLaren 720S GT3","24/08/2023, ",Lap 6,99.917,3.27,0.7,0.29,0.4,0.6,0.0,4.22,0.45,0.26,0.25,0.38,-0.0,240.0,47.29,9.55,9.8,60.58,0.0,100.0,12.0,0.0,0.0,29.0,0.0,229.0,129.7,191.9,193.3,52.7,0.0,1.0,0.3,0.0,0.0,0.46,-16.14,28.56,-1.5,-0.72,-0.66,4.26,-103.36,79.01,3.6,3.83,4.18,20.69,0.0,30.4,16.13,17.69,21.28,8.65,0.0,4.33,0.56,0.0,0.02,0.87,0.0,100.0,63.0,100.0,100.0,44.0,0.0,16.14,1.88,0.72,0.66,-0.06,3.0,-0.1307886819494782,0,0,Fast
P010,"Laguna_Seca, Laguna_Seca",", McLaren 720S GT3","24/08/2023, ",Lap 2,128.422,1.77,0.44,0.44,0.22,0.44,0.0,1.8,0.27,0.16,0.32,0.27,-0.0,193.69,28.89,13.21,12.4,37.01,0.0,100.0,8.0,0.0,0.0,22.0,40.2,156.8,100.7,125.0,111.1,26.1,0.0,1.0,0.2,0.0,0.0,0.4,-14.08,2.27,-1.14,-0.66,-0.77,1.96,-49.37,44.73,2.78,7.86,4.28,15.27,0.0,25.23,13.19,6.67,1.01,8.0,0.0,5.22,0.43,0.0,0.0,0.79,0.0,100.0,51.0,0.0,88.0,39.0,0.0,14.08,1.17,0.66,0.77,0.11,1.94,1.770554832046405,0,1,Slow
P009,"Laguna_Seca, Laguna_Seca",", McLaren 720S GT3","24/08/2023, ",Lap 2,127.352,1.86,0.44,0.32,0.73,0.45,0.0,31.16,0.51,0.31,0.2,0.7,-0.0,181.12,34.45,11.18,23.57,41.4,0.0,100.0,19.0,0.0,0.0,32.0,0.0,194.5,104.8,177.6,148.7,45.9,0.0,1.0,0.2,0.0,0.0,0.4,-8.95,4.36,-0.98,-0.78,-1.49,1.54,-37.45,46.85,2.85,4.42,10.63,13.74,0.0,25.22,11.53,21.44,13.11,8.46,0.0,2.58,0.65,0.0,0.0,0.73,0.0,100.0,68.0,98.0,71.0,37.0,0.0,8.95,1.03,0.78,1.49,0.7,1.48,1.6991835792845886,0,1,Slow
P009,"Laguna_Seca, Laguna_Seca",", McLaren 720S GT3","24/08/2023, ",Lap 3,164.397,11.23,0.4,0.73,0.42,0.49,0.0,16.44,0.43,0.2,0.29,0.49,-0.0,240.0,60.76,23.57,11.23,68.38,0.0,100.0,15.0,0.0,0.0,26.0,0.0,180.2,81.0,148.7,175.0,49.3,0.0,1.0,0.17,0.0,0.0,0.38,-10.43,23.39,-0.79,-1.49,-0.74,2.19,-160.82,216.09,4.33,10.63,6.18,26.77,0.0,27.98,16.45,13.11,0.0,8.45,0.0,3.6,0.48,0.0,0.0,0.88,0.0,100.0,59.0,71.0,93.0,34.0,0.0,10.43,0.92,1.49,0.74,-0.75,1.7,4.17016307326731,1,1,
P009,"Laguna_Seca, Laguna_Seca",", McLaren 720S GT3","24/08/2023, ",Lap 4,141.829,2.62,0.41,0.42,0.39,0.42,0.0,1.68,0.36,0.29,0.23,0.3,-0.0,240.0,53.09,11.23,13.47,70.33,0.0,100.0,14.0,0.0,0.0,23.0,0.0,210.3,91.6,175.0,166.8,48.6,0.0,1.0,0.16,0.0,0.0,0.36,-9.18,30.32,-0.61,-0.74,-0.93,2.69,-40.03,94.19,2.53,6.18,6.68,16.41,0.0,22.18,13.94,0.0,21.3,6.82,0.0,4.17,0.72,0.0,0.0,1.23,0.0,100.0,58.0,93.0,80.0,33.0,0.0,9.18,0.85,0.74,0.93,0.19,1.31,2.6648299589414357,1,0,
P009,"Laguna_Seca, Laguna_Seca",", McLaren 720S GT3","24/08/2023, ",Lap 5,128.887,6.48,0.47,0.39,0.19,0.47,0.0,9.24,0.41,0.23,0.2,0.37,-0.0,240.0,50.33,13.47,6.71,69.29,0.0,100.0,14.0,0.0,0.0,24.0,0.1,189.3,101.2,166.8,182.8,45.5,0.0,1.0,0.21,0.0,0.0,0.4,-11.0,29.84,-0.84,-0.93,-0.48,2.98,-47.48,121.41,5.51,6.68,2.73,18.07,0.0,26.62,14.18,21.3,19.7,7.58,0.0,4.88,0.58,0.0,0.33,0.87,4.0,100.0,62.0,80.0,94.0,35.0,0.0,11.0,1.09,0.93,0.48,-0.45,1.73,1.8015713110503728,0,0,Slow
P008,"Laguna_Seca, Laguna_Seca",", McLaren 720S GT3","24/08/2023, ",Lap 1,98.864,2.11,0.63,0.35,0.16,0.51,0.0,1.87,0.43,0.29,0.28,0.33,-0.0,171.23,27.86,11.1,5.18,35.57,0.0,100.0,11.0,0.0,0.0,25.0,49.0,212.2,130.3,181.3,188.1,38.8,0.0,1.0,0.19,0.0,0.0,0.39,-9.26,6.55,-1.15,-0.75,-0.38,1.73,-40.96,50.69,3.64,5.49,1.9,17.13,0.0,18.92,9.74,13.72,14.0,5.31,0.0,4.18,0.4,0.0,0.0,0.7,0.0,100.0,57.0,100.0,100.0,45.0,0.0,9.26,1.22,0.75,0.38,-0.37,1.62,-0.2010259989197522,0,0,Fast
P008,"Laguna_Seca, Laguna_Seca",", McLaren 720S GT3","24/08/2023, ",Lap 2,97.474,2.22,0.64,0.16,0.28,0.55,0.0,1.78,0.44,0.28,0.26,0.33,-0.0,149.02,27.33,5.18,6.76,31.82,0.0,100.0,11.0,0.0,0.0,26.0,59.7,212.8,132.6,188.1,191.3,39.6,0.0,1.0,0.24,0.0,0.0,0.43,-6.25,3.8,-1.2,-0.38,-0.46,1.53,-40.2,60.85,3.68,1.9,4.17,17.36,0.0,23.52,11.95,14.0,7.05,6.78,0.0,3.9,0.49,0.0,0.02,0.73,0.0,100.0,62.0,100.0,100.0,46.0,0.0,6.25,1.25,0.38,0.46,0.08,1.46,-0.2937419254047296,0,1,Fast
P008,"Laguna_Seca, Laguna_Seca",", McLaren 720S GT3","24/08/2023, ",Lap 3,94.597,2.41,0.67,0.28,0.11,0.55,0.0,1.76,0.44,0.26,0.26,0.33,-0.0,176.77,28.73,6.76,2.94,38.04,0.0,100.0,11.0,0.0,0.0,25.0,59.2,216.9,135.7,191.3,188.1,37.1,0.0,1.0,0.21,0.0,0.0,0.41,-9.6,4.93,-1.37,-0.46,-0.22,2.0,-47.48,59.48,3.81,4.17,1.2,17.63,0.0,19.65,9.94,7.05,9.43,5.6,0.0,3.98,0.37,0.02,0.0,0.67,0.0,100.0,60.0,100.0,100.0,47.0,0.0,9.6,1.4,0.46,0.22,-0.24,1.96,-0.4856438825970178,0,1,Fast
P008,"Laguna_Seca, Laguna_Seca",", McLaren 720S GT3","24/08/2023, ",Lap 4,130.592,2.6,0.58,0.11,0.16,0.55,0.0,22.24,0.39,0.26,0.28,0.55,-0.0,240.0,78.83,2.94,3.27,88.36,0.0,100.0,9.0,0.0,0.0,23.0,0.0,224.9,101.3,188.1,186.2,63.2,0.0,1.0,0.21,0.0,0.0,0.41,-12.04,21.42,-0.99,-0.22,-0.22,3.29,-116.96,75.77,0.0,1.2,1.84,22.71,0.0,27.68,16.28,9.43,0.0,7.69,0.0,4.22,0.6,0.0,0.0,0.88,0.0,100.0,55.0,100.0,100.0,46.0,0.0,12.04,1.32,0.22,0.22,0.0,2.28,1.9152984007315863,0,0,Slow
P008,"Laguna_Seca, Laguna_Seca",", McLaren 720S GT3","24/08/2023, ",Lap 5,143.042,5.9,0.54,0.16,0.14,0.53,-0.0,8.7,0.36,0.28,0.22,0.35,-0.0,240.0,75.6,3.27,3.71,88.84,0.0,100.0,9.0,0.0,0.0,22.0,0.0,223.3,92.8,186.2,187.4,60.7,0.0,1.0,0.19,0.0,0.0,0.39,-19.49,25.46,-0.58,-0.22,-0.28,3.39,-68.5,339.59,2.48,1.84,1.78,25.41,0.0,26.73,14.14,0.0,11.76,7.56,0.0,3.42,1.19,0.0,0.0,1.17,0.0,100.0,49.0,100.0,100.0,43.0,0.0,19.49,1.0,0.22,0.28,0.06,2.13,2.74573961277329,1,0,
P008,"Laguna_Seca, Laguna_Seca",", McLaren 720S GT3","24/08/2023, ",Lap 6,97.262,2.6,0.63,0.14,0.16,0.52,0.0,1.7,0.41,0.22,0.27,0.32,-0.0,170.53,27.02,3.71,3.23,35.0,0.0,100.0,10.0,0.0,0.0,23.0,55.2,219.2,132.1,187.4,188.0,38.6,0.0,1.0,0.17,0.0,0.0,0.38,-10.48,1.66,-1.26,-0.28,-0.24,1.8,-39.42,58.04,3.7,1.78,1.54,16.53,0.0,16.98,8.76,11.76,12.23,4.97,0.0,3.6,0.29,0.0,0.0,0.6,0.0,100.0,55.0,100.0,100.0,46.0,0.0,10.48,1.27,0.28,0.24,-0.04,1.78,-0.3078827717463234,0,0,Fast
P007,"Laguna_Seca, Laguna_Seca",", McLaren 720S GT3","24/08/2023, ",Lap 1,138.792,4.73,0.52,0.26,0.33,0.56,-0.0,52.15,0.39,0.28,0.25,1.05,-0.0,233.13,49.22,7.25,11.53,56.06,0.0,100.0,7.0,0.0,0.0,18.0,0.0,219.3,97.6,182.4,187.6,63.0,0.0,1.0,0.22,0.0,0.0,0.41,-9.61,19.88,-0.96,-0.48,-0.81,2.91,-84.55,50.66,-0.01,3.59,4.9,17.84,0.0,29.97,17.49,11.31,25.77,8.51,0.0,5.22,0.95,0.0,0.0,1.39,0.0,100.0,49.0,100.0,99.0,44.0,0.0,9.61,1.23,0.48,0.81,0.32,2.1,2.462255664887567,1,0,
P007,"Laguna_Seca, Laguna_Seca",", McLaren 720S GT3","24/08/2023, ",Lap 2,108.372,12.64,0.67,0.33,0.26,0.66,0.0,23.51,0.4,0.25,0.18,0.58,-0.0,161.94,33.98,11.53,5.28,38.53,0.0,82.0,7.0,0.0,0.0,18.0,33.4,219.8,120.5,187.6,175.9,43.2,0.0,1.0,0.28,0.0,0.0,0.45,-8.87,17.78,-0.99,-0.81,-0.35,3.23,-219.01,59.39,3.3,4.9,2.18,21.99,0.0,30.48,17.53,25.77,16.46,8.84,0.0,4.05,0.59,0.0,0.0,0.82,0.0,100.0,54.0,99.0,99.0,45.0,0.0,8.87,1.44,0.81,0.35,-0.46,2.07,0.4331776190796462,0,1,Slow
P007,"Laguna_Seca, Laguna_Seca",", McLaren 720S GT3","24/08/2023, ",Lap 3,101.304,17.08,0.7,0.26,0.37,0.72,0.0,16.29,0.42,0.18,0.26,0.48,-0.0,192.5,32.54,5.28,9.93,34.77,0.0,97.0,9.0,0.0,0.0,21.0,34.5,212.7,129.0,175.9,190.8,46.5,0.0,1.0,0.27,0.0,0.0,0.45,-6.82,20.15,-0.9,-0.35,-0.67,2.28,-381.28,99.4,3.53,2.18,5.23,23.19,0.0,27.63,13.79,16.46,8.29,7.79,0.0,3.22,0.63,0.0,0.47,0.82,0.0,100.0,57.0,99.0,99.0,45.0,0.0,6.82,1.19,0.35,0.67,0.33,1.54,-0.0382728617806555,0,1,Fast
P007,"Laguna_Seca, Laguna_Seca",", McLaren 720S GT3","24/08/2023, ",Lap 4,100.904,6.79,0.71,0.37,0.31,0.62,0.0,26.67,0.45,0.26,0.26,0.71,-0.0,156.05,34.94,9.93,10.04,38.52,0.0,100.0,9.0,0.0,0.0,21.0,29.9,221.4,129.4,190.8,193.3,47.9,0.0,1.0,0.29,0.0,0.0,0.45,-12.52,8.61,-1.29,-0.67,-0.75,2.41,-231.26,232.32,0.01,5.23,5.21,30.95,0.0,29.33,15.85,8.29,1.76,8.05,0.0,4.4,0.65,0.47,0.43,0.81,0.0,100.0,59.0,99.0,99.0,44.0,0.0,12.52,1.49,0.67,0.75,0.07,2.1,-0.0649537039346062,0,0,Fast
P007,"Laguna_Seca, Laguna_Seca",", McLaren 720S GT3","24/08/2023, ",Lap 5,95.482,2.68,0.73,0.31,0.22,0.57,0.0,1.83,0.44,0.26,0.27,0.33,-0.0,126.85,32.55,10.04,9.12,33.45,0.0,100.0,10.0,0.0,0.0,23.0,45.8,226.0,135.3,193.3,193.5,42.0,0.0,1.0,0.32,0.0,0.0,0.47,-9.42,7.06,-1.63,-0.75,-0.66,2.05,-39.54,42.96,3.75,5.21,4.52,17.2,0.0,30.62,15.81,1.76,4.29,8.9,0.0,4.12,0.66,0.43,0.22,0.82,0.0,100.0,60.0,99.0,100.0,44.0,0.0,9.42,1.68,0.75,0.66,-0.09,1.96,-0.4266125193314024,0,0,Fast
P007,"Laguna_Seca, Laguna_Seca",", McLaren 720S GT3","24/08/2023, ",Lap 6,91.612,2.65,0.78,0.22,0.1,0.6,0.0,1.65,0.44,0.27,0.25,0.33,-0.0,139.59,29.44,9.12,4.95,31.32,0.0,100.0,10.0,0.0,0.0,23.0,68.3,224.4,140.8,193.5,193.1,38.1,0.0,1.0,0.3,0.0,0.0,0.46,-7.14,9.89,-1.4,-0.66,-0.44,1.76,-55.86,46.59,3.91,4.52,2.07,18.02,0.0,27.75,13.82,4.29,11.65,8.23,0.0,4.1,0.57,0.22,0.0,0.81,0.0,100.0,62.0,100.0,100.0,45.0,0.0,7.14,1.48,0.66,0.44,-0.22,1.62,-0.6847496671708719,0,0,Fast
P006,"Laguna_Seca, Laguna_Seca",", McLaren 720S GT3","24/08/2023, ",Lap 1,99.819,2.35,0.63,0.5,0.29,0.52,0.0,1.72,0.37,0.27,0.29,0.29,-0.0,123.27,25.83,15.59,9.93,29.83,0.0,100.0,9.0,0.0,0.0,22.0,59.6,198.6,128.4,181.1,180.5,33.3,0.0,1.0,0.19,0.0,0.0,0.39,-7.02,11.49,-1.04,-1.02,-0.66,1.66,-53.51,51.36,3.57,5.93,4.89,16.91,0.0,19.23,9.33,11.17,8.46,5.46,0.0,4.07,0.37,0.0,0.0,0.66,0.0,100.0,53.0,96.0,100.0,44.0,0.0,7.02,1.14,1.02,0.66,-0.36,1.4,-0.1373254882771959,0,0,Fast
P006,"Laguna_Seca, Laguna_Seca",", McLaren 720S GT3","24/08/2023, ",Lap 2,101.872,2.15,0.6,0.29,0.27,0.5,0.0,1.61,0.39,0.29,0.27,0.29,-0.0,126.34,24.78,9.93,5.84,27.15,0.0,94.0,9.0,0.0,0.0,20.0,53.5,199.3,126.1,180.5,183.7,36.5,0.0,1.0,0.19,0.0,0.0,0.39,-7.45,6.37,-1.06,-0.66,-0.38,1.44,-38.35,48.74,3.52,4.89,2.99,15.94,0.0,18.95,9.66,8.46,2.27,5.32,0.0,4.0,0.36,0.0,0.0,0.64,0.0,100.0,54.0,100.0,100.0,45.0,0.0,7.45,1.13,0.66,0.38,-0.27,1.31,-0.0003860659220462,0,1,Fast
P006,"Laguna_Seca, Laguna_Seca",", McLaren 720S GT3","24/08/2023, ",Lap 3,102.049,2.28,0.63,0.27,0.41,0.5,0.0,1.72,0.41,0.27,0.28,0.3,-0.0,157.02,26.34,5.84,12.44,29.4,0.0,100.0,11.0,0.0,0.0,25.0,44.3,205.3,126.7,183.7,174.8,39.3,0.0,1.0,0.2,0.0,0.0,0.4,-8.93,1.85,-1.09,-0.38,-0.82,1.36,-52.99,56.22,3.52,2.99,5.58,16.47,0.0,19.92,9.24,2.27,3.59,6.15,0.0,3.5,0.33,0.0,0.0,0.6,0.0,100.0,55.0,100.0,100.0,45.0,0.0,8.93,1.12,0.38,0.82,0.43,1.33,0.0114202067310772,0,1,Fast
P006,"Laguna_Seca, Laguna_Seca",", McLaren 720S GT3","24/08/2023, ",Lap 4,97.264,2.2,0.65,0.41,0.53,0.5,0.0,1.97,0.42,0.28,0.19,0.32,-0.0,121.68,25.31,12.44,10.04,26.91,0.0,100.0,11.0,0.0,0.0,24.0,61.5,200.8,132.2,174.8,179.6,35.6,0.0,1.0,0.21,0.0,0.0,0.41,-6.81,6.99,-1.09,-0.82,-0.58,1.21,-40.85,47.39,3.68,5.58,5.03,16.52,0.0,20.55,10.04,3.59,6.99,6.01,0.0,3.65,0.42,0.0,0.42,0.65,0.0,100.0,56.0,100.0,100.0,45.0,0.0,6.81,1.12,0.82,0.58,-0.24,1.15,-0.307749367535554,0,0,Fast
P006,"Laguna_Seca, Laguna_Seca",", McLaren 720S GT3","24/08/2023, ",Lap 5,102.097,2.36,0.61,0.53,0.03,0.51,0.0,2.47,0.4,0.19,0.28,0.31,-0.0,114.85,26.06,10.04,1.62,28.17,0.0,100.0,11.0,0.0,0.0,25.0,53.7,201.5,126.2,179.6,181.9,36.9,0.0,1.0,0.22,0.0,0.0,0.41,-6.54,6.26,-1.17,-0.58,0.1,1.41,-39.16,47.72,3.51,5.03,-0.71,15.95,0.0,22.45,11.37,6.99,0.0,6.48,0.0,4.12,0.47,0.42,0.28,0.63,0.0,100.0,53.0,100.0,100.0,45.0,0.0,6.54,1.2,0.58,0.0,-0.58,1.35,0.0146219077895504,0,0,Fast
P006,"Laguna_Seca, Laguna_Seca",", McLaren 720S GT3","24/08/2023, ",Lap 6,98.497,2.32,0.65,0.03,0.19,0.52,0.0,1.52,0.42,0.28,0.27,0.31,-0.0,129.84,25.5,1.62,7.47,27.75,0.0,100.0,11.0,0.0,0.0,24.0,56.0,205.6,130.1,181.9,184.1,35.7,0.0,1.0,0.22,0.0,0.0,0.42,-6.79,5.41,-1.05,0.1,-0.54,1.22,-44.52,47.5,3.62,-0.71,2.16,17.0,0.0,21.93,11.07,0.0,0.0,6.35,0.0,4.35,0.45,0.28,0.02,0.69,0.0,100.0,53.0,100.0,100.0,45.0,0.0,6.79,1.1,0.0,0.54,0.54,1.14,-0.2255056715960019,0,0,Fast
P005,"Laguna_Seca, Laguna_Seca",", McLaren 720S GT3","24/08/2023, ",Lap 2,131.769,3.93,0.54,0.14,0.12,0.51,0.0,5.98,0.37,0.16,0.2,0.31,-0.0,240.0,75.03,5.98,8.02,90.37,0.0,100.0,8.0,0.0,0.0,18.0,0.0,191.5,99.9,96.4,182.2,51.0,0.0,1.0,0.21,0.0,0.0,0.41,-18.91,26.05,-1.6,-0.24,-0.66,4.36,-48.18,115.34,5.44,3.28,3.05,20.0,0.0,27.6,15.78,0.0,24.84,8.19,0.0,4.35,0.73,1.97,1.07,0.84,0.0,100.0,52.0,0.0,100.0,41.0,0.0,18.91,1.86,0.24,0.66,0.42,3.8,1.993806778769585,0,1,Slow
P005,"Laguna_Seca, Laguna_Seca",", McLaren 720S GT3","24/08/2023, ",Lap 3,111.009,3.6,0.62,0.12,0.25,0.51,0.0,4.41,0.39,0.2,0.33,0.32,-0.0,240.0,49.8,8.02,8.97,68.37,0.0,100.0,11.0,0.0,0.0,25.0,27.5,200.8,116.6,182.2,179.1,38.8,0.0,1.0,0.29,0.0,0.0,0.45,-19.43,25.01,-2.22,-0.66,-0.65,5.06,-78.95,218.21,3.24,3.05,3.89,22.41,0.0,31.85,17.14,24.84,11.47,9.14,0.0,4.22,1.03,1.07,0.05,1.08,0.0,100.0,63.0,100.0,100.0,39.0,0.0,19.43,2.54,0.66,0.65,-0.01,4.34,0.6090710709795637,0,1,Slow
P005,"Laguna_Seca, Laguna_Seca",", McLaren 720S GT3","24/08/2023, ",Lap 4,103.027,2.63,0.67,0.25,0.27,0.53,0.0,2.2,0.44,0.33,0.27,0.34,-0.0,240.0,44.64,8.97,12.21,59.46,0.0,100.0,13.0,0.0,0.0,30.0,57.4,200.2,125.7,179.1,183.5,34.8,0.0,1.0,0.33,0.0,0.0,0.47,-18.42,7.26,-2.69,-0.65,-0.89,4.24,-77.2,60.72,3.48,3.89,4.31,18.05,0.0,33.93,15.81,11.47,0.0,9.97,0.0,3.93,0.78,0.05,1.85,0.87,0.0,100.0,68.0,100.0,100.0,42.0,0.0,18.42,2.74,0.65,0.89,0.24,4.19,0.0766548657974853,0,0,Fast
P004,"Laguna_Seca, Laguna_Seca",", McLaren 720S GT3","24/08/2023, ",Lap 1,87.424,2.84,0.83,0.14,0.08,0.59,0.0,1.99,0.46,0.26,0.27,0.37,-0.0,154.75,33.36,2.46,0.9,34.41,0.0,100.0,14.0,0.0,0.0,32.0,65.4,231.6,147.6,193.9,194.6,39.5,0.0,1.0,0.34,0.0,0.0,0.47,-8.83,13.78,-1.68,-0.19,-0.11,2.14,-74.7,51.14,4.09,1.65,0.78,18.4,0.0,29.38,14.22,12.7,0.59,9.03,0.0,4.12,0.62,0.0,0.0,0.85,0.0,100.0,68.0,100.0,100.0,44.0,0.0,8.83,1.78,0.19,0.11,-0.08,1.86,-0.9640980845227308,0,0,Fast
P004,"Laguna_Seca, Laguna_Seca",", McLaren 720S GT3","24/08/2023, ",Lap 2,94.487,5.15,0.77,0.08,0.17,0.6,0.0,18.92,0.46,0.27,0.26,0.56,-0.0,240.0,39.64,0.9,6.44,51.2,0.0,100.0,14.0,0.0,0.0,33.0,23.5,231.1,136.0,194.6,193.7,45.4,0.0,1.0,0.3,0.0,0.0,0.46,-9.6,26.19,-0.79,-0.11,-0.48,4.62,-81.75,84.34,3.8,0.78,2.73,19.15,0.0,28.6,14.95,0.59,0.0,8.51,0.0,4.13,0.83,0.0,0.0,1.0,0.0,100.0,65.0,100.0,100.0,45.0,0.0,9.6,1.53,0.11,0.48,0.37,1.75,-0.4929811141893541,0,1,Fast
P004,"Laguna_Seca, Laguna_Seca",", McLaren 720S GT3","24/08/2023, ",Lap 3,88.797,3.22,0.84,0.17,0.09,0.58,0.0,1.93,0.46,0.26,0.25,0.37,-0.0,219.16,36.32,6.44,5.01,39.34,0.0,100.0,14.0,0.0,0.0,33.0,68.5,231.5,145.0,193.7,193.6,40.8,0.0,1.0,0.34,0.0,0.0,0.47,-9.86,22.45,-1.32,-0.48,-0.42,3.33,-71.45,53.71,4.03,2.73,0.77,18.81,0.0,30.5,15.14,0.0,29.89,9.33,0.0,4.47,0.65,0.0,0.25,0.9,0.0,100.0,68.0,100.0,100.0,44.0,0.0,9.86,1.74,0.48,0.42,-0.06,1.93,-0.8725160938292971,0,1,Fast
P004,"Laguna_Seca, Laguna_Seca",", McLaren 720S GT3","24/08/2023, ",Lap 4,86.567,3.16,0.85,0.09,0.45,0.6,0.0,1.98,0.47,0.25,0.26,0.38,-0.0,192.77,35.15,5.01,7.28,38.78,0.0,100.0,14.0,0.0,0.0,33.0,63.9,229.8,148.4,193.6,194.2,39.6,0.0,1.0,0.34,0.0,0.0,0.47,-12.2,14.32,-1.92,-0.42,-0.52,2.34,-63.94,52.43,4.15,0.77,4.4,18.31,0.0,29.89,14.59,29.89,28.37,9.12,0.0,4.25,0.6,0.25,0.0,0.83,0.0,100.0,70.0,100.0,100.0,43.0,0.0,12.2,1.97,0.42,0.52,0.11,2.24,-1.0212617888375704,0,0,Fast
P004,"Laguna_Seca, Laguna_Seca",", McLaren 720S GT3","24/08/2023, ",Lap 5,86.602,3.1,0.84,0.45,0.12,0.61,0.0,1.99,0.46,0.26,0.26,0.38,-0.0,178.0,35.73,7.28,3.92,38.89,0.0,100.0,14.0,0.0,0.0,33.0,62.4,230.9,148.5,194.2,193.6,39.7,0.0,1.0,0.35,0.0,0.0,0.48,-11.55,8.21,-2.03,-0.52,-0.32,2.35,-58.29,51.44,4.12,4.4,1.84,18.01,0.0,30.3,14.99,28.37,0.0,9.49,0.0,4.3,0.66,0.0,0.0,0.87,0.0,100.0,71.0,100.0,100.0,43.0,0.0,11.55,2.05,0.52,0.32,-0.2,2.31,-1.018927215149099,0,0,Fast
P004,"Laguna_Seca, Laguna_Seca",", McLaren 720S GT3","24/08/2023, ",Lap 6,86.817,2.81,0.85,0.12,0.11,0.6,0.0,1.96,0.46,0.26,0.25,0.38,-0.0,182.26,34.57,3.92,7.13,35.39,0.0,100.0,14.0,0.0,0.0,32.0,67.2,230.4,148.0,193.6,193.0,39.6,0.0,1.0,0.37,0.0,0.0,0.48,-12.88,8.19,-1.91,-0.32,-0.46,2.14,-65.51,51.87,4.1,1.84,3.32,18.13,0.0,31.8,14.95,0.0,26.08,9.86,0.0,4.07,0.68,0.0,0.32,0.84,0.0,100.0,70.0,100.0,100.0,42.0,0.0,12.88,1.94,0.32,0.46,0.14,2.09,-1.0045862624913513,0,0,Fast
P003,"Laguna_Seca, Laguna_Seca",", McLaren 720S GT3","24/08/2023, ",Lap 2,118.962,15.59,0.6,0.52,0.37,0.68,-0.0,27.0,0.4,0.25,0.28,0.71,-0.0,188.26,38.84,13.71,14.78,45.83,0.0,73.0,6.0,0.0,0.0,13.0,0.0,201.6,113.1,183.1,186.5,50.3,0.0,1.0,0.24,0.0,0.0,0.43,-12.91,11.19,-1.38,-0.95,-1.04,2.45,-46.63,269.03,3.02,7.44,7.33,19.44,0.0,28.45,13.14,0.0,12.52,8.43,0.0,2.78,0.62,0.0,0.42,0.74,0.0,100.0,55.0,100.0,100.0,41.0,0.0,12.91,1.49,0.95,1.04,0.09,2.29,1.1395529151054808,0,1,Slow
P003,"Laguna_Seca, Laguna_Seca",", McLaren 720S GT3","24/08/2023, ",Lap 3,133.552,2.33,0.53,0.37,0.34,0.53,0.0,43.75,0.4,0.28,0.27,0.92,-0.0,240.0,49.85,14.78,14.32,63.92,0.0,86.0,6.0,0.0,2.0,14.0,0.0,208.0,101.4,186.5,184.7,54.9,0.0,1.0,0.19,0.0,0.0,0.4,-12.95,27.75,-0.69,-1.04,-1.05,3.71,-75.52,75.48,2.71,7.33,7.1,17.29,0.0,26.03,16.11,12.52,8.33,7.78,0.0,3.9,1.28,0.42,0.0,1.32,0.0,100.0,56.0,100.0,98.0,43.0,0.0,12.95,1.16,1.04,1.05,0.01,2.16,2.112736632670817,1,1,
P002,"Laguna_Seca, Laguna_Seca",", McLaren 720S GT3","24/08/2023, ",Lap 2,118.962,15.59,0.6,0.52,0.37,0.68,-0.0,27.0,0.4,0.25,0.28,0.71,-0.0,188.26,38.84,13.71,14.78,45.83,0.0,73.0,6.0,0.0,0.0,13.0,0.0,201.6,113.1,183.1,186.5,50.3,0.0,1.0,0.24,0.0,0.0,0.43,-12.91,11.19,-1.38,-0.95,-1.04,2.45,-46.63,269.03,3.02,7.44,7.33,19.44,0.0,28.45,13.14,0.0,12.52,8.43,0.0,2.78,0.62,0.0,0.42,0.74,0.0,100.0,55.0,100.0,100.0,41.0,0.0,12.91,1.49,0.95,1.04,0.09,2.29,1.1395529151054808,0,1,Slow
P002,"Laguna_Seca, Laguna_Seca",", McLaren 720S GT3","24/08/2023, ",Lap 3,133.552,2.33,0.53,0.37,0.34,0.53,0.0,43.75,0.4,0.28,0.27,0.92,-0.0,240.0,49.85,14.78,14.32,63.92,0.0,86.0,6.0,0.0,2.0,14.0,0.0,208.0,101.4,186.5,184.7,54.9,0.0,1.0,0.19,0.0,0.0,0.4,-12.95,27.75,-0.69,-1.04,-1.05,3.71,-75.52,75.48,2.71,7.33,7.1,17.29,0.0,26.03,16.11,12.52,8.33,7.78,0.0,3.9,1.28,0.42,0.0,1.32,0.0,100.0,56.0,100.0,98.0,43.0,0.0,12.95,1.16,1.04,1.05,0.01,2.16,2.112736632670817,1,1,
P001,"Laguna_Seca, Laguna_Seca",", McLaren 720S GT3","24/08/2023, ",Lap 2,97.162,2.24,0.68,0.21,0.25,0.5,0.0,3.76,0.41,0.27,0.26,0.36,0.0,115.42,25.18,4.95,6.12,24.11,0.0,100.0,10.0,0.0,0.0,26.0,61.8,206.2,133.0,189.7,190.7,36.4,0.0,1.0,0.21,0.0,0.0,0.41,-4.35,3.03,-1.1,-0.38,-0.41,1.08,-44.06,50.83,3.7,2.51,2.35,16.27,0.0,20.23,10.37,7.01,0.0,5.7,0.0,3.63,0.38,0.0,0.05,0.59,0.0,100.0,59.0,100.0,100.0,44.0,0.0,4.35,1.13,0.38,0.41,0.03,1.02,-0.3145529822848106,0,1,Fast
P001,"Laguna_Seca, Laguna_Seca",", McLaren 720S GT3","24/08/2023, ",Lap 3,105.102,2.21,0.65,0.25,0.36,0.51,0.0,1.85,0.43,0.26,0.26,0.38,0.0,222.96,34.17,6.12,8.38,39.27,0.0,100.0,14.0,0.0,0.0,30.0,0.0,217.2,123.2,190.7,191.6,49.4,0.0,1.0,0.25,0.0,0.0,0.43,-4.46,18.9,-0.82,-0.41,-0.54,2.07,-62.99,45.64,3.42,2.35,2.7,18.01,0.0,26.33,12.58,0.0,0.0,7.78,0.0,4.12,0.61,0.05,0.0,0.93,0.0,100.0,60.0,100.0,100.0,43.0,0.0,4.46,1.05,0.41,0.54,0.13,1.08,0.2150617344711027,0,1,Slow
P001,"Laguna_Seca, Laguna_Seca",", McLaren 720S GT3","24/08/2023, ",Lap 4,94.394,1.96,0.7,0.36,0.41,0.52,0.0,1.9,0.44,0.26,0.25,0.37,0.0,119.05,25.38,8.38,11.19,25.05,0.0,100.0,12.0,0.0,0.0,28.0,61.4,221.2,136.6,191.6,190.8,37.8,0.0,1.0,0.24,0.0,0.0,0.42,-5.02,8.49,-1.09,-0.54,-0.72,1.26,-37.85,44.58,3.8,2.7,4.25,16.64,0.0,22.2,11.38,0.0,19.54,6.23,0.0,4.22,0.43,0.0,0.0,0.67,0.0,100.0,62.0,100.0,100.0,42.0,0.0,5.02,1.15,0.54,0.72,0.18,1.06,-0.4991844099901468,0,0,Fast
P001,"Laguna_Seca, Laguna_Seca",", McLaren 720S GT3","24/08/2023, ",Lap 5,93.132,2.04,0.72,0.41,0.54,0.53,0.0,1.86,0.45,0.25,0.25,0.39,0.0,142.01,26.7,11.19,13.16,26.97,0.0,100.0,13.0,0.0,0.0,30.0,67.5,221.4,138.3,190.8,192.1,37.3,0.0,1.0,0.25,0.0,0.0,0.44,-7.0,2.91,-1.25,-0.72,-0.83,1.29,-40.9,53.93,3.85,4.25,6.02,16.9,0.0,23.75,12.06,19.54,22.8,6.65,0.0,4.03,0.48,0.0,0.0,0.67,0.0,100.0,64.0,100.0,100.0,43.0,0.0,7.0,1.27,0.72,0.83,0.11,1.25,-0.58336246698586,0,0,Fast
P001,"Laguna_Seca, Laguna_Seca",", McLaren 720S GT3","24/08/2023, ",Lap 6,96.659,1.98,0.7,0.54,0.35,0.52,0.0,2.03,0.46,0.25,0.26,0.38,0.0,206.89,34.09,13.16,9.09,42.29,0.0,100.0,14.0,0.0,0.0,31.0,26.1,227.0,133.7,192.1,191.5,45.0,0.0,1.0,0.25,0.0,0.0,0.43,-7.06,22.47,-0.83,-0.83,-0.63,2.81,-48.48,59.74,3.7,6.02,3.74,19.19,0.0,23.92,10.71,22.8,10.04,7.44,0.0,3.27,0.58,0.0,0.0,0.84,0.0,100.0,66.0,100.0,100.0,44.0,0.0,7.06,1.19,0.83,0.63,-0.2,1.33,-0.3481041412934031,0,0,Fast
P001,"Laguna_Seca, Laguna_Seca",", McLaren 720S GT3","24/08/2023, ",Lap 7,102.099,2.36,0.65,0.35,0.42,0.52,0.0,1.85,0.44,0.26,0.26,0.38,0.0,169.87,32.37,9.09,10.41,35.79,0.0,100.0,13.0,0.0,0.0,29.0,0.0,224.5,126.8,191.5,191.0,47.4,0.0,1.0,0.22,0.0,0.0,0.42,-4.55,12.97,-0.75,-0.63,-0.7,2.05,-72.38,49.22,3.51,3.74,5.05,17.63,0.0,22.88,11.77,10.04,10.98,6.38,0.0,4.25,0.55,0.0,0.0,0.81,0.0,100.0,64.0,100.0,100.0,41.0,0.0,4.55,1.03,0.63,0.7,0.08,1.07,0.0147553120003208,0,1,Fast
P001,"Laguna_Seca, Laguna_Seca",", McLaren 720S GT3","24/08/2023, ",Lap 8,95.712,1.9,0.68,0.42,0.4,0.49,0.0,1.86,0.47,0.26,0.26,0.4,0.0,145.79,27.94,10.41,11.53,29.07,0.0,100.0,14.0,0.0,0.0,31.0,59.1,226.4,134.6,191.0,190.9,39.9,0.0,1.0,0.25,0.0,0.0,0.43,-6.81,12.02,-1.17,-0.7,-0.77,1.56,-50.39,55.9,3.75,5.05,4.16,17.22,0.0,23.65,11.8,10.98,17.97,6.89,0.0,4.15,0.46,0.0,0.0,0.77,0.0,100.0,64.0,100.0,100.0,43.0,0.0,6.81,1.26,0.7,0.77,0.07,1.27,-0.4112710350928807,0,1,Fast
