PID,TrackName,CarName,EventDate,Lap,LapTime,Sector,SectorTime,BRAKE _Min,BRAKE _Max,BRAKE _Avg,BRAKE _Start,BRAKE _End,BRAKE _Std Dev,Corr Speed kmh_Min,Corr Speed kmh_Max,Corr Speed kmh_Avg,Corr Speed kmh_Start,Corr Speed kmh_End,Corr Speed kmh_Std Dev,Oversteer _Min,Oversteer _Max,Oversteer _Avg,Oversteer _Start,Oversteer _End,Oversteer _Std Dev,ROTY s_Min,ROTY s_Max,ROTY s_Avg,ROTY s_Start,ROTY s_End,ROTY s_Std Dev,THROTTLE _Min,THROTTLE _Max,THROTTLE _Avg,THROTTLE _Start,THROTTLE _End,THROTTLE _Std Dev,abs glat_Max,abs glat_Avg,abs glat_Start,abs glat_End,abs glat_Std Dev,abs glong_Min,abs glong_Max,abs glong_Avg,abs glong_Start,abs glong_End,abs glong_Std Dev,abs Steerangle_Min,abs Steerangle_Max,abs Steerangle_Avg,abs Steerangle_Start,abs Steerangle_End,abs Steerangle_Std Dev,lane deviation_Min,lane deviation_Max,lane deviation_Avg,lane deviation_Start,lane deviation_End,lane deviation_Std Dev,steering reversal rate per lap_Min,steering reversal rate per lap_Max,steering reversal rate per lap_Avg,steering reversal rate per lap_Start,steering reversal rate per lap_End,steering reversal rate per lap_Std Dev,steering reversal rate per sector_Min,steering reversal rate per sector_Max,steering reversal rate per sector_Avg,steering reversal rate per sector_Start,steering reversal rate per sector_End,steering reversal rate per sector_Std Dev,understeer_Min,understeer_Max,understeer_Avg,understeer_Start,understeer_End,understeer_Change,understeer_Std Dev,z,outlier,validlap,cluster,cluster_label,Sector_Length,Sector_Start,THROTTLE width_Avg,Throttle_duration_Avg,Throttle application speed_Avg,Throttle release application_Avg,Steer_Peakvalue_Avg,Steer_PeakTime_Avg,number of crossing,cumulative angular travel,number of direction changed,Steering velocity_Avg,Brake_length_Avg,Brake_duration_Avg,Trail_braking_duration_Avg,Type,outlier_lower_limit,outlier_upper_limit,outlier_reason
P112,"Laguna_Seca, Laguna_Seca",", McLaren 720S GT3","25/08/2024, ",Lap 2,114.947,Str 0-1 (End),10.783,0.0,69.0,15.0,0.0,0.0,25.0,102.2,204.4,147.6,189.8,103.1,35.9,-2.93,1.26,-0.55,-0.67,-2.93,0.7,-7.84,33.26,6.12,3.79,30.68,7.2,0.0,100.0,36.0,100.0,0.0,35.0,1.5,0.42,0.31,1.5,0.35,0.0,1.33,0.37,0.27,0.1,0.42,0.0,61.61,12.26,9.57,61.61,11.94,0.0,1.0,0.04,0.0,1.0,0.19,0.0,0.42,0.01,0.0,0.42,0.88,0.62,1.03,0.63,0.62,0.96,0.05,0.0,2.93,0.61,0.67,2.93,2.26,0.61,0.871743962,0,1,0,Slow,436,436,4.0,0.08,-237.1031366,5,16.11,0.592,13,324.0,28,2.576112412,12.26666667,0.3,0.14,,5.223151250000003,10.763309249999997,SectorTime outside section-specific IQR limits
P098,"Laguna_Seca, Laguna_Seca",", McLaren 720S GT3","24/08/2024, ",Lap 4,128.237,Str 0-1 (End),10.952,0.0,95.0,23.0,0.0,81.0,30.0,96.5,191.1,149.3,178.6,96.5,24.8,-7.22,0.16,-0.73,-0.26,-7.22,1.12,-1.61,41.6,6.74,2.4,34.08,8.53,0.0,100.0,56.0,100.0,0.0,37.0,1.6,0.41,0.22,1.39,0.36,0.0,1.58,0.51,0.32,0.69,0.38,0.02,110.79,13.28,3.93,110.79,18.78,0.0,1.0,0.08,0.0,1.0,0.26,0.0,1.87,0.04,1.87,0.83,1.22,0.8,1.63,0.83,0.8,1.52,0.13,0.0,7.22,0.74,0.26,7.22,6.96,1.12,1.758214943,0,0,0,Slow,436,436,244.6666667,6.62,-460.8672191,244,15.76,0.471,4,301.5,28,6.954022989,5.25,0.1,0.05,,5.223151250000003,10.763309249999997,SectorTime outside section-specific IQR limits
P098,"Laguna_Seca, Laguna_Seca",", McLaren 720S GT3","24/08/2024, ",Lap 5,114.002,Str 0-1 (End),10.818,0.0,100.0,23.0,0.0,5.0,30.0,89.5,193.1,148.2,178.0,89.5,28.8,-2.54,0.3,-0.56,-0.42,-2.54,0.52,-1.96,37.12,6.21,3.34,37.12,6.69,0.0,100.0,53.0,100.0,32.0,38.0,1.46,0.39,0.27,1.46,0.3,0.0,1.41,0.54,0.31,0.05,0.38,0.02,66.42,11.59,6.21,66.42,11.86,0.0,1.0,0.03,0.0,1.0,0.18,0.0,27.17,0.05,27.17,0.35,1.27,0.48,0.83,0.49,0.48,0.66,0.04,0.0,2.54,0.57,0.42,2.54,2.12,0.5,0.808710472,0,0,0,Slow,436,436,193.5,4.86,-589.2744945,194,25.965,4.864,7,234.5,32,3.521939954,5.0,0.16,0.08,,5.223151250000003,10.763309249999997,SectorTime outside section-specific IQR limits
P084,"Laguna_Seca, Laguna_Seca",", McLaren 720S GT3","8/27/2023, ",Lap 2,114.644,Str 0-1 (End),11.014584,1.3,0.38,0.2,1.21,0.35,0.0,0.92,0.24,0.32,0.58,0.17,0.0,48.23,10.55,4.01,45.21,10.55,0.0,54.0,6.0,0.0,30.0,12.0,91.6,180.1,143.8,175.6,91.6,23.9,0.0,0.0,0.0,0.0,0.0,0.0,-1.99,0.47,-0.49,-0.26,-1.29,0.56,-7.0,30.2,5.46,1.75,27.92,6.84,0.0,98.0,6.0,98.0,0.0,22.0,0.0,4.9,0.01,4.9,0.0,0.53,0.28,0.28,0.28,0.28,0.0,0.0,0.0,1.99,0.52,0.26,1.29,1.03,0.53,0.851533224,0,1,0,Slow,436,436,4.0,0.14,-250.1140173,4,30.33,5.596,10,321.5,37,2.064220183,10.83333333,0.29,0.15,,5.223151250000003,10.763309249999997,SectorTime outside section-specific IQR limits
P081,"Laguna_Seca, Laguna_Seca",", McLaren 720S GT3","8/27/2023, ",Lap 2,118.332,Str 0-1 (End),11.56802,1.25,0.29,0.28,1.04,0.26,0.0,1.5,0.45,0.38,0.04,0.41,0.0,95.59,9.94,9.18,95.59,13.25,0.0,100.0,16.0,0.0,0.0,31.0,78.8,176.2,135.8,159.6,78.8,33.4,0.0,1.0,0.03,0.0,1.0,0.18,-4.88,0.15,-0.5,-0.56,-4.88,0.69,-1.43,36.19,4.71,3.13,34.34,5.61,0.0,100.0,31.0,100.0,5.0,43.0,0.0,11.33,0.02,11.33,0.39,0.77,0.64,1.32,0.94,0.93,0.64,0.04,0.0,4.88,0.5,0.56,4.88,4.32,0.68,1.097530589,0,1,0,Slow,436,436,15.0,0.3,-155.3436856,15,13.07,0.526,10,271.3333333,31,4.157088124,8.75,0.28,0.14,,5.223151250000003,10.763309249999997,SectorTime outside section-specific IQR limits
P081,"Laguna_Seca, Laguna_Seca",", McLaren 720S GT3","8/27/2023, ",Lap 3,109.602,Str 0-1 (End),10.93597,1.08,0.37,0.28,0.84,0.3,0.02,0.67,0.17,0.12,0.31,0.16,0.0,44.25,9.09,8.65,44.25,7.2,0.0,33.0,4.0,0.0,13.0,9.0,100.2,165.8,143.9,165.5,100.2,16.3,0.0,1.0,0.01,0.0,1.0,0.08,-2.34,0.68,-0.41,-0.57,-2.34,0.39,-6.73,21.36,4.91,3.78,21.36,5.67,0.0,59.0,12.0,59.0,0.0,12.0,0.0,0.08,0.0,0.0,0.08,1.01,0.0,0.07,0.0,0.0,0.04,0.0,0.0,2.34,0.43,0.57,2.34,1.76,0.36,0.515221209,0,1,0,Slow,436,436,38.0,0.83,-272.8612278,38,14.45,0.554,4,224.0,31,2.183908046,10.91666667,0.3,0.15,,5.223151250000003,10.763309249999997,SectorTime outside section-specific IQR limits
P079,"Laguna_Seca, Laguna_Seca",", McLaren 720S GT3","8/27/2023, ",Lap 3,126.199,Str 0-1 (End),11.964415,1.54,0.38,0.62,1.37,0.29,0.0,0.55,0.16,0.11,0.48,0.13,0.02,165.5,14.51,9.83,165.5,22.84,0.0,47.0,4.0,0.0,46.0,9.0,91.2,159.6,133.2,159.6,91.2,17.8,0.0,1.0,0.05,0.0,1.0,0.22,-11.7,1.25,-0.7,-0.39,-11.7,1.61,-10.64,41.7,5.17,8.83,37.25,8.62,0.0,69.0,11.0,23.0,0.0,13.0,0.0,7.91,0.03,7.91,0.61,1.34,0.54,1.48,0.9,0.88,0.54,0.08,0.0,11.7,0.77,0.39,11.7,11.31,1.57,1.622276052,0,1,0,Slow,436,436,4.0,0.14,-334.01803,4,19.05,0.677,13,620.0,31,8.908045977,8.75,0.3,0.16,,5.223151250000003,10.763309249999997,SectorTime outside section-specific IQR limits
P079,"Laguna_Seca, Laguna_Seca",", McLaren 720S GT3","8/27/2023, ",Lap 4,119.832,Str 0-1 (End),11.203961,1.47,0.4,0.57,1.47,0.37,0.0,0.95,0.19,0.02,0.49,0.24,0.02,86.86,12.22,18.27,86.86,14.04,0.0,49.0,7.0,0.0,31.0,13.0,89.1,164.7,141.3,164.7,89.1,21.3,0.0,1.0,0.04,0.0,1.0,0.19,-4.55,1.41,-0.49,-1.19,-4.55,0.83,-15.55,39.32,5.31,8.64,39.14,8.69,0.0,66.0,16.0,46.0,0.0,16.0,0.0,7.14,0.02,7.14,0.43,0.98,0.04,0.58,0.17,0.17,0.04,0.05,0.0,4.55,0.56,1.19,4.55,3.36,0.74,1.197583747,0,0,0,Slow,436,436,82.0,2.16,-455.3108238,82,18.46,0.038,16,473.5,33,3.956422018,8.0,0.2,0.1,,5.223151250000003,10.763309249999997,SectorTime outside section-specific IQR limits
P079,"Laguna_Seca, Laguna_Seca",", McLaren 720S GT3","8/27/2023, ",Lap 6,131.557,Str 0-1 (End),13.157737,1.34,0.31,0.53,1.24,0.32,0.0,0.92,0.21,0.01,0.02,0.26,0.0,70.0,11.08,13.6,62.01,13.89,0.0,48.0,7.0,0.0,0.0,14.0,71.9,158.2,121.5,158.2,82.2,31.6,0.0,1.0,0.05,0.0,1.0,0.21,-3.06,0.94,-0.47,-0.74,-2.04,0.68,-7.54,33.86,4.99,9.15,32.23,7.36,0.0,66.0,18.0,38.0,16.0,14.0,0.0,6.72,0.02,6.72,0.64,1.0,0.22,0.85,0.23,0.22,0.66,0.08,0.0,3.06,0.52,0.74,2.04,1.3,0.64,1.979665932,0,0,0,Slow,436,436,228.0,5.7,-711.2621325,228,19.5,0.714,16,425.0,36,2.083333317,10.5,0.32,0.16,,5.223151250000003,10.763309249999997,SectorTime outside section-specific IQR limits
P072,"Laguna_Seca, Laguna_Seca",", McLaren 720S GT3","8/27/2023, ",Lap 2,114.994,Str 0-1 (End),11.924753,1.74,0.51,0.21,1.49,0.41,0.0,1.28,0.32,0.25,0.32,0.31,0.0,114.01,14.49,7.44,114.01,20.68,0.0,68.0,12.0,0.0,26.0,18.0,98.6,195.5,166.7,181.0,98.6,30.9,0.0,1.0,0.08,0.0,1.0,0.26,-7.28,0.18,-0.85,-0.52,-7.28,1.28,-0.48,39.53,7.36,3.25,37.32,8.39,0.0,92.0,30.0,90.0,0.0,36.0,0.0,1.7,0.03,1.7,0.72,1.18,0.0,0.72,0.03,0.0,0.67,0.11,0.0,7.28,0.86,0.52,7.28,6.76,1.27,0.874878961,0,1,0,Slow,436,436,118.6,2.36,-252.3752665,121,17.29,0.451,3,294.0,22,6.733021077,42.2,1.31,0.68,,5.223151250000003,10.763309249999997,SectorTime outside section-specific IQR limits
P066,"Laguna_Seca, Laguna_Seca",", McLaren 720S GT3","8/26/2023, ",Lap 4,130.542,Str 0-1 (End),10.974753,1.43,0.42,0.01,1.41,0.41,0.01,0.95,0.27,0.07,0.57,0.24,0.0,51.46,10.61,0.73,51.46,11.35,0.0,49.0,9.0,0.0,31.0,15.0,87.8,175.7,147.9,175.5,87.8,24.3,0.0,0.0,0.0,0.0,0.0,0.0,-1.91,1.1,-0.44,0.02,-1.32,0.55,-3.92,31.8,6.23,-0.25,26.63,7.55,0.0,77.0,16.0,60.0,0.0,28.0,0.0,15.66,0.02,15.66,0.0,1.09,0.06,0.87,0.87,0.87,0.06,0.0,0.0,1.91,0.49,0.0,1.32,1.32,0.48,1.911963295,0,0,0,Slow,436,436,123.0,2.7,-483.2069969,123,24.13,0.506,10,305.0,48,3.822629968,3.285714286,0.09,0.04,,5.223151250000003,10.763309249999997,SectorTime outside section-specific IQR limits
P066,"Laguna_Seca, Laguna_Seca",", McLaren 720S GT3","8/26/2023, ",Lap 6,119.112,Str 0-1 (End),10.966943,1.41,0.39,0.26,1.41,0.31,0.0,1.0,0.29,0.15,0.22,0.22,0.0,81.33,11.37,8.27,81.33,14.86,0.0,55.0,10.0,0.0,7.0,13.0,81.2,191.8,145.7,188.3,81.2,34.6,0.0,1.0,0.06,0.0,1.0,0.23,-3.2,0.22,-0.56,-0.6,-3.18,0.66,-1.26,37.18,5.92,4.57,36.73,6.89,0.0,82.0,10.0,78.0,0.0,22.0,0.0,12.67,0.04,12.67,0.64,0.99,0.18,0.82,0.2,0.18,0.4,0.09,0.0,3.2,0.56,0.6,3.18,2.58,0.65,1.149558231,0,0,0,Slow,436,436,12.0,0.24,-741.5238227,13,18.22,0.985,7,292.3333333,44,3.858024685,7.75,0.24,0.12,,5.223151250000003,10.763309249999997,SectorTime outside section-specific IQR limits
P062,"Laguna_Seca, Laguna_Seca",", McLaren 720S GT3","8/26/2023, ",Lap 2,124.979,Str 0-1 (End),12.416729,1.23,0.31,0.15,0.4,0.27,0.0,1.32,0.31,0.09,0.08,0.38,0.02,40.29,9.8,6.91,40.29,8.39,0.0,67.0,15.0,0.0,4.0,22.0,56.9,169.7,126.1,160.1,57.4,39.5,0.0,0.0,0.0,0.0,0.0,0.0,-1.56,1.0,-0.38,-0.51,-1.56,0.44,-5.21,17.53,4.4,3.1,12.05,4.95,0.0,69.0,32.0,57.0,37.0,23.0,0.0,8.35,0.01,8.35,0.0,0.7,0.0,0.0,0.0,0.0,0.0,0.0,0.0,1.56,0.42,0.51,1.56,1.05,0.38,1.540899483,0,1,0,Slow,436,436,123.0,2.68,-206.4936156,123,15.78,0.484,13,360.3333333,46,1.628352479,2.485714286,0.12,0.06,,5.223151250000003,10.763309249999997,SectorTime outside section-specific IQR limits
P044,"Laguna_Seca, Laguna_Seca",", McLaren 720S GT3","8/26/2023, ",Lap 3,125.337,Str 0-1 (End),10.924781,1.65,0.36,0.09,1.65,0.35,0.02,0.67,0.16,0.19,0.19,0.11,0.02,165.82,13.43,4.65,165.82,26.47,0.0,33.0,2.0,0.0,0.0,6.0,133.9,159.4,146.6,135.0,133.9,6.1,0.0,1.0,0.06,0.0,1.0,0.23,-13.07,0.18,-0.87,-0.37,-13.07,2.08,-1.9,37.01,5.48,1.48,27.69,6.53,0.0,78.0,40.0,78.0,0.0,34.0,0.0,17.1,0.05,17.1,0.65,0.96,0.0,0.62,0.02,0.0,0.0,0.08,0.0,13.07,0.87,0.37,13.07,12.7,2.08,1.564778837,0,1,0,Slow,436,436,12.0,0.3,-330.6637462,12,20.47,0.565,9,363.0,36,14.04816514,3.25,0.06,0.03,,5.223151250000003,10.763309249999997,SectorTime outside section-specific IQR limits
P044,"Laguna_Seca, Laguna_Seca",", McLaren 720S GT3","8/26/2023, ",Lap 4,117.862,Str 0-1 (End),11.928161,1.6,0.32,0.22,1.49,0.32,0.0,0.58,0.11,0.05,0.43,0.14,0.0,112.16,11.53,6.28,112.16,19.42,0.0,48.0,4.0,0.0,48.0,10.0,111.8,141.9,132.9,141.7,111.8,6.7,0.0,1.0,0.06,0.0,1.0,0.24,-7.91,0.21,-0.66,-0.37,-7.91,1.35,-3.02,41.95,5.57,2.98,40.75,7.97,0.0,70.0,25.0,51.0,0.0,21.0,0.0,11.71,0.04,11.71,0.74,0.92,0.05,0.78,0.07,0.05,0.62,0.1,0.0,7.91,0.67,0.37,7.91,7.54,1.35,1.066180599,0,0,0,Slow,436,436,5.0,0.15,-463.4592153,5,14.23,1.518,7,349.0,30,7.740825688,3.0,0.06,0.03,,5.223151250000003,10.763309249999997,SectorTime outside section-specific IQR limits
P030,"Laguna_Seca, Laguna_Seca",", McLaren 720S GT3","8/25/2023, ",Lap 6,130.552,Str 0-1 (End),11.88659,1.49,0.34,0.15,1.45,0.32,0.0,0.45,0.11,0.04,0.38,0.11,0.0,60.01,9.66,6.38,60.01,10.33,0.0,19.0,2.0,0.0,18.0,5.0,104.6,150.1,135.1,150.1,104.6,9.9,0.0,1.0,0.03,0.0,1.0,0.17,-2.78,0.22,-0.45,-0.41,-2.78,0.5,-2.28,31.34,5.51,2.24,30.38,6.4,0.0,66.0,15.0,32.0,0.0,13.0,0.0,22.65,0.04,22.65,0.36,0.99,0.4,0.73,0.4,0.4,0.0,0.03,0.0,2.78,0.46,0.41,2.78,2.37,0.49,1.912630317,0,0,0,Slow,436,436,130.0,3.33,-664.265328,130,17.185,4.951,10,237.0,35,3.333333333,13.57142857,0.39,0.19,,5.223151250000003,10.763309249999997,SectorTime outside section-specific IQR limits
P024,"Laguna_Seca, Laguna_Seca",", McLaren 720S GT3","8/25/2023, ",Lap 3,123.277,Str 0-1 (End),13.639152,0.95,0.23,0.13,0.8,0.23,0.0,1.0,0.18,0.12,0.05,0.24,0.0,52.54,8.15,5.54,49.23,9.16,0.0,54.0,5.0,0.0,0.0,14.0,80.4,129.8,115.1,127.1,80.4,16.0,0.0,1.0,0.03,0.0,1.0,0.16,-2.33,0.21,-0.38,-0.32,-2.05,0.45,-1.94,23.61,3.84,2.48,22.18,4.7,0.0,69.0,22.0,11.0,2.0,21.0,0.0,12.28,0.02,12.28,0.38,0.6,0.12,0.48,0.12,0.12,0.19,0.04,0.0,2.33,0.39,0.32,2.05,1.73,0.44,1.4273725,0,1,0,Slow,436,436,394.0,12.29,-358.6007178,394,14.24,0.902,11,234.5,36,1.701070331,0.0,0.0,0.0,,5.223151250000003,10.763309249999997,SectorTime outside section-specific IQR limits
P024,"Laguna_Seca, Laguna_Seca",", McLaren 720S GT3","8/25/2023, ",Lap 4,114.227,Str 0-1 (End),11.441426,1.24,0.32,0.24,1.24,0.25,0.0,0.52,0.17,0.2,0.1,0.13,0.0,60.8,8.93,8.1,60.8,8.97,0.0,25.0,4.0,0.0,0.0,7.0,103.1,164.8,138.1,162.3,103.1,18.2,0.0,1.0,0.02,0.0,1.0,0.14,-3.21,0.14,-0.45,-0.52,-3.21,0.48,-1.77,30.8,4.89,3.25,30.8,4.82,0.0,78.0,15.0,78.0,0.0,18.0,0.0,0.24,0.0,0.0,0.24,0.67,0.25,0.48,0.25,0.25,0.3,0.02,0.0,3.21,0.46,0.52,3.21,2.69,0.47,0.823718446,0,0,0,Slow,436,436,115.0,3.49,-489.0866443,115,16.58,0.505,5,196.0,31,3.956422018,5.142857143,0.06,0.03,,5.223151250000003,10.763309249999997,SectorTime outside section-specific IQR limits
P010,"Laguna_Seca, Laguna_Seca",", McLaren 720S GT3","24/08/2023, ",Lap 2,128.422,Str 0-1 (End),15.157,0.77,0.2,0.44,0.48,0.18,0.0,1.31,0.22,0.16,0.24,0.29,0.02,54.29,9.06,13.21,43.16,11.24,0.0,100.0,9.0,0.0,0.0,24.0,60.9,125.0,104.4,125.0,62.6,11.1,0.0,0.0,0.0,0.0,0.0,0.0,-1.98,0.33,-0.38,-0.66,-1.68,0.45,-2.22,19.97,3.81,7.86,14.42,4.65,0.0,92.0,24.0,0.0,85.0,28.0,0.0,6.67,0.01,6.67,0.0,0.61,0.0,0.0,0.0,0.0,0.0,0.0,0.0,1.98,0.39,0.66,1.68,1.02,0.44,1.770554832,0,1,0,Slow,436,436,118.0,4.08,-161.4200548,118,21.45,6.546,7,238.0,38,1.414373092,7.465909091,0.22,0.11,,5.223151250000003,10.763309249999997,SectorTime outside section-specific IQR limits
P009,"Laguna_Seca, Laguna_Seca",", McLaren 720S GT3","24/08/2023, ",Lap 5,128.887,Str 0-1 (End),11.227,1.45,0.36,0.39,0.83,0.32,0.02,1.45,0.44,0.23,1.02,0.39,0.04,47.66,10.88,13.47,47.66,10.44,0.0,94.0,25.0,0.0,83.0,29.0,72.9,187.9,142.1,166.8,72.9,31.2,0.0,0.0,0.0,0.0,0.0,0.0,-1.83,1.47,-0.42,-0.93,-1.35,0.55,-9.18,30.0,5.04,6.68,20.17,6.89,8.0,80.0,53.0,80.0,11.0,29.0,0.0,21.3,0.03,21.3,0.0,0.85,0.0,0.0,0.0,0.0,0.0,0.0,0.0,1.83,0.48,0.93,1.35,0.42,0.47,1.801571311,0,0,0,Slow,436,436,0.0,0.0,0.0,0,23.51,0.546,10,345.0,28,1.728110595,106.3333333,3.0,1.49,,5.223151250000003,10.763309249999997,SectorTime outside section-specific IQR limits
P007,"Laguna_Seca, Laguna_Seca",", McLaren 720S GT3","24/08/2023, ",Lap 2,108.372,Str 0-1 (End),10.812,1.83,0.63,0.33,1.44,0.49,0.04,1.51,0.51,0.25,0.22,0.4,0.0,92.82,18.37,11.53,92.82,20.08,0.0,78.0,21.0,0.0,6.0,26.0,93.1,219.8,180.4,187.6,93.1,37.0,0.0,1.0,0.24,0.0,1.0,0.43,-5.25,1.04,-1.09,-0.81,-5.25,1.27,-6.76,38.67,7.79,4.9,34.56,9.85,0.0,99.0,57.0,99.0,0.0,48.0,0.0,25.77,1.0,25.77,2.1,1.35,0.0,2.08,0.94,0.0,0.0,0.48,0.0,5.25,1.13,0.81,5.25,4.45,1.22,0.433177619,0,1,0,Slow,436,436,0.0,0.0,0.0,0,12.41,0.071,7,386.5,23,5.161691542,8.75,0.32,0.16,,5.223151250000003,10.763309249999997,SectorTime outside section-specific IQR limits
P005,"Laguna_Seca, Laguna_Seca",", McLaren 720S GT3","24/08/2023, ",Lap 2,131.769,Str 0-1 (End),2.921,1.34,0.27,0.14,0.93,0.26,0.02,1.14,0.41,0.16,0.37,0.25,0.02,70.77,10.05,5.98,70.77,11.29,0.0,75.0,11.0,0.0,0.0,20.0,73.0,152.2,114.8,96.4,82.3,20.5,0.0,1.0,0.03,0.0,1.0,0.18,-3.76,0.7,-0.45,-0.24,-3.76,0.59,-2.68,24.27,4.82,3.28,24.23,5.24,0.0,99.0,49.0,0.0,86.0,43.0,0.0,0.45,0.01,0.0,0.45,0.05,1.94,2.42,1.97,1.97,1.94,0.05,0.0,3.76,0.47,0.24,3.76,3.52,0.58,1.993806779,0,1,0,Slow,436,436,170.0,5.19,-183.5334701,170,38.40666667,12.794,3,288.3333333,41,3.707951086,12.31684492,0.43,0.22,,5.223151250000003,10.763309249999997,SectorTime outside section-specific IQR limits
P005,"Laguna_Seca, Laguna_Seca",", McLaren 720S GT3","24/08/2023, ",Lap 3,111.009,Str 0-1 (End),2.836,1.32,0.5,0.12,1.25,0.3,0.01,1.56,0.46,0.2,0.53,0.4,0.09,79.92,12.42,8.02,79.92,11.47,0.0,100.0,21.0,0.0,53.0,30.0,90.2,200.8,163.0,182.2,90.2,29.0,0.0,1.0,0.03,0.0,1.0,0.17,-4.37,0.91,-0.64,-0.66,-4.37,0.68,-5.94,34.52,6.5,3.05,34.52,6.18,0.0,100.0,50.0,100.0,0.0,44.0,0.0,24.84,0.05,24.84,0.31,1.14,0.25,1.37,1.07,1.07,0.25,0.03,0.0,4.37,0.67,0.66,4.37,3.72,0.63,0.609071071,0,1,0,Slow,436,436,137.4,2.74,-315.0682504,145,24.68,0.465,3,335.0,34,4.83490566,6.172619048,0.22,0.11,,5.223151250000003,10.763309249999997,SectorTime outside section-specific IQR limits
P005,"Laguna_Seca, Laguna_Seca",", McLaren 720S GT3","24/08/2023, ",Lap 4,103.027,Str 0-1 (End),2.406,1.35,0.45,0.25,1.26,0.31,0.0,1.54,0.45,0.33,0.35,0.39,0.0,52.29,11.31,8.97,45.77,10.14,0.0,100.0,19.0,0.0,16.0,27.0,92.1,200.2,154.4,179.1,92.1,35.2,0.0,1.0,0.01,0.0,0.0,0.1,-2.05,0.69,-0.56,-0.65,-1.45,0.49,-2.93,31.93,6.26,3.89,30.81,6.4,0.0,100.0,47.0,100.0,2.0,42.0,0.0,11.47,0.02,11.47,0.1,1.28,0.05,0.15,0.05,0.05,0.06,0.02,0.0,2.05,0.58,0.65,1.45,0.8,0.46,0.076654866,0,0,1,Fast,436,436,20.0,0.4,-427.8333016,21,23.59,0.476,4,260.5,34,2.464788732,2.25,0.04,0.02,,5.223151250000003,10.763309249999997,SectorTime outside section-specific IQR limits
P108,"Laguna_Seca, Laguna_Seca",", McLaren 720S GT3","24/08/2024, ",Lap 7,103.662,Str 0-1 (Start),16.254,0.0,56.0,7.0,18.0,0.0,16.0,0.0,179.6,62.9,55.1,179.6,60.5,-1.08,20.07,0.23,20.04,-0.73,2.44,-120.41,42.55,-2.68,42.55,5.83,16.54,0.0,100.0,65.0,36.0,100.0,40.0,2.69,0.19,1.36,0.44,0.34,0.0,27.55,0.53,0.06,0.31,1.54,0.0,217.97,62.13,127.04,11.4,71.38,0.0,1.0,0.02,1.0,0.0,0.15,1.76,22.05,22.03,21.71,1.76,0.04,0.02,0.88,0.35,0.88,0.35,0.08,0.0,1.08,0.12,0.0,0.73,0.73,0.21,0.119010703,0,1,1,Fast,282,282,0.0,0.0,0.0,0,214.7344444,94.83,8,984.6111111,22,9.228944166,0.0,0.0,0.0,,-4.1817293750000015,14.063037625000002,SectorTime outside section-specific IQR limits
P044,"Laguna_Seca, Laguna_Seca",", McLaren 720S GT3","8/26/2023, ",Lap 2,121.659,Str 0-1 (Start),14.101345,0.51,0.09,0.34,0.09,0.1,0.0,1.29,0.23,0.03,0.19,0.12,0.0,86.21,18.28,86.21,4.65,22.84,0.0,0.0,0.0,0.0,0.0,0.0,37.1,135.0,74.1,40.1,135.0,33.3,0.0,0.0,0.0,0.0,0.0,0.0,-1.08,0.09,-0.09,0.0,-0.37,0.17,-16.65,20.77,-2.35,20.77,1.48,6.22,39.0,79.0,65.0,39.0,78.0,16.0,17.1,24.43,24.42,24.43,17.1,0.01,0.0,0.82,0.0,0.82,0.0,0.04,0.0,1.08,0.09,0.0,0.37,0.37,0.17,1.319448493,0,1,0,Slow,282,282,5.0,0.18,-323.1545369,5,0.0,0.0,7,285.2,15,-1.749703458,0.0,0.0,0.0,,-4.1817293750000015,14.063037625000002,SectorTime outside section-specific IQR limits
P010,"Laguna_Seca, Laguna_Seca",", McLaren 720S GT3","24/08/2023, ",Lap 2,128.422,Str 0-1 (Start),14.219,0.82,0.14,0.57,0.22,0.17,0.0,1.09,0.19,0.24,0.32,0.15,0.0,119.8,24.98,119.8,12.4,35.18,0.0,0.0,0.0,0.0,0.0,0.0,40.2,114.8,72.0,40.6,111.1,25.7,0.0,0.0,0.0,0.0,0.0,0.0,-1.03,0.07,-0.17,0.0,-0.77,0.24,-25.68,29.27,-1.13,29.27,4.28,10.45,0.0,100.0,77.0,100.0,88.0,33.0,1.01,25.23,25.21,25.23,1.01,0.03,0.0,0.2,0.0,0.2,0.0,0.04,0.0,1.03,0.17,0.0,0.77,0.77,0.24,1.770554832,0,1,0,Slow,282,282,0.0,0.0,0.0,0,0.0,0.0,5,445.85,23,-2.153024952,0.0,0.0,0.0,,-4.1817293750000015,14.063037625000002,SectorTime outside section-specific IQR limits
P134,"Laguna_Seca, Laguna_Seca",", McLaren 720S GT3","20/10/2024, ",Lap 7,109.389,Str 1-2,23.901,0.0,100.0,12.0,0.0,0.0,27.0,0.0,120.3,30.1,96.0,120.3,37.3,-4.7,26.12,1.14,-2.69,-1.51,5.09,-27.61,55.65,0.17,25.69,-10.48,17.37,0.0,100.0,36.0,100.0,62.0,44.0,2.64,0.26,1.0,0.58,0.42,0.0,6.6,0.28,0.44,0.29,0.4,0.18,240.0,157.05,50.7,24.44,94.87,0.0,1.0,0.12,1.0,0.0,0.32,4.76,7.58,7.39,4.76,7.58,0.57,0.02,2.83,2.64,1.15,0.58,0.57,0.0,4.7,0.21,2.69,1.51,-1.17,0.72,0.50101366,0,1,0,Slow,197,732,137.0,5.52,-767.872899,137,240.0,26.955,5,1468.882353,17,-35.72271428,0.0,0.0,0.0,,2.0848700000000004,8.201478,SectorTime outside section-specific IQR limits
P129,"Laguna_Seca, Laguna_Seca",", McLaren 720S GT3","19/10/2024, ",Lap 2,108.954,Str 1-2,8.331,0.0,42.0,5.0,0.0,10.0,11.0,47.1,127.1,85.8,54.4,93.4,27.1,-6.1,0.7,-0.8,-6.1,-0.42,0.87,-22.11,40.69,-0.89,38.68,-3.41,12.17,0.0,84.0,60.0,52.0,0.0,30.0,1.2,0.41,0.76,0.17,0.27,0.01,0.83,0.39,0.07,0.33,0.18,0.09,119.6,28.5,119.6,8.67,26.79,0.0,1.0,0.07,1.0,0.0,0.26,4.8,5.37,5.3,4.8,5.37,0.15,0.02,0.57,0.5,0.0,0.55,0.15,0.0,6.1,0.83,6.1,0.42,-5.68,0.84,0.471998244,0,1,0,Slow,197,732,167.0,7.76,-197.3891629,167,0.0,0.0,3,322.8333333,12,-9.073604003,11.325,0.32,0.16,,2.0848700000000004,8.201478,SectorTime outside section-specific IQR limits
P128,"Laguna_Seca, Laguna_Seca",", McLaren 720S GT3","19/10/2024, ",Lap 6,104.522,Str 1-2,13.116,0.0,49.0,8.0,0.0,0.0,16.0,4.0,121.0,54.8,92.3,118.1,37.5,-3.43,27.87,1.82,-2.87,-1.38,6.2,-13.69,84.41,27.06,24.44,-13.69,24.41,0.0,100.0,62.0,100.0,0.0,40.0,1.9,0.52,1.19,0.78,0.41,0.0,2.18,0.36,0.41,0.17,0.25,0.24,175.8,74.97,61.59,26.46,52.72,0.0,1.0,0.24,1.0,0.0,0.43,4.27,7.42,6.78,4.27,7.42,0.77,0.02,3.15,2.51,2.24,1.94,0.76,0.0,3.43,0.45,2.87,1.38,-1.5,0.86,0.176374513,0,0,0,Slow,197,732,73.0,2.94,-517.7698445,73,175.62,15.466,3,879.8434484,24,-37.44796783,3.392013889,0.2,0.1,,2.0848700000000004,8.201478,SectorTime outside section-specific IQR limits
P126,"Laguna_Seca, Laguna_Seca",", McLaren 720S GT3","19/10/2024, ",Lap 2,119.639,Str 1-2,15.12,0.0,87.0,14.0,0.0,16.0,27.0,0.0,113.3,48.3,99.0,109.4,38.4,-2.67,29.04,2.66,-1.67,-1.06,8.02,-17.1,128.5,23.69,22.05,-15.54,29.24,0.0,100.0,53.0,100.0,0.0,44.0,4.91,0.47,1.19,0.72,0.49,0.0,17.12,0.42,0.43,0.44,1.0,0.13,240.0,116.02,42.25,23.24,94.32,0.0,1.0,0.21,0.0,0.0,0.41,4.97,8.15,7.55,4.97,8.15,0.84,0.0,3.18,2.58,1.54,0.55,0.84,0.0,2.67,0.34,1.67,1.06,-0.62,0.7,1.18471024,0,1,0,Slow,197,732,86.0,6.69,-202.5297534,86,240.0,16.194,5,1403.333333,15,-50.06412632,0.0,0.0,0.0,,2.0848700000000004,8.201478,SectorTime outside section-specific IQR limits
P126,"Laguna_Seca, Laguna_Seca",", McLaren 720S GT3","19/10/2024, ",Lap 3,121.247,Str 1-2,19.432,0.0,96.0,17.0,0.0,28.0,27.0,0.0,111.2,37.1,98.8,107.5,35.2,-2.67,26.6,1.71,-2.67,-1.47,6.18,-39.65,64.02,0.11,26.77,-11.64,21.26,0.0,100.0,46.0,100.0,0.0,41.0,1.86,0.32,1.33,0.48,0.4,0.0,0.95,0.31,0.34,0.59,0.24,0.07,240.0,148.45,58.7,24.96,101.53,0.0,1.0,0.14,1.0,0.0,0.35,4.46,7.2,6.95,4.46,7.2,0.63,0.02,2.75,2.5,0.72,0.72,0.63,0.0,2.67,0.18,2.67,1.47,-1.2,0.52,1.291967226,0,1,0,Slow,197,732,100.0,10.31,-322.669952,100,240.0,22.125,3,1579.0,10,-32.65986745,11.12083946,5.09,1.36,,2.0848700000000004,8.201478,SectorTime outside section-specific IQR limits
P122,"Laguna_Seca, Laguna_Seca",", McLaren 720S GT3","19/10/2024, ",Lap 2,107.094,Str 1-2,16.081,0.0,93.0,11.0,0.0,0.0,23.0,0.0,108.4,45.3,102.5,96.7,30.3,-3.72,23.02,1.84,-2.13,-1.19,6.19,-22.0,81.32,22.69,18.2,-22.0,25.46,0.0,100.0,70.0,100.0,100.0,40.0,2.52,0.56,0.95,0.74,0.47,0.0,1.3,0.35,0.55,0.46,0.25,0.05,240.0,109.28,41.68,29.45,92.87,0.0,1.0,0.19,1.0,0.0,0.39,4.64,7.65,7.09,4.64,7.65,0.62,0.02,3.02,2.46,1.15,1.38,0.62,0.0,3.72,0.3,2.13,1.19,-0.94,0.75,0.347932328,0,1,0,Slow,197,732,0.0,0.0,0.0,0,240.0,22.326,5,1235.41471,24,-28.59349132,9.569642857,0.65,0.38,,2.0848700000000004,8.201478,SectorTime outside section-specific IQR limits
P122,"Laguna_Seca, Laguna_Seca",", McLaren 720S GT3","19/10/2024, ",Lap 4,98.464,Str 1-2,13.725,0.0,100.0,12.0,0.0,5.0,29.0,0.2,120.0,52.2,102.5,118.7,37.2,-4.44,21.25,2.06,-3.8,-0.24,6.26,-11.06,181.74,26.97,31.09,-6.33,39.38,0.0,100.0,66.0,62.0,44.0,38.0,1.64,0.47,1.48,0.4,0.44,0.0,0.92,0.39,0.18,0.09,0.23,0.24,238.31,80.97,71.38,3.66,70.23,0.0,1.0,0.22,1.0,0.0,0.41,4.42,7.37,7.0,4.42,7.37,0.77,0.02,3.17,2.59,3.17,0.81,0.77,0.0,4.44,0.41,3.8,0.24,-3.56,0.94,-0.227706841,0,0,1,Fast,197,732,216.0,14.27,-391.7587131,216,236.524,17.545,3,1188.127381,29,-27.80044695,0.0,0.0,0.0,,2.0848700000000004,8.201478,SectorTime outside section-specific IQR limits
P122,"Laguna_Seca, Laguna_Seca",", McLaren 720S GT3","19/10/2024, ",Lap 6,103.494,Str 1-2,12.43,0.0,100.0,10.0,0.0,0.0,26.0,0.3,132.1,57.7,92.2,131.4,40.3,-4.91,25.01,1.66,-4.91,-2.21,6.32,-24.31,130.45,28.61,36.45,-24.31,36.47,0.0,100.0,75.0,36.0,4.0,38.0,2.13,0.59,1.52,1.4,0.52,0.0,0.92,0.45,0.05,0.16,0.24,0.33,172.78,52.07,92.46,42.08,42.19,0.0,1.0,0.25,1.0,1.0,0.43,5.02,8.13,7.38,5.02,8.13,0.69,0.02,3.4,2.36,3.4,0.11,0.69,0.0,4.91,0.59,4.91,2.21,-2.7,1.14,0.107804749,0,0,1,Fast,197,732,152.0,10.13,-591.0172564,152,0.0,0.0,3,790.1234664,20,-33.29796277,0.0,0.0,0.0,,2.0848700000000004,8.201478,SectorTime outside section-specific IQR limits
P121,"Laguna_Seca, Laguna_Seca",", McLaren 720S GT3","19/10/2024, ",Lap 4,103.682,Str 1-2,15.449,0.0,100.0,18.0,43.0,13.0,36.0,0.4,119.5,46.3,90.3,117.2,35.3,-10.5,16.29,0.48,-8.9,-1.68,4.72,-104.45,56.11,0.81,36.48,-18.57,35.03,0.0,100.0,63.0,0.0,11.0,42.0,1.53,0.45,1.42,0.84,0.41,0.0,0.86,0.38,0.59,0.33,0.24,0.04,185.34,93.48,135.63,30.78,56.14,0.0,1.0,0.21,1.0,0.0,0.41,5.4,8.58,8.24,5.4,8.58,0.78,0.02,3.53,2.84,3.53,0.0,0.78,0.0,10.5,0.84,8.9,1.68,-7.22,2.45,0.120344745,0,0,1,Fast,197,732,783.0,25.93,-387.1430711,794,183.6609091,18.621,3,1118.229107,26,-33.08900675,0.0,0.0,0.03,,2.0848700000000004,8.201478,SectorTime outside section-specific IQR limits
P121,"Laguna_Seca, Laguna_Seca",", McLaren 720S GT3","19/10/2024, ",Lap 7,96.997,Str 1-2,11.858,0.0,100.0,16.0,0.0,0.0,34.0,12.2,114.1,60.1,91.4,114.1,29.4,-8.23,16.11,1.61,-7.99,-1.5,5.77,-158.69,47.15,0.24,31.79,-8.53,30.37,0.0,100.0,73.0,78.0,100.0,39.0,7.06,0.42,1.4,0.37,0.66,0.01,10.36,0.45,0.26,0.59,0.7,0.05,199.09,52.86,123.28,21.5,61.16,0.0,1.0,0.28,1.0,0.0,0.45,5.52,8.78,8.3,5.52,8.78,0.91,0.02,3.62,2.78,3.62,1.32,0.91,0.0,8.23,0.73,7.99,1.5,-6.48,2.03,-0.32555883,0,1,1,Fast,197,732,135.0,8.61,-676.1629111,135,195.6581818,16.823,3,788.678355,29,-37.79017513,0.0,0.0,0.0,,2.0848700000000004,8.201478,SectorTime outside section-specific IQR limits
P121,"Laguna_Seca, Laguna_Seca",", McLaren 720S GT3","19/10/2024, ",Lap 11,98.06,Str 1-2,13.441,0.0,100.0,19.0,0.0,0.0,39.0,5.9,106.2,53.2,93.4,90.0,31.2,-5.79,25.36,1.86,-0.43,-0.17,6.42,-48.92,39.92,0.9,13.22,4.95,21.41,0.0,100.0,58.0,100.0,100.0,34.0,1.6,0.47,0.92,0.2,0.44,0.0,1.07,0.33,0.5,0.61,0.22,0.59,177.08,95.19,26.93,7.52,68.85,0.0,1.0,0.25,0.0,0.0,0.44,4.73,8.15,7.65,4.73,8.15,0.98,0.0,3.42,2.92,0.0,2.67,0.97,0.0,5.79,0.58,0.43,0.17,-0.26,1.28,-0.254654492,0,1,1,Fast,197,732,0.0,0.0,0.0,0,177.0257143,16.86,2,558.7619048,27,-20.02956906,0.0,0.0,0.0,,2.0848700000000004,8.201478,SectorTime outside section-specific IQR limits
P115,"Laguna_Seca, Laguna_Seca",", McLaren 720S GT3","19/10/2024, ",Lap 3,94.914,Str 1-2,9.428,0.0,100.0,7.0,0.0,69.0,23.0,23.2,144.4,75.8,43.7,126.7,40.7,-1.48,0.1,-0.46,0.0,-0.39,0.49,-13.99,28.07,2.99,25.22,-9.18,12.55,0.0,100.0,77.0,15.0,0.0,31.0,0.86,0.36,0.57,0.62,0.19,0.01,1.44,0.49,0.21,1.27,0.3,0.05,110.94,44.48,103.6,12.76,39.57,0.0,0.0,0.0,0.0,0.0,0.0,4.62,4.62,4.62,4.62,4.62,0.0,0.0,0.15,0.0,0.15,0.0,0.17,0.0,1.48,0.46,0.0,0.39,0.39,0.49,-0.464499315,0,1,1,Fast,197,732,0.0,0.0,0.0,0,0.0,0.0,1,239.6166667,33,-7.107505355,3.616666667,0.07,0.03,,2.0848700000000004,8.201478,SectorTime outside section-specific IQR limits
P115,"Laguna_Seca, Laguna_Seca",", McLaren 720S GT3","19/10/2024, ",Lap 5,99.087,Str 1-2,12.185,0.0,100.0,14.0,80.0,100.0,32.0,0.0,147.4,58.5,39.2,119.0,50.5,-1.49,0.35,-0.21,0.0,-0.61,0.36,-101.31,100.82,-4.68,100.64,-3.07,32.85,0.0,100.0,70.0,0.0,0.0,41.0,1.25,0.26,0.8,0.25,0.27,0.0,1.54,0.5,0.0,1.37,0.32,0.04,188.32,75.09,179.06,10.07,76.74,0.0,0.0,0.0,0.0,0.0,0.0,4.82,4.82,4.82,4.82,4.82,0.0,0.0,2.25,0.0,2.25,0.0,0.16,0.0,1.49,0.22,0.0,0.61,0.61,0.35,-0.186151429,0,0,1,Fast,197,732,0.0,0.0,0.0,0,0.0,0.0,1,475.1383931,26,4.720264453,0.0,0.0,0.0,,2.0848700000000004,8.201478,SectorTime outside section-specific IQR limits
P112,"Laguna_Seca, Laguna_Seca",", McLaren 720S GT3","25/08/2024, ",Lap 3,114.867,Str 1-2,19.924,0.0,86.0,11.0,0.0,0.0,20.0,0.0,102.4,36.0,95.2,88.1,34.4,-8.22,29.06,2.05,-4.5,-0.24,6.94,-69.94,48.28,0.4,33.24,-1.37,23.12,0.0,100.0,43.0,51.0,100.0,35.0,2.22,0.39,1.44,0.11,0.54,0.0,1.86,0.3,0.14,0.79,0.26,0.05,240.0,114.09,83.66,5.34,80.09,0.0,1.0,0.2,1.0,0.0,0.4,4.83,8.78,8.34,4.83,8.78,0.99,0.02,3.97,3.52,0.37,2.52,0.99,0.0,8.22,0.34,4.5,0.24,-4.25,1.22,0.866407794,0,1,0,Slow,197,732,355.0,19.35,-355.4151223,355,240.0,18.615,5,1689.420072,15,18.68073859,0.0,0.0,0.0,,2.0848700000000004,8.201478,SectorTime outside section-specific IQR limits
P112,"Laguna_Seca, Laguna_Seca",", McLaren 720S GT3","25/08/2024, ",Lap 9,116.343,Str 1-2,21.678,0.0,74.0,11.0,0.0,0.0,21.0,0.0,113.2,33.1,101.2,81.9,33.4,-2.81,24.5,1.7,-1.91,-1.19,5.86,-103.21,45.87,0.66,18.36,-9.24,27.63,0.0,100.0,38.0,100.0,100.0,35.0,2.63,0.37,1.06,0.38,0.47,0.0,20.69,0.31,0.65,0.77,1.0,0.09,240.0,145.04,43.67,25.41,86.91,0.0,1.0,0.13,0.0,0.0,0.33,4.0,6.75,6.53,4.0,6.75,0.61,0.0,2.75,2.53,0.76,1.38,0.6,0.0,2.81,0.11,1.91,1.19,-0.73,0.43,0.964860101,0,1,0,Slow,197,732,124.0,4.88,-978.4439133,124,240.0,23.763,3,1319.409856,21,-47.7281859,0.0,0.0,0.0,,2.0848700000000004,8.201478,SectorTime outside section-specific IQR limits
P111,"Laguna_Seca, Laguna_Seca",", McLaren 720S GT3","25/08/2024, ",Lap 5,115.337,Str 1-2,22.252,0.0,100.0,12.0,0.0,0.0,30.0,0.0,139.1,32.8,64.6,139.1,33.9,-3.28,21.51,0.22,20.47,-0.4,2.92,-36.83,180.95,14.58,112.05,-2.85,52.18,0.0,100.0,55.0,0.0,100.0,41.0,1.72,0.33,1.46,0.26,0.32,0.0,1.21,0.41,0.13,0.52,0.25,0.22,186.66,100.55,145.59,6.97,61.13,0.0,1.0,0.05,1.0,0.0,0.21,5.58,6.58,6.16,5.58,6.58,0.19,0.02,1.02,0.59,0.87,0.0,0.22,0.0,3.28,0.2,0.0,0.4,0.4,0.54,0.897757783,0,0,0,Slow,197,732,155.0,9.01,-525.2700473,155,186.52,21.534,4,1506.557143,32,-2.68545327,0.0,0.0,0.0,,2.0848700000000004,8.201478,SectorTime outside section-specific IQR limits
P111,"Laguna_Seca, Laguna_Seca",", McLaren 720S GT3","25/08/2024, ",Lap 9,102.534,Str 1-2,13.613,0.0,100.0,11.0,0.0,24.0,29.0,2.5,113.4,52.6,103.2,109.0,34.8,-3.73,13.61,1.02,-3.61,-1.48,3.66,-70.12,50.7,0.25,20.86,-16.93,22.64,0.0,100.0,50.0,100.0,0.0,43.0,2.74,0.46,1.03,0.77,0.53,0.0,12.15,0.37,0.57,0.61,0.76,0.05,186.36,60.35,62.9,30.41,60.74,0.0,1.0,0.23,1.0,0.0,0.42,4.23,7.37,6.93,4.23,7.37,0.86,0.02,3.15,2.71,0.46,1.08,0.86,0.0,3.73,0.34,3.61,1.48,-2.13,0.87,0.043770728,0,1,1,Fast,197,732,105.0,9.33,-916.3465834,105,185.1081818,19.714,5,799.8151515,23,-7.59579928,0.0,0.0,0.0,,2.0848700000000004,8.201478,SectorTime outside section-specific IQR limits
P110,"Laguna_Seca, Laguna_Seca",", McLaren 720S GT3","25/08/2024, ",Lap 4,95.539,Str 1-2,8.61,0.0,100.0,9.0,0.0,0.0,26.0,49.1,113.0,83.0,98.3,113.0,19.7,-9.34,12.58,1.11,-2.39,-1.6,4.59,-283.03,48.86,-0.24,30.21,-8.6,41.55,0.0,100.0,76.0,100.0,100.0,40.0,9.98,0.61,1.51,0.28,0.89,0.01,9.36,0.42,0.29,0.57,0.73,0.05,152.23,42.98,59.64,22.27,41.04,0.0,1.0,0.32,1.0,0.0,0.47,4.65,7.37,6.64,4.65,7.37,1.01,0.02,2.72,1.99,0.0,0.39,1.01,0.0,9.34,0.84,2.39,1.6,-0.79,1.73,-0.422810499,0,0,1,Fast,197,732,135.0,5.94,-409.46527,135,0.0,0.0,3,496.5,26,-21.17174281,0.0,0.0,0.0,,2.0848700000000004,8.201478,SectorTime outside section-specific IQR limits
P110,"Laguna_Seca, Laguna_Seca",", McLaren 720S GT3","25/08/2024, ",Lap 5,105.579,Str 1-2,18.153,0.0,55.0,4.0,2.0,0.0,10.0,0.0,101.3,39.7,94.3,101.3,29.3,-5.78,25.06,1.2,-5.3,-0.26,5.32,-98.0,102.38,20.23,32.57,-3.7,37.06,0.0,100.0,50.0,41.0,100.0,40.0,1.89,0.49,1.49,0.2,0.4,0.0,0.78,0.25,0.02,0.71,0.2,0.24,240.0,116.14,95.06,6.81,82.35,0.0,1.0,0.16,1.0,0.0,0.37,5.54,8.42,8.17,5.54,8.42,0.64,0.02,2.88,2.64,1.34,0.41,0.64,0.0,5.78,0.41,5.3,0.26,-5.04,1.21,0.246878639,0,0,0,Slow,197,732,162.0,9.53,-512.3897919,162,240.0,25.439,5,2056.888889,23,-38.32546492,11.50849732,0.67,0.38,,2.0848700000000004,8.201478,SectorTime outside section-specific IQR limits
P109,"Laguna_Seca, Laguna_Seca",", McLaren 720S GT3","25/08/2024, ",Lap 4,109.969,Str 1-2,23.003,0.0,100.0,14.0,0.0,0.0,29.0,0.0,106.0,31.2,96.4,105.9,33.3,-3.48,14.91,0.55,-3.13,-0.69,2.99,-55.09,64.98,0.1,34.21,-4.77,18.4,0.0,100.0,37.0,73.0,8.0,37.0,1.6,0.25,1.47,0.32,0.38,0.0,2.26,0.24,0.21,0.11,0.23,0.13,240.0,100.81,68.09,13.21,80.14,0.0,1.0,0.13,1.0,0.0,0.34,4.99,7.95,7.66,4.99,7.95,0.57,0.02,2.97,2.67,1.82,0.82,0.57,0.0,3.48,0.26,3.13,0.69,-2.44,0.69,0.539700881,0,0,0,Slow,197,732,0.0,0.0,0.0,0,240.0,19.838,11,1828.345568,28,-17.44568679,0.0,0.0,0.0,,2.0848700000000004,8.201478,SectorTime outside section-specific IQR limits
P109,"Laguna_Seca, Laguna_Seca",", McLaren 720S GT3","25/08/2024, ",Lap 5,107.979,Str 1-2,19.643,0.0,88.0,13.0,0.0,0.0,25.0,0.0,118.2,36.5,94.2,118.2,36.1,-3.41,17.93,1.41,-3.41,-1.37,4.57,-38.39,72.68,0.32,31.68,-7.39,20.82,0.0,100.0,39.0,59.0,100.0,39.0,2.26,0.33,1.35,0.31,0.42,0.0,21.02,0.37,0.16,0.64,1.08,0.0,240.0,100.02,70.23,19.91,87.66,0.0,1.0,0.17,1.0,0.0,0.38,4.57,7.98,7.64,4.57,7.98,0.83,0.02,3.4,3.06,0.0,0.0,0.82,0.0,3.41,0.24,3.41,1.37,-2.03,0.64,0.406963692,0,0,0,Slow,197,732,104.0,8.7,-528.5064756,104,240.0,23.729,3,1409.733333,23,-8.531663851,0.0,0.26,0.14,,2.0848700000000004,8.201478,SectorTime outside section-specific IQR limits
P107,"Laguna_Seca, Laguna_Seca",", McLaren 720S GT3","24/08/2024, ",Lap 6,110.237,Str 1-2,20.028,0.0,100.0,12.0,0.0,0.0,27.0,0.0,118.3,36.0,93.5,118.3,36.0,-3.67,18.69,1.27,-3.28,-1.27,4.85,-36.7,75.96,0.16,31.08,-9.12,21.43,0.0,100.0,42.0,63.0,94.0,39.0,4.62,0.33,1.37,0.44,0.45,0.0,14.68,0.34,0.21,0.55,0.79,0.66,240.0,108.25,70.34,20.81,79.94,0.0,1.0,0.16,1.0,0.0,0.37,5.17,8.45,8.17,5.17,8.45,0.74,0.02,3.28,3.0,2.19,2.82,0.73,0.0,3.67,0.31,3.28,1.27,-2.01,0.78,0.557577046,0,0,0,Slow,197,732,95.0,7.89,-634.4321332,95,240.0,23.433,3,1202.922619,22,-19.9101683,0.0,0.3,0.16,,2.0848700000000004,8.201478,SectorTime outside section-specific IQR limits
P106,"Laguna_Seca, Laguna_Seca",", McLaren 720S GT3","24/08/2024, ",Lap 4,104.902,Str 1-2,15.243,0.0,68.0,6.0,0.0,0.0,17.0,0.0,105.2,47.5,99.0,100.5,31.9,-3.42,16.82,0.66,-2.76,-1.22,3.47,-22.05,77.24,23.84,17.79,-11.59,25.89,0.0,100.0,49.0,100.0,88.0,38.0,1.77,0.55,0.81,0.61,0.41,0.0,0.82,0.3,0.51,0.52,0.22,0.15,240.0,108.32,48.52,25.86,87.14,0.0,1.0,0.22,1.0,0.0,0.42,4.87,8.22,7.55,4.87,8.22,0.75,0.02,3.37,2.7,0.0,0.0,0.74,0.0,3.42,0.46,2.76,1.22,-1.54,0.92,0.201721313,0,0,0,Slow,197,732,0.0,0.0,0.0,0,240.0,21.633,3,907.9761905,18,-27.17069076,0.0,0.0,0.0,,2.0848700000000004,8.201478,SectorTime outside section-specific IQR limits
P106,"Laguna_Seca, Laguna_Seca",", McLaren 720S GT3","24/08/2024, ",Lap 11,112.16,Str 1-2,14.043,0.0,36.0,1.0,0.0,0.0,5.0,0.1,112.0,51.4,93.5,112.0,37.2,-11.26,13.18,0.08,-9.98,-1.98,4.59,-24.57,109.98,25.91,30.76,-23.39,30.9,0.0,100.0,60.0,80.0,39.0,37.0,2.7,0.52,1.33,1.11,0.55,0.0,0.84,0.34,0.32,0.11,0.22,0.04,240.0,90.44,142.75,39.62,71.63,0.0,1.0,0.27,1.0,0.35,0.44,5.22,9.0,8.0,5.22,9.0,0.81,0.02,3.75,2.77,0.0,0.0,0.8,0.0,11.26,1.11,9.98,1.98,-8.0,2.81,0.685845194,0,1,0,Slow,197,732,155.0,11.01,-1078.447746,155,240.0,19.4,5,1135.87619,23,-38.39500393,0.0,0.0,0.0,,2.0848700000000004,8.201478,SectorTime outside section-specific IQR limits
P102,"Laguna_Seca, Laguna_Seca",", McLaren 720S GT3","24/08/2024, ",Lap 5,103.234,Str 1-2,15.216,0.0,93.0,8.0,0.0,0.0,20.0,0.1,110.8,46.8,91.4,110.8,31.3,-6.39,26.09,1.47,-6.12,-2.52,6.95,-19.89,106.69,23.94,33.59,-19.89,28.45,0.0,100.0,76.0,89.0,98.0,37.0,1.63,0.48,1.44,0.93,0.41,0.0,1.21,0.37,0.29,0.41,0.24,0.0,240.0,143.44,103.64,45.03,100.16,0.0,1.0,0.19,1.0,1.0,0.39,4.53,7.45,7.04,4.53,7.45,0.65,0.02,2.92,2.52,0.89,0.69,0.65,0.0,6.39,0.64,6.12,2.52,-3.6,1.59,0.090462202,0,0,1,Fast,197,732,32.0,4.91,-466.3721099,32,240.0,21.685,3,1122.433333,12,-53.27587418,10.0,0.32,0.16,,2.0848700000000004,8.201478,SectorTime outside section-specific IQR limits
P100,"Laguna_Seca, Laguna_Seca",", McLaren 720S GT3","24/08/2024, ",Lap 4,112.962,Str 1-2,17.366,0.0,100.0,11.0,0.0,0.0,25.0,0.0,102.0,42.2,97.6,102.0,34.6,-6.22,20.62,1.5,-4.61,-0.92,5.05,-54.26,40.46,0.12,28.37,-7.16,21.87,0.0,100.0,48.0,36.0,100.0,41.0,2.39,0.45,1.54,0.3,0.53,0.0,23.74,0.46,0.05,0.78,1.3,0.18,215.83,93.2,85.93,16.58,69.71,0.0,1.0,0.25,1.0,0.0,0.43,5.82,10.13,9.53,5.82,10.13,1.17,0.02,4.33,3.72,0.1,0.18,1.17,0.0,6.22,0.37,4.61,0.92,-3.69,1.05,0.739340283,0,0,0,Slow,197,732,25.0,1.13,-465.1463899,25,215.548,21.871,5,1317.850794,22,3.09191872,0.0,0.14,0.07,,2.0848700000000004,8.201478,SectorTime outside section-specific IQR limits
P098,"Laguna_Seca, Laguna_Seca",", McLaren 720S GT3","24/08/2024, ",Lap 3,121.892,Str 1-2,8.762,0.0,0.0,0.0,0.0,0.0,0.0,53.9,144.4,83.4,58.9,144.4,28.6,-3.59,0.1,-0.91,-3.47,-0.82,0.83,-9.96,31.9,0.9,31.8,-6.01,10.67,75.0,100.0,94.0,79.0,100.0,8.0,1.03,0.29,1.03,0.47,0.23,0.0,0.84,0.32,0.15,0.46,0.21,0.0,96.42,21.17,96.42,14.1,23.25,0.0,1.0,0.12,1.0,0.0,0.33,5.7,6.77,6.7,5.7,6.77,0.21,0.02,4.49,1.01,4.49,0.28,0.25,0.0,3.59,0.91,3.47,0.82,-2.64,0.83,1.334990084,0,1,0,Slow,197,732,304.0,13.17,-346.246165,304,0.0,0.0,1,185.3333333,26,-7.952622593,0.0,0.0,0.0,,2.0848700000000004,8.201478,SectorTime outside section-specific IQR limits
P098,"Laguna_Seca, Laguna_Seca",", McLaren 720S GT3","24/08/2024, ",Lap 5,114.002,Str 1-2,8.317,0.0,0.0,0.0,0.0,0.0,0.0,63.1,125.4,87.0,73.9,125.4,18.2,-8.57,15.49,-0.56,-3.72,-0.57,2.59,-15.41,148.23,1.94,21.17,-5.55,17.07,65.0,100.0,93.0,65.0,96.0,13.0,14.12,0.44,1.12,0.41,1.18,0.02,1.56,0.26,0.35,0.45,0.18,0.0,133.19,24.52,132.58,11.59,36.71,0.0,1.0,0.11,1.0,0.0,0.32,4.36,5.28,5.23,4.36,5.28,0.18,0.02,0.93,0.88,0.82,0.18,0.23,0.0,8.57,0.89,3.72,0.57,-3.15,1.62,0.808710472,0,0,0,Slow,197,732,568.0,19.77,-588.6678898,568,0.0,0.0,4,256.0,21,-13.07106583,0.0,0.0,0.0,,2.0848700000000004,8.201478,SectorTime outside section-specific IQR limits
P098,"Laguna_Seca, Laguna_Seca",", McLaren 720S GT3","24/08/2024, ",Lap 7,106.672,Str 1-2,8.414,0.0,0.0,0.0,0.0,0.0,0.0,63.1,131.1,85.5,74.3,131.1,19.5,-9.91,0.75,-1.84,-9.76,-1.97,3.08,-16.46,41.66,1.89,22.13,-13.33,15.28,47.0,100.0,88.0,47.0,100.0,16.0,1.39,0.43,1.37,0.78,0.4,0.03,0.83,0.27,0.25,0.32,0.16,0.02,157.1,35.44,155.0,30.19,50.52,0.0,1.0,0.19,1.0,0.38,0.39,4.66,6.24,6.08,4.66,6.24,0.37,0.02,1.86,1.43,1.86,1.0,0.38,0.0,9.91,1.86,9.76,1.97,-7.79,3.06,0.31978404,0,1,0,Slow,197,732,214.0,9.11,-818.9516457,214,0.0,0.0,3,363.0,27,-18.358714,0.0,0.0,0.0,,2.0848700000000004,8.201478,SectorTime outside section-specific IQR limits
P098,"Laguna_Seca, Laguna_Seca",", McLaren 720S GT3","24/08/2024, ",Lap 9,114.43,Str 1-2,8.437,0.0,0.0,0.0,0.0,0.0,0.0,50.5,146.4,86.3,56.5,146.4,31.5,-13.44,0.21,-1.39,-13.44,-1.06,2.7,-9.0,44.25,0.32,40.73,-7.73,12.97,61.0,100.0,92.0,61.0,72.0,13.0,1.38,0.32,1.34,0.46,0.28,0.02,0.82,0.34,0.27,0.27,0.16,0.04,225.28,27.93,225.28,16.53,49.15,0.0,1.0,0.08,1.0,0.0,0.27,5.75,6.38,6.36,5.75,6.38,0.1,0.02,0.63,0.61,0.0,0.05,0.2,0.0,13.44,1.4,13.44,1.06,-12.38,2.69,0.837258974,0,1,0,Slow,197,732,0.0,0.0,0.0,0,0.0,0.0,1,298.5,14,-18.29526219,0.0,0.0,0.0,,2.0848700000000004,8.201478,SectorTime outside section-specific IQR limits
P097,"Laguna_Seca, Laguna_Seca",", McLaren 720S GT3","24/08/2024, ",Lap 4,107.664,Str 1-2,9.574,0.0,0.0,0.0,0.0,0.0,0.0,55.3,101.5,75.0,65.9,101.5,13.2,-2.11,4.61,-0.97,0.29,-1.39,1.08,-21.64,34.82,1.66,29.01,-11.0,11.3,0.0,74.0,49.0,9.0,38.0,20.0,1.61,0.39,1.07,0.48,0.25,0.0,0.55,0.19,0.39,0.13,0.09,0.35,54.74,27.06,54.74,25.24,9.74,0.0,1.0,0.06,0.0,0.0,0.24,4.15,4.73,4.6,4.15,4.73,0.12,0.0,3.01,0.45,3.01,0.21,0.18,0.0,2.11,1.13,0.0,1.39,1.39,0.5,0.385952528,0,0,0,Slow,197,732,0.0,0.0,0.0,0,0.0,0.0,1,220.0,24,-8.587140359,0.0,0.0,0.0,,2.0848700000000004,8.201478,SectorTime outside section-specific IQR limits
P097,"Laguna_Seca, Laguna_Seca",", McLaren 720S GT3","24/08/2024, ",Lap 7,108.627,Str 1-2,8.803,0.0,0.0,0.0,0.0,0.0,0.0,43.2,146.0,82.0,52.2,145.4,35.6,-2.62,0.15,-0.68,-2.62,-1.83,0.57,-20.63,23.04,1.44,21.4,-20.17,11.54,9.0,100.0,63.0,9.0,10.0,30.0,1.13,0.39,0.54,1.13,0.22,0.01,0.85,0.37,0.3,0.13,0.21,0.13,73.17,30.3,68.56,31.09,21.22,0.0,1.0,0.02,1.0,0.0,0.13,4.81,4.93,4.93,4.81,4.93,0.01,0.02,0.74,0.13,0.74,0.13,0.19,0.0,2.62,0.68,2.62,1.83,-0.79,0.56,0.450186656,0,1,0,Slow,197,732,0.0,0.0,0.0,0,0.0,0.0,1,188.1666667,18,-9.471235111,0.0,0.0,0.0,,2.0848700000000004,8.201478,SectorTime outside section-specific IQR limits
P095,"Laguna_Seca, Laguna_Seca",", McLaren 720S GT3","24/08/2024, ",Lap 7,115.039,Str 1-2,17.226,0.0,75.0,16.0,0.0,0.0,26.0,0.0,122.0,42.1,86.6,122.0,35.2,-3.67,15.39,0.93,-3.26,-0.72,3.88,-48.32,77.11,0.12,29.31,-6.29,21.18,0.0,100.0,52.0,57.0,100.0,42.0,1.62,0.36,1.47,0.37,0.41,0.0,21.02,0.48,0.14,0.6,1.14,0.27,129.36,64.22,75.63,13.07,42.34,0.0,1.0,0.17,1.0,0.0,0.38,3.97,6.9,6.62,3.97,6.9,0.69,0.02,2.93,2.66,0.0,2.74,0.68,0.0,3.67,0.34,3.26,0.72,-2.53,0.8,0.877880556,0,1,0,Slow,197,732,115.0,5.06,-730.3736629,115,127.9022222,20.003,5,1065.170635,28,-20.82838066,3.666666667,0.15,0.08,,2.0848700000000004,8.201478,SectorTime outside section-specific IQR limits
P094,"Laguna_Seca, Laguna_Seca",", McLaren 720S GT3","24/08/2024, ",Lap 6,99.444,Str 1-2,8.333,0.0,37.0,4.0,0.0,12.0,9.0,49.9,138.2,86.0,85.5,135.6,29.2,-8.21,-0.01,-2.25,-7.63,-0.54,2.4,-16.21,40.08,3.33,17.2,-7.66,16.12,0.0,90.0,52.0,29.0,0.0,36.0,1.3,0.5,0.77,0.52,0.29,0.0,0.84,0.42,0.11,0.35,0.2,0.09,122.77,44.8,105.96,11.72,39.91,0.0,1.0,0.35,1.0,0.0,0.48,5.46,8.37,7.75,5.46,8.37,0.82,0.02,2.92,2.3,2.25,1.65,0.82,0.01,8.21,2.25,7.63,0.54,-7.09,2.4,-0.162338778,0,0,1,Fast,197,732,0.0,0.0,0.0,0,122.72,13.844,1,267.3333333,18,-6.366328147,0.0,0.0,0.0,,2.0848700000000004,8.201478,SectorTime outside section-specific IQR limits
P084,"Laguna_Seca, Laguna_Seca",", McLaren 720S GT3","8/27/2023, ",Lap 2,114.644,Str 1-2,9.238457,1.29,0.37,1.12,0.3,0.2,0.0,1.07,0.3,0.37,0.14,0.22,0.13,80.88,32.25,80.88,10.48,22.73,0.0,0.0,0.0,0.0,0.0,0.0,48.2,123.7,77.3,62.0,117.7,28.2,0.0,1.0,0.07,0.0,0.0,0.25,-2.71,0.06,-0.88,-1.62,-0.56,0.69,-16.13,31.98,2.13,26.91,-5.32,12.34,0.0,99.0,47.0,0.0,0.0,32.0,3.53,4.15,4.09,3.53,4.15,0.14,0.0,1.5,0.56,1.5,0.07,0.19,0.0,2.71,0.88,1.62,0.56,-1.06,0.69,0.851533224,0,1,0,Slow,197,732,0.0,0.0,0.0,0,0.0,0.0,1,238.5,27,-6.049069245,0.0,0.0,0.0,,2.0848700000000004,8.201478,SectorTime outside section-specific IQR limits
P084,"Laguna_Seca, Laguna_Seca",", McLaren 720S GT3","8/27/2023, ",Lap 3,127.849,Str 1-2,8.3038,1.32,0.38,0.9,0.94,0.3,0.0,1.0,0.25,0.19,0.14,0.18,0.0,167.43,34.89,161.09,43.48,49.67,0.0,0.0,0.0,0.0,0.0,0.0,54.2,111.9,88.1,61.0,102.2,22.0,0.0,1.0,0.17,1.0,1.0,0.37,-9.67,1.85,-1.66,-9.16,-2.31,2.63,-21.45,42.68,-0.9,12.44,-21.45,12.56,0.0,71.0,38.0,12.0,0.0,26.0,5.51,6.9,6.55,5.51,6.9,0.23,0.02,2.06,1.05,2.06,0.35,0.27,0.0,9.67,1.69,9.16,2.31,-6.85,2.6,1.732334526,0,1,0,Slow,197,732,154.0,7.01,-368.8507194,154,0.0,0.0,3,389.3333333,27,-17.32233511,0.0,0.0,0.0,,2.0848700000000004,8.201478,SectorTime outside section-specific IQR limits
P084,"Laguna_Seca, Laguna_Seca",", McLaren 720S GT3","8/27/2023, ",Lap 4,121.079,Str 1-2,8.519297,1.25,0.33,0.93,1.25,0.28,0.0,0.79,0.25,0.13,0.17,0.15,0.02,84.68,17.57,84.68,50.54,15.99,0.0,0.0,0.0,0.0,0.0,0.0,58.6,121.1,85.6,67.3,115.0,22.9,0.0,1.0,0.13,1.0,1.0,0.34,-4.24,4.7,-0.57,-4.24,-2.73,1.36,-28.03,32.11,-2.42,30.7,-28.03,10.86,0.0,69.0,41.0,11.0,0.0,24.0,5.21,6.29,6.0,5.21,6.29,0.17,0.02,1.07,0.79,0.0,0.37,0.23,0.0,4.24,0.81,4.24,2.73,-1.52,0.82,1.280761272,0,0,0,Slow,197,732,0.0,0.0,0.0,0,0.0,0.0,5,309.1666667,28,-14.74196267,0.0,0.0,0.0,,2.0848700000000004,8.201478,SectorTime outside section-specific IQR limits
P081,"Laguna_Seca, Laguna_Seca",", McLaren 720S GT3","8/27/2023, ",Lap 2,118.332,Str 1-2,8.451981,1.71,0.42,0.83,0.08,0.39,0.0,1.02,0.28,0.06,0.98,0.17,0.0,141.31,26.69,131.2,7.8,34.19,0.0,65.0,2.0,0.0,65.0,8.0,66.1,113.6,83.9,90.6,102.3,15.4,0.0,1.0,0.12,1.0,0.0,0.32,-10.68,1.96,-1.18,-9.83,-0.5,2.51,-23.89,37.54,1.43,31.36,1.93,13.62,0.0,100.0,89.0,64.0,0.0,29.0,4.6,5.57,5.47,4.6,5.57,0.18,0.02,0.98,0.89,0.96,0.1,0.23,0.0,10.68,1.27,9.83,0.5,-9.33,2.45,1.097530589,0,1,0,Slow,197,732,279.0,12.11,-163.9594078,279,141.175,15.996,3,324.5,24,-15.2707275,0.0,0.0,0.0,,2.0848700000000004,8.201478,SectorTime outside section-specific IQR limits
P072,"Laguna_Seca, Laguna_Seca",", McLaren 720S GT3","8/27/2023, ",Lap 4,124.047,Str 1-2,15.850337,1.55,0.58,0.58,0.21,0.44,0.0,0.42,0.2,0.15,0.14,0.1,0.02,103.71,37.47,53.74,2.14,31.9,0.0,0.0,0.0,0.0,0.0,0.0,63.4,121.1,86.8,63.4,121.1,17.0,0.0,1.0,0.33,1.0,0.0,0.47,-4.27,0.1,-1.54,-2.09,0.05,1.27,-10.38,43.58,11.22,18.8,-1.49,16.19,25.0,64.0,45.0,27.0,42.0,14.0,4.06,6.8,6.18,4.06,6.8,0.94,0.02,2.75,2.13,0.14,1.13,0.94,0.0,4.27,1.54,2.09,0.0,-2.09,1.27,1.478733121,0,0,0,Slow,197,732,0.0,0.0,0.0,0,0.0,0.0,1,276.1666667,9,-6.091370587,0.0,0.0,0.0,,2.0848700000000004,8.201478,SectorTime outside section-specific IQR limits
P071,"Laguna_Seca, Laguna_Seca",", McLaren 720S GT3","8/27/2023, ",Lap 4,124.379,Str 1-2,8.594818,0.83,0.42,0.33,0.32,0.2,0.0,0.74,0.4,0.3,0.32,0.18,0.04,158.55,48.98,146.13,14.49,46.48,0.0,0.0,0.0,0.0,0.0,0.0,29.5,152.6,85.5,29.5,152.6,39.6,0.0,1.0,0.17,0.0,0.0,0.38,-4.13,0.16,-0.88,0.0,-1.04,1.06,-34.25,26.88,-4.25,-21.86,-4.55,15.78,17.0,100.0,78.0,81.0,79.0,25.0,3.25,4.72,4.15,3.25,4.72,0.67,0.0,1.99,0.9,1.99,0.08,0.68,0.0,4.13,0.88,0.0,1.04,1.04,1.06,1.50087822,0,0,0,Slow,197,732,263.0,13.13,-502.820764,263,0.0,0.0,2,492.6,16,2.559221645,0.0,0.0,0.0,,2.0848700000000004,8.201478,SectorTime outside section-specific IQR limits
P067,"Laguna_Seca, Laguna_Seca",", McLaren 720S GT3","8/26/2023, ",Lap 6,129.574,Str 1-2,8.326558,0.82,0.4,0.63,0.49,0.27,0.01,0.89,0.39,0.03,0.15,0.25,0.0,202.79,77.47,185.06,14.37,83.32,0.0,0.0,0.0,0.0,0.0,0.0,31.3,152.9,75.9,35.8,152.9,42.4,0.0,0.0,0.0,0.0,0.0,0.0,-1.72,0.3,-0.3,0.0,-0.86,0.47,-14.19,43.53,13.4,39.08,-7.3,19.4,12.0,100.0,80.0,32.0,52.0,32.0,1.77,1.77,1.77,1.77,1.77,0.0,0.0,0.39,0.0,0.39,0.0,0.05,0.0,1.72,0.31,0.0,0.86,0.86,0.46,1.847395657,0,0,0,Slow,197,732,0.0,0.0,0.0,0,0.0,0.0,5,336.3666667,20,-13.46869714,0.0,0.0,0.0,,2.0848700000000004,8.201478,SectorTime outside section-specific IQR limits
P053,"Laguna_Seca, Laguna_Seca",", McLaren 720S GT3","8/26/2023, ",Lap 3,108.037,Str 1-2,8.860448,0.86,0.35,0.39,0.81,0.19,0.02,0.94,0.47,0.41,0.37,0.21,0.09,207.96,41.18,207.96,17.07,44.52,0.0,0.0,0.0,0.0,0.0,0.0,24.8,160.2,87.5,24.8,160.2,42.7,0.0,1.0,0.09,0.0,0.0,0.28,-2.85,0.59,-0.73,0.0,-0.98,0.77,-11.96,29.73,7.36,29.24,-11.73,11.44,63.0,100.0,98.0,100.0,100.0,6.0,2.9,3.62,3.39,2.9,3.62,0.31,0.0,1.82,0.49,1.82,0.63,0.32,0.0,2.85,0.75,0.0,0.98,0.98,0.75,0.410832414,0,1,0,Slow,197,732,238.0,11.38,-367.6230738,238,0.0,0.0,1,330.3333333,21,-15.44778817,0.0,0.0,0.0,,2.0848700000000004,8.201478,SectorTime outside section-specific IQR limits
P044,"Laguna_Seca, Laguna_Seca",", McLaren 720S GT3","8/26/2023, ",Lap 2,121.659,Str 1-2,9.221559,0.52,0.18,0.52,0.27,0.13,0.0,0.73,0.28,0.14,0.2,0.12,0.0,89.21,16.38,89.21,9.41,18.35,0.0,0.0,0.0,0.0,0.0,0.0,43.1,127.2,78.9,46.2,127.2,28.8,0.0,0.0,0.0,0.0,0.0,0.0,-0.83,0.05,-0.35,0.0,-0.52,0.27,-7.25,23.21,0.27,22.8,-4.63,7.05,28.0,73.0,65.0,30.0,61.0,10.0,4.85,4.85,4.85,4.85,4.85,0.0,0.0,0.1,0.0,0.1,0.0,0.17,0.0,0.83,0.35,0.0,0.52,0.52,0.27,1.319448493,0,1,0,Slow,197,732,0.0,0.0,0.0,0,0.0,0.0,3,185.6833333,33,-6.239424681,0.0,0.0,0.0,,2.0848700000000004,8.201478,SectorTime outside section-specific IQR limits
P044,"Laguna_Seca, Laguna_Seca",", McLaren 720S GT3","8/26/2023, ",Lap 3,125.337,Str 1-2,10.124196,0.55,0.22,0.06,0.48,0.15,0.0,0.72,0.31,0.15,0.24,0.13,0.04,64.95,25.11,32.51,17.42,17.86,0.0,0.0,0.0,0.0,0.0,0.0,20.3,128.8,71.3,20.5,128.8,35.0,0.0,1.0,0.12,0.0,0.0,0.33,-2.45,0.15,-0.65,0.0,-1.06,0.74,-9.11,15.93,-1.36,-3.97,-7.34,7.34,38.0,68.0,59.0,39.0,65.0,9.0,3.33,4.58,4.01,3.33,4.58,0.6,0.0,1.25,0.67,0.0,0.34,0.6,0.0,2.45,0.65,0.0,1.06,1.06,0.74,1.564778837,0,1,0,Slow,197,732,0.0,0.0,0.0,0,0.0,0.0,2,281.468254,24,-2.353557306,0.0,0.0,0.0,,2.0848700000000004,8.201478,SectorTime outside section-specific IQR limits
P040,"Laguna_Seca, Laguna_Seca",", McLaren 720S GT3","8/25/2023, ",Lap 2,107.904,Str 1-2,8.688313,1.36,0.42,0.97,0.86,0.27,0.01,1.12,0.44,0.35,1.11,0.18,0.11,90.35,29.95,83.05,23.67,23.59,0.0,71.0,6.0,23.0,71.0,11.0,41.5,142.3,82.2,73.3,133.5,33.3,0.0,1.0,0.13,1.0,0.0,0.34,-4.76,3.0,-1.03,-4.14,-1.12,1.33,-17.43,41.47,0.33,35.57,-17.43,15.51,0.0,100.0,67.0,0.0,0.0,43.0,3.87,4.98,4.91,3.87,4.98,0.22,0.02,2.02,1.04,2.02,0.25,0.25,0.0,4.76,1.11,4.14,1.12,-3.02,1.19,0.401961034,0,1,0,Slow,197,732,174.0,7.72,-227.5226494,174,0.0,0.0,1,367.6666667,24,-7.982233532,0.0,0.0,0.0,,2.0848700000000004,8.201478,SectorTime outside section-specific IQR limits
P030,"Laguna_Seca, Laguna_Seca",", McLaren 720S GT3","8/25/2023, ",Lap 2,121.627,Str 1-2,8.250255,0.74,0.24,0.03,0.53,0.23,0.0,0.87,0.4,0.06,0.06,0.27,0.0,37.84,12.97,16.97,14.58,9.46,0.0,0.0,0.0,0.0,0.0,0.0,19.7,133.2,85.7,20.0,132.8,40.3,0.0,1.0,0.02,0.0,0.0,0.13,-2.08,0.3,-0.42,0.0,-0.71,0.53,-12.08,17.64,-1.05,2.34,-8.45,6.37,6.0,100.0,80.0,79.0,39.0,29.0,2.37,2.5,2.43,2.37,2.5,0.07,0.0,2.27,0.07,2.27,0.13,0.12,0.0,2.08,0.43,0.0,0.71,0.71,0.52,1.317314026,0,1,0,Slow,197,732,0.0,0.0,0.0,0,0.0,0.0,4,234.0111111,25,-3.649887191,0.0,0.0,0.0,,2.0848700000000004,8.201478,SectorTime outside section-specific IQR limits
P030,"Laguna_Seca, Laguna_Seca",", McLaren 720S GT3","8/25/2023, ",Lap 6,130.552,Str 1-2,20.071185,1.61,0.39,1.28,0.18,0.45,0.0,1.13,0.26,0.09,0.59,0.25,0.02,216.23,96.18,95.92,9.28,64.89,0.0,58.0,6.0,0.0,0.0,14.0,0.0,108.6,36.2,87.3,108.6,32.6,0.0,1.0,0.2,1.0,0.0,0.4,-10.17,18.78,0.51,-5.47,-0.52,4.28,-91.25,34.01,0.47,28.51,-3.61,28.12,0.0,100.0,38.0,40.0,100.0,37.0,4.52,8.43,8.0,4.52,8.43,0.97,0.02,3.92,3.48,3.48,2.2,0.96,0.0,10.17,0.62,5.47,0.52,-4.95,1.79,1.912630317,0,0,0,Slow,197,732,84.0,8.0,-692.090036,84,212.0,25.901,10,1627.91272,35,-10.90172923,0.0,0.0,0.0,,2.0848700000000004,8.201478,SectorTime outside section-specific IQR limits
P020,"Laguna_Seca, Laguna_Seca",", McLaren 720S GT3","8/24/2023, ",Lap 2,127.239,Str 1-2,9.19783,1.03,0.25,0.14,1.03,0.21,0.0,1.19,0.4,0.01,0.93,0.25,0.13,55.0,20.26,46.47,26.07,15.31,0.0,72.0,4.0,0.0,45.0,14.0,33.5,138.7,78.9,33.5,119.2,36.7,0.0,0.0,0.0,0.0,0.0,0.0,-1.59,0.0,-0.44,0.0,-1.18,0.47,-18.78,11.55,-1.11,9.11,-18.78,7.29,0.0,100.0,71.0,23.0,0.0,35.0,3.67,3.67,3.67,3.67,3.67,0.0,0.0,2.12,0.0,2.12,0.0,0.15,0.0,1.59,0.44,0.0,1.18,1.18,0.47,1.691646241,0,1,0,Slow,197,732,184.0,9.03,-178.3129397,184,0.0,0.0,1,230.2333333,27,-6.400169174,0.0,0.0,0.0,,2.0848700000000004,8.201478,SectorTime outside section-specific IQR limits
P020,"Laguna_Seca, Laguna_Seca",", McLaren 720S GT3","8/24/2023, ",Lap 3,114.199,Str 1-2,8.353752,0.69,0.35,0.46,0.54,0.19,0.0,0.61,0.31,0.04,0.12,0.17,0.02,69.63,27.29,58.88,25.2,23.52,0.0,0.0,0.0,0.0,0.0,0.0,51.8,141.5,85.9,52.3,141.5,30.2,0.0,1.0,0.23,0.0,0.0,0.42,-2.68,0.07,-1.16,-1.97,-1.71,0.81,-12.65,21.35,1.9,18.67,-9.99,11.39,13.0,100.0,68.0,13.0,48.0,30.0,4.5,6.43,6.2,4.5,6.43,0.5,0.0,1.93,1.7,1.32,0.25,0.51,0.0,2.68,1.16,1.97,1.71,-0.26,0.81,0.821850787,0,1,0,Slow,197,732,226.0,9.99,-303.6210104,226,0.0,0.0,1,188.75,31,-7.571911962,0.0,0.0,0.0,,2.0848700000000004,8.201478,SectorTime outside section-specific IQR limits
P020,"Laguna_Seca, Laguna_Seca",", McLaren 720S GT3","8/24/2023, ",Lap 4,105.677,Str 1-2,10.366899,0.74,0.3,0.69,0.14,0.17,0.0,0.63,0.23,0.27,0.15,0.16,0.0,76.79,30.25,76.65,6.2,19.65,0.0,0.0,0.0,0.0,0.0,0.0,46.3,122.7,69.5,54.6,122.0,25.1,0.0,1.0,0.06,1.0,0.0,0.24,-2.72,0.13,-0.65,-2.38,-0.38,0.69,-13.12,27.67,2.34,24.62,-1.85,10.56,0.0,87.0,49.0,14.0,0.0,19.0,3.89,4.52,4.5,3.89,4.52,0.09,0.02,2.45,0.62,2.45,0.42,0.15,0.0,2.72,0.65,2.38,0.38,-2.0,0.69,0.253415445,0,0,0,Slow,197,732,208.0,11.13,-418.2160878,208,0.0,0.0,1,188.3333333,18,-4.674280786,0.0,0.0,0.0,,2.0848700000000004,8.201478,SectorTime outside section-specific IQR limits
P009,"Laguna_Seca, Laguna_Seca",", McLaren 720S GT3","24/08/2023, ",Lap 2,127.352,Str 1-2,12.348,1.06,0.29,0.4,0.13,0.31,0.0,0.81,0.4,0.32,0.45,0.18,0.09,166.95,48.12,136.79,4.99,48.87,0.0,38.0,5.0,0.0,32.0,10.0,0.0,128.3,59.6,36.6,126.5,37.3,0.0,1.0,0.14,0.0,0.0,0.34,-2.94,0.74,-0.61,0.0,0.56,0.93,-12.58,28.93,5.06,28.27,1.03,10.04,0.0,100.0,75.0,89.0,27.0,32.0,1.73,3.43,2.22,1.73,3.43,0.72,0.0,1.7,0.48,0.13,0.39,0.72,0.0,2.94,0.63,0.0,0.0,0.0,0.91,1.699183579,0,1,0,Slow,197,732,1923.0,63.52,-225.175993,1923,0.0,0.0,5,679.0888889,30,1.276303548,79.58333333,3.03,1.36,,2.0848700000000004,8.201478,SectorTime outside section-specific IQR limits
P134,"Laguna_Seca, Laguna_Seca",", McLaren 720S GT3","20/10/2024, ",Lap 5,92.059,Str 2-3,5.169,0.0,0.0,0.0,0.0,0.0,0.0,79.9,142.8,104.8,87.7,142.2,21.9,-9.5,1.17,-1.99,-9.5,-1.81,2.6,-29.61,15.62,-3.24,-15.53,-15.51,13.51,11.0,100.0,74.0,30.0,11.0,31.0,1.36,0.58,0.65,1.13,0.31,0.0,0.67,0.38,0.01,0.15,0.22,0.33,123.94,35.95,123.92,32.53,35.64,0.0,1.0,0.2,1.0,0.0,0.4,8.42,9.43,9.33,8.42,9.43,0.24,0.02,1.56,0.92,1.56,0.53,0.25,0.0,9.5,2.05,9.5,1.81,-7.68,2.54,-0.654933826,0,0,1,Fast,150,985,0.0,0.0,0.0,0,0.0,0.0,2,244.5,13,8.944444453,0.0,0.0,0.0,,2.943157499999999,4.576289500000001,SectorTime outside section-specific IQR limits
P134,"Laguna_Seca, Laguna_Seca",", McLaren 720S GT3","20/10/2024, ",Lap 10,94.85,Str 2-3,6.778,0.0,53.0,1.0,53.0,0.0,7.0,36.1,139.0,80.3,42.4,138.5,34.4,-2.2,0.17,-0.68,0.0,-1.71,0.62,-35.89,17.83,-1.63,-35.89,-16.96,10.25,18.0,100.0,88.0,18.0,18.0,22.0,0.99,0.29,0.57,0.99,0.16,0.0,1.03,0.46,1.02,0.06,0.27,0.13,116.49,27.01,116.49,28.95,18.36,0.0,1.0,0.02,0.0,0.0,0.15,8.48,8.63,8.58,8.48,8.63,0.07,0.0,0.56,0.1,0.56,0.07,0.17,0.0,2.2,0.69,0.0,1.71,1.71,0.62,-0.46876825,0,1,1,Fast,150,985,0.0,0.0,0.0,0,0.0,0.0,3,251.8666667,15,-1.57777785,0.0,0.0,0.0,,2.943157499999999,4.576289500000001,SectorTime outside section-specific IQR limits
P131,"Laguna_Seca, Laguna_Seca",", McLaren 720S GT3","20/10/2024, ",Lap 7,90.834,Str 2-3,5.886,0.0,55.0,5.0,0.0,0.0,14.0,59.0,139.1,92.0,86.8,139.1,24.5,-3.84,25.69,2.97,20.86,-2.54,8.97,-29.7,51.54,2.32,-26.82,-19.05,16.1,3.0,100.0,75.0,24.0,71.0,37.0,1.69,0.51,1.61,1.11,0.46,0.02,0.99,0.48,0.11,0.21,0.2,0.04,240.0,55.76,189.49,40.84,72.78,0.0,1.0,0.33,1.0,1.0,0.47,8.35,10.27,9.75,8.35,10.27,0.48,0.02,1.92,1.41,0.45,0.08,0.48,0.0,3.84,0.92,0.0,2.54,2.54,0.94,-0.736643905,0,1,1,Fast,150,985,0.0,0.0,0.0,0,240.0,21.63,1,447.8333333,8,-36.36111128,0.0,0.0,0.0,,2.943157499999999,4.576289500000001,SectorTime outside section-specific IQR limits
P128,"Laguna_Seca, Laguna_Seca",", McLaren 720S GT3","19/10/2024, ",Lap 11,93.88,Str 2-3,5.057,0.0,18.0,1.0,0.0,15.0,3.0,90.4,134.8,107.0,102.4,131.2,14.1,-4.95,9.54,1.09,-0.41,-1.53,3.67,-23.1,32.94,-0.75,-12.18,-23.1,15.24,0.0,100.0,66.0,70.0,0.0,39.0,1.12,0.62,0.86,1.12,0.27,0.0,0.61,0.32,0.03,0.42,0.22,0.16,91.99,32.72,20.45,31.05,25.0,0.0,1.0,0.33,0.0,0.0,0.47,7.33,9.02,8.53,7.33,9.02,0.54,0.0,1.68,1.2,0.42,1.27,0.54,0.0,4.95,0.73,0.41,1.53,1.12,0.86,-0.533469292,0,1,1,Fast,150,985,92.0,3.0,-1004.398684,92,91.43,22.35,2,332.0,16,-4.666666667,0.0,0.0,0.0,,2.943157499999999,4.576289500000001,SectorTime outside section-specific IQR limits
P124,"Laguna_Seca, Laguna_Seca",", McLaren 720S GT3","19/10/2024, ",Lap 10,97.918,Str 2-3,10.934,0.0,73.0,8.0,0.0,0.0,21.0,0.0,130.9,49.9,94.5,130.9,36.8,-4.8,18.35,1.27,13.08,-3.12,4.44,-159.86,3.72,-29.84,-64.38,-16.66,43.0,2.0,100.0,72.0,4.0,93.0,41.0,1.87,0.39,0.65,0.76,0.47,0.0,1.08,0.46,0.03,0.47,0.27,0.07,154.32,66.15,129.09,46.1,52.47,0.0,1.0,0.13,1.0,1.0,0.33,9.37,10.74,10.54,9.37,10.74,0.24,0.02,1.63,1.18,1.63,0.75,0.24,0.0,4.8,0.19,0.0,3.12,3.12,0.53,-0.264126191,0,1,1,Fast,150,985,0.0,0.0,0.0,0,0.0,0.0,3,624.3380952,12,-8.359980701,0.0,0.0,0.0,,2.943157499999999,4.576289500000001,SectorTime outside section-specific IQR limits
P122,"Laguna_Seca, Laguna_Seca",", McLaren 720S GT3","19/10/2024, ",Lap 5,97.789,Str 2-3,12.13,0.0,100.0,17.0,100.0,0.0,32.0,3.4,128.4,45.0,85.0,128.4,34.2,-2.12,26.05,1.72,19.17,-2.12,6.08,-108.95,84.47,2.05,-39.81,-13.4,40.58,0.0,100.0,63.0,14.0,100.0,41.0,1.46,0.4,0.84,0.62,0.43,0.01,1.0,0.47,0.37,0.57,0.24,0.04,240.0,95.24,185.22,31.04,83.72,0.0,1.0,0.09,1.0,1.0,0.29,8.12,9.2,9.12,8.12,9.2,0.17,0.02,1.71,1.01,1.71,0.95,0.18,0.0,2.12,0.1,0.0,2.12,2.12,0.28,-0.272730762,0,0,1,Fast,150,985,0.0,0.0,0.0,0,240.0,22.891,3,809.8888889,13,-16.01007789,0.0,0.0,0.0,,2.943157499999999,4.576289500000001,SectorTime outside section-specific IQR limits
P122,"Laguna_Seca, Laguna_Seca",", McLaren 720S GT3","19/10/2024, ",Lap 6,103.494,Str 2-3,11.022,0.0,100.0,9.0,100.0,0.0,23.0,1.0,134.0,49.7,90.3,134.0,38.2,-0.33,21.27,1.91,19.65,0.01,5.92,-147.1,4.44,-30.71,-45.0,-0.42,42.62,0.0,100.0,77.0,0.0,100.0,41.0,1.65,0.41,1.38,0.01,0.51,0.0,0.83,0.51,0.65,0.58,0.24,0.05,198.94,65.75,177.78,0.09,71.26,0.0,1.0,0.1,1.0,0.0,0.3,10.67,11.77,11.71,10.67,11.77,0.2,0.02,2.27,1.05,2.27,0.63,0.2,0.0,0.33,0.03,0.0,0.0,0.0,0.07,0.107804749,0,0,1,Fast,150,985,0.0,0.0,0.0,0,198.2216667,32.012,7,661.0707071,16,-6.287167034,0.0,0.0,0.0,,2.943157499999999,4.576289500000001,SectorTime outside section-specific IQR limits
P122,"Laguna_Seca, Laguna_Seca",", McLaren 720S GT3","19/10/2024, ",Lap 11,99.39,Str 2-3,13.081,0.0,100.0,22.0,100.0,6.0,38.0,0.0,135.0,41.8,85.6,135.0,40.1,-2.81,26.08,1.38,21.26,-1.61,5.76,-43.71,28.86,2.13,-42.11,-5.38,16.41,0.0,100.0,61.0,0.0,89.0,46.0,1.4,0.31,0.97,0.29,0.35,0.0,1.05,0.5,0.46,0.38,0.24,0.04,212.88,98.3,204.85,20.78,74.76,0.0,1.0,0.1,1.0,0.0,0.31,7.38,8.72,8.42,7.38,8.72,0.24,0.02,1.35,1.05,0.86,0.0,0.23,0.0,2.81,0.22,0.0,1.61,1.61,0.51,-0.165940691,0,1,1,Fast,150,985,546.0,17.11,-1073.749707,563,209.5569231,29.19,7,1153.717949,12,-22.40195945,0.0,0.0,0.0,,2.943157499999999,4.576289500000001,SectorTime outside section-specific IQR limits
P121,"Laguna_Seca, Laguna_Seca",", McLaren 720S GT3","19/10/2024, ",Lap 6,95.692,Str 2-3,4.589,0.0,23.0,1.0,0.0,10.0,4.0,67.9,154.5,117.8,67.9,151.2,26.8,-3.12,0.38,-0.3,-3.12,-2.14,0.71,-30.78,1.24,-3.06,-30.78,-25.97,7.64,12.0,100.0,95.0,100.0,18.0,19.0,1.36,0.15,0.95,1.36,0.26,0.03,0.92,0.56,0.39,0.27,0.18,0.04,79.68,7.21,79.68,34.81,15.19,0.0,1.0,0.08,1.0,1.0,0.27,8.14,8.47,8.24,8.14,8.47,0.03,0.02,2.65,0.11,2.65,0.2,0.17,0.0,3.12,0.33,3.12,2.14,-0.99,0.69,-0.412605077,0,0,1,Fast,150,985,0.0,0.0,0.0,0,0.0,0.0,5,138.8333333,8,0.61111112,8.666666667,0.2,0.1,,2.943157499999999,4.576289500000001,SectorTime outside section-specific IQR limits
P121,"Laguna_Seca, Laguna_Seca",", McLaren 720S GT3","19/10/2024, ",Lap 9,93.989,Str 2-3,4.767,0.0,24.0,1.0,0.0,24.0,4.0,95.5,147.0,113.7,96.8,143.4,17.8,-1.92,1.53,-0.46,-1.92,-1.89,0.69,-19.93,22.0,-2.55,-3.64,-18.94,8.96,0.0,100.0,83.0,0.0,0.0,29.0,0.98,0.39,0.74,0.98,0.25,0.0,0.65,0.34,0.24,0.6,0.22,0.16,35.87,14.38,35.87,29.85,9.27,0.0,0.0,0.0,0.0,0.0,0.0,10.22,10.22,10.22,10.22,10.22,0.0,0.0,2.11,0.01,2.11,0.0,0.16,0.0,1.92,0.56,1.92,1.89,-0.03,0.52,-0.526198763,0,1,1,Fast,150,985,142.0,4.56,-868.74743,142,0.0,0.0,2,151.5,13,-2.0,0.0,0.0,0.0,,2.943157499999999,4.576289500000001,SectorTime outside section-specific IQR limits
P121,"Laguna_Seca, Laguna_Seca",", McLaren 720S GT3","19/10/2024, ",Lap 10,92.238,Str 2-3,5.109,0.0,100.0,8.0,25.0,0.0,23.0,63.8,150.8,106.1,73.5,150.8,28.2,-5.26,2.35,-0.75,-2.12,-2.88,0.98,-23.02,60.19,3.1,60.19,-23.02,12.43,53.0,100.0,97.0,87.0,79.0,11.0,1.29,0.33,0.71,1.29,0.25,0.0,0.81,0.53,0.08,0.23,0.13,0.0,124.67,16.41,124.67,45.1,15.85,0.0,1.0,0.08,0.52,1.0,0.26,9.01,9.37,9.18,9.01,9.37,0.03,0.02,1.76,0.19,1.76,0.35,0.2,0.0,5.26,0.85,2.12,2.88,0.75,0.79,-0.642994149,0,1,1,Fast,150,985,0.0,0.0,0.0,0,0.0,0.0,5,198.0,6,-28.94444445,0.0,0.0,0.0,,2.943157499999999,4.576289500000001,SectorTime outside section-specific IQR limits
P120,"Laguna_Seca, Laguna_Seca",", McLaren 720S GT3","19/10/2024, ",Lap 4,91.044,Str 2-3,4.582,0.0,56.0,5.0,0.0,29.0,12.0,104.7,142.3,118.2,110.0,130.7,12.5,-3.43,0.93,-0.84,-3.43,-0.67,1.09,-20.03,11.15,-2.27,-14.55,-9.14,8.19,0.0,100.0,68.0,21.0,0.0,37.0,0.94,0.38,0.88,0.47,0.27,0.0,1.1,0.34,0.08,0.7,0.25,0.07,52.92,16.42,52.92,11.48,15.57,0.0,1.0,0.18,1.0,0.0,0.39,7.97,8.78,8.71,7.97,8.78,0.19,0.02,0.83,0.76,0.0,0.11,0.19,0.0,3.43,0.88,3.43,0.67,-2.76,1.05,-0.722636463,0,0,1,Fast,150,985,0.0,0.0,0.0,0,0.0,0.0,3,130.0,12,6.833333333,0.0,0.0,0.0,,2.943157499999999,4.576289500000001,SectorTime outside section-specific IQR limits
P116,"Laguna_Seca, Laguna_Seca",", McLaren 720S GT3","19/10/2024, ",Lap 10,110.49,Str 2-3,12.636,0.0,100.0,13.0,100.0,7.0,26.0,0.0,135.0,43.7,50.2,131.2,44.2,-3.03,10.5,-0.16,10.5,-1.43,0.86,-24.77,32.91,4.68,-24.77,-20.69,11.71,0.0,100.0,65.0,0.0,8.0,41.0,1.25,0.26,0.94,1.24,0.31,0.0,0.99,0.46,0.3,0.28,0.25,0.02,217.71,84.94,143.02,29.79,73.34,0.0,1.0,0.03,1.0,0.0,0.17,8.24,8.6,8.41,8.24,8.6,0.13,0.02,2.62,0.18,2.62,0.27,0.17,0.0,3.03,0.22,0.0,1.43,1.43,0.53,0.574452678,0,1,0,Slow,150,985,0.0,0.0,0.0,0,215.7722222,25.66,4,1060.433333,10,-24.02725976,0.0,0.0,0.0,,2.943157499999999,4.576289500000001,SectorTime outside section-specific IQR limits
P113,"Laguna_Seca, Laguna_Seca",", McLaren 720S GT3","19/10/2024, ",Lap 5,97.067,Str 2-3,11.704,0.0,3.0,0.0,0.0,0.0,0.0,0.2,110.6,46.6,109.8,86.0,34.4,-6.57,28.93,4.92,-5.35,-1.01,9.5,-100.84,164.11,0.24,76.67,-5.46,58.01,0.0,100.0,78.0,100.0,100.0,36.0,2.75,0.47,1.22,0.17,0.49,0.01,0.82,0.43,0.22,0.75,0.27,0.04,240.0,111.59,92.89,13.77,93.09,0.0,1.0,0.28,1.0,0.0,0.45,6.72,9.95,9.47,6.72,9.95,0.92,0.02,3.23,2.75,1.42,1.24,0.91,0.0,6.57,0.11,5.35,1.01,-4.34,0.62,-0.320889682,0,0,1,Fast,150,985,81.0,6.15,-668.3399306,81,240.0,23.388,7,1314.9,14,8.795852203,0.0,0.0,0.0,,2.943157499999999,4.576289500000001,SectorTime outside section-specific IQR limits
P112,"Laguna_Seca, Laguna_Seca",", McLaren 720S GT3","25/08/2024, ",Lap 5,110.567,Str 2-3,15.94,0.0,77.0,10.0,0.0,0.0,23.0,0.0,91.3,34.1,86.6,91.3,32.1,-7.61,28.14,2.25,-2.08,-0.13,6.22,-46.25,75.03,0.06,-11.85,-0.57,31.0,0.0,100.0,43.0,41.0,100.0,38.0,1.48,0.41,0.64,0.02,0.45,0.0,0.95,0.3,0.03,0.59,0.24,0.0,240.0,144.25,40.72,2.04,87.5,0.0,1.0,0.2,1.0,0.0,0.4,8.94,12.12,11.75,8.94,12.12,0.82,0.02,3.18,2.81,2.53,1.23,0.81,0.0,7.61,0.17,2.08,0.13,-1.95,0.68,0.57958874,0,0,0,Slow,150,985,0.0,0.0,0.0,0,240.0,32.901,6,1888.333333,8,-8.442247849,0.0,0.41,0.22,,2.943157499999999,4.576289500000001,SectorTime outside section-specific IQR limits
P111,"Laguna_Seca, Laguna_Seca",", McLaren 720S GT3","25/08/2024, ",Lap 10,104.19,Str 2-3,14.506,0.0,100.0,14.0,0.0,49.0,32.0,0.0,131.5,37.5,54.4,129.4,36.0,-1.1,23.07,0.33,21.27,-0.73,2.82,-93.73,85.62,2.93,-42.72,-2.21,35.11,0.0,100.0,59.0,0.0,0.0,47.0,1.27,0.29,0.89,0.12,0.35,0.0,1.16,0.43,0.05,0.94,0.28,0.0,188.54,75.06,163.39,9.5,68.06,0.0,1.0,0.02,1.0,0.0,0.15,9.27,9.6,9.6,9.27,9.6,0.03,0.02,2.28,0.33,2.28,0.06,0.13,0.0,1.1,0.09,0.0,0.73,0.73,0.22,0.154229414,0,1,0,Slow,150,985,0.0,0.0,0.0,0,188.425,23.29,8,1067.878571,21,0.324147218,0.0,0.0,0.0,,2.943157499999999,4.576289500000001,SectorTime outside section-specific IQR limits
P110,"Laguna_Seca, Laguna_Seca",", McLaren 720S GT3","25/08/2024, ",Lap 3,95.514,Str 2-3,4.775,0.0,43.0,2.0,0.0,43.0,8.0,96.3,143.5,114.1,102.3,136.5,16.4,-8.23,1.33,-1.36,-8.23,-0.51,2.24,-33.77,13.58,-1.75,-8.7,-4.15,11.41,0.0,100.0,72.0,42.0,4.0,29.0,1.51,0.47,0.83,0.24,0.34,0.01,0.91,0.35,0.01,0.91,0.23,0.27,107.1,24.77,107.1,7.57,28.36,0.0,1.0,0.18,1.0,0.0,0.38,10.4,11.22,11.14,10.4,11.22,0.19,0.02,0.83,0.76,0.66,0.61,0.22,0.0,8.23,1.44,8.23,0.51,-7.72,2.18,-0.424478052,0,1,1,Fast,150,985,169.0,5.47,-319.4306711,169,0.0,0.0,2,203.5,11,16.33333333,0.0,0.0,0.0,,2.943157499999999,4.576289500000001,SectorTime outside section-specific IQR limits
P107,"Laguna_Seca, Laguna_Seca",", McLaren 720S GT3","24/08/2024, ",Lap 10,94.081,Str 2-3,5.016,0.0,0.0,0.0,0.0,0.0,0.0,86.9,148.2,108.1,98.4,148.2,19.1,-3.64,1.48,-0.66,-3.6,-2.86,1.27,-33.19,25.19,-3.59,-18.9,-21.58,11.77,15.0,100.0,87.0,22.0,95.0,25.0,1.54,0.46,1.02,1.07,0.36,0.04,0.79,0.41,0.38,0.37,0.18,0.22,72.0,20.7,65.24,42.33,16.33,0.0,1.0,0.14,1.0,1.0,0.35,8.57,9.25,8.98,8.57,9.25,0.09,0.02,0.68,0.43,0.11,0.0,0.17,0.0,3.64,0.9,3.6,2.86,-0.74,1.02,-0.520062169,0,1,1,Fast,150,985,0.0,0.0,0.0,0,0.0,0.0,4,300.5,11,1.833333333,0.0,0.0,0.0,,2.943157499999999,4.576289500000001,SectorTime outside section-specific IQR limits
P107,"Laguna_Seca, Laguna_Seca",", McLaren 720S GT3","24/08/2024, ",Lap 11,115.52,Str 2-3,21.85,0.0,62.0,6.0,0.0,0.0,15.0,0.0,114.1,25.2,90.6,114.1,28.9,-18.89,25.33,0.79,24.55,-0.51,5.17,-22.15,98.99,17.66,-22.15,-4.33,26.01,0.0,100.0,40.0,2.0,95.0,39.0,1.8,0.24,1.14,0.26,0.38,0.0,1.06,0.32,0.04,0.73,0.28,0.02,240.0,157.43,240.0,9.97,97.32,0.0,1.0,0.08,1.0,0.0,0.27,8.88,10.58,10.51,8.88,10.58,0.28,0.02,1.72,1.64,0.1,0.09,0.27,0.0,18.89,0.31,0.0,0.51,0.51,1.88,0.909964268,0,1,0,Slow,150,985,0.0,0.0,0.0,0,240.0,32.81,7,2275.333333,10,-74.57108779,0.0,0.0,0.0,,2.943157499999999,4.576289500000001,SectorTime outside section-specific IQR limits
P106,"Laguna_Seca, Laguna_Seca",", McLaren 720S GT3","24/08/2024, ",Lap 2,96.567,Str 2-3,5.259,0.0,0.0,0.0,0.0,0.0,0.0,81.1,144.1,103.8,94.1,144.1,20.4,-3.8,2.36,-0.86,-3.63,-1.46,1.32,-24.88,20.8,-2.92,-20.11,-11.47,12.05,6.0,100.0,81.0,6.0,75.0,27.0,1.62,0.51,0.9,0.74,0.39,0.0,0.72,0.39,0.14,0.36,0.21,0.0,61.78,22.96,61.76,23.15,18.69,0.0,1.0,0.19,1.0,0.0,0.39,8.15,9.1,8.92,8.15,9.1,0.24,0.02,0.97,0.79,0.65,0.7,0.25,0.0,3.8,1.04,3.63,1.46,-2.17,1.05,-0.354240735,0,1,1,Fast,150,985,0.0,0.0,0.0,0,0.0,0.0,5,245.0,11,2.666666641,0.0,0.0,0.0,,2.943157499999999,4.576289500000001,SectorTime outside section-specific IQR limits
P106,"Laguna_Seca, Laguna_Seca",", McLaren 720S GT3","24/08/2024, ",Lap 3,95.812,Str 2-3,5.396,0.0,46.0,4.0,0.0,0.0,11.0,84.0,119.2,100.9,108.5,119.2,9.4,-5.22,11.11,0.91,-3.18,-2.36,3.72,-29.93,40.65,-0.95,-25.31,-17.35,19.09,0.0,100.0,62.0,56.0,56.0,35.0,1.67,0.75,0.94,0.87,0.33,0.0,0.84,0.28,0.01,0.22,0.24,0.0,102.83,34.64,53.2,37.87,25.4,0.0,1.0,0.34,1.0,1.0,0.47,8.35,10.17,9.48,8.35,10.17,0.62,0.02,1.82,1.14,1.45,1.81,0.61,0.0,5.22,0.79,3.18,2.36,-0.82,1.0,-0.404600825,0,1,1,Fast,150,985,483.0,12.13,-313.7545601,491,0.0,0.0,2,368.0,13,2.833333333,0.0,0.0,0.0,,2.943157499999999,4.576289500000001,SectorTime outside section-specific IQR limits
P106,"Laguna_Seca, Laguna_Seca",", McLaren 720S GT3","24/08/2024, ",Lap 5,96.074,Str 2-3,5.571,0.0,0.0,0.0,0.0,0.0,0.0,68.5,141.8,98.2,91.0,141.8,23.8,-3.33,14.64,1.81,5.6,-2.07,4.68,-24.24,31.39,1.02,-20.1,-14.0,11.57,45.0,100.0,92.0,46.0,73.0,15.0,1.42,0.48,1.34,0.99,0.39,0.03,0.97,0.42,0.18,0.27,0.2,0.04,106.84,28.12,27.34,33.6,30.86,0.0,1.0,0.24,1.0,1.0,0.42,8.21,9.49,9.32,8.21,9.49,0.32,0.02,1.27,1.11,0.0,0.49,0.31,0.0,3.33,0.47,0.0,2.07,2.07,0.57,-0.387124873,0,0,1,Fast,150,985,582.0,15.55,-510.7063896,599,0.0,0.0,2,310.6666667,15,-11.88888883,0.0,0.0,0.0,,2.943157499999999,4.576289500000001,SectorTime outside section-specific IQR limits
P103,"Laguna_Seca, Laguna_Seca",", McLaren 720S GT3","24/08/2024, ",Lap 10,92.404,Str 2-3,4.724,0.0,19.0,0.0,0.0,19.0,1.0,95.5,151.6,114.4,97.2,151.6,18.1,-8.62,6.32,-0.68,-8.62,-1.8,3.03,-24.53,10.64,-4.66,-24.53,-10.09,10.29,24.0,100.0,87.0,24.0,61.0,25.0,1.13,0.38,1.13,0.54,0.31,0.0,0.86,0.33,0.07,0.29,0.22,0.0,123.51,27.1,123.51,26.58,30.97,0.0,1.0,0.26,1.0,0.0,0.44,8.74,9.97,9.74,8.74,9.97,0.33,0.01,1.24,1.01,1.24,0.01,0.34,0.0,8.62,1.34,8.62,1.8,-6.82,2.31,-0.6319216,0,1,1,Fast,150,985,0.0,0.0,0.0,0,0.0,0.0,6,436.0,15,14.33333333,0.0,0.0,0.0,,2.943157499999999,4.576289500000001,SectorTime outside section-specific IQR limits
P100,"Laguna_Seca, Laguna_Seca",", McLaren 720S GT3","24/08/2024, ",Lap 2,109.349,Str 2-3,6.328,0.0,100.0,7.0,0.0,100.0,23.0,57.3,134.2,88.3,57.3,113.2,26.7,-3.2,0.52,-1.2,-2.33,-0.01,1.08,-25.55,20.13,0.58,-15.01,-3.01,13.05,0.0,100.0,70.0,55.0,43.0,30.0,0.86,0.39,0.35,0.3,0.24,0.0,1.58,0.48,0.14,1.24,0.31,0.16,75.79,28.67,50.02,3.63,22.6,0.0,1.0,0.3,1.0,0.0,0.46,8.81,10.72,10.18,8.81,10.72,0.55,0.02,1.92,1.38,1.64,1.64,0.55,0.0,3.2,1.24,2.33,0.01,-2.32,1.04,0.498345576,0,1,0,Slow,150,985,0.0,0.0,0.0,0,0.0,0.0,4,290.6666667,17,1.138888791,0.0,0.0,0.0,,2.943157499999999,4.576289500000001,SectorTime outside section-specific IQR limits
P100,"Laguna_Seca, Laguna_Seca",", McLaren 720S GT3","24/08/2024, ",Lap 3,115.297,Str 2-3,7.548,0.0,100.0,15.0,91.0,9.0,31.0,23.9,132.5,73.6,56.4,98.7,36.5,-1.08,14.61,-0.09,14.61,-1.08,1.62,-28.08,218.77,6.56,19.44,-11.0,41.55,0.0,100.0,76.0,0.0,48.0,37.0,8.2,0.27,0.38,0.66,0.79,0.0,12.63,0.66,0.65,0.03,1.02,0.09,152.39,24.72,152.39,25.85,36.89,0.0,1.0,0.02,1.0,0.0,0.15,8.28,8.43,8.43,8.28,8.43,0.02,0.02,0.88,0.17,0.88,0.07,0.11,0.0,1.08,0.32,0.0,1.08,1.08,0.37,0.895089699,0,1,0,Slow,150,985,0.0,0.0,0.0,0,0.0,0.0,4,295.8833333,12,-10.02539689,0.0,0.0,0.0,,2.943157499999999,4.576289500000001,SectorTime outside section-specific IQR limits
P100,"Laguna_Seca, Laguna_Seca",", McLaren 720S GT3","24/08/2024, ",Lap 8,105.387,Str 2-3,15.093,0.0,100.0,12.0,0.0,0.0,28.0,0.0,124.1,36.4,92.2,124.1,35.7,-1.59,18.19,1.43,5.75,-0.7,4.64,-53.08,30.09,1.41,-41.6,-5.03,19.45,0.0,100.0,51.0,100.0,100.0,44.0,3.87,0.32,1.27,0.23,0.45,0.0,16.49,0.45,0.09,0.57,0.98,0.59,240.0,111.35,29.18,11.02,78.9,0.0,1.0,0.11,1.0,0.0,0.31,9.58,11.17,11.08,9.58,11.17,0.29,0.02,2.95,1.5,2.95,0.53,0.29,0.0,1.59,0.09,0.0,0.7,0.7,0.25,0.234071835,0,1,0,Slow,150,985,532.0,17.14,-878.7465679,546,240.0,28.919,3,1279.6,17,5.732410145,0.0,0.0,0.0,,2.943157499999999,4.576289500000001,SectorTime outside section-specific IQR limits
P099,"Laguna_Seca, Laguna_Seca",", McLaren 720S GT3","24/08/2024, ",Lap 4,94.917,Str 2-3,4.789,0.0,22.0,1.0,0.0,0.0,3.0,101.1,144.2,113.7,111.0,144.2,13.4,-3.62,6.86,-0.46,-1.91,-0.86,2.14,-28.57,32.07,-5.01,-26.01,-5.41,15.36,0.0,100.0,68.0,0.0,100.0,35.0,1.49,0.67,1.41,0.31,0.38,0.01,0.92,0.32,0.17,0.39,0.22,0.15,65.92,27.53,45.75,12.74,18.15,0.0,1.0,0.28,0.0,0.0,0.45,6.7,8.03,7.66,6.7,8.03,0.47,0.0,1.33,0.96,0.17,0.69,0.47,0.0,3.62,1.02,1.91,0.86,-1.04,0.9,-0.464299209,0,0,1,Fast,150,985,2015.0,52.35,-389.0916575,2029,0.0,0.0,2,231.0,13,4.333333333,0.0,0.0,0.0,,2.943157499999999,4.576289500000001,SectorTime outside section-specific IQR limits
P098,"Laguna_Seca, Laguna_Seca",", McLaren 720S GT3","24/08/2024, ",Lap 3,121.892,Str 2-3,5.613,0.0,60.0,2.0,0.0,60.0,9.0,75.2,136.8,99.3,77.1,130.0,21.0,-10.35,1.21,-1.51,-10.19,-0.25,3.15,-33.81,8.64,-3.57,-22.31,3.71,11.0,0.0,100.0,94.0,68.0,0.0,20.0,1.6,0.3,0.76,0.19,0.35,0.01,1.16,0.37,0.13,1.16,0.2,0.05,138.14,27.2,138.14,5.35,44.07,0.0,1.0,0.19,1.0,0.0,0.39,8.99,10.03,9.93,8.99,10.03,0.25,0.02,1.05,0.95,0.78,0.61,0.25,0.0,10.35,1.61,10.19,0.25,-9.94,3.09,1.334990084,0,1,0,Slow,150,985,0.0,0.0,0.0,0,0.0,0.0,3,211.6666667,15,19.94444441,0.0,0.0,0.0,,2.943157499999999,4.576289500000001,SectorTime outside section-specific IQR limits
P098,"Laguna_Seca, Laguna_Seca",", McLaren 720S GT3","24/08/2024, ",Lap 4,128.237,Str 2-3,6.574,0.0,32.0,1.0,0.0,32.0,4.0,75.4,103.1,85.5,79.5,102.2,9.8,-6.01,0.68,-1.41,-6.01,-0.59,1.95,-33.54,24.15,-1.81,-33.54,-3.65,12.47,9.0,86.0,71.0,50.0,9.0,18.0,1.46,0.36,1.36,0.15,0.35,0.0,1.07,0.19,0.28,0.59,0.16,0.0,112.97,27.61,112.97,9.72,32.29,0.0,1.0,0.2,1.0,0.0,0.4,9.48,10.77,10.63,9.48,10.77,0.31,0.02,1.3,1.16,0.06,0.75,0.32,0.0,6.01,1.44,6.01,0.59,-5.42,1.92,1.758214943,0,0,0,Slow,150,985,0.0,0.0,0.0,0,0.0,0.0,5,260.5,13,13.94444434,0.0,0.0,0.0,,2.943157499999999,4.576289500000001,SectorTime outside section-specific IQR limits
P098,"Laguna_Seca, Laguna_Seca",", McLaren 720S GT3","24/08/2024, ",Lap 5,114.002,Str 2-3,6.964,0.0,52.0,1.0,0.0,52.0,6.0,49.3,132.3,79.2,49.3,128.6,28.0,-0.87,0.04,-0.27,0.0,-0.11,0.23,-12.59,6.76,-0.17,-12.59,-0.55,4.53,27.0,100.0,94.0,83.0,27.0,11.0,0.33,0.11,0.33,0.03,0.08,0.0,0.81,0.36,0.01,0.81,0.23,0.02,47.81,11.05,47.81,1.35,11.25,0.0,0.0,0.0,0.0,0.0,0.0,8.42,8.42,8.42,8.42,8.42,0.0,0.0,0.76,0.0,0.76,0.0,0.15,0.0,0.87,0.27,0.0,0.11,0.11,0.23,0.808710472,0,0,0,Slow,150,985,0.0,0.0,0.0,0,0.0,0.0,2,90.0,12,2.22222215,0.0,0.0,0.0,,2.943157499999999,4.576289500000001,SectorTime outside section-specific IQR limits
P098,"Laguna_Seca, Laguna_Seca",", McLaren 720S GT3","24/08/2024, ",Lap 7,106.672,Str 2-3,4.742,0.0,66.0,11.0,0.0,12.0,23.0,73.6,147.5,115.5,73.7,110.9,21.7,-0.9,0.09,-0.17,-0.9,-0.48,0.22,-10.3,1.18,-1.6,-6.95,-5.03,2.58,0.0,100.0,79.0,100.0,11.0,39.0,0.36,0.08,0.21,0.29,0.09,0.03,1.28,0.65,0.05,0.38,0.26,0.0,16.87,3.95,16.87,9.82,4.54,0.0,0.0,0.0,0.0,0.0,0.0,9.28,9.28,9.28,9.28,9.28,0.0,0.0,2.74,0.01,2.74,0.0,0.18,0.0,0.9,0.17,0.9,0.48,-0.42,0.21,0.31978404,0,1,0,Slow,150,985,0.0,0.0,0.0,0,0.0,0.0,5,48.66666667,7,-1.27e-08,0.0,0.0,0.0,,2.943157499999999,4.576289500000001,SectorTime outside section-specific IQR limits
P098,"Laguna_Seca, Laguna_Seca",", McLaren 720S GT3","24/08/2024, ",Lap 8,124.446,Str 2-3,5.422,0.0,76.0,8.0,0.0,9.0,20.0,80.9,132.8,102.9,80.9,106.6,17.2,-5.56,8.31,0.17,-2.63,-1.12,2.18,-27.84,36.78,-0.65,-27.84,-10.19,13.83,0.0,100.0,87.0,100.0,15.0,32.0,1.26,0.33,0.7,0.41,0.35,0.04,1.4,0.43,0.07,0.31,0.29,0.0,84.06,17.05,52.23,19.92,23.9,0.0,1.0,0.17,1.0,0.0,0.38,11.14,12.07,11.94,11.14,12.07,0.27,0.02,1.83,0.81,1.83,0.24,0.3,0.0,5.56,0.48,2.63,1.12,-1.51,0.94,1.505347261,0,1,0,Slow,150,985,0.0,0.0,0.0,0,0.0,0.0,4,262.0,7,2.166666718,0.0,0.0,0.0,,2.943157499999999,4.576289500000001,SectorTime outside section-specific IQR limits
P098,"Laguna_Seca, Laguna_Seca",", McLaren 720S GT3","24/08/2024, ",Lap 9,114.43,Str 2-3,6.754,0.0,0.0,0.0,0.0,0.0,0.0,70.5,109.8,82.4,109.8,99.7,10.6,-9.8,10.38,-1.34,-8.86,-0.36,3.08,-293.34,71.01,-6.01,-14.29,-2.46,39.66,0.0,80.0,59.0,0.0,79.0,32.0,23.93,0.58,1.21,0.11,2.06,0.0,15.55,0.34,0.64,0.27,1.32,0.11,124.69,36.2,118.4,6.38,35.54,0.0,1.0,0.18,1.0,0.0,0.39,8.76,9.98,9.87,8.76,9.98,0.28,0.02,1.23,1.12,0.0,0.0,0.28,0.0,9.8,1.66,8.86,0.36,-8.49,2.4,0.837258974,0,1,0,Slow,150,985,0.0,0.0,0.0,0,0.0,0.0,2,314.6666667,18,14.88888885,0.0,0.0,0.0,,2.943157499999999,4.576289500000001,SectorTime outside section-specific IQR limits
P097,"Laguna_Seca, Laguna_Seca",", McLaren 720S GT3","24/08/2024, ",Lap 2,111.349,Str 2-3,4.592,0.0,57.0,4.0,0.0,55.0,14.0,82.5,149.6,118.6,82.5,136.5,21.9,-1.57,0.18,-0.52,-1.54,-0.19,0.51,-12.26,3.41,-2.8,-11.49,-1.32,5.52,0.0,100.0,82.0,64.0,0.0,26.0,0.51,0.22,0.48,0.05,0.17,0.0,1.13,0.5,0.33,1.13,0.19,0.02,31.53,10.56,31.24,2.75,10.48,0.0,0.0,0.0,0.0,0.0,0.0,5.92,5.92,5.92,5.92,5.92,0.0,0.0,0.1,0.0,0.1,0.0,0.04,0.0,1.57,0.52,1.54,0.19,-1.35,0.51,0.631749787,0,1,0,Slow,150,985,195.0,6.91,-250.9359397,195,0.0,0.0,2,51.0,4,4.5,0.0,0.0,0.0,,2.943157499999999,4.576289500000001,SectorTime outside section-specific IQR limits
P097,"Laguna_Seca, Laguna_Seca",", McLaren 720S GT3","24/08/2024, ",Lap 7,108.627,Str 2-3,7.255,0.0,4.0,0.0,4.0,0.0,0.0,58.3,100.7,75.9,100.7,97.0,12.8,-6.64,17.87,2.82,3.19,-0.61,6.31,-40.89,38.03,-0.52,-40.89,-4.09,14.81,0.0,100.0,47.0,0.0,60.0,27.0,1.68,0.41,0.8,0.2,0.44,0.0,0.54,0.22,0.18,0.2,0.09,0.07,134.99,39.04,15.94,10.78,44.93,0.0,1.0,0.29,1.0,0.0,0.45,6.17,8.27,7.96,6.17,8.27,0.58,0.02,2.1,1.79,0.87,0.89,0.57,0.0,6.64,0.53,0.0,0.61,0.61,0.88,0.450186656,0,1,0,Slow,150,985,0.0,0.0,0.0,0,133.8,26.488,3,393.6666667,13,1.861110878,0.0,0.0,0.0,,2.943157499999999,4.576289500000001,SectorTime outside section-specific IQR limits
P096,"Laguna_Seca, Laguna_Seca",", McLaren 720S GT3","24/08/2024, ",Lap 3,114.894,Str 2-3,5.116,0.0,19.0,2.0,0.0,19.0,5.0,62.7,140.7,106.7,62.7,128.9,26.4,-1.53,0.66,-0.53,0.21,-1.51,0.45,-20.66,11.87,1.92,0.53,-20.66,6.5,4.0,100.0,83.0,100.0,4.0,34.0,1.04,0.28,0.1,1.04,0.19,0.02,1.16,0.51,0.4,0.48,0.22,0.02,29.74,11.64,4.68,29.74,6.96,0.0,0.0,0.0,0.0,0.0,0.0,10.5,10.5,10.5,10.5,10.5,0.0,0.0,0.0,0.0,0.0,0.0,0.18,0.0,1.53,0.55,0.0,1.51,1.51,0.41,0.86820875,0,1,0,Slow,150,985,218.0,8.08,-368.5420573,218,0.0,0.0,2,131.3333333,8,-7.833333371,0.0,0.0,0.0,,2.943157499999999,4.576289500000001,SectorTime outside section-specific IQR limits
P095,"Laguna_Seca, Laguna_Seca",", McLaren 720S GT3","24/08/2024, ",Lap 2,111.864,Str 2-3,14.848,0.0,100.0,20.0,0.0,0.0,30.0,0.0,109.8,37.0,80.5,109.7,30.9,-5.68,13.67,0.86,-5.68,-0.02,3.37,-26.86,57.62,0.78,28.59,-0.57,20.56,0.0,100.0,61.0,100.0,100.0,45.0,1.37,0.31,0.8,0.04,0.35,0.0,1.59,0.42,0.15,0.45,0.31,0.0,153.5,70.99,88.75,0.86,43.34,0.0,1.0,0.17,1.0,0.0,0.37,8.45,10.9,10.61,8.45,10.9,0.57,0.02,2.45,2.16,2.11,2.12,0.57,0.0,5.68,0.26,5.68,0.02,-5.67,0.95,0.666101371,0,1,0,Slow,150,985,99.0,4.59,-216.4630474,99,150.13875,29.979,5,772.3638528,18,-17.09559876,0.0,0.0,0.0,,2.943157499999999,4.576289500000001,SectorTime outside section-specific IQR limits
P095,"Laguna_Seca, Laguna_Seca",", McLaren 720S GT3","24/08/2024, ",Lap 4,98.477,Str 2-3,5.466,0.0,0.0,0.0,0.0,0.0,0.0,71.8,145.3,99.2,74.8,145.3,24.1,-3.5,0.84,-0.58,-3.5,-1.07,0.7,-50.14,15.01,-2.61,-50.14,-5.51,12.68,70.0,100.0,97.0,70.0,99.0,8.0,1.61,0.39,0.35,0.32,0.32,0.03,1.54,0.45,0.48,0.49,0.25,0.04,76.15,18.42,64.96,14.65,16.86,0.0,1.0,0.02,1.0,0.0,0.15,8.03,8.13,8.13,8.03,8.13,0.01,0.02,0.75,0.12,0.75,0.0,0.14,0.0,3.5,0.65,3.5,1.07,-2.44,0.61,-0.226839714,0,0,1,Fast,150,985,0.0,0.0,0.0,0,0.0,0.0,2,206.1666667,12,3.99999986,0.0,0.0,0.0,,2.943157499999999,4.576289500000001,SectorTime outside section-specific IQR limits
P095,"Laguna_Seca, Laguna_Seca",", McLaren 720S GT3","24/08/2024, ",Lap 5,100.982,Str 2-3,5.447,0.0,0.0,0.0,0.0,0.0,0.0,75.5,140.0,100.7,80.2,140.0,20.3,-3.06,9.78,0.8,2.32,-1.06,3.72,-34.02,24.76,-0.58,-34.02,-6.85,16.84,62.0,100.0,99.0,100.0,62.0,3.0,1.44,0.56,1.35,0.35,0.5,0.01,0.51,0.36,0.07,0.3,0.13,0.0,61.82,24.73,18.0,15.47,22.74,0.0,1.0,0.45,1.0,0.0,0.5,8.28,10.72,10.15,8.28,10.72,0.77,0.02,2.43,1.87,1.5,0.0,0.76,0.0,3.06,0.81,0.0,1.06,1.06,1.09,-0.05975094,0,0,1,Fast,150,985,0.0,0.0,0.0,0,0.0,0.0,4,221.5,11,-3.444444529,0.0,0.0,0.0,,2.943157499999999,4.576289500000001,SectorTime outside section-specific IQR limits
P095,"Laguna_Seca, Laguna_Seca",", McLaren 720S GT3","24/08/2024, ",Lap 10,107.06,Str 2-3,6.637,0.0,0.0,0.0,0.0,0.0,0.0,47.0,140.6,82.3,74.6,140.6,28.9,-3.57,15.12,1.01,6.84,-1.68,4.85,-42.55,23.52,3.98,-42.55,-9.51,14.71,91.0,100.0,100.0,100.0,91.0,0.0,1.47,0.48,0.54,0.57,0.39,0.0,0.63,0.41,0.09,0.52,0.22,0.05,92.91,39.41,55.14,25.82,31.39,0.0,1.0,0.34,1.0,0.0,0.48,8.04,10.32,9.78,8.04,10.32,0.69,0.02,2.28,1.75,0.64,0.14,0.69,0.0,3.57,0.88,0.0,1.68,1.68,1.11,0.345664457,0,1,0,Slow,150,985,0.0,0.0,0.0,0,0.0,0.0,2,232.3333333,14,-14.27777768,0.0,0.0,0.0,,2.943157499999999,4.576289500000001,SectorTime outside section-specific IQR limits
P092,"Laguna_Seca, Laguna_Seca",", McLaren 720S GT3","24/08/2024, ",Lap 3,99.749,Str 2-3,6.635,0.0,0.0,0.0,0.0,0.0,0.0,47.4,139.4,81.6,48.9,139.4,31.5,-2.24,0.26,-0.7,0.0,-1.17,0.75,-22.99,18.12,-0.74,-22.47,-9.56,11.82,23.0,100.0,75.0,23.0,54.0,26.0,0.62,0.32,0.62,0.6,0.16,0.01,0.83,0.4,0.16,0.19,0.25,0.24,82.21,30.41,82.0,19.17,24.13,0.0,1.0,0.1,0.0,0.0,0.31,10.0,10.7,10.41,10.0,10.7,0.33,0.0,1.09,0.41,1.09,0.15,0.36,0.0,2.24,0.71,0.0,1.17,1.17,0.75,-0.141994636,0,1,1,Fast,150,985,0.0,0.0,0.0,0,0.0,0.0,2,240.3333333,8,-0.361111094,0.0,0.0,0.0,,2.943157499999999,4.576289500000001,SectorTime outside section-specific IQR limits
P092,"Laguna_Seca, Laguna_Seca",", McLaren 720S GT3","24/08/2024, ",Lap 4,112.709,Str 2-3,19.993,0.0,100.0,9.0,0.0,0.0,22.0,0.0,100.0,27.4,100.0,79.7,29.9,-7.45,18.35,1.61,1.75,-0.6,4.73,-35.2,85.89,-0.1,-35.14,-4.3,26.02,0.0,100.0,28.0,100.0,100.0,33.0,2.13,0.32,1.03,0.18,0.45,0.0,1.08,0.24,0.03,0.51,0.22,0.07,240.0,137.41,24.93,13.0,74.5,0.0,1.0,0.17,0.0,0.0,0.37,10.22,13.57,13.26,10.22,13.57,0.77,0.0,3.35,3.05,0.65,2.26,0.76,0.0,7.45,0.17,0.0,0.6,0.6,0.72,0.72246465,0,0,0,Slow,150,985,0.0,0.0,0.0,0,240.0,38.608,4,1627.436842,22,1.276907832,0.0,0.0,0.0,,2.943157499999999,4.576289500000001,SectorTime outside section-specific IQR limits
P092,"Laguna_Seca, Laguna_Seca",", McLaren 720S GT3","24/08/2024, ",Lap 5,111.624,Str 2-3,5.478,0.0,0.0,0.0,0.0,0.0,0.0,85.2,128.4,100.3,106.6,128.4,13.6,-3.93,2.9,-0.93,-3.93,-2.08,1.07,-42.87,13.93,-3.5,-26.82,-18.22,12.6,25.0,100.0,64.0,25.0,68.0,33.0,1.59,0.46,1.35,0.92,0.38,0.0,0.68,0.33,0.33,0.23,0.17,0.05,67.2,23.08,67.2,34.79,15.9,0.0,1.0,0.21,1.0,1.0,0.4,9.45,10.57,10.17,9.45,10.57,0.18,0.02,1.1,0.72,0.0,0.08,0.17,0.0,3.93,1.02,3.93,2.08,-1.84,0.9,0.650092866,0,0,0,Slow,150,985,0.0,0.0,0.0,0,0.0,0.0,4,373.0,15,4.388888791,0.0,0.0,0.0,,2.943157499999999,4.576289500000001,SectorTime outside section-specific IQR limits
P092,"Laguna_Seca, Laguna_Seca",", McLaren 720S GT3","24/08/2024, ",Lap 7,96.724,Str 2-3,5.203,0.0,22.0,1.0,0.0,22.0,3.0,89.7,129.0,104.5,102.0,126.3,14.0,-3.14,0.46,-0.53,-3.14,-0.52,0.58,-19.38,10.31,-2.03,-19.38,-3.24,8.12,0.0,100.0,60.0,21.0,0.0,32.0,1.67,0.44,1.01,0.16,0.34,0.01,1.02,0.3,0.07,0.5,0.24,0.0,54.2,15.56,54.2,7.29,10.33,0.0,1.0,0.03,1.0,0.0,0.17,8.72,8.85,8.85,8.72,8.85,0.01,0.02,2.18,0.14,2.18,0.1,0.12,0.0,3.14,0.56,3.14,0.52,-2.63,0.55,-0.343768504,0,1,1,Fast,150,985,0.0,0.0,0.0,0,0.0,0.0,2,131.0,9,6.333333333,0.0,0.0,0.0,,2.943157499999999,4.576289500000001,SectorTime outside section-specific IQR limits
P092,"Laguna_Seca, Laguna_Seca",", McLaren 720S GT3","24/08/2024, ",Lap 9,96.88,Str 2-3,5.701,0.0,0.0,0.0,0.0,0.0,0.0,74.3,133.8,95.1,87.0,133.7,19.5,-3.73,14.25,1.6,11.43,-2.52,4.99,-18.57,35.12,0.67,-16.89,-16.35,9.62,17.0,100.0,74.0,26.0,17.0,31.0,1.7,0.35,1.3,0.68,0.39,0.01,0.58,0.31,0.11,0.04,0.19,0.4,119.26,28.98,96.7,37.31,36.65,0.0,1.0,0.21,1.0,1.0,0.41,8.27,9.44,9.24,8.27,9.44,0.25,0.02,1.75,0.98,1.75,0.86,0.26,0.0,3.73,0.5,0.0,2.52,2.52,0.59,-0.333362976,0,1,1,Fast,150,985,0.0,0.0,0.0,0,0.0,0.0,4,379.6666667,17,-23.8333334,0.0,0.0,0.0,,2.943157499999999,4.576289500000001,SectorTime outside section-specific IQR limits
P092,"Laguna_Seca, Laguna_Seca",", McLaren 720S GT3","24/08/2024, ",Lap 10,98.22,Str 2-3,5.836,0.0,0.0,0.0,0.0,0.0,0.0,76.3,130.0,93.3,98.8,130.0,16.1,-3.01,13.45,0.87,4.25,-1.44,3.52,-26.74,47.44,-1.42,-19.28,-14.41,13.18,14.0,100.0,60.0,14.0,65.0,34.0,1.83,0.39,0.68,0.69,0.37,0.02,0.73,0.34,0.12,0.31,0.21,0.2,133.14,25.59,34.41,24.51,27.87,0.0,1.0,0.2,1.0,0.0,0.4,8.84,10.0,9.87,8.84,10.0,0.28,0.02,1.17,1.04,0.96,0.0,0.29,0.0,3.01,0.54,0.0,1.44,1.44,0.53,-0.243982155,0,1,1,Fast,150,985,0.0,0.0,0.0,0,132.5033333,23.06,3,455.6666667,14,-9.555555725,0.0,0.0,0.0,,2.943157499999999,4.576289500000001,SectorTime outside section-specific IQR limits
P091,"Laguna_Seca, Laguna_Seca",", McLaren 720S GT3","24/08/2024, ",Lap 3,105.904,Str 2-3,14.878,0.0,100.0,16.0,0.0,0.0,32.0,0.0,112.1,37.2,110.1,84.2,37.5,-3.6,14.59,1.17,-3.6,-0.03,3.6,-78.4,40.68,0.26,-16.32,2.76,20.09,0.0,100.0,52.0,53.0,100.0,41.0,1.65,0.33,0.95,0.1,0.37,0.0,9.04,0.4,0.12,0.77,0.58,0.27,182.3,81.16,55.77,3.89,52.13,0.0,1.0,0.19,1.0,0.0,0.39,9.06,11.87,11.31,9.06,11.87,0.75,0.02,2.82,2.26,0.58,1.47,0.75,0.0,3.6,0.21,3.6,0.03,-3.57,0.58,0.268556823,0,1,0,Slow,150,985,0.0,0.0,0.0,0,180.821,28.407,3,966.3178261,15,18.38955378,9.61755824,0.32,0.16,,2.943157499999999,4.576289500000001,SectorTime outside section-specific IQR limits
P089,"Laguna_Seca, Laguna_Seca",", McLaren 720S GT3","22/08/2024, ",Lap 3,122.437,Str 2-3,13.11,0.0,100.0,5.0,100.0,16.0,19.0,0.0,128.8,42.5,36.6,122.3,42.1,-1.53,0.12,-0.13,0.0,-0.44,0.29,-9.43,45.56,5.21,24.57,-3.92,10.13,0.0,100.0,71.0,0.0,0.0,38.0,2.09,0.19,0.84,0.2,0.24,0.0,10.5,0.47,2.98,0.43,0.66,0.07,119.35,56.26,11.62,7.79,47.12,0.0,0.0,0.0,0.0,0.0,0.0,7.68,7.68,7.68,7.68,7.68,0.0,0.0,0.0,0.0,0.0,0.0,0.1,0.0,1.53,0.13,0.0,0.44,0.44,0.29,1.371342731,0,1,0,Slow,150,985,131.0,12.11,-379.6859271,131,0.0,0.0,5,552.9741024,17,-5.271426077,0.0,0.0,0.0,,2.943157499999999,4.576289500000001,SectorTime outside section-specific IQR limits
P088,"Laguna_Seca, Laguna_Seca",", McLaren 720S GT3","22/08/2024, ",Lap 2,97.632,Str 2-3,5.552,0.0,20.0,0.0,0.0,0.0,2.0,91.7,122.5,98.4,99.1,122.5,7.0,-4.62,9.48,0.4,-3.91,-0.03,3.09,-30.95,43.71,-5.09,-28.39,0.43,17.1,0.0,100.0,82.0,3.0,100.0,32.0,1.61,0.51,1.38,0.06,0.41,0.0,0.72,0.25,0.19,0.68,0.2,0.2,111.46,30.27,72.53,0.55,29.43,0.0,1.0,0.44,1.0,0.0,0.5,4.56,6.97,6.28,4.56,6.97,0.75,0.02,2.42,1.72,0.13,0.02,0.74,0.0,4.62,0.94,3.91,0.03,-3.88,1.6,-0.283202993,0,1,1,Fast,150,985,87.0,3.32,-205.2537121,87,79.64,26.162,7,668.5,18,12.33333333,0.0,0.0,0.0,,2.943157499999999,4.576289500000001,SectorTime outside section-specific IQR limits
P088,"Laguna_Seca, Laguna_Seca",", McLaren 720S GT3","22/08/2024, ",Lap 3,97.604,Str 2-3,4.623,0.0,26.0,1.0,0.0,26.0,4.0,83.1,154.7,117.3,85.3,152.7,24.5,-3.61,14.39,1.37,2.84,-1.06,3.57,-31.13,48.66,-0.97,-28.99,-8.59,14.75,0.0,100.0,96.0,100.0,0.0,16.0,1.42,0.33,1.35,0.37,0.43,0.08,0.86,0.47,0.11,0.58,0.21,0.0,138.7,18.88,8.41,15.86,34.03,0.0,1.0,0.22,1.0,0.0,0.41,7.01,8.0,7.89,7.01,8.0,0.25,0.02,1.0,0.89,0.41,0.94,0.24,0.0,3.61,0.23,0.0,1.06,1.06,0.39,-0.285070652,0,1,1,Fast,150,985,0.0,0.0,0.0,0,138.435,24.46,5,443.6666667,11,-3.055555623,5.428104575,0.09,0.05,,2.943157499999999,4.576289500000001,SectorTime outside section-specific IQR limits
P088,"Laguna_Seca, Laguna_Seca",", McLaren 720S GT3","22/08/2024, ",Lap 8,110.507,Str 2-3,10.774,0.0,100.0,23.0,0.0,0.0,40.0,6.2,117.0,50.9,105.1,117.0,33.7,-2.75,28.2,4.13,17.34,0.07,9.44,-45.53,103.96,0.44,-41.81,1.41,33.51,0.0,100.0,59.0,100.0,100.0,46.0,5.98,0.5,1.51,0.07,0.6,0.0,18.7,0.54,0.14,0.59,1.28,0.16,240.0,131.92,170.23,0.45,94.91,0.0,1.0,0.24,1.0,0.0,0.43,3.79,6.33,5.72,3.79,6.33,0.56,0.02,2.55,1.94,0.8,0.0,0.56,0.0,2.75,0.21,0.0,0.0,0.0,0.58,0.575586614,0,1,0,Slow,150,985,0.0,0.0,0.0,0,240.0,25.691,2,811.1666667,13,10.49523781,0.0,0.0,0.0,,2.943157499999999,4.576289500000001,SectorTime outside section-specific IQR limits
P088,"Laguna_Seca, Laguna_Seca",", McLaren 720S GT3","22/08/2024, ",Lap 9,99.537,Str 2-3,4.795,0.0,43.0,1.0,0.0,43.0,6.0,97.4,143.0,113.6,101.4,138.7,15.0,-7.67,4.79,-0.38,-7.67,-0.96,2.5,-31.99,20.38,-2.59,-18.91,-6.58,11.89,0.0,100.0,90.0,32.0,0.0,22.0,1.56,0.45,0.97,0.27,0.31,0.0,1.04,0.33,0.08,0.86,0.23,0.07,102.37,22.76,102.37,13.09,24.36,0.0,1.0,0.26,1.0,0.0,0.44,6.97,8.2,7.95,6.97,8.2,0.33,0.02,1.55,0.99,1.55,0.12,0.33,0.0,7.67,0.99,7.67,0.96,-6.71,1.84,-0.156135482,0,1,1,Fast,150,985,0.0,0.0,0.0,0,0.0,0.0,5,378.5,11,14.33333333,0.0,0.0,0.0,,2.943157499999999,4.576289500000001,SectorTime outside section-specific IQR limits
P084,"Laguna_Seca, Laguna_Seca",", McLaren 720S GT3","8/27/2023, ",Lap 2,114.644,Str 2-3,4.669821,1.44,0.36,1.42,0.32,0.36,0.02,0.7,0.32,0.02,0.7,0.18,0.07,72.64,12.94,72.64,10.81,14.53,0.0,33.0,2.0,0.0,33.0,6.0,90.2,134.3,116.5,90.3,125.9,15.3,0.0,1.0,0.04,1.0,0.0,0.19,-3.3,0.17,-0.56,-3.3,-0.64,0.64,-32.13,12.79,-0.47,-32.13,-6.25,9.7,0.0,100.0,58.0,29.0,0.0,31.0,7.04,7.2,7.2,7.04,7.2,0.02,0.02,0.17,0.16,0.0,0.07,0.02,0.0,3.3,0.58,3.3,0.64,-2.66,0.63,0.851533224,0,1,0,Slow,150,985,134.0,4.33,-268.2392654,134,0.0,0.0,3,150.0,7,8.666666667,0.0,0.0,0.0,,2.943157499999999,4.576289500000001,SectorTime outside section-specific IQR limits
P083,"Laguna_Seca, Laguna_Seca",", McLaren 720S GT3","8/27/2023, ",Lap 2,118.864,Str 2-3,6.192169,0.92,0.26,0.92,0.1,0.23,0.0,0.4,0.24,0.19,0.14,0.14,0.0,69.98,17.46,69.98,5.16,15.97,0.0,0.0,0.0,0.0,0.0,0.0,67.2,115.3,88.8,69.7,111.2,17.8,0.0,1.0,0.06,1.0,0.0,0.24,-2.69,0.25,-0.75,-2.69,-0.32,0.68,-24.67,22.53,0.33,-24.58,-1.98,9.41,0.0,72.0,55.0,41.0,0.0,23.0,9.45,9.82,9.73,9.45,9.82,0.13,0.02,2.54,0.28,2.54,0.09,0.2,0.0,2.69,0.75,2.69,0.32,-2.37,0.68,1.133016109,0,1,0,Slow,150,985,150.0,6.42,-235.5316218,150,0.0,0.0,2,198.3333333,17,4.888888842,0.0,0.0,0.0,,2.943157499999999,4.576289500000001,SectorTime outside section-specific IQR limits
P083,"Laguna_Seca, Laguna_Seca",", McLaren 720S GT3","8/27/2023, ",Lap 3,115.947,Str 2-3,5.847964,0.72,0.16,0.71,0.03,0.23,0.05,0.28,0.2,0.17,0.2,0.05,0.02,51.99,10.51,51.54,0.87,16.03,0.0,0.0,0.0,0.0,0.0,0.0,72.9,113.2,92.9,72.9,113.2,11.1,0.0,1.0,0.07,1.0,0.0,0.25,-2.23,0.24,-0.46,-2.15,-0.07,0.74,-19.87,14.43,-1.11,-19.87,-0.46,7.41,25.0,53.0,46.0,43.0,51.0,8.0,6.37,6.73,6.72,6.37,6.73,0.05,0.02,1.31,0.36,1.31,0.32,0.09,0.0,2.23,0.47,2.15,0.07,-2.08,0.73,0.938446067,0,1,0,Slow,150,985,0.0,0.0,0.0,0,0.0,0.0,4,137.0,3,6.833333371,0.0,0.0,0.0,,2.943157499999999,4.576289500000001,SectorTime outside section-specific IQR limits
P083,"Laguna_Seca, Laguna_Seca",", McLaren 720S GT3","8/27/2023, ",Lap 6,121.104,Str 2-3,14.947383,1.52,0.41,1.52,0.26,0.3,0.0,4.46,0.27,0.26,0.8,0.42,0.18,240.0,117.76,73.44,22.53,88.66,0.0,0.0,0.0,0.0,0.0,0.0,3.3,91.3,36.6,60.6,91.3,15.6,0.0,1.0,0.1,1.0,0.0,0.3,-3.61,15.5,0.02,14.87,-1.28,2.22,-164.75,49.59,4.69,-114.27,8.31,41.21,0.0,100.0,52.0,100.0,100.0,40.0,6.92,8.37,7.37,6.92,8.37,0.31,0.02,1.47,0.47,0.09,0.37,0.31,0.0,3.61,0.29,0.0,1.28,1.28,0.88,1.282428825,0,0,0,Slow,150,985,0.0,0.0,0.0,0,240.0,33.65,4,1021.166667,17,-5.594108378,0.0,0.0,0.0,,2.943157499999999,4.576289500000001,SectorTime outside section-specific IQR limits
P082,"Laguna_Seca, Laguna_Seca",", McLaren 720S GT3","8/27/2023, ",Lap 5,120.347,Str 2-3,4.875819,1.5,0.31,0.06,1.39,0.39,0.1,0.88,0.48,0.2,0.63,0.15,0.07,59.46,13.69,13.85,59.03,14.16,0.0,76.0,6.0,0.0,75.0,18.0,76.8,148.7,115.6,76.8,135.5,23.0,0.0,1.0,0.12,0.0,1.0,0.32,-3.85,1.65,-0.54,-0.62,-3.8,1.16,-32.7,16.26,-1.76,3.02,-29.58,10.25,7.0,100.0,89.0,100.0,7.0,29.0,8.83,9.43,8.87,8.83,9.43,0.11,0.0,1.55,0.04,1.55,0.03,0.19,0.0,3.85,0.7,0.62,3.8,3.18,0.97,1.231935331,0,0,0,Slow,150,985,0.0,0.0,0.0,0,0.0,0.0,3,154.0,9,-17.38888887,5.0,0.11,0.06,,2.943157499999999,4.576289500000001,SectorTime outside section-specific IQR limits
P081,"Laguna_Seca, Laguna_Seca",", McLaren 720S GT3","8/27/2023, ",Lap 2,118.332,Str 2-3,4.628795,0.77,0.15,0.14,0.77,0.14,0.0,1.28,0.43,0.19,1.04,0.29,0.0,25.67,6.06,8.9,25.67,5.63,0.0,96.0,8.0,0.0,95.0,23.0,92.5,137.3,116.6,92.5,113.6,15.3,0.0,0.0,0.0,0.0,0.0,0.0,-1.41,0.2,-0.32,-0.49,-1.31,0.34,-14.54,3.22,-1.69,-3.33,-14.54,3.72,0.0,100.0,73.0,100.0,0.0,43.0,8.3,8.3,8.3,8.3,8.3,0.0,0.0,0.79,0.0,0.79,0.0,0.16,0.0,1.41,0.33,0.49,1.31,0.82,0.32,1.097530589,0,1,0,Slow,150,985,0.0,0.0,0.0,0,0.0,0.0,2,57.0,4,-4.333333333,0.0,0.0,0.0,,2.943157499999999,4.576289500000001,SectorTime outside section-specific IQR limits
P080,"Laguna_Seca, Laguna_Seca",", McLaren 720S GT3","8/27/2023, ",Lap 4,113.954,Str 2-3,2.874103,2.28,0.68,1.17,0.15,0.58,0.01,0.79,0.43,0.44,0.53,0.21,0.02,138.32,50.02,136.65,5.38,51.13,0.0,6.0,0.0,0.0,0.0,1.0,76.3,131.4,95.7,113.9,131.4,15.4,0.0,1.0,0.37,1.0,0.0,0.48,-10.51,1.09,-2.89,-10.51,-0.32,3.63,-46.39,27.8,-5.86,-20.24,-2.51,18.44,0.0,100.0,79.0,0.0,94.0,37.0,14.38,16.48,16.04,14.38,16.48,0.61,0.02,2.1,1.66,0.0,1.21,0.6,0.0,10.51,2.92,10.51,0.32,-10.19,3.6,0.805508771,0,0,0,Slow,150,985,0.0,0.0,0.0,0,137.765,34.675,2,371.6666667,21,18.11111116,0.0,0.0,0.0,,2.943157499999999,4.576289500000001,SectorTime outside section-specific IQR limits
P079,"Laguna_Seca, Laguna_Seca",", McLaren 720S GT3","8/27/2023, ",Lap 3,126.199,Str 2-3,6.317204,0.9,0.21,0.68,0.1,0.23,0.01,0.71,0.33,0.11,0.16,0.2,0.0,126.94,21.69,117.7,6.79,29.81,0.0,0.0,0.0,0.0,0.0,0.0,50.4,122.7,86.6,50.4,122.4,26.1,0.0,1.0,0.12,1.0,0.0,0.33,-6.72,3.16,-0.56,-5.18,-0.46,1.61,-36.91,16.41,-3.32,-30.91,-1.86,12.37,0.0,100.0,82.0,93.0,0.0,23.0,12.3,13.05,12.96,12.3,13.05,0.18,0.02,0.77,0.68,0.0,0.19,0.17,0.0,6.72,0.78,5.18,0.46,-4.71,1.37,1.622276052,0,1,0,Slow,150,985,188.0,13.01,-349.5021365,188,0.0,0.0,7,320.8333333,16,9.222222366,0.0,0.0,0.0,,2.943157499999999,4.576289500000001,SectorTime outside section-specific IQR limits
P079,"Laguna_Seca, Laguna_Seca",", McLaren 720S GT3","8/27/2023, ",Lap 6,131.557,Str 2-3,14.777887,1.67,0.47,1.53,0.7,0.45,0.0,0.62,0.15,0.27,0.36,0.13,0.02,240.0,179.63,13.41,240.0,87.37,0.0,50.0,5.0,0.0,0.0,10.0,0.0,80.8,37.3,76.0,33.8,31.9,0.0,1.0,0.3,1.0,0.0,0.46,-17.92,24.86,0.28,4.1,0.0,6.49,-39.02,93.06,17.16,-35.82,45.18,33.8,0.0,100.0,45.0,89.0,54.0,41.0,8.66,13.07,12.04,8.66,13.07,1.47,0.02,4.42,3.39,1.24,3.29,1.46,0.0,17.92,1.36,0.0,0.0,0.0,3.66,1.979665932,0,0,0,Slow,150,985,159.0,7.21,-735.8960948,159,240.0,42.044,7,1534.666667,11,-7.833333499,0.0,0.0,0.0,,2.943157499999999,4.576289500000001,SectorTime outside section-specific IQR limits
P078,"Laguna_Seca, Laguna_Seca",", McLaren 720S GT3","8/27/2023, ",Lap 1,122.727,Str 2-3,4.704237,1.27,0.21,0.88,1.27,0.26,0.01,0.88,0.51,0.56,0.88,0.15,0.02,37.5,6.69,37.5,23.88,8.52,0.0,43.0,2.0,0.0,43.0,7.0,98.0,163.9,135.6,98.0,158.8,20.0,0.0,0.0,0.0,0.0,0.0,0.0,-1.83,0.53,-0.31,-1.64,-1.21,0.51,-26.44,5.12,-2.12,-19.24,-26.44,6.3,0.0,100.0,93.0,100.0,0.0,24.0,9.7,9.7,9.7,9.7,9.7,0.0,0.0,2.3,0.01,2.3,0.0,0.16,0.0,1.83,0.35,1.64,1.21,-0.44,0.47,1.390686342,0,0,0,Slow,150,985,0.0,0.0,0.0,0,0.0,0.0,6,120.5,8,0.5,0.0,0.0,0.0,,2.943157499999999,4.576289500000001,SectorTime outside section-specific IQR limits
P071,"Laguna_Seca, Laguna_Seca",", McLaren 720S GT3","8/27/2023, ",Lap 4,124.379,Str 2-3,4.78856,1.21,0.14,1.21,0.2,0.22,0.05,0.87,0.55,0.2,0.42,0.17,0.02,93.8,6.24,93.8,9.11,11.25,0.0,0.0,0.0,0.0,0.0,0.0,66.3,159.1,116.9,66.3,159.1,27.4,0.0,1.0,0.01,1.0,0.0,0.1,-3.41,0.47,-0.19,-3.41,-0.7,0.38,-38.96,2.24,-2.34,-38.96,-3.59,6.99,74.0,100.0,96.0,100.0,97.0,6.0,7.09,7.12,7.12,7.09,7.12,0.0,0.01,0.03,0.03,0.0,0.01,0.0,0.0,3.41,0.21,3.41,0.7,-2.71,0.36,1.50087822,0,0,0,Slow,150,985,0.0,0.0,0.0,0,0.0,0.0,6,114.3333333,13,5.83333327,0.0,0.0,0.0,,2.943157499999999,4.576289500000001,SectorTime outside section-specific IQR limits
P071,"Laguna_Seca, Laguna_Seca",", McLaren 720S GT3","8/27/2023, ",Lap 5,113.622,Str 2-3,5.723909,1.17,0.23,1.17,0.27,0.25,0.0,0.88,0.27,0.07,0.39,0.24,0.04,133.02,11.26,133.02,17.91,18.54,0.0,0.0,0.0,0.0,0.0,0.0,71.1,121.1,97.4,72.8,121.1,18.7,0.0,1.0,0.03,1.0,0.0,0.18,-7.83,1.26,-0.4,-7.83,-1.23,1.06,-37.38,8.9,0.31,-29.79,-7.22,8.6,0.0,100.0,76.0,76.0,79.0,29.0,7.78,7.93,7.93,7.78,7.93,0.02,0.02,0.48,0.17,0.48,0.12,0.14,0.0,7.83,0.48,7.83,1.23,-6.59,0.99,0.783363672,0,0,0,Slow,150,985,144.0,5.87,-642.0878395,144,0.0,0.0,7,250.8333333,15,11.11111117,0.0,0.0,0.0,,2.943157499999999,4.576289500000001,SectorTime outside section-specific IQR limits
P069,"Laguna_Seca, Laguna_Seca",", McLaren 720S GT3","8/27/2023, ",Lap 1,101.084,Str 2-3,4.59061,0.63,0.22,0.45,0.63,0.17,0.1,1.1,0.63,0.62,1.09,0.24,0.0,23.29,6.53,19.24,23.29,6.03,0.0,59.0,12.0,0.0,58.0,21.0,105.6,159.3,136.7,105.6,126.5,15.2,0.0,0.0,0.0,0.0,0.0,0.0,-1.23,0.06,-0.33,-0.97,-1.23,0.31,-12.62,3.34,-3.29,-9.19,-12.62,3.66,0.0,100.0,77.0,100.0,0.0,41.0,7.87,7.87,7.87,7.87,7.87,0.0,0.0,0.31,0.0,0.31,0.0,0.11,0.0,1.23,0.33,0.97,1.23,0.26,0.31,-0.052947325,0,0,1,Fast,150,985,0.0,0.0,0.0,0,0.0,0.0,4,73.5,8,-1.333333333,0.0,0.31,0.0,,2.943157499999999,4.576289500000001,SectorTime outside section-specific IQR limits
P067,"Laguna_Seca, Laguna_Seca",", McLaren 720S GT3","8/26/2023, ",Lap 6,129.574,Str 2-3,2.863206,4.99,0.58,1.49,0.11,0.62,0.0,26.43,0.42,0.26,0.41,1.69,0.15,198.65,83.05,48.23,91.64,53.2,0.0,41.0,3.0,6.0,0.0,10.0,0.0,105.1,40.6,105.1,23.2,38.1,0.0,1.0,0.27,0.0,0.0,0.45,-4.41,17.29,0.91,-1.74,0.0,4.57,-49.56,41.32,-6.77,-27.74,13.21,21.73,0.0,100.0,42.0,0.0,44.0,41.0,1.77,5.57,4.98,1.77,5.57,1.08,0.0,3.8,3.21,0.0,1.82,1.08,0.0,4.41,0.53,1.74,0.0,-1.74,1.18,1.847395657,0,0,0,Slow,150,985,0.0,0.0,0.0,0,195.39,40.547,3,1107.931316,29,29.91922512,0.0,0.0,0.0,,2.943157499999999,4.576289500000001,SectorTime outside section-specific IQR limits
P066,"Laguna_Seca, Laguna_Seca",", McLaren 720S GT3","8/26/2023, ",Lap 4,130.542,Str 2-3,4.653649,0.95,0.24,0.31,0.95,0.19,0.0,0.49,0.18,0.45,0.15,0.17,0.02,35.67,8.35,9.36,35.67,7.21,0.0,0.0,0.0,0.0,0.0,0.0,101.9,123.9,119.9,101.9,120.9,5.8,0.0,1.0,0.01,0.0,1.0,0.06,-2.01,0.26,-0.44,-0.29,-2.01,0.45,-19.24,8.66,-0.93,-5.27,-19.24,5.58,0.0,82.0,39.0,82.0,0.0,27.0,6.43,6.46,6.43,6.43,6.46,0.0,0.0,0.02,0.0,0.0,0.0,0.11,0.0,2.01,0.45,0.29,2.01,1.73,0.43,1.911963295,0,0,0,Slow,150,985,0.0,0.0,0.0,0,0.0,0.0,4,125.0,17,-6.666666667,0.0,0.0,0.0,,2.943157499999999,4.576289500000001,SectorTime outside section-specific IQR limits
P066,"Laguna_Seca, Laguna_Seca",", McLaren 720S GT3","8/26/2023, ",Lap 5,128.559,Str 2-3,5.007314,0.84,0.28,0.84,0.05,0.2,0.03,0.51,0.28,0.32,0.24,0.13,0.13,46.17,11.52,46.17,0.51,9.93,0.0,5.0,1.0,0.0,5.0,1.0,83.1,122.4,110.0,83.1,113.1,11.7,0.0,0.0,0.0,0.0,0.0,0.0,-1.91,0.37,-0.53,-1.91,0.01,0.5,-19.25,11.51,-0.89,-19.25,-0.29,7.01,0.0,100.0,51.0,87.0,0.0,39.0,9.42,9.42,9.42,9.42,9.42,0.0,0.0,1.06,0.0,1.06,0.0,0.15,0.0,1.91,0.55,1.91,0.0,-1.91,0.49,1.77969302,0,0,0,Slow,150,985,0.0,0.0,0.0,0,0.0,0.0,3,158.0,13,6.5,13.0,0.38,0.19,,2.943157499999999,4.576289500000001,SectorTime outside section-specific IQR limits
P062,"Laguna_Seca, Laguna_Seca",", McLaren 720S GT3","8/26/2023, ",Lap 2,124.979,Str 2-3,4.965785,0.33,0.1,0.29,0.1,0.09,0.0,1.02,0.26,0.31,1.02,0.15,0.0,22.32,5.18,16.03,8.24,5.49,0.0,53.0,2.0,0.0,53.0,7.0,84.6,121.3,108.4,84.6,115.2,11.7,0.0,0.0,0.0,0.0,0.0,0.0,-1.14,0.16,-0.24,-0.71,-0.55,0.3,-8.59,3.22,-1.14,-6.31,-2.16,2.89,0.0,62.0,48.0,60.0,0.0,18.0,7.23,7.23,7.23,7.23,7.23,0.0,0.0,1.11,0.0,1.11,0.0,0.08,0.0,1.14,0.26,0.71,0.55,-0.16,0.28,1.540899483,0,1,0,Slow,150,985,0.0,0.0,0.0,0,0.0,0.0,11,106.0,16,1.0,0.0,0.0,0.0,,2.943157499999999,4.576289500000001,SectorTime outside section-specific IQR limits
P062,"Laguna_Seca, Laguna_Seca",", McLaren 720S GT3","8/26/2023, ",Lap 3,120.492,Str 2-3,4.775743,0.32,0.09,0.16,0.32,0.05,0.0,0.65,0.32,0.4,0.65,0.12,0.0,15.81,4.05,8.72,15.81,2.43,0.0,31.0,3.0,0.0,31.0,7.0,89.3,130.3,113.2,89.3,117.5,13.0,0.0,0.0,0.0,0.0,0.0,0.0,-0.97,0.12,-0.21,-0.42,-0.97,0.18,-6.26,4.35,-0.9,-3.7,-6.26,1.83,0.0,82.0,57.0,62.0,0.0,30.0,7.53,7.53,7.53,7.53,7.53,0.0,0.0,2.22,0.01,2.22,0.0,0.13,0.0,0.97,0.21,0.42,0.97,0.55,0.16,1.241607136,0,1,0,Slow,150,985,206.0,8.05,-352.1189516,206,0.0,0.0,4,69.0,13,-2.0,0.0,0.0,0.0,,2.943157499999999,4.576289500000001,SectorTime outside section-specific IQR limits
P058,"Laguna_Seca, Laguna_Seca",", McLaren 720S GT3","8/26/2023, ",Lap 2,126.224,Str 2-3,6.368337,4.0,1.29,1.32,0.26,0.74,0.0,2.94,0.19,0.26,0.08,0.31,0.44,152.64,88.27,150.58,16.85,44.52,0.0,33.0,4.0,0.0,0.0,9.0,21.5,118.9,88.7,110.4,21.5,33.6,0.0,1.0,0.74,1.0,0.0,0.44,-12.28,19.14,2.16,-11.5,0.0,9.81,-205.36,45.78,-32.12,-26.98,33.79,51.12,0.0,100.0,44.0,100.0,0.0,49.0,6.24,10.97,9.02,6.24,10.97,1.52,0.02,4.73,2.78,1.12,0.0,1.51,0.0,12.28,2.88,11.5,0.0,-11.5,4.58,1.623943604,0,1,0,Slow,150,985,0.0,0.0,0.0,0,0.0,0.0,4,919.1666667,17,44.54206348,0.0,0.0,0.0,,2.943157499999999,4.576289500000001,SectorTime outside section-specific IQR limits
P056,"Laguna_Seca, Laguna_Seca",", McLaren 720S GT3","8/26/2023, ",Lap 3,114.962,Str 2-3,4.991199,0.29,0.12,0.23,0.19,0.08,0.0,0.74,0.33,0.05,0.74,0.19,0.07,54.76,14.64,49.02,5.66,14.44,0.0,37.0,1.0,0.0,37.0,5.0,44.1,120.5,72.9,44.1,116.4,26.9,0.0,0.0,0.0,0.0,0.0,0.0,-1.36,0.0,-0.35,0.0,-0.27,0.4,-12.51,8.76,0.52,-11.14,-3.39,5.38,3.0,100.0,81.0,100.0,3.0,19.0,8.63,8.63,8.63,8.63,8.63,0.0,0.0,0.9,0.0,0.9,0.0,0.11,0.0,1.36,0.35,0.0,0.27,0.27,0.4,0.872744494,0,1,0,Slow,150,985,0.0,0.0,0.0,0,0.0,0.0,3,134.2333333,17,1.261111132,12.95454545,0.41,0.2,,2.943157499999999,4.576289500000001,SectorTime outside section-specific IQR limits
P056,"Laguna_Seca, Laguna_Seca",", McLaren 720S GT3","8/26/2023, ",Lap 4,109.319,Str 2-3,4.848407,0.33,0.17,0.15,0.31,0.08,0.05,0.82,0.35,0.1,0.06,0.13,0.15,27.53,10.75,27.53,12.5,5.33,0.0,0.0,0.0,0.0,0.0,0.0,50.5,130.9,85.4,50.5,130.9,24.7,0.0,0.0,0.0,0.0,0.0,0.0,-1.35,0.47,-0.5,-1.35,-0.76,0.33,-7.8,6.92,1.81,-7.8,-4.07,4.0,31.0,100.0,98.0,96.0,31.0,7.0,9.67,9.67,9.67,9.67,9.67,0.0,0.0,2.99,0.01,2.99,0.0,0.22,0.0,1.35,0.51,1.35,0.76,-0.59,0.3,0.496344513,0,0,0,Slow,150,985,0.0,0.0,0.0,0,0.0,0.0,2,123.6666667,13,-2.194444529,0.0,0.0,0.0,,2.943157499999999,4.576289500000001,SectorTime outside section-specific IQR limits
P056,"Laguna_Seca, Laguna_Seca",", McLaren 720S GT3","8/26/2023, ",Lap 5,112.914,Str 2-3,5.450303,0.43,0.13,0.05,0.4,0.08,0.15,1.42,0.65,0.56,1.34,0.29,0.04,29.69,5.49,3.13,29.69,4.85,0.0,100.0,14.0,0.0,100.0,30.0,72.5,144.8,115.0,72.5,107.4,21.7,0.0,0.0,0.0,0.0,0.0,0.0,-1.97,0.34,-0.27,-0.02,-1.97,0.37,-12.09,9.02,1.13,3.66,-11.99,3.23,0.0,100.0,76.0,100.0,0.0,37.0,6.98,6.98,6.98,6.98,6.98,0.0,0.0,0.0,0.0,0.0,0.0,0.0,0.0,1.97,0.29,0.02,1.97,1.95,0.34,0.736138582,0,0,0,Slow,150,985,0.0,0.0,0.0,0,0.0,0.0,3,95.0,15,-7.777777774,3.25,0.0,0.0,,2.943157499999999,4.576289500000001,SectorTime outside section-specific IQR limits
P053,"Laguna_Seca, Laguna_Seca",", McLaren 720S GT3","8/26/2023, ",Lap 3,108.037,Str 2-3,2.723038,1.94,0.46,1.5,0.11,0.53,0.0,1.12,0.52,0.35,0.63,0.24,0.24,146.67,48.65,98.87,2.88,54.39,0.0,100.0,14.0,7.0,0.0,24.0,35.1,109.5,70.8,108.0,109.5,23.4,0.0,1.0,0.34,1.0,0.0,0.47,-10.82,2.08,-2.82,-6.49,-0.1,3.99,-49.86,6.78,-6.91,-27.38,1.42,14.02,0.0,100.0,56.0,0.0,100.0,49.0,4.83,7.45,7.01,4.83,7.45,0.76,0.02,2.63,2.19,0.6,2.08,0.76,0.0,10.82,2.88,6.49,0.1,-6.39,3.93,0.410832414,0,1,0,Slow,150,985,0.0,0.0,0.0,0,0.0,0.0,3,324.3333333,16,7.366666641,11.10384615,0.63,0.33,,2.943157499999999,4.576289500000001,SectorTime outside section-specific IQR limits
P045,"Laguna_Seca, Laguna_Seca",", McLaren 720S GT3","8/26/2023, ",Lap 3,110.677,Str 2-3,12.126888,2.07,0.54,0.79,0.36,0.57,0.0,1.19,0.31,0.42,0.64,0.24,0.64,240.0,84.44,100.32,24.7,79.09,0.0,6.0,1.0,0.0,0.0,1.0,0.0,113.3,45.7,108.2,84.8,37.1,0.0,1.0,0.25,1.0,0.0,0.43,-14.18,27.2,2.48,10.35,-1.31,7.33,-147.32,49.06,-28.44,11.95,-8.9,47.77,0.0,100.0,42.0,100.0,85.0,38.0,8.98,11.98,11.52,8.98,11.98,0.87,0.02,3.02,2.55,0.49,1.7,0.87,0.0,14.18,0.48,0.0,1.31,1.31,1.71,0.586925972,0,1,0,Slow,150,985,0.0,0.0,0.0,0,240.0,25.984,3,1299.652381,12,10.0545179,0.0,0.0,0.0,,2.943157499999999,4.576289500000001,SectorTime outside section-specific IQR limits
P044,"Laguna_Seca, Laguna_Seca",", McLaren 720S GT3","8/26/2023, ",Lap 2,121.659,Str 2-3,4.739744,1.14,0.19,1.14,0.1,0.28,0.0,0.36,0.28,0.24,0.13,0.07,0.04,49.2,7.83,49.2,3.05,11.99,0.0,0.0,0.0,0.0,0.0,0.0,91.7,137.5,117.0,91.7,136.5,14.7,0.0,0.0,0.0,0.0,0.0,0.0,-1.98,0.18,-0.32,-1.98,-0.19,0.51,-22.54,2.1,-3.19,-22.54,-1.51,5.95,0.0,90.0,77.0,85.0,0.0,21.0,6.25,6.25,6.25,6.25,6.25,0.0,0.0,0.0,0.0,0.0,0.0,0.08,0.0,1.98,0.33,1.98,0.19,-1.78,0.5,1.319448493,0,1,0,Slow,150,985,181.0,6.11,-231.5708992,181,0.0,0.0,5,89.0,7,8.0,0.0,0.0,0.0,,2.943157499999999,4.576289500000001,SectorTime outside section-specific IQR limits
P044,"Laguna_Seca, Laguna_Seca",", McLaren 720S GT3","8/26/2023, ",Lap 3,125.337,Str 2-3,5.517259,1.52,0.5,1.42,0.25,0.54,0.0,0.28,0.19,0.18,0.17,0.07,0.15,160.44,39.3,158.37,9.94,54.64,0.0,0.0,0.0,0.0,0.0,0.0,86.7,119.7,99.8,93.7,119.7,10.7,0.0,1.0,0.24,1.0,0.0,0.43,-11.25,1.07,-2.37,-11.24,-0.54,3.73,-36.0,9.79,-5.62,-36.0,-4.78,13.25,0.0,78.0,61.0,0.0,54.0,13.0,5.77,7.07,6.91,5.77,7.07,0.34,0.02,1.32,1.15,0.1,0.04,0.33,0.0,11.25,2.4,11.24,0.54,-10.7,3.72,1.564778837,0,1,0,Slow,150,985,161.0,5.83,-357.6876437,161,0.0,0.0,3,257.0,16,22.49999995,0.0,0.0,0.0,,2.943157499999999,4.576289500000001,SectorTime outside section-specific IQR limits
P044,"Laguna_Seca, Laguna_Seca",", McLaren 720S GT3","8/26/2023, ",Lap 4,117.862,Str 2-3,5.105197,0.76,0.16,0.2,0.76,0.12,0.02,0.47,0.22,0.21,0.47,0.06,0.2,28.93,7.77,16.13,28.93,5.76,0.0,21.0,1.0,0.0,21.0,3.0,87.4,120.3,106.8,87.4,112.9,10.6,0.0,0.0,0.0,0.0,0.0,0.0,-1.37,-0.04,-0.42,-0.92,-1.31,0.32,-16.57,5.9,-1.55,5.61,-16.57,4.04,0.0,88.0,64.0,88.0,0.0,35.0,7.75,7.75,7.75,7.75,7.75,0.0,0.0,0.06,0.0,0.06,0.0,0.12,0.04,1.37,0.42,0.92,1.31,0.38,0.32,1.066180599,0,0,0,Slow,150,985,0.0,0.0,0.0,0,0.0,0.0,1,97.0,10,-8.0,0.0,0.06,0.03,,2.943157499999999,4.576289500000001,SectorTime outside section-specific IQR limits
P030,"Laguna_Seca, Laguna_Seca",", McLaren 720S GT3","8/25/2023, ",Lap 2,121.627,Str 2-3,5.503961,1.63,0.84,1.47,0.53,0.44,0.01,0.58,0.25,0.18,0.3,0.13,0.04,136.71,61.33,74.06,21.25,43.17,0.0,13.0,0.0,0.0,0.0,2.0,85.8,111.5,98.1,110.3,111.5,7.1,0.0,1.0,0.63,1.0,0.0,0.48,-9.87,3.83,-3.14,-4.37,-0.9,4.19,-45.87,22.26,-10.21,-27.4,7.24,18.49,0.0,100.0,65.0,0.0,58.0,38.0,3.38,6.87,5.61,3.38,6.87,1.05,0.02,3.48,2.23,0.86,2.54,1.04,0.0,9.87,3.63,4.37,0.9,-3.47,3.59,1.317314026,0,1,0,Slow,150,985,159.0,5.73,-200.4818098,159,0.0,0.0,3,478.5,19,16.94444444,0.0,0.0,0.0,,2.943157499999999,4.576289500000001,SectorTime outside section-specific IQR limits
P030,"Laguna_Seca, Laguna_Seca",", McLaren 720S GT3","8/25/2023, ",Lap 5,129.392,Str 2-3,4.731166,1.75,0.57,1.53,0.12,0.5,0.02,0.63,0.38,0.22,0.18,0.19,0.0,60.25,21.34,59.18,1.18,21.47,0.0,0.0,0.0,0.0,0.0,0.0,89.3,145.2,118.1,91.6,139.4,20.6,0.0,1.0,0.16,0.0,0.0,0.37,-2.59,0.22,-0.82,-1.77,0.02,0.84,-34.44,4.67,-9.68,-32.63,1.34,12.24,0.0,100.0,68.0,0.0,0.0,43.0,3.75,4.53,4.4,3.75,4.53,0.27,0.0,0.78,0.65,0.15,0.27,0.26,0.0,2.59,0.83,1.77,0.0,-1.77,0.84,1.835255874,0,0,0,Slow,150,985,0.0,0.0,0.0,0,56.855,28.363,1,139.0,17,11.55555555,0.0,0.0,0.0,,2.943157499999999,4.576289500000001,SectorTime outside section-specific IQR limits
P024,"Laguna_Seca, Laguna_Seca",", McLaren 720S GT3","8/25/2023, ",Lap 3,123.277,Str 2-3,5.721676,0.25,0.09,0.19,0.25,0.07,0.0,0.25,0.14,0.15,0.1,0.07,0.02,12.41,4.96,11.83,11.0,3.36,0.0,0.0,0.0,0.0,0.0,0.0,79.0,101.9,94.3,79.0,100.9,7.3,0.0,0.0,0.0,0.0,0.0,0.0,-0.73,0.07,-0.25,-0.43,-0.56,0.18,-5.42,2.69,-0.99,-4.72,-4.2,2.25,0.0,59.0,37.0,45.0,0.0,18.0,7.1,7.1,7.1,7.1,7.1,0.0,0.0,0.67,0.0,0.67,0.0,0.09,0.0,0.73,0.25,0.43,0.56,0.12,0.18,1.4273725,0,1,0,Slow,150,985,0.0,0.0,0.0,0,0.0,0.0,4,65.0,11,-0.61111112,0.0,0.0,0.0,,2.943157499999999,4.576289500000001,SectorTime outside section-specific IQR limits
P024,"Laguna_Seca, Laguna_Seca",", McLaren 720S GT3","8/25/2023, ",Lap 4,114.227,Str 2-3,4.763855,0.47,0.12,0.47,0.35,0.12,0.01,0.39,0.26,0.21,0.18,0.12,0.0,19.4,4.57,19.4,10.24,3.94,0.0,3.0,0.0,0.0,3.0,0.0,89.3,129.5,114.0,89.3,126.2,13.8,0.0,0.0,0.0,0.0,0.0,0.0,-0.62,0.27,-0.22,-0.62,-0.5,0.21,-8.59,1.88,-1.62,-8.59,-5.69,2.57,0.0,82.0,57.0,54.0,0.0,29.0,6.38,6.38,6.38,6.38,6.38,0.0,0.0,0.02,0.0,0.02,0.0,0.08,0.0,0.62,0.23,0.62,0.5,-0.12,0.19,0.823718446,0,0,0,Slow,150,985,223.0,7.87,-505.3758776,223,0.0,0.0,7,80.0,9,1.333333333,0.0,0.0,0.0,,2.943157499999999,4.576289500000001,SectorTime outside section-specific IQR limits
P020,"Laguna_Seca, Laguna_Seca",", McLaren 720S GT3","8/24/2023, ",Lap 3,114.199,Str 2-3,7.737432,2.23,0.35,0.8,0.04,0.35,0.0,0.63,0.26,0.35,0.61,0.16,0.04,89.12,23.52,44.87,2.77,17.03,0.0,6.0,0.0,6.0,0.0,0.0,58.3,100.7,70.9,100.7,93.1,11.0,0.0,1.0,0.11,1.0,0.0,0.31,-2.46,9.58,-0.34,-2.36,-0.14,1.91,-37.37,32.48,-2.05,-22.44,0.71,12.14,0.0,100.0,34.0,0.0,100.0,25.0,9.09,9.9,9.81,9.09,9.9,0.18,0.02,1.48,0.73,1.48,0.25,0.19,0.0,2.46,0.8,2.36,0.14,-2.22,0.64,0.821850787,0,1,0,Slow,150,985,0.0,0.0,0.0,0,0.0,0.0,5,427.6666667,21,6.166666501,0.0,0.0,0.0,,2.943157499999999,4.576289500000001,SectorTime outside section-specific IQR limits
P015,"Laguna_Seca, Laguna_Seca",", McLaren 720S GT3","24/08/2023, ",Lap 3,109.679,Str 2-3,4.688,0.8,0.23,0.3,0.45,0.19,0.01,1.28,0.54,0.36,0.58,0.26,0.02,47.14,14.55,47.14,24.62,12.32,0.0,72.0,12.0,0.0,29.0,21.0,54.7,125.9,92.1,54.7,86.4,21.1,0.0,1.0,0.01,1.0,0.0,0.11,-2.15,0.14,-0.66,-2.15,-1.05,0.59,-13.68,19.61,3.06,-13.02,-13.68,7.1,6.0,94.0,67.0,84.0,13.0,30.0,7.96,8.0,8.0,7.96,8.0,0.0,0.02,2.19,0.06,2.19,0.02,0.16,0.0,2.15,0.67,2.15,1.05,-1.11,0.59,0.520357271,0,1,0,Slow,150,985,0.0,0.0,0.0,0,0.0,0.0,6,224.5,14,-1.055555573,14.66666667,0.6,0.3,,2.943157499999999,4.576289500000001,SectorTime outside section-specific IQR limits
P010,"Laguna_Seca, Laguna_Seca",", McLaren 720S GT3","24/08/2023, ",Lap 2,128.422,Str 2-3,5.318,0.76,0.23,0.67,0.47,0.19,0.0,0.78,0.18,0.19,0.27,0.15,0.07,36.54,10.63,35.72,25.23,8.76,0.0,44.0,3.0,0.0,0.0,10.0,90.1,108.9,102.3,90.1,102.2,4.7,0.0,0.0,0.0,0.0,0.0,0.0,-1.64,0.3,-0.47,-1.64,-1.43,0.46,-16.22,9.37,-0.7,-15.54,-10.19,6.19,0.0,83.0,46.0,67.0,77.0,23.0,8.13,8.13,8.13,8.13,8.13,0.0,0.0,0.53,0.0,0.53,0.0,0.14,0.0,1.64,0.5,1.64,1.43,-0.21,0.43,1.770554832,0,1,0,Slow,150,985,0.0,0.0,0.0,0,0.0,0.0,6,153.5,7,1.666666667,0.0,0.0,0.0,,2.943157499999999,4.576289500000001,SectorTime outside section-specific IQR limits
P009,"Laguna_Seca, Laguna_Seca",", McLaren 720S GT3","24/08/2023, ",Lap 2,127.352,Str 2-3,6.595,1.19,0.49,0.87,0.05,0.43,0.01,0.95,0.49,0.94,0.46,0.24,0.04,132.71,39.78,24.48,2.46,42.45,0.0,100.0,24.0,78.0,0.0,37.0,55.3,121.8,85.2,95.6,121.8,18.1,0.0,1.0,0.39,0.0,0.0,0.49,-6.55,0.1,-1.87,-0.35,-0.16,2.06,-37.45,2.29,-12.22,-9.95,0.75,12.41,13.0,100.0,82.0,15.0,99.0,32.0,3.85,6.43,5.79,3.85,6.43,0.9,0.0,2.58,1.93,0.29,0.03,0.9,0.0,6.55,1.87,0.35,0.16,-0.19,2.06,1.699183579,0,1,0,Slow,150,985,0.0,0.0,0.0,0,0.0,0.0,2,296.1666667,12,0.055555789,25.77090909,0.96,0.48,,2.943157499999999,4.576289500000001,SectorTime outside section-specific IQR limits
P005,"Laguna_Seca, Laguna_Seca",", McLaren 720S GT3","24/08/2023, ",Lap 2,131.769,Str 2-3,4.926,1.83,0.57,0.75,1.03,0.31,0.0,1.14,0.44,0.17,0.97,0.23,0.46,209.9,40.53,209.48,32.78,54.42,0.0,70.0,3.0,0.0,70.0,12.0,86.2,146.8,112.4,91.1,135.8,21.1,0.0,1.0,0.21,1.0,0.0,0.41,-16.47,3.36,-2.43,-16.47,-1.91,4.41,-26.13,20.3,-0.46,-21.28,-19.9,12.76,0.0,99.0,86.0,85.0,0.0,25.0,9.37,10.4,10.28,9.37,10.4,0.25,0.0,1.8,0.92,1.8,0.0,0.28,0.0,16.47,2.58,16.47,1.91,-14.55,4.29,1.993806779,0,1,0,Slow,150,985,0.0,0.0,0.0,0,0.0,0.0,2,359.5,7,23.72222224,0.0,0.0,0.0,,2.943157499999999,4.576289500000001,SectorTime outside section-specific IQR limits
P005,"Laguna_Seca, Laguna_Seca",", McLaren 720S GT3","24/08/2023, ",Lap 3,111.009,Str 2-3,5.077,1.14,0.5,0.73,0.49,0.3,0.0,0.55,0.3,0.05,0.26,0.15,0.09,219.77,54.39,219.77,16.26,70.95,0.0,0.0,0.0,0.0,0.0,0.0,89.3,138.0,107.3,93.7,138.0,15.9,0.0,1.0,0.33,1.0,0.0,0.47,-18.27,3.62,-3.7,-18.27,-1.08,6.06,-29.65,30.14,-1.35,-23.15,-7.01,13.44,73.0,98.0,85.0,74.0,77.0,7.0,10.26,11.93,11.63,10.26,11.93,0.48,0.02,1.68,1.39,1.62,1.63,0.48,0.0,18.27,3.84,18.27,1.08,-17.19,5.95,0.609071071,0,1,0,Slow,150,985,0.0,0.0,0.0,0,0.0,0.0,3,368.5,13,30.11111104,0.0,0.0,0.0,,2.943157499999999,4.576289500000001,SectorTime outside section-specific IQR limits
P003,"Laguna_Seca, Laguna_Seca",", McLaren 720S GT3","24/08/2023, ",Lap 2,118.962,Str 2-3,7.329,1.72,0.43,1.19,0.19,0.42,0.0,0.68,0.4,0.68,0.24,0.2,0.11,104.72,32.32,78.53,4.15,28.99,0.0,11.0,0.0,7.0,11.0,2.0,53.3,124.7,77.4,83.6,123.3,22.4,0.0,1.0,0.15,1.0,0.0,0.36,-4.7,0.17,-1.2,-4.0,-0.16,1.14,-44.21,17.56,-3.8,-35.0,-3.18,16.27,0.0,100.0,65.0,0.0,15.0,40.0,5.69,6.77,6.62,5.69,6.77,0.23,0.02,1.08,0.93,0.85,0.0,0.24,0.0,4.7,1.2,4.0,0.16,-3.84,1.14,1.139552915,0,1,0,Slow,150,985,0.0,0.0,0.0,0,0.0,0.0,2,340.5,17,4.80555528,0.0,0.0,0.0,,2.943157499999999,4.576289500000001,SectorTime outside section-specific IQR limits
P002,"Laguna_Seca, Laguna_Seca",", McLaren 720S GT3","24/08/2023, ",Lap 2,118.962,Str 2-3,7.329,1.72,0.43,1.19,0.19,0.42,0.0,0.68,0.4,0.68,0.24,0.2,0.11,104.72,32.32,78.53,4.15,28.99,0.0,11.0,0.0,7.0,11.0,2.0,53.3,124.7,77.4,83.6,123.3,22.4,0.0,1.0,0.15,1.0,0.0,0.36,-4.7,0.17,-1.2,-4.0,-0.16,1.14,-44.21,17.56,-3.8,-35.0,-3.18,16.27,0.0,100.0,65.0,0.0,15.0,40.0,5.69,6.77,6.62,5.69,6.77,0.23,0.02,1.08,0.93,0.85,0.0,0.24,0.0,4.7,1.2,4.0,0.16,-3.84,1.14,1.139552915,0,1,0,Slow,150,985,0.0,0.0,0.0,0,0.0,0.0,2,340.5,17,4.80555528,0.0,0.0,0.0,,2.943157499999999,4.576289500000001,SectorTime outside section-specific IQR limits
P001,"Laguna_Seca, Laguna_Seca",", McLaren 720S GT3","24/08/2023, ",Lap 2,97.162,Str 2-3,4.991,1.9,0.37,0.84,0.39,0.32,0.02,1.23,0.4,0.22,1.12,0.25,0.0,28.65,11.0,27.99,16.67,7.44,0.0,65.0,4.0,0.0,63.0,13.0,89.1,140.2,109.0,98.5,128.8,17.4,0.0,1.0,0.04,0.0,0.0,0.2,-1.39,3.03,-0.22,-1.01,-0.97,0.83,-17.73,11.04,-1.3,-14.52,-6.89,7.36,0.0,100.0,74.0,0.0,0.0,37.0,6.68,6.88,6.87,6.68,6.88,0.05,0.0,1.0,0.19,1.0,0.05,0.09,0.0,1.39,0.44,1.01,0.97,-0.03,0.41,-0.314552982,0,1,1,Fast,150,985,0.0,0.0,0.0,0,0.0,0.0,6,209.0,11,-0.777777761,0.0,0.0,0.0,,2.943157499999999,4.576289500000001,SectorTime outside section-specific IQR limits
P001,"Laguna_Seca, Laguna_Seca",", McLaren 720S GT3","24/08/2023, ",Lap 3,105.102,Str 2-3,8.134,0.56,0.16,0.28,0.56,0.12,0.03,1.26,0.57,0.9,1.26,0.19,0.07,151.41,46.79,13.93,22.24,56.74,0.0,100.0,8.0,100.0,70.0,25.0,0.0,140.5,66.9,12.5,134.7,46.2,0.0,0.0,0.0,0.0,0.0,0.0,-1.29,0.13,-0.21,0.0,-1.29,0.3,-9.59,24.4,5.26,21.43,-9.59,9.25,0.0,100.0,88.0,0.0,0.0,30.0,7.47,7.47,7.47,7.47,7.47,0.0,0.0,1.57,0.0,1.57,0.0,0.12,0.0,1.29,0.22,0.0,1.29,1.29,0.29,0.215061734,0,1,0,Slow,150,985,0.0,0.0,0.0,0,0.0,0.0,3,220.1639194,11,-16.96250494,0.0,0.0,0.0,,2.943157499999999,4.576289500000001,SectorTime outside section-specific IQR limits
P001,"Laguna_Seca, Laguna_Seca",", McLaren 720S GT3","24/08/2023, ",Lap 7,102.099,Str 2-3,4.707,0.32,0.12,0.18,0.32,0.05,0.06,1.19,0.59,0.75,1.19,0.18,0.0,20.21,6.2,20.21,12.49,4.97,0.0,65.0,1.0,0.0,65.0,7.0,62.2,154.9,115.5,62.2,151.8,27.0,0.0,0.0,0.0,0.0,0.0,0.0,-0.98,0.3,-0.31,-0.98,-0.87,0.26,-7.59,6.26,-0.26,6.26,-7.59,3.13,0.0,100.0,97.0,100.0,0.0,14.0,8.17,8.17,8.17,8.17,8.17,0.0,0.0,1.37,0.0,1.37,0.0,0.14,0.0,0.98,0.32,0.98,0.87,-0.1,0.24,0.014755312,0,1,1,Fast,150,985,0.0,0.0,0.0,0,0.0,0.0,1,70.33333333,10,-5.499999975,0.0,0.0,0.0,,2.943157499999999,4.576289500000001,SectorTime outside section-specific IQR limits
P108,"Laguna_Seca, Laguna_Seca",", McLaren 720S GT3","24/08/2024, ",Lap 8,104.427,Str 3-4,19.613,0.0,100.0,16.0,63.0,0.0,31.0,0.0,178.7,71.4,91.8,136.0,56.5,-0.7,15.85,0.88,6.37,-0.61,3.28,-37.27,137.04,-0.19,-18.03,9.5,28.54,0.0,100.0,61.0,8.0,7.0,41.0,8.0,0.33,0.89,0.68,0.53,0.0,19.24,0.5,0.47,0.19,0.99,0.0,202.73,52.8,44.82,13.64,65.36,0.0,1.0,0.09,1.0,0.0,0.29,9.62,11.38,11.3,9.62,11.38,0.3,0.02,1.77,1.69,1.33,1.67,0.29,0.0,0.7,0.1,0.0,0.61,0.61,0.17,0.170037813,0,1,0,Slow,386,1471,20.0,0.86,-804.5851698,20,202.5688889,36.028,8,982.8980464,36,4.335876803,12.35,0.29,0.14,,-4.6067568749999985,15.840054124999998,SectorTime outside section-specific IQR limits
P105,"Laguna_Seca, Laguna_Seca",", McLaren 720S GT3","24/08/2024, ",Lap 12,106.58,Str 3-4,17.648,0.0,58.0,6.0,0.0,27.0,14.0,0.0,178.3,79.2,117.4,131.7,60.9,-1.55,21.45,1.17,12.0,-1.06,4.9,-95.02,51.67,0.47,-80.16,21.69,20.93,0.0,100.0,67.0,100.0,0.0,39.0,3.24,0.4,1.96,1.01,0.54,0.0,1.88,0.44,0.22,0.64,0.27,0.0,240.0,75.48,107.56,24.43,83.35,0.0,1.0,0.08,1.0,0.0,0.27,7.23,8.62,8.56,7.23,8.62,0.22,0.02,1.4,1.34,0.31,0.54,0.22,0.0,1.55,0.22,0.0,1.06,1.06,0.33,0.313647446,0,1,0,Slow,386,1471,162.0,4.92,-1143.95901,162,240.0,34.67,6,709.5212766,23,-0.681222538,7.75,0.16,0.08,,-4.6067568749999985,15.840054124999998,SectorTime outside section-specific IQR limits
P103,"Laguna_Seca, Laguna_Seca",", McLaren 720S GT3","24/08/2024, ",Lap 11,117.62,Str 3-4,19.552,0.0,71.0,13.0,0.0,48.0,24.0,0.0,179.7,72.6,129.0,143.7,60.4,-2.59,14.52,1.2,0.39,-0.46,3.76,-126.05,37.87,-1.21,-52.86,7.23,23.62,0.0,100.0,66.0,100.0,0.0,46.0,3.29,0.39,0.58,0.55,0.49,0.0,32.75,0.56,0.09,1.01,1.67,0.04,240.0,81.96,12.31,10.36,85.53,0.0,1.0,0.14,0.0,0.0,0.35,9.92,12.75,12.45,9.92,12.75,0.58,0.0,2.83,2.54,0.47,1.02,0.57,0.0,2.59,0.2,0.0,0.46,0.46,0.38,1.05003869,0,1,0,Slow,386,1471,260.0,10.91,-1104.416933,260,240.0,36.16,6,1222.466667,30,1.943866943,11.1547619,0.48,0.25,,-4.6067568749999985,15.840054124999998,SectorTime outside section-specific IQR limits
P045,"Laguna_Seca, Laguna_Seca",", McLaren 720S GT3","8/26/2023, ",Lap 5,114.897,Str 3-4,24.682647,2.04,0.32,1.19,0.37,0.38,0.0,37.6,0.35,0.3,0.43,1.71,0.0,240.0,96.62,108.83,5.89,96.61,0.0,51.0,1.0,0.0,10.0,7.0,0.0,150.7,57.2,123.1,117.0,49.0,0.0,1.0,0.16,1.0,0.0,0.37,-6.46,25.27,1.54,11.31,-0.15,5.2,-64.56,106.14,-0.07,-13.05,4.68,26.04,0.0,100.0,39.0,100.0,0.0,43.0,11.43,15.35,14.66,11.43,15.35,0.79,0.02,3.93,3.24,0.03,0.18,0.79,0.0,6.46,0.14,0.0,0.15,0.15,0.53,0.868408857,0,0,0,Slow,386,1471,0.0,0.0,0.0,0,240.0,33.193,18,2589.122222,47,-19.41587246,0.0,0.0,0.0,,-4.6067568749999985,15.840054124999998,SectorTime outside section-specific IQR limits
P005,"Laguna_Seca, Laguna_Seca",", McLaren 720S GT3","24/08/2023, ",Lap 3,111.009,Str 3-4,16.509,3.6,0.42,1.17,0.7,0.47,0.0,4.41,0.37,0.11,1.29,0.37,0.0,240.0,76.07,169.5,20.46,97.43,0.0,100.0,5.0,0.0,100.0,21.0,27.5,165.7,85.0,90.3,124.6,44.6,0.0,1.0,0.17,1.0,0.0,0.38,-19.43,25.01,-0.18,18.56,-0.96,7.11,-78.95,218.21,0.48,-30.11,13.8,38.15,0.0,100.0,74.0,79.0,0.0,32.0,13.15,15.92,15.68,13.15,15.92,0.62,0.02,2.78,2.54,0.35,2.03,0.62,0.0,19.43,1.57,0.0,0.96,0.96,4.22,0.609071071,0,1,0,Slow,386,1471,314.0,13.84,-348.9766036,314,240.0,34.025,9,1008.866667,27,-7.06482848,0.0,0.0,0.0,,-4.6067568749999985,15.840054124999998,SectorTime outside section-specific IQR limits
P133,"Laguna_Seca, Laguna_Seca",", McLaren 720S GT3","20/10/2024, ",Lap 9,102.214,Str 4-5,18.139,0.0,34.0,1.0,0.0,0.0,5.0,0.0,147.2,60.7,116.4,147.2,44.9,-5.26,26.04,3.6,-1.28,-0.35,8.16,-98.22,156.91,0.16,25.66,0.34,43.8,0.0,100.0,66.0,100.0,91.0,42.0,2.63,0.48,0.96,0.04,0.44,0.0,0.99,0.33,0.0,0.38,0.25,0.0,240.0,113.55,33.99,2.08,99.34,0.0,1.0,0.26,0.0,0.0,0.44,13.83,18.48,17.66,13.83,18.48,1.21,0.0,4.65,3.83,0.93,4.2,1.2,0.0,5.26,0.25,1.28,0.35,-0.93,0.67,0.022426054,0,1,1,Fast,301,1894,208.0,10.57,-856.7502471,208,240.0,43.114,7,1515.665657,27,15.97788814,0.0,0.0,0.0,,0.254134999999998,10.907119000000002,SectorTime outside section-specific IQR limits
P127,"Laguna_Seca, Laguna_Seca",", McLaren 720S GT3","19/10/2024, ",Lap 12,94.83,Str 4-5,13.163,0.0,56.0,8.0,0.0,0.0,18.0,24.5,144.8,82.7,122.3,144.7,36.3,-8.36,20.89,2.98,-8.36,-2.6,6.57,-84.56,203.39,1.09,15.6,19.74,36.52,0.0,100.0,72.0,73.0,99.0,38.0,5.59,0.6,0.69,1.15,0.66,0.0,6.93,0.42,0.07,0.16,0.57,0.04,198.14,73.01,102.96,37.94,63.41,0.0,1.0,0.38,1.0,1.0,0.48,14.06,18.99,17.57,14.06,18.99,1.37,0.02,4.93,3.52,0.7,2.19,1.36,0.0,8.36,0.51,8.36,2.6,-5.76,1.24,-0.470102292,0,1,1,Fast,301,1894,178.0,5.46,-1172.878959,178,197.24,43.36,10,1996.285714,29,5.361493244,2.583333333,0.13,0.07,,0.254134999999998,10.907119000000002,SectorTime outside section-specific IQR limits
P117,"Laguna_Seca, Laguna_Seca",", McLaren 720S GT3","19/10/2024, ",Lap 6,103.194,Str 4-5,13.962,0.0,34.0,1.0,0.0,22.0,4.0,27.6,174.1,79.4,31.2,167.5,52.2,-1.29,0.13,-0.2,0.0,-0.76,0.33,-46.83,16.36,-13.05,-45.91,15.85,21.74,0.0,100.0,69.0,45.0,0.0,43.0,0.89,0.3,0.68,0.89,0.25,0.0,0.85,0.39,0.48,0.64,0.22,0.02,240.0,88.07,240.0,16.24,108.26,0.0,0.0,0.0,0.0,0.0,0.0,13.52,13.52,13.52,13.52,13.52,0.0,0.0,0.0,0.0,0.0,0.0,0.0,0.0,1.29,0.2,0.0,0.76,0.76,0.33,0.087794117,0,0,1,Fast,301,1894,0.0,0.0,0.0,0,0.0,0.0,7,365.5,15,8.604651106,0.0,0.0,0.0,,0.254134999999998,10.907119000000002,SectorTime outside section-specific IQR limits
P095,"Laguna_Seca, Laguna_Seca",", McLaren 720S GT3","24/08/2024, ",Lap 7,115.039,Str 4-5,12.351,0.0,0.0,0.0,0.0,0.0,0.0,58.2,157.7,89.6,73.9,156.2,34.1,-8.2,12.25,0.36,12.25,-0.07,4.06,-60.02,41.27,-0.64,40.98,-0.72,15.37,0.0,100.0,83.0,58.0,0.0,25.0,4.73,0.39,1.79,0.03,0.51,0.0,0.84,0.26,0.12,0.21,0.23,0.04,119.07,29.26,63.68,0.22,34.59,0.0,1.0,0.29,1.0,0.0,0.46,10.41,14.02,13.47,10.41,14.02,1.0,0.02,3.62,3.07,1.27,1.86,1.0,0.0,8.2,0.93,0.0,0.07,0.07,1.67,0.877880556,0,1,0,Slow,301,1894,352.0,14.41,-771.9626296,352,118.0833333,57.303,5,373.8333333,26,2.436323502,0.0,0.0,0.0,,0.254134999999998,10.907119000000002,SectorTime outside section-specific IQR limits
P095,"Laguna_Seca, Laguna_Seca",", McLaren 720S GT3","24/08/2024, ",Lap 8,118.009,Str 4-5,22.752,0.0,57.0,5.0,0.0,52.0,14.0,0.0,167.1,48.5,21.5,150.6,54.6,-0.62,0.37,-0.05,0.0,-0.58,0.13,-199.57,8.51,-10.62,-179.81,8.51,29.14,0.0,100.0,51.0,96.0,32.0,41.0,0.71,0.11,0.49,0.42,0.14,0.0,1.9,0.35,0.47,0.99,0.27,0.02,240.0,77.35,88.8,10.77,72.62,0.0,0.0,0.0,0.0,0.0,0.0,8.68,8.68,8.68,8.68,8.68,0.0,0.0,1.51,0.0,1.51,0.0,0.07,0.0,0.62,0.06,0.0,0.58,0.58,0.13,1.075985809,0,1,0,Slow,301,1894,247.0,13.66,-889.5166036,247,239.83,58.054,8,895.0489899,21,7.597912079,0.0,0.0,0.0,,0.254134999999998,10.907119000000002,SectorTime outside section-specific IQR limits
P093,"Laguna_Seca, Laguna_Seca",", McLaren 720S GT3","24/08/2024, ",Lap 7,108.129,Str 4-5,22.498,0.0,100.0,17.0,0.0,0.0,36.0,0.0,152.7,48.8,85.5,129.6,44.7,-2.44,25.1,0.82,8.79,0.38,4.46,-37.59,90.49,-0.46,53.53,-1.38,24.86,0.0,100.0,47.0,46.0,28.0,37.0,3.91,0.29,1.0,0.27,0.37,0.0,1.57,0.35,0.02,0.01,0.3,0.02,226.59,94.33,61.97,2.33,80.5,0.0,1.0,0.06,1.0,0.0,0.24,11.96,13.35,13.14,11.96,13.35,0.17,0.02,2.23,1.19,2.23,0.98,0.19,0.0,2.44,0.21,0.0,0.0,0.0,0.47,0.416969007,0,1,0,Slow,301,1894,235.0,15.16,-726.9634761,235,224.4542857,51.584,10,1501.834962,33,-5.034639858,0.0,0.0,0.0,,0.254134999999998,10.907119000000002,SectorTime outside section-specific IQR limits
P084,"Laguna_Seca, Laguna_Seca",", McLaren 720S GT3","8/27/2023, ",Lap 6,110.417,Str 4-5,11.437729,0.24,0.07,0.02,0.2,0.05,0.03,0.86,0.36,0.26,0.17,0.18,0.0,25.82,5.66,15.16,11.79,5.92,0.0,0.0,0.0,0.0,0.0,0.0,23.2,151.4,95.6,23.2,135.2,45.0,0.0,0.0,0.0,0.0,0.0,0.0,-0.8,0.11,-0.16,0.0,-0.8,0.21,-10.22,4.32,-0.51,1.88,4.32,2.45,0.0,95.0,65.0,69.0,0.0,36.0,11.48,11.48,11.48,11.48,11.48,0.0,0.0,1.24,0.0,1.24,0.0,0.09,0.0,0.8,0.16,0.0,0.8,0.8,0.2,0.569583425,0,0,0,Slow,301,1894,225.0,11.13,-756.4669893,225,0.0,0.0,10,174.0095238,31,1.116516346,0.0,0.0,0.0,,0.254134999999998,10.907119000000002,SectorTime outside section-specific IQR limits
P064,"Laguna_Seca, Laguna_Seca",", McLaren 720S GT3","8/26/2023, ",Lap 2,123.307,Str 4-5,12.995717,1.35,0.21,0.06,1.26,0.24,0.01,0.78,0.48,0.33,0.51,0.18,0.0,52.93,11.7,14.56,50.58,10.85,0.0,31.0,2.0,0.0,23.0,7.0,37.1,174.2,116.0,37.1,150.8,45.2,0.0,1.0,0.05,0.0,1.0,0.21,-3.84,2.12,-0.38,0.0,-3.38,0.72,-11.77,31.46,3.56,2.76,31.46,5.78,0.0,100.0,83.0,78.0,0.0,33.0,12.95,13.39,12.98,12.95,13.39,0.08,0.0,0.71,0.03,0.71,0.19,0.11,0.0,3.84,0.42,0.0,3.38,3.38,0.64,1.429373563,0,1,0,Slow,301,1894,266.0,11.32,-248.9820909,266,0.0,0.0,12,448.45,33,4.939091926,0.0,0.0,0.0,,0.254134999999998,10.907119000000002,SectorTime outside section-specific IQR limits
P058,"Laguna_Seca, Laguna_Seca",", McLaren 720S GT3","8/26/2023, ",Lap 5,107.167,Str 4-5,11.93836,2.92,0.46,0.96,0.26,0.54,0.0,0.86,0.29,0.19,0.25,0.19,0.04,197.45,36.42,48.26,11.87,52.29,0.0,16.0,1.0,0.0,6.0,2.0,48.6,140.4,91.3,105.4,138.0,25.9,0.0,1.0,0.31,1.0,0.0,0.46,-11.43,20.35,1.24,-2.34,-0.73,5.92,-73.25,234.83,1.29,22.89,5.9,33.05,0.0,100.0,78.0,74.0,0.0,39.0,9.02,12.7,12.01,9.02,12.7,1.13,0.02,3.68,3.0,1.39,0.0,1.12,0.0,11.43,0.9,2.34,0.73,-1.61,2.1,0.352801582,0,0,0,Slow,301,1894,121.0,4.26,-584.5245636,121,195.585,46.819,13,851.0,59,-8.001107371,0.0,0.0,0.0,,0.254134999999998,10.907119000000002,SectorTime outside section-specific IQR limits
P028,"Laguna_Seca, Laguna_Seca",", McLaren 720S GT3","8/25/2023, ",Lap 1,129.919,Str 4-5,10.923771,2.56,0.22,0.2,0.58,0.26,0.0,2.62,0.25,0.43,0.13,0.23,0.02,240.0,146.48,240.0,17.17,101.51,0.0,97.0,4.0,0.0,0.0,16.0,0.0,143.8,37.0,20.0,142.4,39.1,0.0,0.0,0.0,0.0,0.0,0.0,-1.36,0.02,-0.09,0.0,-0.88,0.24,-170.36,107.75,4.53,-27.61,10.79,35.65,0.0,100.0,49.0,86.0,11.0,35.0,12.08,12.08,12.08,12.08,12.08,0.0,0.0,1.2,0.0,1.2,0.0,0.09,0.0,1.36,0.09,0.0,0.88,0.88,0.24,1.870407884,0,0,0,Slow,301,1894,0.0,0.0,0.0,0,240.0,65.331,5,1411.165909,21,-4.65754599,0.0,0.0,0.0,,0.254134999999998,10.907119000000002,SectorTime outside section-specific IQR limits
P127,"Laguna_Seca, Laguna_Seca",", McLaren 720S GT3","19/10/2024, ",Lap 5,102.409,Str 5-6,20.576,0.0,54.0,8.0,54.0,36.0,16.0,0.0,173.0,76.1,57.7,108.3,54.9,-2.29,9.39,0.01,8.23,-2.29,0.85,-30.98,74.21,12.35,50.02,15.24,22.29,0.0,100.0,62.0,59.0,0.0,38.0,1.5,0.36,1.43,0.45,0.39,0.0,0.9,0.41,0.21,0.78,0.23,0.0,240.0,80.22,0.18,34.9,104.66,0.0,1.0,0.02,1.0,1.0,0.12,19.16,19.45,19.38,19.16,19.45,0.02,0.02,1.77,0.23,1.77,0.29,0.09,0.0,2.29,0.1,0.0,2.29,2.29,0.24,0.035432965,0,0,1,Fast,427,2426,324.0,17.46,-544.1436721,324,240.0,55.619,14,849.0153846,29,-2.019149981,59.83333333,1.44,0.76,,-6.675623124999999,19.836173875,SectorTime outside section-specific IQR limits
P126,"Laguna_Seca, Laguna_Seca",", McLaren 720S GT3","19/10/2024, ",Lap 2,119.639,Str 5-6,22.529,0.0,100.0,6.0,45.0,100.0,19.0,0.1,178.5,70.4,91.8,141.1,56.1,-2.05,30.32,1.08,26.62,-0.79,5.64,-15.8,64.7,13.71,58.93,5.03,20.63,0.0,100.0,71.0,0.0,0.0,42.0,3.03,0.35,2.19,0.15,0.48,0.0,1.42,0.37,0.21,1.37,0.26,0.0,240.0,107.23,240.0,11.21,110.02,0.0,1.0,0.05,1.0,0.0,0.22,13.81,14.88,14.77,13.81,14.88,0.12,0.02,1.08,0.97,0.53,0.55,0.12,0.0,2.05,0.1,0.0,0.79,0.79,0.3,1.18471024,0,1,0,Slow,427,2426,335.0,14.6,-248.2717332,335,240.0,61.554,10,857.6,26,3.421852246,0.0,0.04,0.02,,-6.675623124999999,19.836173875,SectorTime outside section-specific IQR limits
P119,"Laguna_Seca, Laguna_Seca",", McLaren 720S GT3","19/10/2024, ",Lap 2,125.534,Str 5-6,23.154,0.0,100.0,14.0,70.0,0.0,28.0,0.0,175.5,68.5,25.3,67.3,59.4,-6.15,0.46,-0.46,0.0,-2.76,1.21,-38.44,51.0,-0.69,-12.52,43.78,14.94,0.0,100.0,62.0,7.0,24.0,42.0,1.89,0.23,0.75,1.14,0.38,0.0,1.66,0.44,0.27,0.05,0.32,0.0,240.0,51.87,89.72,83.51,73.69,0.0,1.0,0.07,0.0,1.0,0.26,15.57,17.27,15.63,15.57,17.27,0.26,0.0,3.03,0.07,3.03,1.3,0.27,0.0,6.15,0.47,0.0,2.76,2.76,1.21,1.577919152,0,1,0,Slow,427,2426,303.0,13.77,-288.1497359,303,240.0,56.791,9,927.0467405,31,4.556887752,6.158249158,0.26,0.14,,-6.675623124999999,19.836173875,SectorTime outside section-specific IQR limits
P116,"Laguna_Seca, Laguna_Seca",", McLaren 720S GT3","19/10/2024, ",Lap 2,113.184,Str 5-6,25.869,0.0,100.0,9.0,0.0,51.0,22.0,0.1,162.5,60.2,21.4,78.2,48.9,-2.74,0.49,-0.21,0.0,-2.51,0.44,-111.64,71.05,-1.55,-12.55,28.51,28.17,0.0,100.0,56.0,99.0,0.0,35.0,1.3,0.28,0.16,0.98,0.25,0.0,1.64,0.38,0.44,0.87,0.28,0.02,205.76,73.4,112.68,63.39,73.71,0.0,1.0,0.01,0.0,1.0,0.12,16.52,16.87,16.52,16.52,16.87,0.02,0.0,0.35,0.0,0.0,0.23,0.02,0.0,2.74,0.22,0.0,2.51,2.51,0.43,0.75414815,0,1,0,Slow,427,2426,294.0,16.19,-421.5994713,294,204.82875,61.654,10,1214.226335,41,5.241934154,0.0,0.0,0.0,,-6.675623124999999,19.836173875,SectorTime outside section-specific IQR limits
P109,"Laguna_Seca, Laguna_Seca",", McLaren 720S GT3","25/08/2024, ",Lap 11,126.05,Str 5-6,38.845,0.0,77.0,6.0,0.0,23.0,15.0,0.0,140.0,41.0,105.1,116.5,39.5,-5.7,15.04,0.11,15.04,0.02,2.15,-145.04,65.92,-10.15,-0.7,0.67,30.72,0.0,100.0,45.0,0.0,63.0,39.0,3.59,0.38,1.25,0.0,0.45,0.0,7.32,0.3,0.12,0.46,0.39,0.04,240.0,99.7,142.45,1.92,90.17,0.0,1.0,0.12,1.0,0.0,0.32,15.95,20.5,18.1,15.95,20.5,0.94,0.02,4.55,2.15,1.17,0.78,0.94,0.0,5.7,0.3,0.0,0.0,0.0,0.8,1.612337438,0,1,0,Slow,427,2426,12.0,3.63,-1140.819515,12,240.0,69.55,20,3527.401451,34,2.789518732,0.0,0.0,0.0,,-6.675623124999999,19.836173875,SectorTime outside section-specific IQR limits
P104,"Laguna_Seca, Laguna_Seca",", McLaren 720S GT3","24/08/2024, ",Lap 7,114.834,Str 5-6,28.571,0.0,92.0,9.0,0.0,82.0,21.0,0.0,178.8,54.2,68.6,99.4,61.0,-2.56,21.53,0.26,20.15,-1.91,2.76,-28.61,63.89,-1.7,-5.74,18.51,12.35,0.0,100.0,44.0,0.0,0.0,40.0,5.32,0.21,0.86,0.88,0.37,0.0,48.14,0.42,0.07,1.13,2.03,0.0,219.93,74.91,183.53,41.44,69.62,0.0,1.0,0.04,1.0,0.0,0.19,13.94,14.93,14.53,13.94,14.93,0.1,0.02,1.13,0.6,1.13,0.15,0.11,0.0,2.56,0.17,0.0,1.91,1.91,0.35,0.864206624,0,1,0,Slow,427,2426,307.0,14.68,-780.3940598,307,217.2845,67.171,12,1216.464436,33,7.126403768,6.393808777,0.33,0.16,,-6.675623124999999,19.836173875,SectorTime outside section-specific IQR limits
P104,"Laguna_Seca, Laguna_Seca",", McLaren 720S GT3","24/08/2024, ",Lap 10,114.79,Str 5-6,25.734,0.0,100.0,11.0,0.0,93.0,23.0,0.0,169.7,60.5,103.9,123.3,58.2,-1.54,27.78,0.75,4.05,-1.53,3.58,-33.99,60.6,-0.2,19.6,13.76,16.96,0.0,100.0,48.0,51.0,0.0,40.0,1.92,0.28,1.35,0.83,0.41,0.0,1.55,0.32,0.07,1.16,0.25,0.02,240.0,74.34,19.96,28.96,81.62,0.0,1.0,0.08,1.0,0.0,0.27,14.03,16.02,15.94,14.03,16.02,0.31,0.02,1.97,1.89,0.0,1.84,0.3,0.0,1.54,0.16,0.0,1.53,1.53,0.32,0.861271731,0,1,0,Slow,427,2426,280.0,14.21,-1081.974628,280,240.0,63.22,9,1324.555556,25,-2.499877005,3.0,0.0,0.0,,-6.675623124999999,19.836173875,SectorTime outside section-specific IQR limits
P098,"Laguna_Seca, Laguna_Seca",", McLaren 720S GT3","24/08/2024, ",Lap 8,124.446,Str 5-6,20.522,0.0,100.0,9.0,0.0,0.0,24.0,0.0,186.9,77.6,124.0,25.8,69.3,-4.94,32.87,1.87,-0.76,0.0,6.86,-193.97,25.67,-11.13,10.78,-23.2,30.29,0.0,100.0,53.0,100.0,63.0,43.0,3.99,0.33,0.75,0.3,0.54,0.0,19.16,0.35,0.27,0.14,0.98,0.0,240.0,98.87,17.76,151.71,94.18,0.0,1.0,0.15,0.0,0.0,0.35,19.62,22.63,21.34,19.62,22.63,1.41,0.0,3.02,1.73,0.06,2.09,1.41,0.0,4.94,0.25,0.76,0.0,-0.76,0.75,1.505347261,0,1,0,Slow,427,2426,369.0,9.57,-966.8322281,369,240.0,68.196,6,1593.614719,18,8.671678602,0.0,0.0,0.0,,-6.675623124999999,19.836173875,SectorTime outside section-specific IQR limits
P096,"Laguna_Seca, Laguna_Seca",", McLaren 720S GT3","24/08/2024, ",Lap 3,114.894,Str 5-6,21.947,0.0,72.0,11.0,0.0,72.0,21.0,0.0,182.8,71.1,72.4,134.2,64.3,-1.76,24.04,0.71,20.83,-1.59,4.26,-23.6,69.34,-1.76,41.16,14.47,12.07,0.0,100.0,60.0,0.0,0.0,41.0,1.97,0.21,1.47,0.79,0.3,0.0,22.8,0.46,0.04,1.23,1.1,0.0,190.67,70.27,174.7,25.76,74.2,0.0,1.0,0.04,1.0,0.0,0.21,18.94,19.9,19.88,18.94,19.9,0.12,0.02,1.75,0.95,1.75,0.68,0.13,0.0,1.76,0.18,0.0,1.59,1.59,0.33,0.86820875,0,1,0,Slow,427,2426,5.823529412,0.1,-423.9062659,5,190.1320833,59.422,9,1071.41225,27,7.933336398,8.0,0.25,0.13,,-6.675623124999999,19.836173875,SectorTime outside section-specific IQR limits
P095,"Laguna_Seca, Laguna_Seca",", McLaren 720S GT3","24/08/2024, ",Lap 6,115.544,Str 5-6,22.762,0.0,95.0,18.0,0.0,95.0,28.0,0.0,174.0,69.2,97.8,106.5,59.2,-2.3,15.17,0.44,8.17,-2.3,2.42,-32.89,56.75,-0.73,28.44,21.51,16.24,0.0,100.0,60.0,100.0,0.0,46.0,1.95,0.3,1.56,0.9,0.36,0.0,4.28,0.42,0.03,1.0,0.33,0.0,183.2,44.66,55.85,42.09,48.43,0.0,1.0,0.09,1.0,1.0,0.28,12.22,14.21,13.8,12.22,14.21,0.25,0.02,2.47,1.59,2.47,0.31,0.25,0.0,2.3,0.23,0.0,2.3,2.3,0.4,0.911565119,0,0,0,Slow,427,2426,0.0,0.0,0.0,0,182.862,64.417,7,866.9538226,36,6.038055768,7.5,0.14,0.06,,-6.675623124999999,19.836173875,SectorTime outside section-specific IQR limits
P094,"Laguna_Seca, Laguna_Seca",", McLaren 720S GT3","24/08/2024, ",Lap 2,117.809,Str 5-6,22.799,0.0,61.0,3.0,0.0,57.0,10.0,0.0,144.0,69.4,92.3,100.9,46.1,-4.03,27.38,1.12,-4.03,-1.29,5.4,-68.96,54.29,0.54,-63.44,9.8,26.26,0.0,79.0,48.0,7.0,0.0,29.0,1.76,0.36,0.66,0.51,0.36,0.0,1.15,0.31,0.19,1.13,0.2,0.02,240.0,103.68,62.16,24.47,109.8,0.0,1.0,0.07,1.0,0.0,0.26,12.28,13.85,13.79,12.28,13.85,0.25,0.02,1.58,1.52,1.04,0.67,0.25,0.0,4.03,0.2,4.03,1.29,-2.74,0.43,1.062645388,0,1,0,Slow,427,2426,369.0,21.22,-274.1057744,369,240.0,63.699,12,814.5,28,12.74004688,0.0,0.0,0.0,,-6.675623124999999,19.836173875,SectorTime outside section-specific IQR limits
P093,"Laguna_Seca, Laguna_Seca",", McLaren 720S GT3","24/08/2024, ",Lap 12,101.56,Str 5-6,19.949,0.0,100.0,18.0,0.0,0.0,36.0,20.0,168.0,77.2,91.5,68.0,46.6,-3.49,28.87,1.04,21.5,-3.49,5.73,-71.42,39.73,-1.07,39.65,37.01,16.24,0.0,100.0,56.0,0.0,14.0,39.0,1.94,0.28,1.02,1.14,0.4,0.0,1.57,0.43,0.01,0.03,0.32,0.0,210.57,43.59,207.76,92.14,67.35,0.0,1.0,0.09,1.0,1.0,0.28,13.06,14.76,14.14,13.06,14.76,0.16,0.02,1.7,1.09,1.27,0.98,0.17,0.0,3.49,0.3,0.0,3.49,3.49,0.57,-0.021197123,0,1,1,Fast,427,2426,302.0,14.83,-1208.383159,302,210.41,49.24,8,838.8142857,54,7.508875101,0.0,0.0,0.0,,-6.675623124999999,19.836173875,SectorTime outside section-specific IQR limits
P066,"Laguna_Seca, Laguna_Seca",", McLaren 720S GT3","8/26/2023, ",Lap 4,130.542,Str 5-6,29.096838,3.06,0.3,1.7,0.62,0.41,0.0,1.44,0.34,0.06,0.37,0.29,0.0,240.0,102.99,43.12,74.82,95.44,0.0,100.0,9.0,0.0,32.0,20.0,0.0,160.2,54.7,86.9,54.8,54.4,0.0,1.0,0.07,1.0,1.0,0.25,-2.83,15.53,0.22,7.3,-2.79,2.57,-108.63,34.12,-9.6,-53.02,23.21,24.32,0.0,100.0,43.0,85.0,0.0,39.0,11.4,13.35,12.55,11.4,13.35,0.19,0.02,1.93,1.13,0.0,0.0,0.19,0.0,2.83,0.28,0.0,2.79,2.79,0.58,1.911963295,0,0,0,Slow,427,2426,0.0,0.0,0.0,0,240.0,75.866,16,1499.868687,60,9.679097547,0.0,0.0,0.0,,-6.675623124999999,19.836173875,SectorTime outside section-specific IQR limits
P030,"Laguna_Seca, Laguna_Seca",", McLaren 720S GT3","8/25/2023, ",Lap 2,121.627,Str 5-6,24.034442,3.11,0.41,1.42,0.04,0.51,0.0,1.62,0.28,0.7,0.43,0.21,0.04,227.07,80.72,41.01,4.7,73.95,0.0,42.0,1.0,42.0,12.0,5.0,5.2,152.8,64.1,132.9,142.2,46.6,0.0,1.0,0.14,1.0,0.0,0.35,-7.1,19.83,0.11,-2.17,0.24,3.37,-19.62,99.38,17.26,21.62,-1.32,22.21,0.0,100.0,59.0,0.0,0.0,42.0,8.67,12.05,11.69,8.67,12.05,0.68,0.02,3.38,3.02,0.19,2.28,0.68,0.0,7.1,0.55,2.17,0.0,-2.17,1.39,1.317314026,0,1,0,Slow,427,2426,292.0,16.67,-237.2250816,292,223.0425,60.039,13,1560.247619,55,-13.54954177,0.0,0.0,0.0,,-6.675623124999999,19.836173875,SectorTime outside section-specific IQR limits
P030,"Laguna_Seca, Laguna_Seca",", McLaren 720S GT3","8/25/2023, ",Lap 5,129.392,Str 5-6,25.75308,5.05,0.37,1.06,0.07,0.46,0.0,9.99,0.31,0.14,0.12,0.5,0.0,240.0,86.86,21.77,4.63,99.22,0.0,75.0,3.0,0.0,0.0,11.0,0.0,141.0,62.0,119.8,113.2,45.9,0.0,1.0,0.08,0.0,0.0,0.27,-1.13,15.67,0.71,-0.47,-0.22,2.91,-39.94,118.55,13.78,24.02,0.13,25.14,0.0,100.0,57.0,98.0,0.0,40.0,8.48,10.6,10.49,8.48,10.6,0.4,0.0,2.12,2.01,0.74,0.56,0.4,0.0,1.13,0.08,0.47,0.22,-0.24,0.18,1.835255874,0,0,0,Slow,427,2426,266.0,13.91,-602.8990493,266,240.0,67.573,19,1538.963636,44,-8.504933818,7.0,0.19,0.09,,-6.675623124999999,19.836173875,SectorTime outside section-specific IQR limits
P030,"Laguna_Seca, Laguna_Seca",", McLaren 720S GT3","8/25/2023, ",Lap 6,130.552,Str 5-6,23.698162,1.68,0.25,1.36,1.04,0.32,0.0,1.29,0.3,0.05,0.63,0.21,0.0,240.0,68.74,53.69,52.43,90.96,0.0,61.0,4.0,61.0,44.0,9.0,0.0,139.8,66.5,84.0,97.6,48.5,0.0,1.0,0.05,1.0,1.0,0.22,-2.54,11.64,0.17,8.55,-2.54,1.87,-45.0,111.26,-2.79,111.26,24.74,21.61,0.0,100.0,43.0,0.0,0.0,40.0,16.69,17.9,17.46,16.69,17.9,0.09,0.02,1.2,0.76,0.0,0.91,0.1,0.0,2.54,0.2,0.0,2.54,2.54,0.42,1.912630317,0,0,0,Slow,427,2426,291.0,16.77,-737.1742272,291,240.0,78.351,13,1103.107962,34,9.404191216,17.07142857,0.54,0.27,,-6.675623124999999,19.836173875,SectorTime outside section-specific IQR limits
P126,"Laguna_Seca, Laguna_Seca",", McLaren 720S GT3","19/10/2024, ",Lap 6,105.317,Str 7-8,14.202,0.0,65.0,15.0,57.0,0.0,21.0,0.0,64.7,20.2,60.9,64.7,16.8,-2.58,22.82,0.49,-0.06,-0.26,3.02,-47.93,153.62,1.09,60.7,-6.44,43.39,0.0,100.0,56.0,0.0,100.0,47.0,2.17,0.31,0.79,0.18,0.32,0.0,1.36,0.43,0.34,0.81,0.28,0.53,240.0,175.77,46.47,13.08,81.25,0.0,1.0,0.06,0.0,0.0,0.23,17.53,18.35,18.13,17.53,18.35,0.09,0.0,1.25,0.59,1.25,0.35,0.1,0.0,2.58,0.07,0.25,0.26,0.01,0.35,0.229402687,0,0,0,Slow,78,2613,0.0,0.0,0.0,0,240.0,68.262,3,1470.333333,5,-30.60663712,0.0,0.0,0.0,,1.1824766249999994,3.4212056250000007,SectorTime outside section-specific IQR limits
P126,"Laguna_Seca, Laguna_Seca",", McLaren 720S GT3","19/10/2024, ",Lap 8,114.289,Str 7-8,11.963,0.0,77.0,13.0,0.0,0.0,22.0,0.0,89.4,24.2,25.3,89.4,23.5,-1.26,0.36,-0.1,0.0,-1.26,0.29,-2.03,45.94,13.44,34.8,10.21,14.48,0.0,100.0,49.0,100.0,100.0,36.0,0.75,0.17,0.47,0.33,0.19,0.0,1.2,0.42,0.4,0.7,0.29,1.85,240.0,157.81,240.0,22.63,99.48,0.0,0.0,0.0,0.0,0.0,0.0,15.33,15.33,15.33,15.33,15.33,0.0,0.0,1.22,0.0,1.22,0.0,0.08,0.0,1.26,0.1,0.0,1.26,1.26,0.29,0.827853977,0,1,0,Slow,78,2613,0.0,0.0,0.0,0,240.0,79.293,2,1228.333333,9,-20.71668588,0.0,0.0,0.0,,1.1824766249999994,3.4212056250000007,SectorTime outside section-specific IQR limits
P124,"Laguna_Seca, Laguna_Seca",", McLaren 720S GT3","19/10/2024, ",Lap 11,93.62,Str 7-8,5.105,0.0,83.0,7.0,83.0,0.0,20.0,18.4,107.2,55.4,45.3,107.2,28.1,-2.55,0.49,-0.67,0.0,-2.26,0.87,-16.5,139.17,12.83,10.14,22.92,36.4,0.0,100.0,72.0,0.0,46.0,32.0,8.59,0.37,0.46,1.1,0.87,0.01,26.68,0.83,0.31,0.26,2.61,0.02,150.56,46.06,150.56,45.59,44.06,0.0,1.0,0.13,0.0,1.0,0.33,20.18,20.84,20.25,20.18,20.84,0.13,0.0,0.65,0.06,0.0,0.4,0.21,0.0,2.55,0.68,0.0,2.26,2.26,0.87,-0.55081184,0,1,1,Fast,78,2613,0.0,0.0,0.0,0,0.0,0.0,2,337.7444444,11,7.241046099,0.0,0.0,0.0,,1.1824766249999994,3.4212056250000007,SectorTime outside section-specific IQR limits
P120,"Laguna_Seca, Laguna_Seca",", McLaren 720S GT3","19/10/2024, ",Lap 5,100.624,Str 7-8,3.447,0.0,2.0,0.0,0.0,2.0,1.0,38.6,120.3,82.5,38.6,120.3,26.0,-2.25,0.31,-1.01,0.0,-2.2,0.76,-26.52,21.61,-5.58,-21.56,20.68,11.28,52.0,100.0,94.0,92.0,53.0,13.0,1.02,0.37,0.41,1.02,0.18,0.01,0.91,0.66,0.62,0.23,0.22,0.26,104.02,34.23,104.02,37.82,26.92,0.0,1.0,0.12,0.0,1.0,0.32,16.45,16.85,16.5,16.45,16.85,0.07,0.0,0.4,0.05,0.0,0.29,0.07,0.0,2.25,1.01,0.0,2.2,2.2,0.75,-0.083630293,0,0,1,Fast,78,2613,166.0,8.45,-520.4863486,166,0.0,0.0,1,145.9333333,5,36.62393154,3.0,0.06,0.03,,1.1824766249999994,3.4212056250000007,SectorTime outside section-specific IQR limits
P118,"Laguna_Seca, Laguna_Seca",", McLaren 720S GT3","19/10/2024, ",Lap 2,107.279,Str 7-8,3.969,0.0,0.0,0.0,0.0,0.0,0.0,27.3,121.8,72.1,27.3,121.8,29.1,-2.32,0.03,-0.69,0.0,-1.85,0.73,-1.25,23.22,5.5,8.37,17.02,5.52,62.0,100.0,90.0,69.0,97.0,11.0,1.07,0.22,0.08,0.96,0.29,0.01,1.01,0.67,0.35,0.55,0.2,0.16,44.31,17.56,44.31,34.63,11.43,0.0,1.0,0.09,0.0,0.0,0.29,18.45,18.82,18.48,18.45,18.82,0.09,0.0,0.38,0.03,0.38,0.08,0.12,0.0,2.32,0.69,0.0,1.85,1.85,0.73,0.360272218,0,1,0,Slow,78,2613,131.0,9.65,-243.5737235,131,0.0,0.0,2,95.66666667,6,6.271367538,0.0,0.0,0.0,,1.1824766249999994,3.4212056250000007,SectorTime outside section-specific IQR limits
P118,"Laguna_Seca, Laguna_Seca",", McLaren 720S GT3","19/10/2024, ",Lap 4,102.097,Str 7-8,8.424,0.0,57.0,5.0,0.0,0.0,15.0,0.0,103.8,33.6,9.5,103.8,28.6,-2.09,0.0,-0.39,0.0,-1.19,0.66,-4.37,35.35,13.18,8.58,12.93,9.24,0.0,100.0,62.0,70.0,100.0,36.0,0.77,0.25,0.05,0.59,0.19,0.0,1.39,0.44,0.34,0.75,0.27,0.71,163.97,105.84,160.01,25.91,60.33,0.0,1.0,0.01,0.0,0.0,0.11,19.67,19.77,19.69,19.67,19.77,0.04,0.0,0.88,0.03,0.88,0.09,0.12,0.0,2.09,0.39,0.0,1.19,1.19,0.66,0.014621908,0,0,1,Fast,78,2613,123.0,7.84,-439.064943,123,163.7433333,68.803,1,494.0641026,4,-15.46227693,0.0,0.0,0.0,,1.1824766249999994,3.4212056250000007,SectorTime outside section-specific IQR limits
P118,"Laguna_Seca, Laguna_Seca",", McLaren 720S GT3","19/10/2024, ",Lap 7,100.667,Str 7-8,5.045,0.0,0.0,0.0,0.0,0.0,0.0,22.5,101.3,56.1,22.5,101.3,21.7,-2.15,0.23,-0.4,0.0,-1.31,0.65,-2.98,37.3,13.68,28.48,11.79,13.59,14.0,100.0,60.0,27.0,100.0,29.0,0.6,0.27,0.33,0.59,0.2,0.05,0.94,0.45,0.16,0.68,0.22,0.11,240.0,70.74,240.0,25.7,81.63,0.0,1.0,0.02,0.0,0.0,0.13,19.38,19.47,19.43,19.38,19.47,0.04,0.0,0.08,0.05,0.08,0.03,0.1,0.0,2.15,0.41,0.0,1.31,1.31,0.64,-0.080762103,0,1,1,Fast,78,2613,0.0,0.0,0.0,0,0.0,0.0,2,288.0,4,-26.27747246,0.0,0.0,0.0,,1.1824766249999994,3.4212056250000007,SectorTime outside section-specific IQR limits
P109,"Laguna_Seca, Laguna_Seca",", McLaren 720S GT3","25/08/2024, ",Lap 10,101.525,Str 7-8,6.437,0.0,90.0,12.0,90.0,0.0,27.0,27.9,89.7,44.0,60.5,89.7,17.8,-2.78,13.36,0.47,13.31,-2.78,2.9,-39.23,169.56,10.66,-18.16,7.43,41.48,0.0,100.0,48.0,0.0,100.0,46.0,4.22,0.37,0.9,0.28,0.43,0.0,7.85,0.51,0.49,0.69,0.72,0.29,229.47,78.65,93.86,39.83,63.73,0.0,1.0,0.08,1.0,1.0,0.27,20.13,20.62,20.55,20.13,20.62,0.07,0.02,0.47,0.42,0.0,0.03,0.11,0.0,2.78,0.27,0.0,2.78,2.78,0.47,-0.023531696,0,1,1,Fast,78,2613,0.0,0.0,0.0,0,226.0114286,69.625,4,699.4142857,7,3.537851291,0.0,0.0,0.0,,1.1824766249999994,3.4212056250000007,SectorTime outside section-specific IQR limits
P108,"Laguna_Seca, Laguna_Seca",", McLaren 720S GT3","24/08/2024, ",Lap 3,100.332,Str 7-8,4.588,0.0,95.0,18.0,95.0,0.0,30.0,39.9,102.3,61.8,78.1,102.3,17.3,-3.44,15.01,1.0,3.97,-2.9,3.67,-109.01,111.71,7.21,-40.82,17.74,45.55,0.0,98.0,55.0,0.0,93.0,36.0,5.63,0.48,0.63,0.74,0.71,0.0,5.73,0.59,0.23,0.76,0.72,0.37,56.89,27.64,19.49,46.09,15.44,0.0,1.0,0.35,1.0,1.0,0.48,19.64,21.22,20.62,19.64,21.22,0.31,0.02,1.57,0.99,0.49,0.05,0.3,0.0,3.44,0.6,0.0,2.9,2.9,0.95,-0.103107308,0,1,1,Fast,78,2613,0.0,0.0,0.0,0,0.0,0.0,4,415.0333333,16,12.26495762,0.0,0.0,0.0,,1.1824766249999994,3.4212056250000007,SectorTime outside section-specific IQR limits
P108,"Laguna_Seca, Laguna_Seca",", McLaren 720S GT3","24/08/2024, ",Lap 6,101.647,Str 7-8,4.149,0.0,100.0,33.0,100.0,0.0,46.0,53.6,99.0,68.1,99.0,73.7,10.6,-3.39,9.24,1.07,8.06,-0.55,4.46,-42.2,55.54,9.0,-38.82,15.5,20.76,0.0,87.0,31.0,21.0,66.0,24.0,1.58,0.68,1.29,0.51,0.29,0.05,1.04,0.34,0.61,0.29,0.2,10.13,68.72,47.52,61.08,26.27,12.49,0.0,1.0,0.79,1.0,0.0,0.41,18.87,22.15,20.59,18.87,22.15,0.96,0.02,3.28,1.72,0.73,2.17,0.96,0.0,3.39,1.34,0.0,0.55,0.55,1.24,-0.01539404,0,0,1,Fast,78,2613,0.0,0.0,0.0,0,0.0,0.0,0,242.3333333,16,-9.294871697,0.0,0.0,0.0,,1.1824766249999994,3.4212056250000007,SectorTime outside section-specific IQR limits
P106,"Laguna_Seca, Laguna_Seca",", McLaren 720S GT3","24/08/2024, ",Lap 6,94.322,Str 7-8,4.507,0.0,76.0,21.0,0.0,0.0,30.0,43.4,94.8,63.0,94.8,84.8,15.8,-7.44,13.31,2.66,12.9,-1.49,5.95,-36.49,229.87,6.83,-33.23,8.02,56.58,0.0,100.0,53.0,56.0,99.0,45.0,6.5,0.45,1.3,0.27,0.76,0.0,8.58,0.52,0.23,0.69,0.91,0.18,116.55,49.03,110.37,23.71,43.96,0.0,1.0,0.31,1.0,0.0,0.46,19.67,21.05,20.83,19.67,21.05,0.39,0.02,1.37,1.16,0.0,0.0,0.38,0.0,7.44,0.56,0.0,1.49,1.49,1.12,-0.503986962,0,0,1,Fast,78,2613,0.0,0.0,0.0,0,0.0,0.0,4,294.3333333,8,-9.337606919,0.0,0.0,0.0,,1.1824766249999994,3.4212056250000007,SectorTime outside section-specific IQR limits
P104,"Laguna_Seca, Laguna_Seca",", McLaren 720S GT3","24/08/2024, ",Lap 9,98.705,Str 7-8,3.64,0.0,30.0,3.0,0.0,0.0,7.0,54.1,120.5,77.5,58.7,120.5,22.2,-5.03,16.09,0.56,12.46,-2.41,4.3,-41.2,33.86,4.3,-41.2,17.35,13.2,0.0,100.0,69.0,50.0,92.0,41.0,2.08,0.3,0.65,0.95,0.36,0.01,1.25,0.59,0.52,0.51,0.32,0.09,117.5,30.12,86.77,40.85,34.09,0.0,1.0,0.21,1.0,1.0,0.41,20.56,21.31,21.04,20.56,21.31,0.12,0.02,0.75,0.48,0.36,0.18,0.11,0.0,5.03,0.74,0.0,2.41,2.41,0.91,-0.211631634,0,1,1,Fast,78,2613,0.0,0.0,0.0,0,0.0,0.0,2,203.0,2,-2.136752178,0.0,0.0,0.0,,1.1824766249999994,3.4212056250000007,SectorTime outside section-specific IQR limits
P104,"Laguna_Seca, Laguna_Seca",", McLaren 720S GT3","24/08/2024, ",Lap 10,114.79,Str 7-8,3.7,0.0,0.0,0.0,0.0,0.0,0.0,51.1,115.0,76.6,51.1,115.0,18.1,-2.55,0.16,-1.15,-1.87,-1.66,0.71,-16.55,14.17,-3.52,-14.12,13.03,8.73,24.0,100.0,60.0,40.0,100.0,31.0,0.66,0.27,0.36,0.66,0.15,0.11,1.3,0.5,0.34,0.52,0.27,0.09,56.62,24.41,50.3,27.9,15.75,0.0,1.0,0.15,0.0,0.0,0.36,18.12,18.67,18.62,18.12,18.67,0.12,0.0,0.55,0.51,0.0,0.37,0.12,0.0,2.55,1.16,1.87,1.66,-0.22,0.7,0.861271731,0,1,0,Slow,78,2613,165.0,6.87,-1106.441813,165,0.0,0.0,2,100.1666667,9,22.80982898,0.0,0.0,0.0,,1.1824766249999994,3.4212056250000007,SectorTime outside section-specific IQR limits
P103,"Laguna_Seca, Laguna_Seca",", McLaren 720S GT3","24/08/2024, ",Lap 6,98.842,Str 7-8,5.845,0.0,48.0,15.0,16.0,0.0,20.0,23.5,84.6,48.1,82.3,84.6,16.9,-1.17,12.85,1.56,10.28,-1.13,4.11,-55.49,39.03,11.83,-55.49,8.02,19.91,0.0,100.0,58.0,4.0,100.0,44.0,1.69,0.39,0.41,0.3,0.3,0.01,8.7,0.44,0.07,0.87,0.81,13.26,152.22,71.25,99.93,21.35,46.61,0.0,1.0,0.18,1.0,0.0,0.38,17.04,18.05,17.96,17.04,18.05,0.23,0.02,1.0,0.92,0.0,0.99,0.22,0.0,1.17,0.23,0.0,1.13,1.13,0.42,-0.202493445,0,0,1,Fast,78,2613,0.0,0.0,0.0,0,0.0,0.0,0,288.5095238,18,-13.77289398,0.0,0.0,0.0,,1.1824766249999994,3.4212056250000007,SectorTime outside section-specific IQR limits
P099,"Laguna_Seca, Laguna_Seca",", McLaren 720S GT3","24/08/2024, ",Lap 5,108.824,Str 7-8,6.233,0.0,5.0,0.0,0.0,0.0,1.0,19.5,101.4,45.8,19.5,101.4,22.7,-2.12,0.99,-0.31,0.0,-2.12,0.61,-42.25,16.5,-15.62,-30.32,16.5,18.73,6.0,100.0,61.0,18.0,99.0,36.0,0.65,0.32,0.26,0.63,0.17,0.0,0.99,0.37,0.1,0.83,0.28,0.38,240.0,117.32,240.0,36.67,105.66,0.0,1.0,0.02,0.0,1.0,0.11,15.2,15.29,15.2,15.2,15.29,0.01,0.0,0.37,0.0,0.37,0.04,0.06,0.0,2.12,0.34,0.0,2.12,2.12,0.58,0.463326971,0,0,0,Slow,78,2613,180.0,17.07,-531.962346,180,0.0,0.0,1,306.0,8,40.96153853,0.0,0.0,0.0,,1.1824766249999994,3.4212056250000007,SectorTime outside section-specific IQR limits
P099,"Laguna_Seca, Laguna_Seca",", McLaren 720S GT3","24/08/2024, ",Lap 7,94.467,Str 7-8,4.141,0.0,100.0,15.0,0.0,0.0,32.0,47.4,101.6,68.1,85.1,101.6,15.3,-8.11,18.25,3.26,16.63,-1.17,6.92,-44.17,232.97,8.18,-36.04,7.34,55.74,0.0,100.0,61.0,13.0,100.0,44.0,10.06,0.54,1.62,0.27,1.26,0.01,6.19,0.55,0.14,0.37,0.69,0.04,163.07,61.59,136.03,18.5,63.32,0.0,1.0,0.27,1.0,0.0,0.45,11.98,13.1,12.94,11.98,13.1,0.31,0.02,1.13,0.97,0.13,0.66,0.31,0.0,8.11,0.37,0.0,1.17,1.17,1.07,-0.494315156,0,1,1,Fast,78,2613,0.0,0.0,0.0,0,162.72,64.647,2,234.0,6,-15.59829035,0.0,0.0,0.0,,1.1824766249999994,3.4212056250000007,SectorTime outside section-specific IQR limits
P098,"Laguna_Seca, Laguna_Seca",", McLaren 720S GT3","24/08/2024, ",Lap 3,121.892,Str 7-8,6.786,0.0,0.0,0.0,0.0,0.0,0.0,16.8,78.9,42.6,16.8,78.9,17.9,-1.98,0.0,-0.38,0.0,-0.67,0.62,-11.19,52.4,20.75,24.6,2.12,21.31,32.0,56.0,41.0,32.0,40.0,5.0,1.08,0.43,0.18,0.06,0.25,0.02,0.8,0.26,0.06,0.32,0.15,0.31,240.0,146.83,240.0,11.99,102.25,0.0,0.0,0.0,0.0,0.0,0.0,23.1,23.1,23.1,23.1,23.1,0.0,0.0,0.59,0.0,0.59,0.0,0.08,0.0,1.98,0.38,0.0,0.67,0.67,0.62,1.334990084,0,1,0,Slow,78,2613,0.0,0.0,0.0,0,240.0,84.623,2,361.0,3,-30.5235044,0.0,0.0,0.0,,1.1824766249999994,3.4212056250000007,SectorTime outside section-specific IQR limits
P097,"Laguna_Seca, Laguna_Seca",", McLaren 720S GT3","24/08/2024, ",Lap 5,107.652,Str 7-8,4.996,0.0,9.0,2.0,0.0,0.0,2.0,45.7,77.8,56.8,59.4,77.8,7.8,-16.58,28.75,1.66,18.61,-1.03,12.11,-51.3,76.03,8.02,-50.58,4.53,31.69,12.0,82.0,34.0,26.0,69.0,21.0,2.08,0.46,1.12,0.19,0.45,0.0,0.6,0.24,0.2,0.58,0.17,0.11,240.0,99.39,150.06,17.96,103.11,0.0,1.0,0.39,1.0,0.0,0.49,14.7,16.62,16.24,14.7,16.62,0.59,0.02,1.93,1.55,0.49,0.73,0.59,0.0,16.58,2.8,0.0,1.03,1.03,5.43,0.385152103,0,0,0,Slow,78,2613,15.97560976,1.07,-658.4457776,16,240.0,74.029,2,430.0,8,-22.38247837,0.0,0.0,0.0,,1.1824766249999994,3.4212056250000007,SectorTime outside section-specific IQR limits
P097,"Laguna_Seca, Laguna_Seca",", McLaren 720S GT3","24/08/2024, ",Lap 8,115.911,Str 7-8,3.889,0.0,0.0,0.0,0.0,0.0,0.0,42.4,103.3,73.1,42.4,103.3,19.2,-1.77,0.29,-0.85,0.0,-1.75,0.53,-11.47,18.0,-3.76,-10.63,18.0,7.24,38.0,81.0,55.0,46.0,38.0,12.0,0.73,0.25,0.24,0.73,0.13,0.04,0.7,0.44,0.26,0.22,0.14,0.18,48.58,23.83,48.49,34.05,11.3,0.0,0.0,0.0,0.0,0.0,0.0,8.63,8.63,8.63,8.63,8.63,0.0,0.0,0.0,0.0,0.0,0.0,0.0,0.0,1.77,0.85,0.0,1.75,1.75,0.52,0.936044792,0,1,0,Slow,78,2613,191.0,13.3,-978.0973801,191,0.0,0.0,1,85.66666667,4,23.34401698,0.0,0.0,0.0,,1.1824766249999994,3.4212056250000007,SectorTime outside section-specific IQR limits
P096,"Laguna_Seca, Laguna_Seca",", McLaren 720S GT3","24/08/2024, ",Lap 3,114.894,Str 7-8,3.641,0.0,0.0,0.0,0.0,0.0,0.0,46.3,106.3,77.9,46.3,106.3,20.0,-3.63,0.14,-1.24,0.0,-1.11,0.91,-30.93,17.75,-4.05,-29.45,14.11,15.32,36.0,78.0,59.0,36.0,44.0,15.0,0.78,0.42,0.69,0.69,0.24,0.05,0.82,0.46,0.28,0.24,0.19,0.29,112.72,38.16,110.48,25.4,32.75,0.0,1.0,0.16,0.0,0.0,0.37,21.5,22.08,21.98,21.5,22.08,0.2,0.0,0.58,0.48,0.27,0.08,0.2,0.0,3.63,1.24,0.0,1.11,1.11,0.91,0.86820875,0,1,0,Slow,78,2613,0.0,0.0,0.0,0,0.0,0.0,1,159.75,3,31.30341872,0.0,0.0,0.0,,1.1824766249999994,3.4212056250000007,SectorTime outside section-specific IQR limits
P089,"Laguna_Seca, Laguna_Seca",", McLaren 720S GT3","22/08/2024, ",Lap 2,128.632,Str 7-8,7.852,0.0,0.0,0.0,0.0,0.0,0.0,0.3,108.5,36.8,22.4,108.5,30.8,-2.38,0.55,-0.22,0.0,-2.38,0.58,-19.18,34.32,7.34,-7.87,17.05,16.68,0.0,100.0,75.0,100.0,100.0,39.0,0.89,0.23,0.08,0.86,0.18,0.0,0.92,0.47,0.48,0.53,0.25,0.0,240.0,116.01,25.26,42.11,82.36,0.0,1.0,0.06,0.0,1.0,0.24,20.3,20.78,20.32,20.3,20.78,0.07,0.0,0.47,0.01,0.0,0.18,0.07,0.0,2.38,0.23,0.0,2.38,2.38,0.58,1.784562274,0,1,0,Slow,78,2613,0.0,0.0,0.0,0,240.0,90.349,2,469.2076923,6,-5.972426512,0.0,0.0,0.0,,1.1824766249999994,3.4212056250000007,SectorTime outside section-specific IQR limits
P089,"Laguna_Seca, Laguna_Seca",", McLaren 720S GT3","22/08/2024, ",Lap 3,122.437,Str 7-8,3.785,0.0,0.0,0.0,0.0,0.0,0.0,41.6,121.3,76.3,41.6,121.3,23.7,-1.61,0.25,-0.27,0.0,-1.61,0.4,-11.75,9.17,-1.25,-11.75,9.17,4.7,36.0,100.0,91.0,36.0,70.0,18.0,0.48,0.12,0.18,0.48,0.1,0.07,1.14,0.59,0.29,0.56,0.25,0.05,52.83,10.74,52.83,24.91,11.45,0.0,0.0,0.0,0.0,0.0,0.0,15.17,15.17,15.17,15.17,15.17,0.0,0.0,0.0,0.0,0.0,0.0,0.0,0.0,1.61,0.29,0.0,1.61,1.61,0.39,1.371342731,0,1,0,Slow,78,2613,166.0,7.02,-443.671978,166,0.0,0.0,4,106.4,4,18.1730769,0.0,0.0,0.0,,1.1824766249999994,3.4212056250000007,SectorTime outside section-specific IQR limits
P084,"Laguna_Seca, Laguna_Seca",", McLaren 720S GT3","8/27/2023, ",Lap 3,127.849,Str 7-8,4.223618,1.69,0.44,0.58,0.43,0.45,0.0,2.41,0.34,0.36,0.21,0.36,0.0,152.47,58.18,82.76,24.35,53.94,0.0,0.0,0.0,0.0,0.0,0.0,53.5,88.9,68.7,55.8,88.9,12.1,0.0,1.0,0.41,0.0,0.0,0.49,-9.71,-0.07,-2.72,-1.34,-1.23,2.86,-49.66,10.68,-14.08,-31.5,10.68,15.8,2.0,58.0,34.0,2.0,37.0,11.0,16.77,18.52,18.13,16.77,18.52,0.56,0.0,1.85,1.37,1.85,0.66,0.56,0.07,9.71,2.72,1.34,1.23,-0.11,2.86,1.732334526,0,1,0,Slow,78,2613,0.0,0.0,0.0,0,0.0,0.0,1,348.6666667,13,28.63247798,0.0,0.0,0.0,,1.1824766249999994,3.4212056250000007,SectorTime outside section-specific IQR limits
P084,"Laguna_Seca, Laguna_Seca",", McLaren 720S GT3","8/27/2023, ",Lap 5,108.269,Str 7-8,3.485777,0.63,0.23,0.03,0.62,0.18,0.06,0.59,0.33,0.42,0.33,0.09,0.07,30.1,14.7,2.12,29.78,8.69,0.0,0.0,0.0,0.0,0.0,0.0,59.6,100.0,81.2,59.6,100.0,11.2,0.0,0.0,0.0,0.0,0.0,0.0,-1.54,-0.02,-0.75,-0.11,-1.51,0.47,-7.02,13.7,2.36,0.78,13.54,6.34,28.0,53.0,45.0,47.0,53.0,7.0,10.03,10.03,10.03,10.03,10.03,0.0,0.0,0.0,0.0,0.0,0.0,0.0,0.02,1.54,0.75,0.11,1.51,1.4,0.47,0.426307302,0,0,0,Slow,78,2613,0.0,0.0,0.0,0,0.0,0.0,1,81.0,9,10.04273503,0.0,0.0,0.0,,1.1824766249999994,3.4212056250000007,SectorTime outside section-specific IQR limits
P083,"Laguna_Seca, Laguna_Seca",", McLaren 720S GT3","8/27/2023, ",Lap 5,118.689,Str 7-8,6.622531,3.84,0.43,0.32,1.06,0.45,0.01,4.28,0.37,0.02,0.04,0.48,1.47,240.0,109.85,213.75,46.78,94.58,0.0,0.0,0.0,0.0,0.0,0.0,22.3,90.0,43.3,22.3,89.1,22.6,0.0,1.0,0.09,0.0,0.0,0.29,-3.03,0.0,-0.5,0.0,-1.66,0.86,-147.55,28.8,-16.02,-27.81,24.42,34.14,0.0,89.0,48.0,27.0,19.0,30.0,14.92,15.53,14.96,14.92,15.53,0.14,0.0,1.62,0.05,1.62,0.34,0.16,0.0,3.03,0.5,0.0,1.66,1.66,0.86,1.12134324,0,0,0,Slow,78,2613,152.0,16.76,-654.9037725,152,240.0,83.959,1,399.422619,14,27.54960298,0.0,0.0,0.0,,1.1824766249999994,3.4212056250000007,SectorTime outside section-specific IQR limits
P080,"Laguna_Seca, Laguna_Seca",", McLaren 720S GT3","8/27/2023, ",Lap 1,118.804,Str 7-8,12.823938,1.29,0.35,0.07,0.82,0.21,0.0,1.37,0.4,0.21,0.66,0.31,0.64,240.0,146.01,240.0,40.33,101.44,0.0,0.0,0.0,0.0,0.0,0.0,7.7,104.8,41.3,7.7,104.8,26.4,0.0,1.0,0.02,0.0,1.0,0.15,-2.18,0.0,-0.38,0.0,-2.15,0.64,-16.61,47.26,17.7,11.05,17.11,18.12,14.0,100.0,55.0,44.0,100.0,35.0,19.43,19.6,19.44,19.43,19.6,0.01,0.0,1.2,0.0,1.2,0.04,0.07,0.0,2.18,0.38,0.0,2.15,2.15,0.64,1.129013982,0,0,0,Slow,78,2613,0.0,0.0,0.0,0,240.0,83.598,2,465.0,3,-13.0662396,0.0,0.0,0.0,,1.1824766249999994,3.4212056250000007,SectorTime outside section-specific IQR limits
P080,"Laguna_Seca, Laguna_Seca",", McLaren 720S GT3","8/27/2023, ",Lap 2,104.682,Str 7-8,4.568911,1.19,0.64,0.47,1.18,0.32,0.07,0.83,0.65,0.73,0.49,0.12,0.4,42.06,28.92,38.23,32.18,9.72,0.0,0.0,0.0,0.0,0.0,0.0,77.6,135.4,109.1,77.6,135.4,17.5,0.0,1.0,0.26,0.0,0.0,0.44,-2.52,-0.04,-1.6,-1.84,-1.67,0.64,-13.94,23.67,4.8,-13.8,22.68,13.0,100.0,100.0,100.0,100.0,100.0,0.0,17.8,18.48,17.96,17.8,18.48,0.25,0.0,0.68,0.15,0.25,0.2,0.26,0.04,2.52,1.6,1.84,1.67,-0.16,0.64,0.18704685,0,1,0,Slow,78,2613,186.0,9.18,-348.380563,186,0.0,0.0,1,107.0,11,22.97008546,0.0,0.0,0.0,,1.1824766249999994,3.4212056250000007,SectorTime outside section-specific IQR limits
P080,"Laguna_Seca, Laguna_Seca",", McLaren 720S GT3","8/27/2023, ",Lap 6,115.929,Str 7-8,4.084152,1.14,0.46,0.22,1.12,0.33,0.06,1.56,0.56,0.45,0.55,0.24,0.18,35.38,17.65,10.42,32.79,12.57,0.0,0.0,0.0,0.0,0.0,0.0,85.6,134.0,109.0,85.6,134.0,14.4,0.0,0.0,0.0,0.0,0.0,0.0,-1.99,0.55,-0.85,-0.3,-1.84,0.95,-7.43,19.67,6.15,-7.03,18.15,8.47,92.0,100.0,96.0,100.0,92.0,4.0,14.4,14.4,14.4,14.4,14.4,0.0,0.0,0.28,0.0,0.28,0.0,0.03,0.0,1.99,0.96,0.3,1.84,1.54,0.82,0.937245429,0,0,0,Slow,78,2613,180.0,7.31,-829.5949771,180,0.0,0.0,3,78.5,9,14.1025641,0.0,0.0,0.0,,1.1824766249999994,3.4212056250000007,SectorTime outside section-specific IQR limits
P078,"Laguna_Seca, Laguna_Seca",", McLaren 720S GT3","8/27/2023, ",Lap 1,122.727,Str 7-8,3.829816,1.56,0.91,0.64,1.51,0.38,0.01,1.12,0.45,0.81,0.04,0.27,0.33,50.05,35.72,44.48,32.0,11.89,0.0,0.0,0.0,0.0,0.0,0.0,85.3,124.4,110.7,85.3,123.1,12.6,0.0,1.0,0.55,1.0,0.0,0.5,-2.89,0.55,-1.82,-2.26,-1.03,0.83,-20.06,27.08,8.29,-16.78,24.29,17.12,0.0,100.0,71.0,100.0,0.0,35.0,16.1,17.5,16.84,16.1,17.5,0.46,0.02,1.4,0.73,0.0,0.18,0.45,0.0,2.89,1.84,2.26,1.03,-1.23,0.78,1.390686342,0,0,0,Slow,78,2613,114.0,5.1,-194.2999145,114,0.0,0.0,1,117.0,4,26.92307692,0.0,0.0,0.0,,1.1824766249999994,3.4212056250000007,SectorTime outside section-specific IQR limits
P078,"Laguna_Seca, Laguna_Seca",", McLaren 720S GT3","8/27/2023, ",Lap 3,127.142,Str 7-8,3.764542,0.83,0.19,0.07,0.83,0.13,0.01,1.01,0.6,0.96,0.21,0.33,0.02,38.56,9.91,7.66,38.56,7.08,0.0,0.0,0.0,0.0,0.0,0.0,68.8,127.2,104.7,68.8,127.2,16.8,0.0,1.0,0.05,0.0,1.0,0.22,-2.55,-0.09,-0.55,-0.4,-2.55,0.49,-4.69,19.7,-1.16,-2.24,14.82,5.05,11.0,100.0,77.0,100.0,47.0,27.0,22.63,22.78,22.64,22.63,22.78,0.02,0.0,0.13,0.0,0.0,0.05,0.22,0.09,2.55,0.55,0.4,2.55,2.15,0.49,1.685176137,0,1,0,Slow,78,2613,178.0,6.39,-440.6721991,178,0.0,0.0,1,77.16666667,11,20.83333333,0.0,0.0,0.0,,1.1824766249999994,3.4212056250000007,SectorTime outside section-specific IQR limits
P078,"Laguna_Seca, Laguna_Seca",", McLaren 720S GT3","8/27/2023, ",Lap 4,131.792,Str 7-8,4.62988,1.63,0.51,0.55,1.63,0.39,0.02,1.05,0.7,0.75,0.32,0.22,0.04,61.04,28.03,57.97,52.14,21.31,0.0,0.0,0.0,0.0,0.0,0.0,63.5,132.8,102.0,63.5,132.8,21.9,0.0,1.0,0.4,1.0,1.0,0.49,-3.24,0.25,-1.44,-2.67,-3.1,1.2,-22.31,29.6,0.22,-17.69,24.36,14.49,72.0,100.0,95.0,100.0,73.0,10.0,20.68,21.8,21.19,20.68,21.8,0.21,0.02,1.12,0.52,0.0,0.14,0.21,0.0,3.24,1.45,2.67,3.1,0.43,1.18,1.995340927,0,0,0,Slow,78,2613,205.0,14.91,-560.2538004,205,0.0,0.0,1,149.3333333,7,39.74358977,0.0,0.0,0.0,,1.1824766249999994,3.4212056250000007,SectorTime outside section-specific IQR limits
P077,"Laguna_Seca, Laguna_Seca",", McLaren 720S GT3","8/27/2023, ",Lap 6,108.647,Str 7-8,7.759933,0.67,0.27,0.04,0.57,0.2,0.01,1.42,0.49,0.3,0.86,0.25,0.29,229.11,117.84,229.05,27.21,72.7,0.0,58.0,7.0,0.0,0.0,17.0,0.0,102.5,33.0,12.4,102.5,26.4,0.0,1.0,0.0,0.0,0.0,0.06,-2.1,0.0,-0.37,0.0,-1.45,0.66,-5.18,35.21,15.71,16.13,11.66,11.06,0.0,100.0,61.0,50.0,100.0,33.0,12.75,12.78,12.76,12.75,12.78,0.01,0.0,1.48,0.01,1.48,0.01,0.09,0.0,2.1,0.37,0.0,1.45,1.45,0.66,0.451520698,0,0,0,Slow,78,2613,117.0,7.78,-666.3064764,117,0.0,0.0,1,616.3141026,13,-3.207956962,0.0,0.0,0.0,,1.1824766249999994,3.4212056250000007,SectorTime outside section-specific IQR limits
P074,"Laguna_Seca, Laguna_Seca",", McLaren 720S GT3","8/27/2023, ",Lap 1,104.727,Str 7-8,4.733955,2.07,0.77,1.43,0.59,0.48,0.01,0.73,0.54,0.39,0.6,0.22,0.44,70.44,30.84,70.44,22.93,19.01,0.0,0.0,0.0,0.0,0.0,0.0,87.5,136.3,107.9,88.0,136.3,15.7,0.0,1.0,0.07,1.0,0.0,0.26,-2.9,0.48,-1.21,-2.9,-1.58,0.74,-46.06,12.21,-11.87,-46.06,12.21,14.66,2.0,100.0,85.0,34.0,90.0,30.0,18.89,19.07,19.02,18.89,19.07,0.06,0.02,0.45,0.14,0.45,0.11,0.08,0.0,2.9,1.25,2.9,1.58,-1.32,0.68,0.190048445,0,0,0,Slow,78,2613,181.0,7.12,-168.9177477,181,0.0,0.0,1,102.3333333,6,34.29487175,0.0,0.0,0.0,,1.1824766249999994,3.4212056250000007,SectorTime outside section-specific IQR limits
P069,"Laguna_Seca, Laguna_Seca",", McLaren 720S GT3","8/27/2023, ",Lap 3,109.212,Str 7-8,6.078646,0.96,0.62,0.22,0.92,0.23,0.01,1.03,0.64,0.92,0.48,0.24,0.33,55.83,29.15,18.54,32.37,12.07,0.0,12.0,1.0,0.0,0.0,2.0,73.5,132.8,107.1,73.5,132.8,17.4,0.0,1.0,0.26,0.0,0.47,0.44,-2.86,0.44,-1.48,-1.01,-1.98,0.74,-22.32,20.15,-2.53,-4.78,13.56,13.61,100.0,100.0,100.0,100.0,100.0,0.0,17.3,17.99,17.71,17.3,17.99,0.18,0.0,0.68,0.41,0.13,0.37,0.18,0.0,2.86,1.49,1.01,1.98,0.96,0.72,0.489207388,0,1,0,Slow,78,2613,130.0,6.2,-407.6461116,130,0.0,0.0,1,143.5,7,23.61111118,0.0,0.0,0.0,,1.1824766249999994,3.4212056250000007,SectorTime outside section-specific IQR limits
P068,"Laguna_Seca, Laguna_Seca",", McLaren 720S GT3","8/27/2023, ",Lap 2,113.967,Str 7-8,4.235989,1.3,0.49,0.31,1.27,0.37,0.0,1.06,0.62,0.89,0.19,0.33,0.62,41.73,20.48,17.62,34.97,12.37,0.0,0.0,0.0,0.0,0.0,0.0,72.5,129.1,108.2,72.5,129.1,18.0,0.0,1.0,0.24,0.0,0.0,0.43,-2.4,0.51,-1.03,-0.67,-1.83,0.81,-12.1,24.59,1.36,-8.08,22.69,11.93,27.0,100.0,82.0,100.0,39.0,28.0,17.9,18.53,18.0,17.9,18.53,0.19,0.0,0.63,0.1,0.16,0.51,0.22,0.0,2.4,1.05,0.67,1.83,1.16,0.79,0.806375899,0,1,0,Slow,78,2613,170.0,11.33,-273.7248661,170,0.0,0.0,1,118.3333333,6,23.39743595,0.0,0.0,0.0,,1.1824766249999994,3.4212056250000007,SectorTime outside section-specific IQR limits
P068,"Laguna_Seca, Laguna_Seca",", McLaren 720S GT3","8/27/2023, ",Lap 4,97.597,Str 7-8,4.40798,1.25,0.55,0.52,1.25,0.29,0.02,0.91,0.63,0.81,0.2,0.22,0.75,56.03,27.23,50.04,43.79,15.38,0.0,0.0,0.0,0.0,0.0,0.0,67.9,128.3,103.1,67.9,128.3,18.7,0.0,1.0,0.35,1.0,1.0,0.48,-2.74,0.51,-1.36,-2.5,-2.44,0.93,-20.53,21.5,-0.49,-15.14,21.5,13.33,45.0,100.0,88.0,100.0,46.0,16.0,18.45,19.37,18.83,18.45,19.37,0.17,0.02,0.93,0.39,0.08,0.73,0.17,0.0,2.74,1.38,2.5,2.44,-0.06,0.9,-0.285537566,0,0,1,Fast,78,2613,161.0,6.07,-482.1004197,161,0.0,0.0,1,111.1666667,6,33.65384613,0.0,0.0,0.0,,1.1824766249999994,3.4212056250000007,SectorTime outside section-specific IQR limits
P066,"Laguna_Seca, Laguna_Seca",", McLaren 720S GT3","8/26/2023, ",Lap 5,128.559,Str 7-8,17.343092,1.09,0.24,0.05,0.18,0.3,0.0,2.77,0.19,0.06,0.53,0.21,0.86,240.0,202.16,240.0,21.66,67.88,0.0,50.0,6.0,0.0,0.0,11.0,0.0,61.3,16.6,8.8,61.3,16.4,0.0,1.0,0.02,0.0,0.0,0.14,-3.73,0.0,-0.09,0.0,-1.02,0.44,-54.22,44.59,-11.14,-12.67,5.18,20.18,0.0,66.0,22.0,0.0,60.0,21.0,20.18,20.52,20.2,20.18,20.52,0.06,0.0,0.54,0.01,0.54,0.23,0.09,0.0,3.73,0.09,0.0,1.02,1.02,0.44,1.77969302,0,0,0,Slow,78,2613,0.0,0.0,0.0,0,240.0,93.944,2,1041.166667,5,27.17185568,0.0,0.0,0.0,,1.1824766249999994,3.4212056250000007,SectorTime outside section-specific IQR limits
P064,"Laguna_Seca, Laguna_Seca",", McLaren 720S GT3","8/26/2023, ",Lap 3,98.017,Str 7-8,8.096658,0.82,0.28,0.06,0.76,0.24,0.03,0.94,0.74,0.91,0.58,0.19,0.02,29.64,13.38,8.01,20.95,10.15,0.0,0.0,0.0,0.0,0.0,0.0,65.9,136.7,105.1,65.9,136.7,20.6,0.0,0.0,0.0,0.0,0.0,0.0,-1.72,0.14,-0.76,-0.4,-1.22,0.66,-14.13,15.42,1.02,-2.06,10.38,7.38,97.0,100.0,100.0,100.0,97.0,1.0,15.2,15.2,15.2,15.2,15.2,0.0,0.0,0.0,0.0,0.0,0.0,0.0,0.0,1.72,0.77,0.4,1.22,0.83,0.65,-0.257522682,0,1,1,Fast,78,2613,155.0,10.9,-387.7315483,155,0.0,0.0,3,107.0,9,12.50000002,0.0,0.0,0.0,,1.1824766249999994,3.4212056250000007,SectorTime outside section-specific IQR limits
P064,"Laguna_Seca, Laguna_Seca",", McLaren 720S GT3","8/26/2023, ",Lap 4,116.962,Str 7-8,13.109556,0.68,0.29,0.47,0.68,0.19,0.0,1.04,0.4,0.04,0.61,0.29,0.73,240.0,84.05,240.0,31.08,97.07,0.0,0.0,0.0,0.0,0.0,0.0,24.8,104.1,51.4,24.8,104.1,24.2,0.0,0.0,0.0,0.0,0.0,0.0,-1.63,0.33,-0.46,0.0,-1.59,0.63,-6.07,44.49,14.82,36.29,14.0,15.91,0.0,100.0,54.0,0.0,100.0,36.0,18.3,18.3,18.3,18.3,18.3,0.0,0.0,1.81,0.01,1.81,0.0,0.11,0.0,1.63,0.47,0.0,1.59,1.59,0.62,1.006148704,0,0,0,Slow,78,2613,0.0,0.0,0.0,0,0.0,0.0,2,323.8333333,9,-17.24206372,8.555555556,0.23,0.12,,1.1824766249999994,3.4212056250000007,SectorTime outside section-specific IQR limits
P060,"Laguna_Seca, Laguna_Seca",", McLaren 720S GT3","8/26/2023, ",Lap 3,115.119,Str 7-8,3.689114,1.31,0.54,0.06,0.94,0.34,0.01,0.95,0.62,0.12,0.5,0.25,0.2,117.05,48.86,32.43,36.76,32.81,0.0,0.0,0.0,0.0,0.0,0.0,40.0,121.5,77.2,40.0,121.5,27.1,0.0,1.0,0.35,0.0,0.0,0.48,-3.92,0.38,-1.46,0.0,-1.98,1.32,-27.03,28.56,-4.75,8.32,13.39,17.29,15.0,100.0,90.0,20.0,100.0,25.0,25.68,27.0,26.27,25.68,27.0,0.43,0.0,1.32,0.58,0.0,0.45,0.43,0.0,3.92,1.49,0.0,1.98,1.98,1.28,0.883216724,0,1,0,Slow,78,2613,120.0,5.54,-380.6094892,120,0.0,0.0,1,313.0,7,21.12179465,0.0,0.0,0.0,,1.1824766249999994,3.4212056250000007,SectorTime outside section-specific IQR limits
P057,"Laguna_Seca, Laguna_Seca",", McLaren 720S GT3","8/26/2023, ",Lap 4,103.514,Str 7-8,3.956204,1.04,0.48,0.13,0.93,0.29,0.18,0.89,0.5,0.73,0.19,0.17,0.15,36.15,21.81,10.82,32.19,9.58,0.0,0.0,0.0,0.0,0.0,0.0,78.9,126.1,106.1,78.9,126.1,14.2,0.0,0.0,0.0,0.0,0.0,0.0,-1.94,0.07,-1.2,-0.56,-1.77,0.59,-11.81,21.1,3.03,-3.53,17.01,10.56,41.0,99.0,85.0,99.0,41.0,18.0,16.97,16.97,16.97,16.97,16.97,0.0,0.0,0.07,0.0,0.07,0.0,0.06,0.0,1.94,1.2,0.56,1.77,1.2,0.59,0.109138791,0,0,1,Fast,78,2613,192.0,10.61,-485.012911,192,0.0,0.0,1,87.0,6,16.45299146,0.0,0.0,0.0,,1.1824766249999994,3.4212056250000007,SectorTime outside section-specific IQR limits
P056,"Laguna_Seca, Laguna_Seca",", McLaren 720S GT3","8/26/2023, ",Lap 1,124.949,Str 7-8,9.103486,0.7,0.22,0.03,0.7,0.17,0.0,0.52,0.16,0.52,0.03,0.2,0.02,33.55,12.66,2.01,33.54,8.47,0.0,0.0,0.0,0.0,0.0,0.0,72.3,89.5,86.4,72.3,89.5,4.7,0.0,0.0,0.0,0.0,0.0,0.0,-1.39,-0.04,-0.6,-0.09,-1.27,0.37,-6.82,17.68,1.08,-1.1,16.14,6.79,7.0,57.0,23.0,56.0,11.0,19.0,16.85,16.85,16.85,16.85,16.85,0.0,0.0,0.0,0.0,0.0,0.0,0.0,0.04,1.39,0.6,0.09,1.27,1.19,0.37,1.53889842,0,0,0,Slow,78,2613,0.0,0.0,0.0,0,0.0,0.0,1,63.5,1,11.21794874,0.0,0.0,0.0,,1.1824766249999994,3.4212056250000007,SectorTime outside section-specific IQR limits
P054,"Laguna_Seca, Laguna_Seca",", McLaren 720S GT3","8/26/2023, ",Lap 5,117.312,Str 7-8,3.484959,4.98,0.2,0.68,0.35,0.35,0.0,3.26,0.21,0.01,0.69,0.29,0.0,240.0,172.19,82.92,32.49,91.7,0.0,0.0,0.0,0.0,0.0,0.0,0.1,77.6,20.1,33.0,77.6,16.0,0.0,0.0,0.0,0.0,0.0,0.0,-1.83,0.1,-0.04,0.0,-1.83,0.19,-185.27,64.15,-16.36,-37.23,12.24,25.44,0.0,91.0,34.0,0.0,77.0,25.0,18.8,18.8,18.8,18.8,18.8,0.0,0.0,2.35,0.0,2.35,0.0,0.09,0.0,1.83,0.04,0.0,1.83,1.83,0.19,1.029494441,0,0,0,Slow,78,2613,141.0,10.0,-624.8079632,141,240.0,81.854,3,704.3666667,3,25.06476235,0.0,0.0,0.0,,1.1824766249999994,3.4212056250000007,SectorTime outside section-specific IQR limits
P053,"Laguna_Seca, Laguna_Seca",", McLaren 720S GT3","8/26/2023, ",Lap 1,123.842,Str 7-8,15.877841,0.85,0.31,0.26,0.85,0.18,0.18,1.27,0.82,0.88,0.6,0.18,0.24,34.24,16.72,26.0,34.24,8.45,0.0,0.0,0.0,0.0,0.0,0.0,61.2,139.1,103.6,61.2,139.1,23.1,0.0,1.0,0.02,0.0,1.0,0.11,-2.16,0.22,-0.9,-1.1,-2.16,0.58,-8.78,16.79,-1.65,-8.52,16.79,7.43,100.0,100.0,100.0,100.0,100.0,0.0,16.4,16.44,16.4,16.4,16.44,0.0,0.0,0.03,0.0,0.0,0.03,0.0,0.0,2.16,0.91,1.1,2.16,1.06,0.56,1.465059189,0,0,0,Slow,78,2613,0.0,0.0,0.0,0,0.0,0.0,2,76.33333333,6,23.61111108,0.0,0.0,0.0,,1.1824766249999994,3.4212056250000007,SectorTime outside section-specific IQR limits
P050,"Laguna_Seca, Laguna_Seca",", McLaren 720S GT3","8/26/2023, ",Lap 4,119.744,Str 7-8,9.129327,1.53,0.39,0.2,0.76,0.27,0.01,0.97,0.52,0.11,0.52,0.28,0.46,48.63,24.41,25.77,24.39,13.19,0.0,0.0,0.0,0.0,0.0,0.0,49.0,117.5,74.9,49.0,117.5,22.3,0.0,1.0,0.14,0.0,0.0,0.34,-2.46,3.19,-0.71,0.0,-1.33,1.27,-20.79,20.67,-4.68,6.47,13.69,10.13,30.0,100.0,75.0,30.0,100.0,26.0,17.42,17.95,17.62,17.42,17.95,0.13,0.0,0.53,0.2,0.0,0.39,0.13,0.0,2.46,0.96,0.0,1.33,1.33,0.8,1.191713962,0,0,0,Slow,78,2613,0.0,0.0,0.0,0,0.0,0.0,2,201.8333333,8,9.935897534,0.0,0.0,0.0,,1.1824766249999994,3.4212056250000007,SectorTime outside section-specific IQR limits
P049,"Laguna_Seca, Laguna_Seca",", McLaren 720S GT3","8/26/2023, ",Lap 4,98.362,Str 7-8,5.867937,1.06,0.35,0.01,1.02,0.29,0.15,1.03,0.75,0.89,0.52,0.17,0.18,40.8,15.71,2.78,38.27,11.95,0.0,0.0,0.0,0.0,0.0,0.0,65.6,136.8,104.6,65.6,136.8,20.7,0.0,1.0,0.16,0.0,1.0,0.36,-2.56,0.32,-0.89,0.32,-2.45,0.82,-10.17,20.93,2.43,-0.79,17.39,8.7,100.0,100.0,100.0,100.0,100.0,0.0,18.53,18.97,18.59,18.53,18.97,0.1,0.0,0.42,0.06,0.0,0.05,0.1,0.0,2.56,0.91,0.0,2.45,2.45,0.8,-0.234510456,0,0,1,Fast,78,2613,388.0,14.69,-450.0967025,388,0.0,0.0,3,143.0,6,18.58974357,0.0,0.0,0.0,,1.1824766249999994,3.4212056250000007,SectorTime outside section-specific IQR limits
P048,"Laguna_Seca, Laguna_Seca",", McLaren 720S GT3","8/26/2023, ",Lap 1,116.999,Str 7-8,10.805155,0.72,0.25,0.04,0.62,0.2,0.11,0.93,0.66,0.54,0.23,0.22,0.07,89.8,22.08,5.84,89.8,18.24,0.0,0.0,0.0,0.0,0.0,0.0,43.5,123.9,83.0,43.5,123.9,25.9,0.0,1.0,0.16,0.0,1.0,0.37,-6.73,0.16,-1.18,0.0,-6.73,1.38,-10.0,18.1,0.21,-0.17,11.77,7.6,22.0,100.0,86.0,69.0,100.0,21.0,17.53,18.09,17.6,17.53,18.09,0.13,0.0,0.53,0.06,0.0,0.0,0.13,0.0,6.73,1.18,0.0,6.73,6.73,1.38,1.008616682,0,0,0,Slow,78,2613,124.0,8.95,-181.1499345,124,0.0,0.0,3,233.3333333,7,41.02564095,0.0,0.0,0.0,,1.1824766249999994,3.4212056250000007,SectorTime outside section-specific IQR limits
P048,"Laguna_Seca, Laguna_Seca",", McLaren 720S GT3","8/26/2023, ",Lap 4,125.762,Str 7-8,4.242806,0.99,0.29,0.05,0.99,0.24,0.12,0.84,0.55,0.18,0.58,0.16,0.13,46.56,21.02,13.9,35.82,12.92,0.0,0.0,0.0,0.0,0.0,0.0,34.3,113.8,69.7,34.3,113.8,23.7,0.0,1.0,0.15,0.0,0.0,0.35,-2.79,0.61,-0.86,0.0,-1.86,0.91,-17.11,19.73,1.98,-2.1,17.77,9.15,97.0,100.0,100.0,97.0,100.0,1.0,17.85,18.45,17.96,17.85,18.45,0.16,0.0,0.83,0.11,0.83,0.2,0.2,0.0,2.79,0.89,0.0,1.86,1.86,0.87,1.593127232,0,0,0,Slow,78,2613,189.0,8.31,-493.1734009,189,0.0,0.0,3,221.7333333,11,14.29487194,0.0,0.0,0.0,,1.1824766249999994,3.4212056250000007,SectorTime outside section-specific IQR limits
P042,"Laguna_Seca, Laguna_Seca",", McLaren 720S GT3","8/25/2023, ",Lap 4,94.587,Str 7-8,3.767293,0.93,0.61,0.44,0.76,0.2,0.01,1.05,0.65,0.87,0.49,0.2,1.12,35.31,24.37,25.33,33.01,6.41,0.0,0.0,0.0,0.0,0.0,0.0,88.6,141.2,117.9,88.6,141.2,15.1,0.0,1.0,0.05,0.0,1.0,0.22,-2.39,1.14,-1.22,-1.15,-2.14,0.65,-16.73,23.4,-1.25,-11.06,11.73,12.2,100.0,100.0,100.0,100.0,100.0,0.0,20.82,20.94,20.85,20.82,20.94,0.05,0.0,0.67,0.04,0.67,0.05,0.1,0.0,2.39,1.26,1.15,2.14,0.99,0.54,-0.486310904,0,0,1,Fast,78,2613,0.0,0.0,0.0,0,0.0,0.0,1,154.5,8,25.96153846,0.0,0.0,0.0,,1.1824766249999994,3.4212056250000007,SectorTime outside section-specific IQR limits
P039,"Laguna_Seca, Laguna_Seca",", McLaren 720S GT3","8/25/2023, ",Lap 2,115.472,Str 7-8,8.905463,1.06,0.43,0.31,0.65,0.28,0.04,0.43,0.29,0.39,0.27,0.09,0.0,42.78,21.77,22.35,20.18,11.09,0.0,0.0,0.0,0.0,0.0,0.0,78.1,109.1,93.4,78.1,109.1,8.9,0.0,1.0,0.07,0.0,0.0,0.26,-2.25,0.16,-1.09,-1.05,-0.86,0.62,-8.15,22.64,7.56,-8.15,9.52,7.83,22.0,53.0,43.0,46.0,44.0,10.0,20.57,20.8,20.61,20.57,20.8,0.08,0.0,0.23,0.04,0.0,0.09,0.08,0.0,2.25,1.1,1.05,0.86,-0.19,0.61,0.906762567,0,1,0,Slow,78,2613,0.0,0.0,0.0,0,0.0,0.0,1,87.0,1,11.85897426,0.0,0.0,0.0,,1.1824766249999994,3.4212056250000007,SectorTime outside section-specific IQR limits
P039,"Laguna_Seca, Laguna_Seca",", McLaren 720S GT3","8/25/2023, ",Lap 3,117.892,Str 7-8,11.841046,0.88,0.28,0.58,0.41,0.26,0.01,0.69,0.36,0.18,0.44,0.17,0.24,240.0,71.52,240.0,27.63,93.95,0.0,0.0,0.0,0.0,0.0,0.0,28.6,94.5,55.8,28.6,94.5,20.7,0.0,0.0,0.0,0.0,0.0,0.0,-1.59,0.0,-0.43,0.0,-1.59,0.52,-7.44,50.16,11.31,40.26,11.08,20.36,10.0,89.0,52.0,23.0,65.0,28.0,16.98,16.98,16.98,16.98,16.98,0.0,0.0,0.0,0.0,0.0,0.0,0.0,0.0,1.59,0.43,0.0,1.59,1.59,0.52,1.068181662,0,1,0,Slow,78,2613,0.0,0.0,0.0,0,0.0,0.0,2,324.0,1,-20.14957281,0.0,0.0,0.0,,1.1824766249999994,3.4212056250000007,SectorTime outside section-specific IQR limits
P038,"Laguna_Seca, Laguna_Seca",", McLaren 720S GT3","8/25/2023, ",Lap 2,92.712,Str 7-8,3.704832,1.35,0.76,1.35,1.22,0.35,0.09,1.29,0.64,0.27,0.51,0.19,0.31,77.48,33.32,77.48,45.62,18.32,0.0,0.0,0.0,0.0,0.0,0.0,75.3,134.1,104.8,75.3,134.1,18.1,0.0,1.0,0.42,1.0,1.0,0.5,-3.97,0.8,-1.53,-2.67,-2.76,1.22,-36.48,23.55,-4.04,-36.48,21.72,17.59,80.0,100.0,98.0,80.0,100.0,5.0,17.12,18.22,17.53,17.12,18.22,0.27,0.02,1.08,0.41,0.0,0.0,0.29,0.0,3.97,1.58,2.67,2.76,0.09,1.13,-0.611377351,0,1,1,Fast,78,2613,0.0,0.0,0.0,0,0.0,0.0,1,217.0,6,43.48290624,3.636363636,0.06,0.0,,1.1824766249999994,3.4212056250000007,SectorTime outside section-specific IQR limits
P035,"Laguna_Seca, Laguna_Seca",", McLaren 720S GT3","8/25/2023, ",Lap 1,115.134,Str 7-8,6.353344,0.96,0.39,0.47,0.94,0.23,0.02,0.72,0.41,0.71,0.02,0.24,0.26,45.9,19.63,42.47,45.9,11.47,0.0,0.0,0.0,0.0,0.0,0.0,73.1,113.8,100.2,73.1,113.7,12.7,0.0,1.0,0.13,1.0,1.0,0.33,-2.75,0.04,-1.02,-2.08,-2.75,0.67,-16.05,23.94,0.06,-13.51,20.98,10.42,19.0,77.0,57.0,77.0,25.0,20.0,17.86,18.22,17.93,17.86,18.22,0.05,0.02,0.33,0.06,0.0,0.03,0.09,0.0,2.75,1.02,2.08,2.75,0.68,0.67,0.884217256,0,0,0,Slow,78,2613,0.0,0.0,0.0,0,0.0,0.0,1,97.5,6,31.517094,0.0,0.0,0.0,,1.1824766249999994,3.4212056250000007,SectorTime outside section-specific IQR limits
P035,"Laguna_Seca, Laguna_Seca",", McLaren 720S GT3","8/25/2023, ",Lap 5,104.709,Str 7-8,3.502699,1.75,0.47,0.58,0.72,0.32,0.0,0.71,0.24,0.11,0.07,0.2,7.95,137.68,45.08,84.82,32.06,39.54,0.0,0.0,0.0,0.0,0.0,0.0,53.1,85.5,71.3,53.1,85.5,12.3,0.0,1.0,0.18,1.0,0.0,0.38,-8.08,13.99,0.17,11.75,-1.04,4.36,-20.23,68.21,12.5,-20.23,16.2,14.5,15.0,80.0,35.0,55.0,16.0,18.0,24.15,24.85,24.79,24.15,24.85,0.16,0.02,2.33,0.64,2.33,0.4,0.22,0.0,8.08,1.15,0.0,1.04,1.04,1.31,0.188847807,0,0,0,Slow,78,2613,0.0,0.0,0.0,0,0.0,0.0,0,240.0,15,-10.09615424,0.0,0.0,0.0,,1.1824766249999994,3.4212056250000007,SectorTime outside section-specific IQR limits
P034,"Laguna_Seca, Laguna_Seca",", McLaren 720S GT3","8/25/2023, ",Lap 4,99.764,Str 7-8,4.94239,1.38,0.62,0.76,1.37,0.37,0.05,1.08,0.65,0.63,0.1,0.2,0.09,71.04,31.69,66.25,42.13,21.73,0.0,0.0,0.0,0.0,0.0,0.0,69.5,133.9,103.4,69.5,133.9,20.1,0.0,1.0,0.43,1.0,1.0,0.5,-3.28,0.38,-1.57,-2.99,-2.37,1.12,-27.32,28.63,-1.54,-22.81,19.59,16.02,14.0,100.0,98.0,100.0,14.0,10.0,17.54,18.71,18.11,17.54,18.71,0.22,0.02,1.17,0.58,0.73,0.6,0.22,0.0,3.28,1.59,2.99,2.37,-0.62,1.1,-0.140994104,0,0,1,Fast,78,2613,133.0,7.41,-436.6306797,133,0.0,0.0,1,132.6666667,6,37.92735039,0.0,0.0,0.0,,1.1824766249999994,3.4212056250000007,SectorTime outside section-specific IQR limits
P033,"Laguna_Seca, Laguna_Seca",", McLaren 720S GT3","8/25/2023, ",Lap 1,126.422,Str 7-8,3.812264,0.54,0.24,0.22,0.54,0.12,0.0,0.46,0.15,0.45,0.09,0.15,0.24,30.29,14.5,17.97,30.29,6.62,0.0,0.0,0.0,0.0,0.0,0.0,71.0,87.7,83.4,71.0,87.7,4.2,0.0,0.0,0.0,0.0,0.0,0.0,-1.4,-0.11,-0.65,-0.76,-1.39,0.31,-11.03,14.87,-3.17,-5.93,14.35,5.98,5.0,50.0,23.0,49.0,23.0,13.0,20.58,20.58,20.58,20.58,20.58,0.0,0.0,1.2,0.01,1.2,0.0,0.11,0.11,1.4,0.65,0.76,1.39,0.63,0.31,1.637150621,0,0,0,Slow,78,2613,0.0,0.0,0.0,0,0.0,0.0,1,85.5,6,14.31623923,0.0,0.0,0.0,,1.1824766249999994,3.4212056250000007,SectorTime outside section-specific IQR limits
P033,"Laguna_Seca, Laguna_Seca",", McLaren 720S GT3","8/25/2023, ",Lap 4,116.472,Str 7-8,5.605716,0.99,0.34,0.5,0.99,0.27,0.09,1.18,0.56,0.17,0.27,0.32,0.15,94.28,32.47,94.2,33.3,27.93,0.0,0.0,0.0,0.0,0.0,0.0,42.2,113.6,79.2,42.2,113.6,25.7,0.0,1.0,0.08,0.0,0.0,0.27,-2.81,0.24,-0.81,0.0,-1.65,0.81,-23.35,19.5,-2.87,-23.15,16.23,12.39,20.0,100.0,70.0,20.0,48.0,32.0,12.42,12.7,12.63,12.42,12.7,0.12,0.0,0.28,0.21,0.0,0.28,0.12,0.0,2.81,0.82,0.0,1.65,1.65,0.8,0.973464673,0,0,0,Slow,78,2613,0.0,0.0,0.0,0,0.0,0.0,3,176.5833333,7,30.82264949,0.0,0.0,0.0,,1.1824766249999994,3.4212056250000007,SectorTime outside section-specific IQR limits
P033,"Laguna_Seca, Laguna_Seca",", McLaren 720S GT3","8/25/2023, ",Lap 6,103.129,Str 7-8,3.634726,0.69,0.41,0.65,0.43,0.2,0.01,0.54,0.22,0.54,0.28,0.16,0.42,58.48,23.11,58.48,22.98,12.79,0.0,0.0,0.0,0.0,0.0,0.0,69.5,94.4,84.8,69.5,94.4,6.2,0.0,1.0,0.08,1.0,0.0,0.27,-2.66,-0.11,-0.99,-2.66,-1.1,0.56,-19.7,14.93,3.58,-19.7,9.78,10.95,14.0,60.0,33.0,60.0,43.0,13.0,15.54,15.78,15.77,15.54,15.78,0.04,0.02,0.52,0.24,0.52,0.19,0.1,0.11,2.66,0.99,2.66,1.1,-1.56,0.56,0.083458481,0,0,1,Fast,78,2613,0.0,0.0,0.0,0,0.0,0.0,1,98.83333333,6,22.75641023,0.0,0.0,0.0,,1.1824766249999994,3.4212056250000007,SectorTime outside section-specific IQR limits
P032,"Laguna_Seca, Laguna_Seca",", McLaren 720S GT3","8/25/2023, ",Lap 1,118.607,Str 7-8,3.675381,1.07,0.48,0.3,0.86,0.25,0.06,0.96,0.59,0.09,0.29,0.24,0.77,62.51,27.85,62.41,37.67,15.81,0.0,0.0,0.0,0.0,0.0,0.0,58.1,122.2,94.3,58.1,122.2,20.0,0.0,1.0,0.19,1.0,1.0,0.39,-2.66,0.03,-1.29,-2.63,-2.28,0.78,-35.56,21.23,-3.03,-24.97,15.0,12.97,45.0,100.0,82.0,65.0,45.0,14.0,18.22,18.74,18.41,18.22,18.74,0.15,0.02,0.53,0.21,0.05,0.21,0.18,0.0,2.66,1.29,2.63,2.28,-0.35,0.78,1.115873668,0,0,0,Slow,78,2613,161.0,6.44,-189.6122015,161,0.0,0.0,1,150.3333333,12,31.30341887,0.0,0.0,0.0,,1.1824766249999994,3.4212056250000007,SectorTime outside section-specific IQR limits
P032,"Laguna_Seca, Laguna_Seca",", McLaren 720S GT3","8/25/2023, ",Lap 5,99.937,Str 7-8,3.866839,0.88,0.33,0.06,0.88,0.29,0.22,1.03,0.57,0.34,0.53,0.16,0.13,40.32,17.81,10.91,33.9,12.94,0.0,0.0,0.0,0.0,0.0,0.0,53.6,120.6,83.9,53.6,120.6,20.3,0.0,1.0,0.17,0.0,0.0,0.38,-2.4,0.65,-0.86,-0.54,-1.93,0.92,-7.24,18.66,4.92,-2.48,18.08,7.83,61.0,100.0,93.0,61.0,89.0,11.0,14.25,14.83,14.37,14.25,14.83,0.2,0.0,0.84,0.12,0.84,0.0,0.25,0.0,2.4,0.93,0.54,1.93,1.39,0.84,-0.12945464,0,0,1,Fast,78,2613,161.0,7.16,-635.50958,161,0.0,0.0,1,84.66666667,13,13.08760677,0.0,0.0,0.0,,1.1824766249999994,3.4212056250000007,SectorTime outside section-specific IQR limits
P030,"Laguna_Seca, Laguna_Seca",", McLaren 720S GT3","8/25/2023, ",Lap 4,126.807,Str 7-8,4.266018,1.23,0.38,0.08,0.86,0.31,0.01,1.09,0.53,0.06,0.45,0.27,0.0,47.44,27.7,5.7,23.6,14.69,0.0,0.0,0.0,0.0,0.0,0.0,30.9,114.2,68.7,30.9,114.2,26.8,0.0,1.0,0.19,0.0,0.0,0.4,-2.39,0.65,-0.73,0.0,-0.92,0.95,-14.18,24.64,0.75,-0.28,11.28,11.58,25.0,100.0,91.0,25.0,77.0,18.0,16.27,17.1,16.42,16.27,17.1,0.28,0.0,0.83,0.15,0.0,0.12,0.28,0.0,2.39,0.77,0.0,0.92,0.92,0.9,1.662830932,0,0,0,Slow,78,2613,143.0,6.69,-499.9679153,143,0.0,0.0,1,182.8666667,12,8.311965624,0.0,0.0,0.0,,1.1824766249999994,3.4212056250000007,SectorTime outside section-specific IQR limits
P030,"Laguna_Seca, Laguna_Seca",", McLaren 720S GT3","8/25/2023, ",Lap 5,129.392,Str 7-8,3.502522,2.96,0.65,0.08,0.19,0.66,0.0,3.6,0.31,0.05,0.28,0.43,0.37,161.3,64.95,140.08,7.0,51.83,0.0,0.0,0.0,0.0,0.0,0.0,75.9,97.4,83.2,84.3,97.4,6.0,0.0,1.0,0.53,1.0,0.0,0.5,-10.78,13.24,-0.03,12.0,-0.2,6.08,-68.97,38.06,-10.52,-9.81,-3.65,27.78,0.0,80.0,41.0,29.0,43.0,22.0,13.0,14.85,14.32,13.0,14.85,0.61,0.02,1.83,1.32,0.0,0.0,0.6,0.0,10.78,2.19,0.0,0.2,0.2,3.29,1.835255874,0,0,0,Slow,78,2613,0.0,0.0,0.0,0,160.625,89.743,2,561.1666667,12,36.2179494,0.0,0.0,0.0,,1.1824766249999994,3.4212056250000007,SectorTime outside section-specific IQR limits
P027,"Laguna_Seca, Laguna_Seca",", McLaren 720S GT3","8/25/2023, ",Lap 4,118.134,Str 7-8,5.694851,0.98,0.35,0.55,0.98,0.25,0.16,1.03,0.64,0.47,0.16,0.19,0.2,60.19,22.4,60.19,32.4,17.87,0.0,0.0,0.0,0.0,0.0,0.0,59.7,127.2,95.4,59.7,127.2,21.2,0.0,1.0,0.15,1.0,0.0,0.36,-2.6,0.16,-1.11,-2.6,-1.8,0.86,-18.13,17.49,-2.29,-18.13,17.49,10.48,35.0,100.0,88.0,53.0,35.0,19.0,22.53,22.95,22.92,22.53,22.95,0.09,0.02,0.43,0.4,0.15,0.12,0.09,0.0,2.6,1.12,2.6,1.8,-0.79,0.84,1.084323572,0,0,0,Slow,78,2613,0.0,0.0,0.0,0,0.0,0.0,1,95.83333333,4,29.59401698,0.0,0.0,0.0,,1.1824766249999994,3.4212056250000007,SectorTime outside section-specific IQR limits
P025,"Laguna_Seca, Laguna_Seca",", McLaren 720S GT3","8/25/2023, ",Lap 1,114.647,Str 7-8,4.514506,1.04,0.49,0.96,0.51,0.28,0.11,0.69,0.48,0.31,0.11,0.12,0.26,84.43,30.3,84.43,26.2,22.69,0.0,0.0,0.0,0.0,0.0,0.0,66.8,119.1,94.5,66.8,119.1,16.4,0.0,1.0,0.22,1.0,0.0,0.42,-3.51,0.56,-1.35,-3.51,-1.64,0.99,-30.19,12.51,-10.0,-28.71,12.51,10.6,45.0,76.0,66.0,45.0,56.0,7.0,19.83,20.5,20.43,19.83,20.5,0.17,0.02,1.26,0.6,1.26,0.2,0.17,0.0,3.51,1.38,3.51,1.64,-1.87,0.95,0.85173333,0,0,0,Slow,78,2613,134.0,6.41,-179.4016169,134,0.0,0.0,1,122.3333333,6,36.2179486,0.0,0.0,0.0,,1.1824766249999994,3.4212056250000007,SectorTime outside section-specific IQR limits
P023,"Laguna_Seca, Laguna_Seca",", McLaren 720S GT3","8/25/2023, ",Lap 2,104.682,Str 7-8,3.906554,1.23,0.47,0.12,0.9,0.36,0.04,0.89,0.54,0.72,0.33,0.21,0.07,45.55,18.93,8.2,35.11,12.46,0.0,0.0,0.0,0.0,0.0,0.0,84.6,132.5,112.7,84.6,132.5,14.3,0.0,1.0,0.15,0.0,1.0,0.35,-3.05,0.14,-1.07,-0.36,-2.06,0.81,-7.35,25.52,3.49,-3.28,14.07,10.36,50.0,100.0,89.0,100.0,69.0,16.0,15.58,15.96,15.69,15.58,15.96,0.15,0.0,0.78,0.11,0.78,0.17,0.16,0.0,3.05,1.07,0.36,2.06,1.7,0.81,0.18704685,0,1,0,Slow,78,2613,185.0,7.26,-280.037505,185,0.0,0.0,1,115.5,8,17.62820513,0.0,0.0,0.0,,1.1824766249999994,3.4212056250000007,SectorTime outside section-specific IQR limits
P023,"Laguna_Seca, Laguna_Seca",", McLaren 720S GT3","8/25/2023, ",Lap 5,101.302,Str 7-8,4.457739,1.2,0.55,0.68,1.12,0.37,0.05,0.93,0.63,0.63,0.49,0.18,0.04,42.1,23.79,38.56,36.59,14.91,0.0,0.0,0.0,0.0,0.0,0.0,76.0,132.8,107.9,76.0,132.8,16.4,0.0,1.0,0.41,0.0,1.0,0.49,-2.42,0.08,-1.27,-1.6,-2.03,0.93,-18.1,22.87,3.92,-18.1,20.51,12.61,66.0,100.0,94.0,100.0,99.0,10.0,18.32,19.39,18.54,18.32,19.39,0.33,0.0,1.07,0.22,0.24,0.7,0.34,0.0,2.42,1.28,1.6,2.03,0.43,0.92,-0.038406266,0,0,1,Fast,78,2613,0.0,0.0,0.0,0,0.0,0.0,2,95.0,13,26.49572646,0.0,0.0,0.0,,1.1824766249999994,3.4212056250000007,SectorTime outside section-specific IQR limits
P020,"Laguna_Seca, Laguna_Seca",", McLaren 720S GT3","8/24/2023, ",Lap 2,127.239,Str 7-8,4.018817,0.43,0.16,0.43,0.15,0.11,0.01,0.9,0.39,0.13,0.3,0.23,0.35,66.98,16.85,66.98,9.6,16.82,0.0,0.0,0.0,0.0,0.0,0.0,46.8,98.6,71.6,46.8,98.6,18.0,0.0,0.0,0.0,0.0,0.0,0.0,-1.21,0.0,-0.41,0.0,-0.68,0.33,-19.01,4.13,-4.67,-19.01,3.3,5.91,25.0,79.0,61.0,54.0,49.0,17.0,9.37,9.37,9.37,9.37,9.37,0.0,0.0,0.0,0.0,0.0,0.0,0.0,0.0,1.21,0.41,0.0,0.68,0.68,0.33,1.691646241,0,1,0,Slow,78,2613,171.0,15.85,-240.2640603,171,0.0,0.0,1,123.0,8,16.18589739,0.0,0.0,0.0,,1.1824766249999994,3.4212056250000007,SectorTime outside section-specific IQR limits
P020,"Laguna_Seca, Laguna_Seca",", McLaren 720S GT3","8/24/2023, ",Lap 3,114.199,Str 7-8,3.983436,0.82,0.45,0.82,0.51,0.17,0.15,0.3,0.24,0.15,0.25,0.04,0.04,68.21,37.98,68.21,26.85,17.65,0.0,0.0,0.0,0.0,0.0,0.0,55.9,89.7,71.5,55.9,89.7,10.0,0.0,1.0,0.31,0.0,0.0,0.46,-2.57,-0.08,-1.56,-1.92,-1.2,0.63,-21.61,14.3,-7.7,-19.31,13.23,12.47,23.0,47.0,36.0,26.0,44.0,7.0,18.85,20.08,19.78,18.85,20.08,0.44,0.0,1.72,0.94,1.72,1.1,0.44,0.08,2.57,1.56,1.92,1.2,-0.72,0.63,0.821850787,0,1,0,Slow,78,2613,0.0,0.0,0.0,0,0.0,0.0,1,127.3333333,7,22.32905965,0.0,0.0,0.0,,1.1824766249999994,3.4212056250000007,SectorTime outside section-specific IQR limits
P020,"Laguna_Seca, Laguna_Seca",", McLaren 720S GT3","8/24/2023, ",Lap 6,104.002,Str 7-8,3.639113,0.81,0.31,0.8,0.67,0.2,0.09,0.39,0.3,0.2,0.2,0.09,0.55,87.65,23.39,87.65,36.01,16.88,0.0,0.0,0.0,0.0,0.0,0.0,56.9,96.3,77.9,56.9,96.3,12.6,0.0,1.0,0.05,1.0,0.0,0.21,-3.08,0.13,-1.0,-3.08,-1.84,0.56,-30.0,15.19,-4.0,-30.0,15.19,10.34,20.0,54.0,45.0,31.0,36.0,10.0,19.48,19.62,19.61,19.48,19.62,0.02,0.02,0.51,0.15,0.51,0.0,0.19,0.0,3.08,1.0,3.08,1.84,-1.24,0.56,0.141689419,0,0,1,Fast,78,2613,0.0,0.0,0.0,0,0.0,0.0,1,139.1666667,8,31.94444419,0.0,0.0,0.0,,1.1824766249999994,3.4212056250000007,SectorTime outside section-specific IQR limits
P019,"Laguna_Seca, Laguna_Seca",", McLaren 720S GT3","8/24/2023, ",Lap 4,111.554,Str 7-8,4.149981,2.64,0.68,1.42,0.67,0.5,0.04,1.27,0.56,0.36,0.15,0.23,0.15,90.51,35.1,89.37,31.36,22.93,0.0,0.0,0.0,0.0,0.0,0.0,68.3,123.9,93.6,68.3,123.9,18.7,0.0,1.0,0.27,0.58,0.0,0.45,-3.52,8.84,-0.17,-1.87,-1.86,2.69,-69.76,26.91,-6.55,-69.76,13.8,21.96,24.0,100.0,87.0,59.0,24.0,12.0,18.17,18.98,18.75,18.17,18.98,0.3,0.0,0.82,0.59,0.0,0.0,0.3,0.0,3.52,1.04,1.87,1.86,-0.01,0.91,0.645423718,0,0,0,Slow,78,2613,147.0,10.12,-495.0091528,147,0.0,0.0,3,415.0,6,34.18803386,0.0,0.0,0.0,,1.1824766249999994,3.4212056250000007,SectorTime outside section-specific IQR limits
P017,"Laguna_Seca, Laguna_Seca",", McLaren 720S GT3","24/08/2023, ",Lap 5,118.059,Str 7-8,9.022,0.46,0.14,0.08,0.26,0.11,0.01,0.61,0.36,0.44,0.04,0.21,0.07,17.62,9.28,13.82,11.24,4.98,0.0,0.0,0.0,0.0,0.0,0.0,52.0,97.1,81.3,52.0,96.7,14.7,0.0,0.0,0.0,0.0,0.0,0.0,-0.88,-0.07,-0.46,-0.78,-0.48,0.24,-3.77,10.3,2.13,3.12,5.87,3.78,0.0,87.0,52.0,63.0,0.0,28.0,22.2,22.2,22.2,22.2,22.2,0.0,0.0,0.37,0.0,0.37,0.0,0.03,0.07,0.88,0.46,0.78,0.48,-0.3,0.24,1.079320914,0,0,0,Slow,78,2613,0.0,0.0,0.0,0,0.0,0.0,2,61.33333333,4,1.49572661,0.0,0.0,0.0,,1.1824766249999994,3.4212056250000007,SectorTime outside section-specific IQR limits
P017,"Laguna_Seca, Laguna_Seca",", McLaren 720S GT3","24/08/2023, ",Lap 6,124.589,Str 7-8,13.932,0.57,0.19,0.2,0.45,0.17,0.0,0.95,0.37,0.19,0.43,0.17,0.07,240.0,79.32,240.0,24.85,102.68,0.0,0.0,0.0,0.0,0.0,0.0,16.0,92.9,48.5,16.0,92.9,23.2,0.0,0.0,0.0,0.0,0.0,0.0,-1.41,0.0,-0.28,0.0,-1.28,0.45,-41.55,11.24,-8.76,-23.01,9.86,16.08,33.0,85.0,56.0,35.0,62.0,20.0,16.88,16.88,16.88,16.88,16.88,0.0,0.0,0.7,0.0,0.7,0.0,0.04,0.0,1.41,0.28,0.0,1.28,1.28,0.45,1.514885662,0,0,0,Slow,78,2613,132.0,14.03,-813.7605701,132,240.0,87.692,3,294.6,5,33.71031702,0.0,0.0,0.0,,1.1824766249999994,3.4212056250000007,SectorTime outside section-specific IQR limits
P012,"Laguna_Seca, Laguna_Seca",", McLaren 720S GT3","24/08/2023, ",Lap 4,104.324,Str 7-8,9.644,1.01,0.41,0.31,1.01,0.27,0.12,0.98,0.67,0.92,0.21,0.19,0.18,40.19,18.49,21.22,35.29,10.74,0.0,4.0,0.0,0.0,0.0,1.0,74.0,135.0,108.6,74.0,135.0,17.7,0.0,1.0,0.17,0.0,0.28,0.38,-2.5,0.19,-1.02,-0.86,-2.02,0.75,-8.65,21.55,3.09,-8.32,21.55,9.0,84.0,100.0,92.0,100.0,85.0,7.0,17.23,17.68,17.32,17.23,17.68,0.13,0.0,0.45,0.09,0.18,0.12,0.13,0.0,2.5,1.02,0.86,2.02,1.15,0.75,0.163167496,0,0,0,Slow,78,2613,0.0,0.0,0.0,0,0.0,0.0,1,112.0,5,21.68803418,7.25,0.18,0.09,,1.1824766249999994,3.4212056250000007,SectorTime outside section-specific IQR limits
P011,"Laguna_Seca, Laguna_Seca",", McLaren 720S GT3","24/08/2023, ",Lap 6,99.917,Str 7-8,9.886,0.92,0.45,0.25,0.92,0.19,0.11,1.13,0.68,0.9,0.5,0.2,0.55,41.29,21.28,22.18,37.48,9.42,0.0,0.0,0.0,0.0,0.0,0.0,76.4,135.6,109.3,76.4,135.6,16.8,0.0,1.0,0.16,0.0,1.0,0.36,-2.61,0.51,-1.12,-1.17,-2.34,0.73,-13.3,20.22,0.24,-7.45,17.02,10.31,100.0,100.0,100.0,100.0,100.0,0.0,20.47,20.88,20.55,20.47,20.88,0.11,0.0,0.4,0.08,0.0,0.14,0.11,0.0,2.61,1.14,1.17,2.34,1.17,0.7,-0.130788682,0,0,1,Fast,78,2613,161.0,8.92,-629.4679018,161,0.0,0.0,1,143.8333333,12,25.0,0.0,0.0,0.0,,1.1824766249999994,3.4212056250000007,SectorTime outside section-specific IQR limits
P009,"Laguna_Seca, Laguna_Seca",", McLaren 720S GT3","24/08/2023, ",Lap 5,128.887,Str 7-8,4.443,0.52,0.16,0.45,0.49,0.17,0.05,0.79,0.4,0.25,0.32,0.25,0.02,108.9,24.69,108.9,30.46,33.38,0.0,27.0,1.0,0.0,27.0,5.0,40.3,102.3,64.3,40.6,101.0,20.5,0.0,0.0,0.0,0.0,0.0,0.0,-1.77,0.24,-0.21,0.0,-1.77,0.37,-25.44,12.2,-5.65,-24.3,12.2,9.32,8.0,93.0,53.0,8.0,24.0,35.0,19.18,19.18,19.18,19.18,19.18,0.0,0.0,0.0,0.0,0.0,0.0,0.0,0.0,1.77,0.22,0.0,1.77,1.77,0.37,1.801571311,0,0,0,Slow,78,2613,0.0,0.0,0.0,0,0.0,0.0,3,184.0,6,27.52136751,0.0,0.0,0.0,,1.1824766249999994,3.4212056250000007,SectorTime outside section-specific IQR limits
P008,"Laguna_Seca, Laguna_Seca",", McLaren 720S GT3","24/08/2023, ",Lap 4,130.592,Str 7-8,22.32,0.84,0.26,0.01,0.83,0.22,0.31,1.15,0.76,0.62,0.63,0.16,0.75,31.93,17.02,16.91,28.86,7.81,0.0,0.0,0.0,0.0,0.0,0.0,41.9,129.2,86.7,41.9,129.2,26.7,0.0,0.0,0.0,0.0,0.0,0.0,-1.9,0.16,-0.86,0.0,-1.73,0.62,-9.96,17.57,-0.6,-1.1,14.46,7.16,100.0,100.0,100.0,100.0,100.0,0.0,21.03,21.03,21.03,21.03,21.03,0.0,0.0,0.0,0.0,0.0,0.0,0.0,0.0,1.9,0.86,0.0,1.73,1.73,0.62,1.915298401,0,0,0,Slow,78,2613,164.0,12.3,-497.9587967,164,0.0,0.0,1,92.83333333,13,16.66666672,0.0,0.0,0.0,,1.1824766249999994,3.4212056250000007,SectorTime outside section-specific IQR limits
P007,"Laguna_Seca, Laguna_Seca",", McLaren 720S GT3","24/08/2023, ",Lap 3,101.304,Str 7-8,4.97,0.99,0.35,0.04,0.89,0.34,0.01,1.03,0.69,0.4,0.57,0.22,0.02,42.36,15.65,12.66,31.4,12.77,0.0,0.0,0.0,0.0,0.0,0.0,55.6,129.0,94.3,55.6,129.0,23.1,0.0,1.0,0.11,0.0,0.0,0.32,-2.51,0.38,-0.83,-0.22,-1.8,0.82,0.05,21.23,6.78,2.18,12.72,6.14,59.0,99.0,97.0,59.0,99.0,8.0,18.0,18.35,18.07,18.0,18.35,0.13,0.0,0.35,0.07,0.0,0.33,0.13,0.0,2.51,0.85,0.22,1.8,1.58,0.79,-0.038272862,0,1,1,Fast,78,2613,0.0,0.0,0.0,0,0.0,0.0,1,82.16666667,7,7.692307741,0.0,0.0,0.0,,1.1824766249999994,3.4212056250000007,SectorTime outside section-specific IQR limits
P007,"Laguna_Seca, Laguna_Seca",", McLaren 720S GT3","24/08/2023, ",Lap 4,100.904,Str 7-8,4.759,1.6,0.67,0.47,1.24,0.38,0.19,0.99,0.69,0.78,0.42,0.19,0.46,58.43,35.35,58.43,34.25,14.85,0.0,0.0,0.0,0.0,0.0,0.0,58.6,128.2,98.1,58.6,128.2,21.4,0.0,1.0,0.46,1.0,0.0,0.5,-3.37,0.17,-1.83,-2.77,-1.58,0.93,-16.48,29.97,1.49,-16.48,19.24,16.49,94.0,100.0,99.0,98.0,97.0,2.0,19.98,21.3,20.48,19.98,21.3,0.35,0.02,1.33,0.51,0.18,0.0,0.35,0.0,3.37,1.83,2.77,1.58,-1.2,0.93,-0.064953704,0,0,1,Fast,78,2613,159.0,6.29,-573.906084,159,0.0,0.0,1,145.0,5,30.55555549,0.0,0.0,0.0,,1.1824766249999994,3.4212056250000007,SectorTime outside section-specific IQR limits
P007,"Laguna_Seca, Laguna_Seca",", McLaren 720S GT3","24/08/2023, ",Lap 5,95.482,Str 7-8,3.561,1.57,0.89,0.91,1.35,0.39,0.16,1.11,0.62,0.65,0.43,0.18,0.53,58.84,37.84,58.84,37.01,14.64,0.0,0.0,0.0,0.0,0.0,0.0,80.8,134.0,110.8,80.8,134.0,16.4,0.0,1.0,0.62,1.0,0.0,0.49,-2.98,0.38,-2.0,-2.78,-1.98,0.98,-24.18,28.7,4.98,-22.42,20.66,18.63,96.0,100.0,98.0,100.0,96.0,1.0,21.17,22.75,21.77,21.17,22.75,0.46,0.02,2.01,0.61,2.01,1.15,0.49,0.0,2.98,2.01,2.78,1.98,-0.8,0.96,-0.426612519,0,0,1,Fast,78,2613,202.0,8.99,-666.6111392,202,0.0,0.0,1,141.0,9,32.26495723,0.0,0.0,0.0,,1.1824766249999994,3.4212056250000007,SectorTime outside section-specific IQR limits
P005,"Laguna_Seca, Laguna_Seca",", McLaren 720S GT3","24/08/2023, ",Lap 2,131.769,Str 7-8,8.996,0.68,0.13,0.08,0.68,0.18,0.01,0.69,0.4,0.4,0.34,0.13,0.07,31.97,7.78,15.19,31.97,9.47,0.0,0.0,0.0,0.0,0.0,0.0,57.1,107.0,83.6,57.1,107.0,15.1,0.0,0.0,0.0,0.0,0.0,0.0,-1.7,0.33,-0.35,-0.9,-1.68,0.63,-2.84,13.69,2.66,3.55,13.34,4.34,41.0,84.0,63.0,46.0,57.0,12.0,21.15,21.15,21.15,21.15,21.15,0.0,0.0,0.0,0.0,0.0,0.0,0.0,0.0,1.7,0.41,0.9,1.68,0.78,0.58,1.993806779,0,1,0,Slow,78,2613,0.0,0.0,0.0,0,0.0,0.0,5,62.66666667,7,8.440170973,0.0,0.0,0.0,,1.1824766249999994,3.4212056250000007,SectorTime outside section-specific IQR limits
P005,"Laguna_Seca, Laguna_Seca",", McLaren 720S GT3","24/08/2023, ",Lap 3,111.009,Str 7-8,8.471,1.48,0.42,0.7,1.31,0.49,0.09,0.94,0.47,0.6,0.31,0.18,0.09,51.15,15.27,20.68,38.05,17.91,0.0,0.0,0.0,0.0,0.0,0.0,92.5,132.3,115.4,92.5,132.3,12.5,0.0,1.0,0.28,0.0,1.0,0.45,-3.11,0.22,-0.83,-0.3,-2.06,1.17,-11.85,26.84,5.3,-11.85,17.16,10.66,30.0,99.0,85.0,99.0,68.0,21.0,24.03,24.71,24.13,24.03,24.71,0.18,0.0,1.65,0.1,1.65,0.0,0.24,0.0,3.11,0.87,0.3,2.06,1.77,1.14,0.609071071,0,1,0,Slow,78,2613,190.0,7.23,-390.4928528,190,0.0,0.0,2,88.0,5,22.43589744,0.0,0.0,0.0,,1.1824766249999994,3.4212056250000007,SectorTime outside section-specific IQR limits
P005,"Laguna_Seca, Laguna_Seca",", McLaren 720S GT3","24/08/2023, ",Lap 4,103.027,Str 7-8,8.741,1.27,0.7,0.34,0.97,0.36,0.32,0.61,0.48,0.6,0.47,0.07,7.14,50.41,26.41,20.27,24.27,11.92,0.0,0.0,0.0,0.0,0.0,0.0,98.7,137.0,119.4,98.7,137.0,10.8,0.0,1.0,0.23,0.0,0.0,0.42,-3.03,-0.37,-1.51,-1.16,-1.29,0.77,2.48,28.04,12.2,8.22,12.64,6.25,82.0,100.0,91.0,100.0,91.0,5.0,22.25,22.8,22.51,22.25,22.8,0.25,0.0,1.22,0.26,1.22,0.2,0.28,0.37,3.03,1.51,1.16,1.29,0.14,0.77,0.076654866,0,0,1,Fast,78,2613,0.0,0.0,0.0,0,0.0,0.0,0,87.0,6,0.961538462,0.0,0.0,0.0,,1.1824766249999994,3.4212056250000007,SectorTime outside section-specific IQR limits
P126,"Laguna_Seca, Laguna_Seca",", McLaren 720S GT3","19/10/2024, ",Lap 3,121.247,Str 8-9,10.174,0.0,33.0,2.0,0.0,7.0,7.0,2.1,113.3,43.2,74.8,109.8,31.7,-1.77,26.31,1.39,24.95,-0.98,5.95,-16.11,126.74,25.85,66.25,-15.05,36.41,0.0,100.0,47.0,0.0,8.0,46.0,1.21,0.36,0.77,0.81,0.32,0.0,0.88,0.37,0.33,0.26,0.28,0.37,240.0,132.57,240.0,24.95,101.32,0.0,1.0,0.07,1.0,0.0,0.26,24.37,25.1,25.07,24.37,25.1,0.11,0.02,2.5,0.71,2.5,0.24,0.15,0.0,1.77,0.2,0.0,0.98,0.98,0.41,1.291967226,0,1,0,Slow,120,2909,0.0,0.0,0.0,0,240.0,92.615,2,701.8181818,11,-9.897451957,0.0,0.0,0.0,,-0.17339924999999923,7.548998749999999,SectorTime outside section-specific IQR limits
P114,"Laguna_Seca, Laguna_Seca",", McLaren 720S GT3","19/10/2024, ",Lap 3,101.912,Str 8-9,8.174,0.0,100.0,26.0,0.0,0.0,39.0,19.3,124.1,53.6,124.1,74.1,29.8,-7.44,15.41,2.35,-7.44,-1.26,5.29,-67.36,42.33,-0.95,-66.61,-4.94,29.28,0.0,100.0,47.0,4.0,100.0,41.0,2.18,0.62,1.42,0.21,0.55,0.0,1.35,0.35,0.1,0.82,0.26,0.22,166.83,87.33,103.1,21.8,48.34,0.0,1.0,0.27,1.0,0.0,0.44,19.57,21.75,21.4,19.57,21.75,0.61,0.02,2.2,1.85,0.23,1.43,0.6,0.0,7.44,0.31,7.44,1.26,-6.17,0.98,0.002282018,0,1,1,Fast,120,2909,0.0,0.0,0.0,0,166.0866667,78.092,2,660.4166667,15,42.76967589,0.0,0.0,0.0,,-0.17339924999999923,7.548998749999999,SectorTime outside section-specific IQR limits
P106,"Laguna_Seca, Laguna_Seca",", McLaren 720S GT3","24/08/2024, ",Lap 11,112.16,Str 8-9,10.605,0.0,79.0,15.0,0.0,0.0,27.0,0.0,118.8,41.7,118.8,51.9,29.7,-7.52,17.09,1.7,6.63,-2.14,4.89,-28.17,144.46,29.88,33.66,12.37,46.92,0.0,69.0,27.0,54.0,46.0,27.0,2.91,0.52,1.18,0.37,0.49,0.0,1.89,0.26,0.08,0.25,0.24,0.18,173.64,89.28,55.58,44.36,54.92,0.0,1.0,0.26,1.0,1.0,0.44,25.95,28.74,28.33,25.95,28.74,0.73,0.02,3.36,2.38,3.36,1.41,0.73,0.0,7.52,0.41,0.0,2.14,2.14,1.36,0.685845194,0,1,0,Slow,120,2909,0.0,0.0,0.0,0,173.4575,84.15,1,748.7307692,15,11.95662208,2.029932484,0.28,0.15,,-0.17339924999999923,7.548998749999999,SectorTime outside section-specific IQR limits
P104,"Laguna_Seca, Laguna_Seca",", McLaren 720S GT3","24/08/2024, ",Lap 3,103.179,Str 8-9,8.726,0.0,50.0,3.0,0.0,0.0,10.0,6.7,120.1,49.9,120.1,75.6,29.6,-17.59,26.95,1.25,3.23,-2.08,7.98,-12.94,142.86,37.96,43.68,-12.82,46.29,0.0,100.0,57.0,21.0,88.0,37.0,1.99,0.49,1.08,0.46,0.48,0.0,1.77,0.3,0.05,0.58,0.28,0.44,240.0,88.19,19.67,40.87,71.86,0.0,1.0,0.3,1.0,1.0,0.46,17.54,20.1,19.68,17.54,20.1,0.69,0.02,2.55,2.15,1.7,0.04,0.69,0.0,17.59,1.44,0.0,2.08,2.08,3.88,0.086793586,0,1,1,Fast,120,2909,0.0,0.0,0.0,0,240.0,76.225,2,655.0583333,12,-42.63911897,0.0,0.0,0.0,,-0.17339924999999923,7.548998749999999,SectorTime outside section-specific IQR limits
P089,"Laguna_Seca, Laguna_Seca",", McLaren 720S GT3","22/08/2024, ",Lap 2,128.632,Str 8-9,8.025,0.0,13.0,1.0,0.0,0.0,2.0,39.0,106.9,55.6,106.9,59.9,16.6,-4.01,16.88,2.54,15.3,-2.18,6.34,-71.16,60.56,-4.55,50.89,20.72,34.58,0.0,100.0,36.0,13.0,24.0,43.0,2.7,0.65,2.23,0.62,0.62,0.0,1.29,0.16,0.19,0.08,0.19,0.79,138.52,85.02,128.16,59.63,42.91,0.0,1.0,0.33,1.0,1.0,0.47,23.74,26.33,25.36,23.74,26.33,0.52,0.02,2.58,1.62,2.12,0.59,0.51,0.0,4.01,0.52,0.0,2.18,2.18,0.98,1.784562274,0,1,0,Slow,120,2909,0.0,0.0,0.0,0,0.0,0.0,3,624.7,25,20.54861118,0.0,0.0,0.0,,-0.17339924999999923,7.548998749999999,SectorTime outside section-specific IQR limits
P074,"Laguna_Seca, Laguna_Seca",", McLaren 720S GT3","8/27/2023, ",Lap 5,126.534,Str 8-9,11.463341,0.24,0.08,0.07,0.08,0.06,0.1,1.4,0.67,0.52,1.29,0.35,0.07,7.27,2.21,0.88,3.88,1.82,0.0,76.0,18.0,0.0,73.0,30.0,134.9,170.0,153.8,134.9,136.9,10.6,0.0,0.0,0.0,0.0,0.0,0.0,-0.43,0.14,-0.12,0.01,-0.33,0.14,-2.17,4.06,0.06,-0.82,-0.7,1.56,0.0,100.0,71.0,100.0,0.0,43.0,27.77,27.77,27.77,27.77,27.77,0.0,0.0,0.37,0.0,0.37,0.0,0.23,0.0,0.43,0.13,0.0,0.33,0.33,0.12,1.644621257,0,0,0,Slow,120,2909,0.0,0.0,0.0,0,0.0,0.0,4,26.0,7,-1.666666667,8.5,0.0,0.0,,-0.17339924999999923,7.548998749999999,SectorTime outside section-specific IQR limits
P063,"Laguna_Seca, Laguna_Seca",", McLaren 720S GT3","8/26/2023, ",Lap 1,103.504,Str 8-9,14.022612,1.09,0.23,0.29,1.09,0.18,0.0,0.92,0.67,0.53,0.74,0.18,0.02,57.27,15.15,57.27,29.88,16.27,0.0,47.0,3.0,0.0,46.0,10.0,46.2,141.3,99.7,46.2,134.6,30.4,0.0,1.0,0.04,0.0,0.0,0.19,-2.32,0.44,-0.55,0.0,-1.47,0.66,-22.78,6.17,-3.39,-14.85,-22.78,7.26,7.0,100.0,93.0,79.0,8.0,20.0,19.85,20.02,20.0,19.85,20.02,0.04,0.0,0.53,0.15,0.53,0.0,0.25,0.0,2.32,0.59,0.0,1.47,1.47,0.62,0.10847177,0,0,1,Fast,120,2909,383.0,15.03,-169.7398983,383,0.0,0.0,4,149.6666667,3,-2.187499984,12.73015873,0.38,0.19,,-0.17339924999999923,7.548998749999999,SectorTime outside section-specific IQR limits
P045,"Laguna_Seca, Laguna_Seca",", McLaren 720S GT3","8/26/2023, ",Lap 4,103.384,Str 8-9,9.416449,2.35,0.57,0.77,0.19,0.43,0.0,1.68,0.28,0.01,0.57,0.26,0.0,240.0,142.2,240.0,18.48,89.75,0.0,0.0,0.0,0.0,0.0,0.0,22.9,94.9,46.4,94.9,90.2,20.6,0.0,1.0,0.22,1.0,0.0,0.42,-3.45,33.93,3.57,23.5,-1.16,9.36,-64.68,32.33,-6.37,27.9,-4.97,32.88,0.0,81.0,32.0,30.0,75.0,31.0,22.57,24.65,23.97,22.57,24.65,0.4,0.02,2.1,1.42,0.03,0.0,0.42,0.0,3.45,0.28,0.0,1.16,1.16,0.74,0.100467517,0,0,1,Fast,120,2909,0.0,0.0,0.0,0,240.0,74.757,4,878.8,11,2.251983786,0.0,0.0,0.0,,-0.17339924999999923,7.548998749999999,SectorTime outside section-specific IQR limits
P031,"Laguna_Seca, Laguna_Seca",", McLaren 720S GT3","8/25/2023, ",Lap 3,108.192,Str 8-9,15.229853,0.67,0.18,0.06,0.67,0.12,0.01,0.96,0.61,0.27,0.8,0.24,0.22,26.08,9.02,10.52,26.08,5.95,0.0,33.0,1.0,0.0,33.0,3.0,54.3,148.3,101.4,54.3,147.8,30.2,0.0,0.0,0.0,0.0,0.0,0.0,-1.7,0.5,-0.37,-0.48,-1.7,0.41,-13.78,4.87,-3.22,3.87,-13.78,3.93,28.0,100.0,98.0,96.0,28.0,8.0,16.87,16.87,16.87,16.87,16.87,0.0,0.0,2.69,0.01,2.69,0.0,0.17,0.0,1.7,0.4,0.48,1.7,1.23,0.36,0.42117124,0,1,0,Slow,120,2909,0.0,0.0,0.0,0,0.0,0.0,5,131.6666667,9,-8.402777735,0.0,0.0,0.0,,-0.17339924999999923,7.548998749999999,SectorTime outside section-specific IQR limits
P031,"Laguna_Seca, Laguna_Seca",", McLaren 720S GT3","8/25/2023, ",Lap 4,108.134,Str 8-9,15.164774,0.86,0.21,0.4,0.86,0.15,0.05,0.99,0.58,0.37,0.15,0.22,0.48,178.9,22.68,178.9,32.65,30.91,0.0,3.0,0.0,0.0,3.0,0.0,28.7,140.1,80.8,28.7,140.1,35.9,0.0,1.0,0.01,0.0,1.0,0.1,-2.11,0.07,-0.37,0.0,-2.11,0.4,-15.54,34.49,-0.85,34.49,-15.54,8.83,49.0,100.0,95.0,68.0,61.0,12.0,17.77,17.82,17.77,17.77,17.82,0.0,0.0,0.39,0.0,0.39,0.04,0.19,0.0,2.11,0.38,0.0,2.11,2.11,0.4,0.417302518,0,0,0,Slow,120,2909,0.0,0.0,0.0,0,0.0,0.0,1,218.1666667,12,-20.96527793,0.0,0.0,0.0,,-0.17339924999999923,7.548998749999999,SectorTime outside section-specific IQR limits
P015,"Laguna_Seca, Laguna_Seca",", McLaren 720S GT3","24/08/2023, ",Lap 4,110.179,Str 8-9,12.89,1.21,0.37,0.12,1.19,0.32,0.1,1.69,0.74,0.62,0.82,0.4,0.0,38.94,10.77,0.05,21.48,10.39,0.0,100.0,33.0,0.0,48.0,45.0,119.5,165.1,147.6,134.6,119.5,11.9,0.0,1.0,0.06,0.0,0.0,0.24,-2.24,0.09,-0.62,0.09,-0.69,0.58,-19.95,4.24,-4.55,-0.03,-15.66,7.26,0.0,100.0,66.0,100.0,0.0,46.0,22.67,22.85,22.69,22.67,22.85,0.05,0.0,0.18,0.02,0.0,0.09,0.23,0.0,2.24,0.62,0.0,0.69,0.69,0.58,0.553708324,0,0,0,Slow,120,2909,204.0,11.88,-512.5913249,204,0.0,0.0,2,82.5,6,-7.291666667,24.06857143,0.8,0.4,,-0.17339924999999923,7.548998749999999,SectorTime outside section-specific IQR limits
P128,"Laguna_Seca, Laguna_Seca",", McLaren 720S GT3","19/10/2024, ",Lap 7,99.599,Str 9-10,14.214,0.0,92.0,14.0,76.0,79.0,28.0,0.2,128.4,53.8,59.1,76.2,39.3,-2.73,14.79,-0.17,12.66,-2.73,1.84,-46.77,81.46,6.28,-27.24,22.22,31.5,0.0,100.0,54.0,0.0,2.0,37.0,1.5,0.45,0.88,0.76,0.34,0.01,1.39,0.43,0.15,1.05,0.27,0.05,240.0,77.76,83.74,61.28,77.15,0.0,1.0,0.08,1.0,1.0,0.26,21.35,22.4,21.8,21.35,22.4,0.23,0.02,1.05,0.47,0.0,0.27,0.22,0.0,2.73,0.41,0.0,2.73,2.73,0.67,-0.151999951,0,1,1,Fast,211,3231,141.0,9.3,-689.698341,141,240.0,77.404,2,849.9542857,29,13.73280522,5.0,0.0,0.0,,0.23558312500000023,8.622650125,SectorTime outside section-specific IQR limits
P126,"Laguna_Seca, Laguna_Seca",", McLaren 720S GT3","19/10/2024, ",Lap 10,95.47,Str 9-10,10.762,0.0,61.0,8.0,0.0,48.0,18.0,17.4,132.5,70.7,104.2,84.0,36.0,-8.45,26.99,3.57,22.36,-2.34,9.3,-176.65,30.94,-27.17,-62.45,30.94,53.26,0.0,100.0,53.0,18.0,0.0,44.0,1.49,0.47,0.28,1.27,0.43,0.0,1.16,0.51,0.12,0.69,0.28,0.09,240.0,102.76,240.0,63.63,103.58,0.0,1.0,0.2,1.0,1.0,0.4,22.77,24.89,24.48,22.77,24.89,0.43,0.02,2.1,1.72,0.0,0.0,0.43,0.0,8.45,0.4,0.0,2.34,2.34,0.79,-0.427412945,0,1,1,Fast,211,3231,0.0,0.0,0.0,0,240.0,75.86,2,530.6428571,11,5.356202324,2.833333333,0.06,0.03,,0.23558312500000023,8.622650125,SectorTime outside section-specific IQR limits
P124,"Laguna_Seca, Laguna_Seca",", McLaren 720S GT3","19/10/2024, ",Lap 8,104.517,Str 9-10,8.834,0.0,100.0,17.0,0.0,45.0,33.0,12.9,150.3,87.3,12.9,72.0,41.9,-2.16,0.32,-0.35,0.0,-2.16,0.6,-21.83,23.43,-3.12,-3.38,23.43,8.73,0.0,100.0,77.0,83.0,0.0,38.0,0.81,0.18,0.04,0.81,0.15,0.04,1.56,0.69,0.26,0.84,0.33,0.0,114.15,30.69,59.85,58.17,38.35,0.0,1.0,0.02,0.0,1.0,0.13,29.67,29.82,29.67,29.67,29.82,0.01,0.0,2.77,0.01,2.77,0.13,0.14,0.0,2.16,0.37,0.0,2.16,2.16,0.58,0.176041003,0,1,0,Slow,211,3231,165.0,9.18,-812.5292481,165,0.0,0.0,8,293.9090909,13,12.43064526,0.0,0.0,0.0,,0.23558312500000023,8.622650125,SectorTime outside section-specific IQR limits
P123,"Laguna_Seca, Laguna_Seca",", McLaren 720S GT3","19/10/2024, ",Lap 2,105.707,Str 9-10,16.704,0.0,64.0,7.0,0.0,21.0,10.0,0.1,134.7,46.6,134.7,62.0,34.8,-3.15,17.69,1.49,4.61,-3.15,4.02,-46.82,188.25,1.41,-18.55,26.99,44.27,0.0,85.0,42.0,77.0,7.0,23.0,17.51,0.55,0.78,0.86,0.99,0.0,43.93,0.4,0.02,0.46,2.4,0.44,225.71,115.41,30.64,81.46,70.27,0.0,1.0,0.25,1.0,1.0,0.43,23.74,27.95,26.73,23.74,27.95,0.83,0.02,4.2,2.99,0.73,0.3,0.83,0.0,3.15,0.27,0.0,3.15,3.15,0.68,0.255416508,0,1,0,Slow,211,3231,100.0,11.79,-353.1661999,100,225.296,90.599,2,1134.436364,30,9.54445325,7.214285714,0.79,0.37,,0.23558312500000023,8.622650125,SectorTime outside section-specific IQR limits
P113,"Laguna_Seca, Laguna_Seca",", McLaren 720S GT3","19/10/2024, ",Lap 12,105.62,Str 9-10,20.71,0.0,70.0,10.0,49.0,8.0,18.0,0.0,100.7,37.9,87.4,72.5,26.4,-5.23,32.42,0.9,25.85,-3.46,5.93,-59.49,86.2,3.82,-57.57,27.15,34.28,0.0,100.0,63.0,0.0,0.0,43.0,2.38,0.44,1.58,0.83,0.45,0.0,1.56,0.39,0.17,0.29,0.27,0.07,240.0,144.69,240.0,72.96,91.85,0.0,1.0,0.1,1.0,1.0,0.29,24.95,26.93,26.38,24.95,26.93,0.43,0.02,2.61,1.43,2.61,0.0,0.43,0.0,5.23,0.32,0.0,3.46,3.46,0.93,0.249613425,0,1,0,Slow,211,3231,0.0,0.0,0.0,0,0.0,0.0,6,1575.833333,11,20.86444555,6.2,1.01,0.43,,0.23558312500000023,8.622650125,SectorTime outside section-specific IQR limits
P110,"Laguna_Seca, Laguna_Seca",", McLaren 720S GT3","25/08/2024, ",Lap 11,106.43,Str 9-10,18.093,0.0,99.0,7.0,0.0,49.0,21.0,0.0,131.3,42.9,131.3,83.0,34.7,-2.91,34.42,2.94,16.96,-2.91,8.27,-183.74,37.08,-17.92,-39.31,34.33,44.05,0.0,100.0,43.0,70.0,0.0,43.0,2.02,0.48,1.24,1.21,0.44,0.0,1.62,0.36,0.06,0.57,0.25,0.11,240.0,140.07,174.61,68.0,85.97,0.0,1.0,0.16,1.0,1.0,0.36,26.05,28.88,28.28,26.05,28.88,0.48,0.02,2.83,2.24,0.17,1.28,0.48,0.0,2.91,0.2,0.0,2.91,2.91,0.51,0.30364213,0,1,0,Slow,211,3231,95.0,10.6,-1162.849048,95,240.0,79.71,4,1253.1,20,1.896258375,0.0,0.0,0.0,,0.23558312500000023,8.622650125,SectorTime outside section-specific IQR limits
P109,"Laguna_Seca, Laguna_Seca",", McLaren 720S GT3","25/08/2024, ",Lap 9,95.432,Str 9-10,9.161,0.0,100.0,19.0,0.0,0.0,31.0,51.5,137.7,83.3,137.7,51.5,28.6,-3.73,14.12,1.79,0.9,-3.73,4.04,-62.51,303.16,2.14,-10.12,27.95,39.81,0.0,84.0,30.0,84.0,10.0,31.0,13.6,0.56,0.59,0.73,1.08,0.01,10.2,0.37,0.03,0.08,0.77,0.02,99.39,32.51,0.68,99.39,26.89,0.0,1.0,0.4,0.0,1.0,0.49,23.3,26.94,25.85,23.3,26.94,1.02,0.0,3.63,2.55,0.94,2.64,1.01,0.0,3.73,0.6,0.0,3.73,3.73,0.84,-0.429947625,0,1,1,Fast,211,3231,0.0,0.0,0.0,0,0.0,0.0,4,503.4166667,27,10.01184842,0.0,0.12,0.06,,0.23558312500000023,8.622650125,SectorTime outside section-specific IQR limits
P101,"Laguna_Seca, Laguna_Seca",", McLaren 720S GT3","24/08/2024, ",Lap 12,91.79,Str 9-10,9.703,0.0,100.0,30.0,0.0,0.0,44.0,44.7,138.9,78.7,138.8,58.5,28.4,-17.46,22.95,4.63,-0.91,-3.93,9.09,-47.99,173.78,1.61,-19.99,23.1,32.83,0.0,100.0,61.0,100.0,57.0,46.0,5.87,0.56,1.13,0.66,0.74,0.0,3.59,0.42,0.11,0.36,0.42,0.05,240.0,80.36,22.37,84.18,82.32,0.0,1.0,0.42,0.0,1.0,0.49,26.38,30.48,29.26,26.38,30.48,1.16,0.0,4.08,2.87,0.52,0.19,1.15,0.0,17.46,0.78,0.91,3.93,3.01,2.39,-0.672876692,0,1,1,Fast,211,3231,146.0,3.83,-1101.997988,146,240.0,75.66,4,1082.833333,22,33.57030037,0.0,0.0,0.0,,0.23558312500000023,8.622650125,SectorTime outside section-specific IQR limits
P095,"Laguna_Seca, Laguna_Seca",", McLaren 720S GT3","24/08/2024, ",Lap 6,115.544,Str 9-10,8.831,0.0,93.0,17.0,0.0,10.0,31.0,59.2,125.4,87.9,96.4,70.1,18.4,-5.71,12.45,0.57,9.01,-1.4,3.78,-50.28,208.69,4.5,-29.78,23.46,27.03,0.0,100.0,63.0,80.0,0.0,44.0,6.67,0.48,1.28,0.85,0.64,0.0,2.05,0.48,0.13,0.33,0.34,0.02,110.72,33.42,68.57,50.75,31.3,0.0,1.0,0.26,1.0,0.0,0.44,21.75,24.05,23.73,21.75,24.05,0.62,0.02,2.3,1.98,1.83,0.07,0.61,0.0,5.71,0.86,0.0,1.4,1.4,1.14,0.911565119,0,0,0,Slow,211,3231,141.0,6.09,-702.5910947,141,0.0,0.0,6,444.3333333,16,1.777251248,0.0,0.0,0.0,,0.23558312500000023,8.622650125,SectorTime outside section-specific IQR limits
P088,"Laguna_Seca, Laguna_Seca",", McLaren 720S GT3","22/08/2024, ",Lap 5,102.559,Str 9-10,15.346,0.0,100.0,28.0,0.0,0.0,43.0,0.0,138.3,50.1,136.7,73.2,42.5,-10.28,31.27,3.63,8.65,-3.22,8.58,-108.05,225.95,1.72,-25.54,40.28,58.09,0.0,100.0,53.0,100.0,0.0,48.0,2.34,0.57,0.99,1.39,0.53,0.0,1.87,0.42,0.11,0.18,0.27,0.62,240.0,149.86,85.29,90.48,85.96,0.0,1.0,0.31,1.0,1.0,0.46,21.87,26.68,25.2,21.87,26.68,1.05,0.02,4.8,3.33,0.0,0.8,1.05,0.0,10.28,0.41,0.0,3.22,3.22,1.15,0.04543828,0,0,1,Fast,211,3231,11.0,3.57,-556.4503585,11,240.0,81.859,4,1549.085366,17,13.58097822,0.0,0.0,0.0,,0.23558312500000023,8.622650125,SectorTime outside section-specific IQR limits
P081,"Laguna_Seca, Laguna_Seca",", McLaren 720S GT3","8/27/2023, ",Lap 3,109.602,Str 9-10,10.85166,3.81,0.55,0.75,1.28,0.46,0.01,1.36,0.26,0.09,0.6,0.2,0.4,240.0,90.45,130.43,69.6,92.57,0.0,59.0,3.0,0.0,54.0,11.0,41.8,101.2,70.2,96.1,80.3,18.6,0.0,1.0,0.36,1.0,1.0,0.48,-19.4,27.64,2.02,12.95,-2.5,10.44,-72.0,92.18,3.31,-49.07,31.48,33.97,0.0,100.0,81.0,100.0,0.0,35.0,28.49,32.38,31.21,28.49,32.38,0.9,0.02,3.88,2.72,1.07,1.44,0.89,0.0,19.4,1.87,0.0,2.5,2.5,4.8,0.515221209,0,1,0,Slow,211,3231,0.0,0.0,0.0,0,240.0,90.204,4,1229.333333,26,1.935228791,0.0,0.0,0.0,,0.23558312500000023,8.622650125,SectorTime outside section-specific IQR limits
P058,"Laguna_Seca, Laguna_Seca",", McLaren 720S GT3","8/26/2023, ",Lap 2,126.224,Str 9-10,16.125428,3.45,0.45,0.5,1.31,0.47,0.0,2.65,0.31,0.31,0.45,0.27,0.04,240.0,111.49,21.18,75.45,94.59,0.0,37.0,2.0,0.0,17.0,5.0,0.1,106.4,49.3,75.9,93.9,30.8,0.0,1.0,0.08,1.0,1.0,0.27,-4.15,21.0,0.56,4.22,-4.15,3.66,-116.7,163.44,3.34,-61.53,36.15,36.78,0.0,100.0,59.0,100.0,0.0,40.0,33.26,34.54,34.16,33.26,34.54,0.13,0.02,1.28,0.91,0.0,0.91,0.13,0.0,4.15,0.27,0.0,4.15,4.15,0.59,1.623943604,0,1,0,Slow,211,3231,0.0,0.0,0.0,0,240.0,105.816,2,781.5272727,26,9.877083387,0.0,0.0,0.0,,0.23558312500000023,8.622650125,SectorTime outside section-specific IQR limits
P030,"Laguna_Seca, Laguna_Seca",", McLaren 720S GT3","8/25/2023, ",Lap 5,129.392,Str 9-10,12.996266,3.66,0.51,1.53,0.45,0.51,0.0,3.18,0.33,0.09,0.12,0.27,0.29,150.29,59.94,59.32,36.29,38.77,0.0,95.0,12.0,0.0,0.0,24.0,13.9,112.1,60.6,112.1,82.1,30.9,0.0,1.0,0.3,1.0,0.0,0.46,-9.78,14.72,2.08,-2.87,-1.95,4.63,-77.34,67.41,-0.3,-34.31,12.98,25.86,0.0,100.0,52.0,100.0,0.0,42.0,19.37,23.3,22.64,19.37,23.3,1.16,0.02,3.93,3.27,2.39,0.28,1.16,0.0,9.78,0.38,2.87,1.95,-0.92,1.15,1.835255874,0,0,0,Slow,211,3231,15.0,2.38,-645.0268315,15,149.86,106.033,3,1039.022222,36,2.525466295,0.0,0.0,0.0,,0.23558312500000023,8.622650125,SectorTime outside section-specific IQR limits
P020,"Laguna_Seca, Laguna_Seca",", McLaren 720S GT3","8/24/2023, ",Lap 2,127.239,Str 9-10,11.407294,4.25,0.45,1.56,1.15,0.49,0.0,0.85,0.22,0.04,0.32,0.15,0.11,240.0,73.98,215.9,69.59,94.99,0.0,34.0,2.0,0.0,10.0,7.0,43.3,98.3,68.3,93.4,81.0,17.4,0.0,1.0,0.27,1.0,1.0,0.44,-20.6,26.81,0.8,23.25,-3.04,10.54,-190.56,67.8,4.19,-33.45,30.16,27.33,0.0,72.0,35.0,0.0,0.0,26.0,11.95,14.99,14.36,11.95,14.99,0.71,0.02,3.02,2.4,0.0,1.3,0.69,0.0,20.6,2.34,0.0,3.04,3.04,5.21,1.691646241,0,1,0,Slow,211,3231,0.0,0.0,0.0,0,240.0,106.294,4,547.5,20,-1.528435983,0.0,0.0,0.0,,0.23558312500000023,8.622650125,SectorTime outside section-specific IQR limits
P080,"Laguna_Seca, Laguna_Seca",", McLaren 720S GT3","8/27/2023, ",Lap 4,113.954,Turn 1,16.459155,1.71,0.73,0.47,1.54,0.44,0.0,0.83,0.29,0.16,0.19,0.16,2.0,127.24,77.38,123.34,98.95,34.13,0.0,0.0,0.0,0.0,0.0,0.0,31.7,93.0,59.8,31.7,93.0,17.8,0.0,1.0,0.49,0.0,1.0,0.5,-5.65,0.0,-1.87,0.0,-5.65,1.76,-36.73,51.53,10.48,-23.76,35.98,24.58,5.0,100.0,74.0,43.0,78.0,29.0,5.68,8.69,6.5,5.68,8.69,1.0,0.0,5.61,0.83,5.61,2.67,1.03,0.0,5.65,1.87,0.0,5.65,5.65,1.76,0.805508771,0,0,0,Slow,99,535,0.0,0.0,0.0,0,0.0,0.0,1,502.0,17,33.00505053,0.0,0.0,0.0,T,-2.187874999999999,14.985124999999998,SectorTime outside section-specific IQR limits
P078,"Laguna_Seca, Laguna_Seca",", McLaren 720S GT3","8/27/2023, ",Lap 1,122.727,Turn 10,16.854619,1.0,0.68,0.74,0.19,0.2,0.0,1.19,0.33,0.98,0.77,0.33,21.34,152.34,106.97,55.4,21.34,38.22,0.0,95.0,10.0,75.0,0.0,25.0,43.6,64.2,48.6,64.2,63.2,5.6,0.0,1.0,0.19,0.0,0.0,0.39,-3.82,0.0,-0.71,-1.89,-0.99,1.06,6.68,40.61,28.85,20.22,6.68,9.49,0.0,100.0,29.0,0.0,100.0,29.0,22.1,22.77,22.44,22.1,22.77,0.14,0.0,1.27,0.34,1.27,0.01,0.15,0.0,3.82,0.71,1.89,0.99,-0.9,1.06,1.390686342,0,0,0,Slow,47,3278,0.0,0.0,0.0,0,0.0,0.0,0,225.8333333,5,-13.98936162,0.0,0.0,0.0,T,-1.89847,9.78745,SectorTime outside section-specific IQR limits
P070,"Laguna_Seca, Laguna_Seca",", McLaren 720S GT3","8/27/2023, ",Lap 2,104.862,Turn 10,12.247499,1.55,1.18,1.13,0.78,0.21,0.06,0.8,0.32,0.75,0.62,0.19,37.92,103.56,86.31,69.61,58.27,19.25,0.0,44.0,6.0,43.0,0.0,13.0,65.1,79.6,70.1,79.6,77.6,3.6,0.0,1.0,0.87,1.0,1.0,0.34,-4.44,-0.82,-3.12,-2.95,-2.71,0.92,16.2,43.93,33.73,30.44,19.16,6.94,0.0,100.0,41.0,0.0,100.0,42.0,30.0,32.13,31.19,30.0,32.13,0.66,0.02,2.12,1.19,0.0,0.0,0.66,0.82,4.44,3.12,2.95,2.71,-0.24,0.92,0.199053229,0,1,0,Slow,47,3278,0.0,0.0,0.0,0,0.0,0.0,0,129.3333333,8,-6.028368727,0.0,0.0,0.0,T,-1.89847,9.78745,SectorTime outside section-specific IQR limits
P068,"Laguna_Seca, Laguna_Seca",", McLaren 720S GT3","8/27/2023, ",Lap 3,103.362,Turn 10,13.131582,1.34,0.97,0.92,0.42,0.31,0.01,1.12,0.43,1.02,0.7,0.32,33.8,157.43,113.17,79.5,33.8,43.84,0.0,84.0,13.0,84.0,0.0,25.0,51.3,72.8,57.5,71.4,72.8,6.2,0.0,1.0,0.78,1.0,0.0,0.41,-5.64,-1.28,-4.18,-4.09,-1.52,1.47,11.25,48.43,35.11,26.83,12.85,12.53,0.0,100.0,46.0,0.0,100.0,42.0,26.92,29.27,28.34,26.92,29.27,0.78,0.02,2.35,1.43,1.5,0.57,0.77,1.28,5.64,4.18,4.09,1.52,-2.57,1.47,0.099000071,0,1,1,Fast,47,3278,0.0,0.0,0.0,0,0.0,0.0,0,222.0,13,-13.82978748,0.0,0.0,0.0,T,-1.89847,9.78745,SectorTime outside section-specific IQR limits
P064,"Laguna_Seca, Laguna_Seca",", McLaren 720S GT3","8/26/2023, ",Lap 4,116.962,Turn 10,13.873092,1.34,1.12,1.06,0.71,0.14,0.0,0.4,0.13,0.17,0.4,0.08,54.84,101.36,84.48,85.73,55.95,9.63,0.0,0.0,0.0,0.0,0.0,0.0,64.4,72.5,66.8,72.5,67.8,2.3,1.0,1.0,1.0,1.0,1.0,0.0,-4.25,-2.02,-2.83,-3.8,-2.11,0.6,20.04,41.75,33.55,32.36,20.04,4.39,0.0,84.0,18.0,0.0,84.0,22.0,25.75,28.34,27.05,25.75,28.34,0.75,0.02,3.16,1.3,3.16,0.0,0.77,2.02,4.25,2.83,3.8,2.11,-1.69,0.6,1.006148704,0,0,0,Slow,47,3278,0.0,0.0,0.0,0,0.0,0.0,0,126.5,10,-13.120567,0.0,0.0,0.0,T,-1.89847,9.78745,SectorTime outside section-specific IQR limits
P047,"Laguna_Seca, Laguna_Seca",", McLaren 720S GT3","8/26/2023, ",Lap 2,104.359,Turn 10,15.739323,1.47,1.1,1.17,0.49,0.24,0.0,0.75,0.23,0.08,0.72,0.21,20.68,182.53,115.99,114.97,41.3,53.76,0.0,44.0,9.0,4.0,0.0,13.0,64.3,76.4,67.6,68.8,76.4,2.8,0.0,1.0,0.73,1.0,0.24,0.44,-11.29,-0.21,-5.8,-5.09,-1.95,3.87,9.31,45.19,32.9,37.13,11.13,9.27,9.0,100.0,67.0,69.0,100.0,28.0,30.84,32.74,31.89,30.84,32.74,0.64,0.02,1.9,1.07,1.53,1.45,0.65,0.21,11.29,5.8,5.09,1.95,-3.14,3.87,0.16550207,0,1,0,Slow,47,3278,0.0,0.0,0.0,0,0.0,0.0,0,375.5,3,-30.3191489,0.0,0.0,0.0,T,-1.89847,9.78745,SectorTime outside section-specific IQR limits
P047,"Laguna_Seca, Laguna_Seca",", McLaren 720S GT3","8/26/2023, ",Lap 3,108.229,Turn 10,14.694467,1.71,1.13,1.22,0.36,0.31,0.01,0.75,0.22,0.03,0.73,0.2,12.15,161.98,107.51,142.08,28.22,42.14,0.0,7.0,0.0,7.0,0.0,1.0,61.8,77.0,66.8,61.8,77.0,3.2,0.0,1.0,0.81,1.0,0.0,0.39,-9.03,0.64,-4.75,-6.68,-1.2,2.62,5.99,45.82,34.52,40.96,8.08,10.83,13.0,100.0,63.0,68.0,100.0,25.0,34.7,36.8,35.95,34.7,36.8,0.69,0.02,2.8,1.25,2.8,0.0,0.7,0.0,9.03,4.78,6.68,1.2,-5.48,2.56,0.423639218,0,1,0,Slow,47,3278,16.66666667,0.98,-400.1384538,17,0.0,0.0,0,321.8333333,9,-45.56737575,0.0,0.0,0.0,T,-1.89847,9.78745,SectorTime outside section-specific IQR limits
P040,"Laguna_Seca, Laguna_Seca",", McLaren 720S GT3","8/25/2023, ",Lap 3,123.329,Turn 10,9.808253,0.57,0.17,0.06,0.45,0.19,0.0,1.31,0.35,1.29,0.17,0.3,0.11,187.23,112.5,8.66,83.77,57.15,0.0,71.0,9.0,71.0,0.0,22.0,0.0,43.5,17.8,43.5,42.2,14.1,0.0,0.0,0.0,0.0,0.0,0.0,0.0,0.0,0.0,0.0,0.0,0.0,-9.83,30.09,10.48,1.94,21.87,11.5,0.0,100.0,53.0,0.0,100.0,38.0,19.43,19.43,19.43,19.43,19.43,0.0,0.0,1.55,0.0,1.55,0.0,0.08,0.0,0.0,0.0,0.0,0.0,0.0,0.0,1.430841009,0,1,0,Slow,47,3278,22.49388209,4.47,-428.6580727,23,177.2127778,110.083,2,633.4777778,12,2.086261475,0.0,0.0,0.0,T,-1.89847,9.78745,SectorTime outside section-specific IQR limits
P039,"Laguna_Seca, Laguna_Seca",", McLaren 720S GT3","8/25/2023, ",Lap 5,131.164,Turn 10,25.980298,1.14,0.73,0.04,0.91,0.32,0.0,0.26,0.1,0.26,0.23,0.07,7.7,137.24,98.74,7.7,88.8,36.25,0.0,0.0,0.0,0.0,0.0,0.0,46.4,58.3,50.8,46.4,58.3,3.1,0.0,1.0,0.42,0.0,1.0,0.49,-5.42,0.0,-2.04,0.0,-3.31,2.41,1.62,42.31,28.44,1.62,35.47,11.93,0.0,64.0,31.0,64.0,56.0,18.0,30.55,32.01,30.86,30.55,32.01,0.45,0.0,2.84,0.32,2.84,0.0,0.51,0.0,5.42,2.04,0.0,3.31,3.31,2.41,1.953452005,0,0,0,Slow,47,3278,0.0,0.0,0.0,0,0.0,0.0,0,287.8333333,5,16.66666656,0.0,0.0,0.0,T,-1.89847,9.78745,SectorTime outside section-specific IQR limits
P038,"Laguna_Seca, Laguna_Seca",", McLaren 720S GT3","8/25/2023, ",Lap 1,101.842,Turn 10,12.157932,1.59,1.1,1.03,0.57,0.3,0.0,0.61,0.16,0.06,0.61,0.16,40.08,170.73,110.42,95.82,44.4,47.11,0.0,0.0,0.0,0.0,0.0,0.0,64.3,75.4,66.9,64.3,75.4,2.3,0.0,1.0,0.8,1.0,1.0,0.4,-9.67,-1.08,-5.19,-3.95,-2.1,2.96,15.14,47.54,33.72,31.83,16.28,10.87,15.0,88.0,41.0,24.0,88.0,19.0,26.07,28.13,27.16,26.07,28.13,0.64,0.02,2.03,1.08,0.0,0.33,0.65,1.08,9.67,5.19,3.95,2.1,-1.85,2.96,-0.002387129,0,0,1,Fast,47,3278,18.33333333,1.07,-194.0861033,19,0.0,0.0,0,338.6666667,5,-20.03546155,0.0,0.0,0.0,T,-1.89847,9.78745,SectorTime outside section-specific IQR limits
P038,"Laguna_Seca, Laguna_Seca",", McLaren 720S GT3","8/25/2023, ",Lap 4,96.577,Turn 10,10.271034,1.56,1.16,1.35,0.68,0.28,0.01,0.67,0.25,0.23,0.55,0.18,37.84,182.9,124.85,153.08,41.9,53.87,0.0,4.0,0.0,4.0,0.0,1.0,65.4,81.9,70.0,70.0,81.9,4.2,0.0,1.0,0.79,1.0,0.0,0.4,-11.16,-1.33,-6.62,-8.48,-1.87,3.73,14.69,48.4,33.62,41.94,17.41,9.6,7.0,99.0,57.0,9.0,99.0,30.0,33.63,35.57,34.78,33.63,35.57,0.61,0.02,2.38,1.15,2.38,1.11,0.61,1.33,11.16,6.62,8.48,1.87,-6.6,3.73,-0.353573714,0,0,1,Fast,47,3278,0.0,0.0,0.0,0,0.0,0.0,0,186.0,5,-47.5177299,0.0,0.0,0.0,T,-1.89847,9.78745,SectorTime outside section-specific IQR limits
P011,"Laguna_Seca, Laguna_Seca",", McLaren 720S GT3","24/08/2023, ",Lap 4,106.984,Turn 10,20.437,1.52,1.08,0.87,0.57,0.24,0.01,0.62,0.18,0.16,0.62,0.11,47.13,141.68,94.91,72.66,48.57,26.09,0.0,0.0,0.0,0.0,0.0,0.0,62.4,71.6,65.5,68.8,71.6,2.1,0.0,1.0,0.94,1.0,1.0,0.23,-6.32,-1.59,-3.69,-2.96,-2.21,1.29,16.84,48.14,33.43,27.07,16.84,8.2,0.0,98.0,27.0,0.0,98.0,25.0,28.78,31.29,30.0,28.78,31.29,0.73,0.02,2.5,1.22,1.4,2.2,0.72,1.59,6.32,3.69,2.96,2.21,-0.75,1.29,0.340595097,0,0,0,Slow,47,3278,0.0,0.0,0.0,0,0.0,0.0,0,260.0,10,-8.156028382,0.0,0.0,0.0,T,-1.89847,9.78745,SectorTime outside section-specific IQR limits
P079,"Laguna_Seca, Laguna_Seca",", McLaren 720S GT3","8/27/2023, ",Lap 3,126.199,Turn 2,10.780038,9.16,0.47,0.53,0.68,0.88,0.0,1.65,0.32,0.21,0.11,0.26,1.19,240.0,124.64,65.2,117.7,93.11,0.0,100.0,11.0,0.0,0.0,26.0,0.0,113.2,35.1,113.2,50.4,27.7,0.0,1.0,0.17,1.0,1.0,0.38,-16.91,16.44,0.0,10.56,-5.18,4.41,-145.91,61.17,-9.83,47.67,-30.91,50.37,0.0,98.0,48.0,0.0,93.0,35.0,10.45,12.3,12.01,10.45,12.3,0.39,0.02,1.83,1.58,0.48,0.0,0.42,0.0,16.91,0.84,0.0,5.18,5.18,3.14,1.622276052,0,1,0,Slow,103,835,0.0,0.0,0.0,0,0.0,0.0,2,1106.008974,12,-25.28469208,0.0,0.0,0.0,T,-0.33100712499999974,9.333011875,SectorTime outside section-specific IQR limits
P074,"Laguna_Seca, Laguna_Seca",", McLaren 720S GT3","8/27/2023, ",Lap 5,126.534,Turn 2,18.832349,1.79,0.66,0.12,1.39,0.54,0.01,0.64,0.37,0.59,0.09,0.24,5.08,59.13,25.95,8.86,58.65,18.13,0.0,0.0,0.0,0.0,0.0,0.0,74.9,115.2,103.8,74.9,108.7,12.3,0.0,1.0,0.33,0.0,1.0,0.47,-2.84,-0.19,-1.3,-0.42,-2.84,0.92,-34.38,-1.83,-13.03,-2.84,-25.54,10.52,0.0,100.0,58.0,100.0,17.0,43.0,12.42,13.64,12.68,12.42,13.64,0.34,0.0,3.54,0.28,3.54,0.51,0.45,0.19,2.84,1.3,0.42,2.84,2.42,0.92,1.644621257,0,0,0,Slow,103,835,96.0,9.06,-541.4156606,96,0.0,0.0,0,117.6666667,6,-15.12944983,0.0,0.0,0.0,T,-0.33100712499999974,9.333011875,SectorTime outside section-specific IQR limits
P067,"Laguna_Seca, Laguna_Seca",", McLaren 720S GT3","8/26/2023, ",Lap 6,129.574,Turn 2,9.755018,1.5,1.02,0.49,1.49,0.38,0.04,1.16,0.47,0.15,0.26,0.34,8.94,48.23,25.39,14.37,48.23,10.22,0.0,75.0,26.0,0.0,6.0,27.0,105.1,155.0,135.2,152.9,105.1,18.4,0.0,0.0,0.0,0.0,0.0,0.0,-1.74,-0.45,-1.06,-0.86,-1.74,0.28,-28.94,-5.04,-16.76,-7.3,-27.74,7.71,0.0,69.0,12.0,52.0,0.0,21.0,1.77,1.77,1.77,1.77,1.77,0.0,0.0,0.0,0.0,0.0,0.0,0.0,0.45,1.74,1.06,0.86,1.74,0.88,0.28,1.847395657,0,0,0,Slow,103,835,0.0,0.0,0.0,0,0.0,0.0,0,74.0,13,-12.37864078,0.0,0.0,0.0,T,-0.33100712499999974,9.333011875,SectorTime outside section-specific IQR limits
P057,"Laguna_Seca, Laguna_Seca",", McLaren 720S GT3","8/26/2023, ",Lap 5,115.567,Turn 2,18.179386,1.37,0.61,0.25,1.19,0.43,0.01,0.62,0.3,0.29,0.12,0.19,10.11,68.75,30.93,11.31,67.24,22.79,0.0,29.0,5.0,0.0,0.0,10.0,80.9,103.5,90.6,82.3,81.4,7.9,0.0,1.0,0.27,0.0,1.0,0.44,-2.8,-0.38,-1.23,-0.38,-2.8,0.78,-34.08,-4.03,-14.56,-5.32,-28.86,10.88,0.0,90.0,32.0,57.0,47.0,32.0,7.05,8.17,7.22,7.05,8.17,0.3,0.0,2.2,0.17,2.2,1.1,0.35,0.38,2.8,1.23,0.38,2.8,2.42,0.78,0.913099267,0,0,0,Slow,103,835,146.0,10.24,-545.5874526,146,0.0,0.0,0,87.0,11,-13.75404528,0.0,0.0,0.0,T,-0.33100712499999974,9.333011875,SectorTime outside section-specific IQR limits
P054,"Laguna_Seca, Laguna_Seca",", McLaren 720S GT3","8/26/2023, ",Lap 2,119.179,Turn 2,18.886216,1.48,0.74,0.04,1.41,0.5,0.0,0.75,0.27,0.36,0.14,0.2,0.15,82.02,41.03,0.59,80.05,26.78,0.0,36.0,7.0,0.0,0.0,12.0,79.7,107.2,91.2,104.9,90.1,10.1,0.0,1.0,0.48,0.0,1.0,0.5,-4.2,0.14,-1.75,-0.03,-3.89,1.28,-36.29,0.77,-18.0,-0.43,-31.11,12.41,0.0,67.0,26.0,65.0,59.0,27.0,6.92,8.89,7.5,6.92,8.89,0.59,0.0,2.6,0.59,2.6,0.0,0.61,0.0,4.2,1.75,0.03,3.89,3.86,1.27,1.154027272,0,1,0,Slow,103,835,0.0,0.0,0.0,0,0.0,0.0,2,166.3333333,7,-20.38834953,0.0,0.0,0.0,T,-0.33100712499999974,9.333011875,SectorTime outside section-specific IQR limits
P051,"Laguna_Seca, Laguna_Seca",", McLaren 720S GT3","8/26/2023, ",Lap 2,118.632,Turn 2,17.157693,1.79,1.42,0.76,1.18,0.24,0.01,0.55,0.2,0.55,0.18,0.13,24.02,100.81,60.96,29.82,98.45,26.85,0.0,0.0,0.0,0.0,0.0,0.0,114.5,132.0,125.2,124.3,114.5,4.9,0.0,1.0,0.74,0.0,1.0,0.44,-7.21,-0.64,-3.77,-1.8,-7.21,2.23,-35.26,-13.58,-23.71,-13.58,-19.65,4.69,0.0,100.0,29.0,100.0,0.0,39.0,8.35,10.58,9.31,8.35,10.58,0.62,0.0,2.22,0.96,2.12,0.61,0.63,0.64,7.21,3.77,1.8,7.21,5.41,2.23,1.11754122,0,1,0,Slow,103,835,0.0,0.0,0.0,0,0.0,0.0,0,141.0,9,-22.08737864,0.0,0.0,0.0,T,-0.33100712499999974,9.333011875,SectorTime outside section-specific IQR limits
P050,"Laguna_Seca, Laguna_Seca",", McLaren 720S GT3","8/26/2023, ",Lap 1,105.252,Turn 2,11.299463,1.59,1.22,0.49,1.33,0.31,0.0,0.58,0.26,0.52,0.24,0.2,10.02,60.18,42.99,10.18,54.89,15.46,0.0,43.0,18.0,33.0,0.0,15.0,101.7,134.8,113.5,134.8,102.7,10.1,0.0,1.0,0.59,0.0,1.0,0.49,-2.7,-0.37,-1.97,-0.37,-2.37,0.71,-34.43,-7.23,-22.56,-7.5,-26.5,6.85,22.0,83.0,34.0,31.0,83.0,10.0,3.75,5.73,4.34,3.75,5.73,0.66,0.0,1.97,0.58,0.0,0.06,0.66,0.37,2.7,1.97,0.37,2.37,2.0,0.71,0.22506705,0,0,0,Slow,103,835,0.0,0.0,0.0,0,0.0,0.0,0,97.5,21,-15.53398058,16.25,0.5,0.25,T,-0.33100712499999974,9.333011875,SectorTime outside section-specific IQR limits
P050,"Laguna_Seca, Laguna_Seca",", McLaren 720S GT3","8/26/2023, ",Lap 4,119.744,Turn 2,18.190813,1.62,1.2,0.57,1.43,0.35,0.0,0.57,0.25,0.51,0.18,0.18,13.67,67.65,45.11,15.22,49.86,16.2,2.0,38.0,11.0,2.0,3.0,10.0,104.5,122.6,112.1,111.6,106.1,6.7,0.0,1.0,0.56,0.0,0.0,0.5,-3.57,-0.52,-2.19,-0.55,-1.86,0.82,-31.25,-6.71,-22.48,-8.44,-29.22,7.39,19.0,100.0,53.0,100.0,93.0,28.0,7.97,9.88,8.53,7.97,9.88,0.65,0.0,1.92,0.57,1.56,1.06,0.66,0.52,3.57,2.19,0.55,1.86,1.31,0.82,1.191713962,0,0,0,Slow,103,835,0.0,0.0,0.0,0,0.0,0.0,0,95.5,13,-10.9223301,196.2857143,5.93,2.59,T,-0.33100712499999974,9.333011875,SectorTime outside section-specific IQR limits
P048,"Laguna_Seca, Laguna_Seca",", McLaren 720S GT3","8/26/2023, ",Lap 4,125.762,Turn 2,20.024425,1.68,1.32,0.77,1.43,0.3,0.02,0.37,0.2,0.25,0.26,0.1,30.0,68.91,49.43,30.0,38.11,11.06,0.0,0.0,0.0,0.0,0.0,0.0,109.0,116.9,112.9,109.0,116.9,2.2,0.0,1.0,0.67,0.0,0.0,0.47,-3.88,-1.31,-2.47,-1.59,-1.31,0.73,-32.39,-11.81,-24.65,-14.1,-29.17,5.72,0.0,100.0,54.0,60.0,100.0,35.0,5.97,8.2,6.87,5.97,8.2,0.69,0.0,2.23,0.9,1.13,1.25,0.69,1.31,3.88,2.47,1.59,1.31,-0.28,0.73,1.593127232,0,0,0,Slow,103,835,0.0,0.0,0.0,0,0.0,0.0,0,110.0,13,-1.699029126,0.0,0.0,0.0,T,-0.33100712499999974,9.333011875,SectorTime outside section-specific IQR limits
P039,"Laguna_Seca, Laguna_Seca",", McLaren 720S GT3","8/25/2023, ",Lap 5,131.164,Turn 2,16.777779,1.63,0.95,0.33,1.36,0.52,0.0,1.12,0.34,0.45,0.06,0.34,8.85,164.34,66.06,10.59,164.34,56.65,0.0,61.0,11.0,0.0,0.0,21.0,93.7,129.2,110.0,118.4,93.7,13.5,0.0,1.0,0.52,0.0,1.0,0.5,-12.02,-0.44,-4.24,-0.52,-12.02,4.1,-35.17,-3.94,-19.31,-5.84,-31.61,11.44,0.0,85.0,26.0,85.0,22.0,29.0,8.85,10.68,9.33,8.85,10.68,0.59,0.0,1.82,0.48,1.14,0.32,0.61,0.44,12.02,4.24,0.52,12.02,11.5,4.1,1.953452005,0,0,0,Slow,103,835,0.0,0.0,0.0,0,0.0,0.0,0,169.5,9,-41.74757282,0.0,0.0,0.0,T,-0.33100712499999974,9.333011875,SectorTime outside section-specific IQR limits
P032,"Laguna_Seca, Laguna_Seca",", McLaren 720S GT3","8/25/2023, ",Lap 1,118.607,Turn 2,23.77718,1.36,0.85,0.19,1.0,0.34,0.0,0.35,0.15,0.28,0.34,0.09,14.01,69.52,42.02,14.01,46.57,16.89,0.0,0.0,0.0,0.0,0.0,0.0,85.6,96.3,90.4,88.1,88.9,3.4,0.0,1.0,0.39,0.0,0.0,0.49,-2.85,-0.08,-1.77,-0.75,-1.72,0.73,-32.34,-4.12,-19.46,-4.12,-21.0,8.43,0.0,100.0,27.0,63.0,100.0,31.0,6.88,8.52,7.46,6.88,8.52,0.48,0.0,1.63,0.58,1.56,0.89,0.49,0.08,2.85,1.77,0.75,1.72,0.97,0.73,1.115873668,0,0,0,Slow,103,835,0.0,0.0,0.0,0,0.0,0.0,0,154.5,11,-8.333333302,0.0,0.0,0.0,T,-0.33100712499999974,9.333011875,SectorTime outside section-specific IQR limits
P031,"Laguna_Seca, Laguna_Seca",", McLaren 720S GT3","8/25/2023, ",Lap 1,124.577,Turn 2,13.10495,2.89,1.27,1.3,1.22,0.47,0.0,0.96,0.29,0.72,0.43,0.24,3.03,240.0,95.97,37.62,73.21,80.36,0.0,60.0,15.0,51.0,52.0,21.0,74.1,118.6,99.9,118.6,74.1,9.7,0.0,1.0,0.61,0.0,0.16,0.49,-17.17,24.37,3.21,-1.64,-1.82,10.27,-61.41,93.11,-15.15,-25.74,90.03,37.38,0.0,95.0,40.0,0.0,6.0,35.0,7.35,9.67,8.11,7.35,9.67,0.76,0.0,2.32,0.76,0.0,0.38,0.78,0.0,17.17,1.93,1.64,1.82,0.19,3.19,1.514085237,0,0,0,Slow,103,835,0.0,0.0,0.0,0,0.0,0.0,1,740.6666667,14,27.9935279,0.0,0.0,0.0,T,-0.33100712499999974,9.333011875,SectorTime outside section-specific IQR limits
P019,"Laguna_Seca, Laguna_Seca",", McLaren 720S GT3","8/24/2023, ",Lap 2,116.792,Turn 2,20.057658,1.55,1.16,0.71,0.38,0.25,0.04,1.41,0.34,0.13,0.56,0.26,0.4,68.29,45.79,26.42,24.29,16.78,0.0,83.0,9.0,0.0,0.0,22.0,87.6,115.8,100.0,115.8,102.7,8.6,0.0,1.0,0.52,0.0,1.0,0.5,-3.19,2.42,-1.72,-1.39,2.23,1.12,-36.63,1.15,-23.76,-12.29,1.15,7.34,0.0,100.0,44.0,0.0,100.0,48.0,7.8,9.75,8.46,7.8,9.75,0.71,0.0,1.93,0.66,1.5,0.43,0.72,0.0,3.19,1.83,1.39,0.0,-1.39,0.85,0.994809346,0,1,0,Slow,103,835,0.0,0.0,0.0,0,0.0,0.0,1,226.0,19,13.02588998,0.0,0.0,0.0,T,-0.33100712499999974,9.333011875,SectorTime outside section-specific IQR limits
P017,"Laguna_Seca, Laguna_Seca",", McLaren 720S GT3","24/08/2023, ",Lap 2,116.534,Turn 2,11.024,1.51,0.84,0.15,0.47,0.44,0.0,0.21,0.06,0.04,0.21,0.03,9.03,74.75,43.34,9.03,29.32,21.15,0.0,0.0,0.0,0.0,0.0,0.0,80.6,88.7,85.0,87.5,83.0,2.9,0.0,1.0,0.31,0.0,0.0,0.46,-2.95,-0.45,-1.63,-0.45,-1.35,0.74,-36.73,-3.36,-20.27,-3.36,-10.96,10.77,9.0,46.0,19.0,24.0,46.0,8.0,6.05,7.42,6.63,6.05,7.42,0.6,0.0,1.37,0.58,1.21,1.18,0.6,0.45,2.95,1.63,0.45,1.35,0.91,0.74,0.977600203,0,1,0,Slow,103,835,2.0,0.08,-307.0034873,2,0.0,0.0,0,122.0,3,-5.258899726,0.0,0.0,0.0,T,-0.33100712499999974,9.333011875,SectorTime outside section-specific IQR limits
P001,"Laguna_Seca, Laguna_Seca",", McLaren 720S GT3","24/08/2023, ",Lap 7,102.099,Turn 2,9.425,2.36,0.59,1.21,0.18,0.64,0.0,0.83,0.32,0.13,0.75,0.22,20.21,169.87,107.64,91.03,20.21,37.56,0.0,94.0,20.0,4.0,0.0,31.0,0.0,140.6,40.0,140.6,62.2,38.2,0.0,1.0,0.25,1.0,0.0,0.43,-1.41,12.97,2.46,9.07,-0.98,4.52,-72.38,38.81,-7.55,-45.7,6.26,27.31,0.0,100.0,59.0,0.0,100.0,42.0,5.87,8.17,7.88,5.87,8.17,0.6,0.02,2.32,2.03,0.08,1.37,0.6,0.0,1.41,0.06,0.0,0.98,0.98,0.24,0.014755312,0,1,1,Fast,103,835,193.0,11.94,-677.9003385,193,167.2263636,25.077,0,353.9755245,21,-17.41298609,0.0,0.0,0.0,T,-0.33100712499999974,9.333011875,SectorTime outside section-specific IQR limits
P095,"Laguna_Seca, Laguna_Seca",", McLaren 720S GT3","24/08/2024, ",Lap 9,122.175,Turn 3,7.985,0.0,47.0,4.0,43.0,0.0,13.0,5.3,136.2,46.8,136.2,26.7,41.5,-1.56,16.5,2.84,-1.4,0.0,4.87,-117.3,27.42,-37.91,-33.6,-30.79,24.86,0.0,100.0,66.0,0.0,2.0,39.0,2.58,0.78,1.61,0.41,0.7,0.0,22.03,0.5,0.46,0.08,1.79,0.02,187.37,82.52,33.58,187.37,51.29,0.0,1.0,0.29,0.0,0.0,0.46,5.15,7.48,6.95,5.15,7.48,0.84,0.0,2.33,1.8,0.0,2.01,0.84,0.0,1.56,0.07,1.4,0.0,-1.4,0.29,1.35386678,0,1,0,Slow,100,1085,398.0,20.48,-981.5829767,398,0.0,0.0,2,482.3531746,8,28.0797258,0.0,0.0,0.0,T,0.8282675000000004,5.6088875,SectorTime outside section-specific IQR limits
P080,"Laguna_Seca, Laguna_Seca",", McLaren 720S GT3","8/27/2023, ",Lap 4,113.954,Turn 3,5.76184,1.5,0.73,0.15,1.21,0.44,0.02,1.09,0.32,0.53,0.24,0.29,1.49,56.8,23.31,5.38,56.8,14.18,0.0,68.0,12.0,0.0,0.0,22.0,105.4,134.8,117.4,131.4,109.7,11.5,0.0,1.0,0.17,0.0,1.0,0.38,-3.24,0.5,-0.99,-0.32,-3.24,0.88,-32.63,-1.12,-13.48,-2.51,-24.08,8.82,0.0,94.0,20.0,94.0,62.0,27.0,16.48,17.02,16.67,16.48,17.02,0.16,0.0,1.21,0.19,1.21,0.28,0.21,0.0,3.24,1.02,0.32,3.24,2.92,0.84,0.805508771,0,0,0,Slow,100,1085,0.0,0.0,0.0,0,0.0,0.0,0,132.0,10,-14.75,0.0,0.0,0.0,T,0.8282675000000004,5.6088875,SectorTime outside section-specific IQR limits
P079,"Laguna_Seca, Laguna_Seca",", McLaren 720S GT3","8/27/2023, ",Lap 6,131.557,Turn 3,10.344331,19.05,0.51,0.7,0.88,1.34,0.0,2.14,0.35,0.36,0.54,0.25,0.51,240.0,150.17,240.0,40.68,88.83,0.0,95.0,10.0,0.0,0.0,25.0,0.0,99.3,35.5,33.8,99.3,27.1,0.0,1.0,0.18,0.0,0.0,0.39,-3.53,0.0,-0.61,0.0,-1.89,1.07,-81.7,156.39,6.28,45.18,-17.15,33.94,0.0,96.0,57.0,54.0,90.0,38.0,13.07,14.98,13.34,13.07,14.98,0.55,0.0,3.29,0.28,3.29,0.16,0.58,0.0,3.53,0.61,0.0,1.89,1.89,1.07,1.979665932,0,0,0,Slow,100,1085,0.0,0.0,0.0,0,0.0,0.0,2,738.9333333,11,5.88234129,0.0,0.0,0.0,T,0.8282675000000004,5.6088875,SectorTime outside section-specific IQR limits
P067,"Laguna_Seca, Laguna_Seca",", McLaren 720S GT3","8/26/2023, ",Lap 2,110.492,Turn 3,6.627549,1.25,0.81,0.24,1.11,0.33,0.0,0.96,0.29,0.34,0.42,0.27,8.57,56.56,34.83,10.64,39.74,16.41,0.0,49.0,8.0,11.0,0.0,16.0,95.7,120.0,101.5,120.0,107.1,6.5,0.0,1.0,0.42,0.0,0.0,0.49,-2.87,-0.15,-1.6,-0.67,-1.68,0.87,-27.67,-3.84,-16.85,-5.0,-20.53,7.2,0.0,100.0,34.0,0.0,100.0,32.0,10.52,12.07,10.95,10.52,12.07,0.56,0.0,1.55,0.43,0.83,1.27,0.56,0.15,2.87,1.6,0.67,1.68,1.01,0.87,0.574586082,0,1,0,Slow,100,1085,0.0,0.0,0.0,0,0.0,0.0,0,105.5,9,-7.75,0.0,0.0,0.0,T,0.8282675000000004,5.6088875,SectorTime outside section-specific IQR limits
P067,"Laguna_Seca, Laguna_Seca",", McLaren 720S GT3","8/26/2023, ",Lap 3,106.814,Turn 3,6.052281,1.46,0.86,0.14,1.09,0.41,0.04,0.69,0.28,0.13,0.27,0.19,3.93,49.09,29.2,5.68,48.09,15.5,0.0,33.0,8.0,0.0,0.0,11.0,100.1,132.7,112.6,132.7,101.7,10.7,0.0,1.0,0.15,0.0,1.0,0.36,-2.28,0.11,-1.21,-0.37,-2.24,0.73,-30.1,-2.13,-16.46,-2.9,-22.74,8.54,0.0,70.0,9.0,0.0,70.0,20.0,7.5,8.01,7.62,7.5,8.01,0.15,0.0,0.5,0.12,0.05,0.23,0.17,0.0,2.28,1.22,0.37,2.24,1.87,0.73,0.329255739,0,1,0,Slow,100,1085,0.0,0.0,0.0,0,0.0,0.0,0,96.5,8,-12.5,0.0,0.0,0.0,T,0.8282675000000004,5.6088875,SectorTime outside section-specific IQR limits
P067,"Laguna_Seca, Laguna_Seca",", McLaren 720S GT3","8/26/2023, ",Lap 6,129.574,Turn 3,13.92876,0.73,0.32,0.11,0.73,0.17,0.0,0.78,0.38,0.41,0.04,0.24,0.55,91.64,42.32,91.64,34.75,31.43,0.0,0.0,0.0,0.0,0.0,0.0,23.2,93.8,67.2,23.2,90.5,24.3,0.0,1.0,0.07,0.0,0.0,0.25,-2.99,0.52,-0.68,0.0,-1.46,0.79,-17.25,21.44,6.25,13.21,-17.25,11.53,0.0,100.0,59.0,44.0,15.0,36.0,5.57,5.93,5.81,5.57,5.93,0.17,0.0,1.82,0.24,1.82,0.0,0.26,0.0,2.99,0.7,0.0,1.46,1.46,0.77,1.847395657,0,0,0,Slow,100,1085,109.0,12.23,-762.8593966,109,0.0,0.0,1,139.6952381,11,-22.85952366,0.0,0.0,0.0,T,0.8282675000000004,5.6088875,SectorTime outside section-specific IQR limits
P058,"Laguna_Seca, Laguna_Seca",", McLaren 720S GT3","8/26/2023, ",Lap 2,126.224,Turn 3,12.131015,2.37,0.34,0.26,1.02,0.27,0.0,1.17,0.27,0.08,0.3,0.21,5.1,240.0,144.09,16.85,59.8,90.53,0.0,0.0,0.0,0.0,0.0,0.0,0.2,85.1,31.1,21.5,85.1,21.0,0.0,1.0,0.08,0.0,1.0,0.27,-2.8,0.08,-0.28,0.0,-2.6,0.71,-47.72,38.58,-16.67,33.79,-24.01,17.53,0.0,100.0,60.0,0.0,81.0,38.0,10.97,11.91,11.0,10.97,11.91,0.15,0.0,0.93,0.04,0.0,0.52,0.15,0.0,2.8,0.28,0.0,2.6,2.6,0.71,1.623943604,0,1,0,Slow,100,1085,0.0,0.0,0.0,0,240.0,38.416,0,568.135461,16,-0.035275869,0.0,0.0,0.0,T,0.8282675000000004,5.6088875,SectorTime outside section-specific IQR limits
P056,"Laguna_Seca, Laguna_Seca",", McLaren 720S GT3","8/26/2023, ",Lap 3,114.962,Turn 3,7.43082,0.89,0.54,0.19,0.38,0.2,0.02,1.15,0.52,0.74,0.6,0.29,5.65,63.98,35.5,5.66,14.39,16.64,0.0,75.0,19.0,37.0,0.0,25.0,62.3,116.4,81.6,116.4,90.8,15.7,0.0,1.0,0.29,0.0,0.0,0.45,-3.13,-0.26,-1.46,-0.27,-0.5,0.86,-24.26,-3.39,-13.91,-3.39,-7.52,5.68,0.0,100.0,39.0,3.0,100.0,39.0,8.63,9.92,8.95,8.63,9.92,0.47,0.0,1.28,0.31,0.0,0.73,0.47,0.26,3.13,1.46,0.27,0.5,0.22,0.86,0.872744494,0,1,0,Slow,100,1085,0.0,0.0,0.0,0,0.0,0.0,0,138.3333333,11,-1.999999905,0.0,0.0,0.0,T,0.8282675000000004,5.6088875,SectorTime outside section-specific IQR limits
P056,"Laguna_Seca, Laguna_Seca",", McLaren 720S GT3","8/26/2023, ",Lap 4,109.319,Turn 3,6.397904,1.17,0.75,0.31,0.51,0.23,0.01,1.31,0.59,0.06,0.61,0.37,12.5,62.42,37.61,12.5,18.87,11.75,0.0,100.0,34.0,0.0,0.0,44.0,73.9,131.0,93.3,130.9,100.5,17.4,0.0,1.0,0.38,0.0,0.0,0.49,-2.6,-0.13,-1.62,-0.76,-0.72,0.64,-26.92,-4.07,-16.54,-4.07,-10.39,4.94,0.0,100.0,42.0,31.0,100.0,41.0,9.67,11.15,10.25,9.67,11.15,0.54,0.0,1.48,0.59,0.0,0.93,0.54,0.13,2.6,1.62,0.76,0.72,-0.04,0.64,0.496344513,0,0,0,Slow,100,1085,0.0,0.0,0.0,0,0.0,0.0,0,136.8333333,7,-3.666666737,0.0,0.0,0.0,T,0.8282675000000004,5.6088875,SectorTime outside section-specific IQR limits
P055,"Laguna_Seca, Laguna_Seca",", McLaren 720S GT3","8/26/2023, ",Lap 1,115.412,Turn 3,14.716956,1.06,0.43,0.37,1.03,0.29,0.01,0.86,0.31,0.41,0.04,0.29,0.4,44.85,21.96,26.97,41.04,10.66,0.0,0.0,0.0,0.0,0.0,0.0,59.3,101.5,90.7,59.3,101.5,13.1,0.0,1.0,0.06,0.0,0.0,0.25,-2.22,0.23,-1.02,-0.68,-1.84,0.54,-22.72,11.07,-5.2,11.07,-22.11,10.11,6.0,100.0,51.0,78.0,27.0,30.0,8.97,9.23,8.98,8.97,9.23,0.05,0.0,0.34,0.02,0.34,0.21,0.15,0.0,2.22,1.03,0.68,1.84,1.17,0.53,0.902760441,0,0,0,Slow,100,1085,0.0,0.0,0.0,0,0.0,0.0,1,97.5,3,-15.8333333,0.0,0.0,0.0,T,0.8282675000000004,5.6088875,SectorTime outside section-specific IQR limits
P055,"Laguna_Seca, Laguna_Seca",", McLaren 720S GT3","8/26/2023, ",Lap 3,119.907,Turn 3,24.430244,1.35,0.32,0.01,1.26,0.39,0.0,0.8,0.36,0.8,0.03,0.27,0.18,40.67,12.97,3.13,36.72,13.1,0.0,0.0,0.0,0.0,0.0,0.0,72.0,115.2,102.0,72.0,113.6,13.8,0.0,0.0,0.0,0.0,0.0,0.0,-1.94,0.01,-0.69,-0.2,-1.55,0.65,-26.05,1.87,-5.53,0.71,-22.22,8.27,4.0,100.0,69.0,100.0,17.0,38.0,10.55,10.55,10.55,10.55,10.55,0.0,0.0,0.76,0.0,0.76,0.0,0.15,0.0,1.94,0.69,0.2,1.55,1.35,0.65,1.202586405,0,1,0,Slow,100,1085,0.0,0.0,0.0,0,0.0,0.0,2,61.0,8,-13.33333334,0.0,0.0,0.0,T,0.8282675000000004,5.6088875,SectorTime outside section-specific IQR limits
P053,"Laguna_Seca, Laguna_Seca",", McLaren 720S GT3","8/26/2023, ",Lap 3,108.037,Turn 3,7.845101,1.36,0.45,0.11,0.61,0.44,0.01,1.52,0.71,0.63,0.48,0.45,0.02,68.03,20.17,2.88,23.48,22.65,0.0,100.0,29.0,0.0,0.0,42.0,84.9,138.1,111.3,109.5,87.1,18.3,0.0,1.0,0.18,0.0,0.0,0.39,-2.96,0.1,-0.85,-0.1,-0.66,0.97,-33.85,1.42,-9.29,1.42,-8.33,11.35,0.0,100.0,50.0,100.0,100.0,47.0,7.45,8.05,7.57,7.45,8.05,0.22,0.0,2.08,0.13,2.08,0.0,0.28,0.0,2.96,0.85,0.1,0.66,0.56,0.97,0.410832414,0,1,0,Slow,100,1085,0.0,0.0,0.0,0,0.0,0.0,1,150.0,6,-9.333333359,0.0,0.0,0.0,T,0.8282675000000004,5.6088875,SectorTime outside section-specific IQR limits
P052,"Laguna_Seca, Laguna_Seca",", McLaren 720S GT3","8/26/2023, ",Lap 4,92.134,Turn 3,6.992938,1.7,1.4,0.51,1.55,0.28,0.01,0.59,0.27,0.59,0.32,0.14,16.15,72.36,63.1,16.15,69.6,11.58,0.0,2.0,0.0,0.0,0.0,0.0,128.4,144.3,137.1,128.4,144.3,3.7,0.0,1.0,0.96,0.0,1.0,0.21,-5.13,-1.11,-4.3,-1.11,-4.98,0.84,-30.65,-6.74,-21.54,-6.74,-21.84,4.53,13.0,100.0,81.0,100.0,100.0,28.0,10.0,12.54,11.23,10.0,12.54,0.76,0.0,2.53,1.23,1.28,1.38,0.76,1.11,5.13,4.3,1.11,4.98,3.87,0.84,-0.649931168,0,0,1,Fast,100,1085,1921.0,51.28,-368.0781639,1953,0.0,0.0,0,76.5,11,-18.25,0.0,0.0,0.0,T,0.8282675000000004,5.6088875,SectorTime outside section-specific IQR limits
P047,"Laguna_Seca, Laguna_Seca",", McLaren 720S GT3","8/26/2023, ",Lap 1,102.284,Turn 3,12.993596,1.65,1.06,0.53,0.63,0.28,0.03,1.32,0.48,0.5,0.53,0.32,5.82,75.7,32.98,23.76,16.51,18.56,0.0,74.0,19.0,3.0,0.0,26.0,108.8,139.9,118.5,139.2,127.2,8.2,0.0,1.0,0.21,0.0,0.0,0.41,-4.37,0.43,-1.49,-1.65,-0.81,1.3,-32.39,-6.93,-18.41,-10.03,-9.35,7.07,0.0,100.0,61.0,100.0,100.0,35.0,9.78,10.43,10.06,9.78,10.43,0.3,0.0,0.66,0.27,0.66,0.0,0.3,0.0,4.37,1.51,1.65,0.81,-0.84,1.27,0.027095201,0,0,1,Fast,100,1085,0.0,0.0,0.0,0,0.0,0.0,0,295.5,15,2.75,0.0,0.0,0.0,T,0.8282675000000004,5.6088875,SectorTime outside section-specific IQR limits
P042,"Laguna_Seca, Laguna_Seca",", McLaren 720S GT3","8/25/2023, ",Lap 6,98.882,Turn 3,12.582263,1.63,1.09,0.07,1.31,0.42,0.07,0.72,0.39,0.5,0.34,0.11,4.31,53.15,32.87,7.48,31.96,12.69,0.0,0.0,0.0,0.0,0.0,0.0,104.6,138.8,123.1,104.6,138.8,9.6,0.0,1.0,0.32,0.0,0.0,0.47,-2.91,0.96,-1.65,-0.57,-1.65,0.89,-29.53,-1.18,-18.54,-1.18,-16.44,7.25,84.0,100.0,97.0,100.0,100.0,6.0,10.33,11.3,10.72,10.33,11.3,0.36,0.0,0.97,0.38,0.15,0.33,0.37,0.0,2.91,1.69,0.57,1.65,1.07,0.77,-0.199825361,0,0,1,Fast,100,1085,0.0,0.0,0.0,0,0.0,0.0,0,177.0,12,-5.5,0.0,0.0,0.0,T,0.8282675000000004,5.6088875,SectorTime outside section-specific IQR limits
P039,"Laguna_Seca, Laguna_Seca",", McLaren 720S GT3","8/25/2023, ",Lap 4,103.272,Turn 3,7.059587,2.3,1.18,0.28,1.4,0.45,0.01,0.45,0.16,0.04,0.28,0.09,13.3,59.66,40.16,13.3,49.33,11.08,0.0,0.0,0.0,0.0,0.0,0.0,115.2,132.4,122.6,132.3,116.3,5.9,0.0,1.0,0.54,0.0,1.0,0.5,-3.31,-0.9,-2.1,-0.9,-2.47,0.66,-33.76,11.22,-20.48,-5.71,-21.57,8.8,0.0,87.0,12.0,29.0,87.0,21.0,10.05,11.66,10.68,10.05,11.66,0.45,0.0,1.6,0.62,0.12,0.36,0.45,0.9,3.31,2.1,0.9,2.47,1.57,0.66,0.092996882,0,0,1,Fast,100,1085,0.0,0.0,0.0,0,59.53,32.558,0,150.0,13,-12.25,0.0,0.0,0.0,T,0.8282675000000004,5.6088875,SectorTime outside section-specific IQR limits
P033,"Laguna_Seca, Laguna_Seca",", McLaren 720S GT3","8/25/2023, ",Lap 1,126.422,Turn 3,7.364437,1.11,0.66,0.08,0.91,0.31,0.0,0.1,0.04,0.0,0.06,0.02,6.35,50.34,31.37,8.14,40.71,13.5,0.0,0.0,0.0,0.0,0.0,0.0,90.7,93.5,91.7,93.4,92.2,0.8,0.0,1.0,0.06,0.0,0.0,0.24,-2.13,-0.25,-1.32,-0.46,-1.45,0.54,-25.18,-2.2,-14.95,-2.2,-20.3,6.7,8.0,29.0,21.0,20.0,29.0,6.0,10.67,10.92,10.7,10.67,10.92,0.07,0.0,0.25,0.03,0.21,0.19,0.12,0.25,2.13,1.32,0.46,1.45,0.99,0.54,1.637150621,0,0,0,Slow,100,1085,0.0,0.0,0.0,0,50.115,36.323,0,70.0,7,-7.0,0.0,0.0,0.0,T,0.8282675000000004,5.6088875,SectorTime outside section-specific IQR limits
P033,"Laguna_Seca, Laguna_Seca",", McLaren 720S GT3","8/25/2023, ",Lap 5,104.839,Turn 3,5.886081,1.68,1.11,0.06,0.57,0.52,0.01,0.74,0.25,0.12,0.31,0.2,0.22,46.76,23.5,0.83,26.13,13.17,0.0,37.0,8.0,0.0,0.0,13.0,111.9,138.4,120.6,138.4,116.1,9.3,0.0,1.0,0.16,0.0,0.0,0.37,-2.35,1.68,-0.55,0.03,-1.46,1.19,-34.98,0.18,-19.09,0.18,-10.67,10.92,0.0,66.0,28.0,13.0,66.0,25.0,11.18,11.68,11.56,11.18,11.68,0.2,0.0,0.83,0.38,0.83,0.21,0.21,0.0,2.35,0.84,0.0,1.46,1.46,0.83,0.197519081,0,0,0,Slow,100,1085,0.0,0.0,0.0,0,46.67,31.591,1,145.5,6,-11.5,0.0,0.0,0.0,T,0.8282675000000004,5.6088875,SectorTime outside section-specific IQR limits
P032,"Laguna_Seca, Laguna_Seca",", McLaren 720S GT3","8/25/2023, ",Lap 4,126.584,Turn 3,27.808881,1.36,0.5,0.12,1.36,0.41,0.02,0.67,0.37,0.55,0.42,0.1,0.2,52.58,26.66,16.15,50.97,17.8,0.0,0.0,0.0,0.0,0.0,0.0,58.4,112.7,86.7,58.4,112.7,15.3,0.0,1.0,0.37,0.0,1.0,0.48,-2.96,-0.07,-1.41,-0.8,-2.62,0.96,-27.16,4.16,-10.08,4.16,-27.16,9.47,59.0,100.0,72.0,71.0,100.0,10.0,9.78,11.38,10.17,9.78,11.38,0.5,0.0,1.58,0.38,0.0,0.0,0.5,0.07,2.96,1.41,0.8,2.62,1.81,0.96,1.647956362,0,0,0,Slow,100,1085,0.0,0.0,0.0,0,0.0,0.0,1,137.3333333,13,-15.66666658,0.0,0.0,0.0,T,0.8282675000000004,5.6088875,SectorTime outside section-specific IQR limits
P031,"Laguna_Seca, Laguna_Seca",", McLaren 720S GT3","8/25/2023, ",Lap 1,124.577,Turn 3,15.155818,1.98,1.21,0.44,0.5,0.38,0.02,0.87,0.3,0.38,0.46,0.19,0.09,56.65,30.01,18.41,14.22,12.73,0.0,43.0,4.0,19.0,0.0,10.0,123.6,133.9,127.8,133.9,133.8,2.5,0.0,1.0,0.26,0.0,0.0,0.44,-3.07,2.95,-0.99,-1.13,-1.17,1.35,-33.93,6.72,-19.51,-10.35,-10.24,8.95,0.0,100.0,54.0,40.0,88.0,40.0,10.47,11.23,10.77,10.47,11.23,0.3,0.0,0.77,0.3,0.65,0.0,0.3,0.0,3.07,1.24,1.13,1.17,0.04,0.85,1.514085237,0,0,0,Slow,100,1085,400.0,9.2,-136.7896583,413,0.0,0.0,2,344.5,14,0.25,0.0,0.0,0.0,T,0.8282675000000004,5.6088875,SectorTime outside section-specific IQR limits
P028,"Laguna_Seca, Laguna_Seca",", McLaren 720S GT3","8/25/2023, ",Lap 5,120.404,Turn 3,23.866542,1.44,0.7,0.19,1.06,0.38,0.08,0.79,0.51,0.3,0.45,0.14,1.65,87.5,45.43,87.5,19.11,11.65,0.0,0.0,0.0,0.0,0.0,0.0,35.8,117.4,78.3,35.8,117.4,25.9,0.0,1.0,0.57,0.0,0.0,0.49,-2.88,0.0,-1.67,0.0,-0.28,0.96,-32.2,18.94,-15.89,18.94,-14.26,8.96,53.0,100.0,90.0,55.0,100.0,12.0,12.52,15.22,13.77,12.52,15.22,0.98,0.0,2.7,1.25,2.13,0.56,0.99,0.0,2.88,1.67,0.0,0.28,0.28,0.96,1.235737351,0,0,0,Slow,100,1085,0.0,0.0,0.0,0,0.0,0.0,1,263.4333333,13,-2.891666698,0.0,0.0,0.0,T,0.8282675000000004,5.6088875,SectorTime outside section-specific IQR limits
P027,"Laguna_Seca, Laguna_Seca",", McLaren 720S GT3","8/25/2023, ",Lap 4,118.134,Turn 3,13.896676,1.17,0.77,0.31,0.6,0.25,0.29,0.71,0.47,0.6,0.59,0.11,9.91,57.85,35.53,27.78,21.74,14.99,0.0,0.0,0.0,0.0,0.0,0.0,72.1,129.5,100.4,72.1,129.5,15.2,0.0,1.0,0.43,0.0,0.0,0.5,-2.82,-0.16,-1.66,-1.38,-1.29,0.84,-26.77,-5.77,-16.23,-9.55,-9.31,6.38,61.0,100.0,91.0,100.0,100.0,10.0,12.85,14.45,13.89,12.85,14.45,0.58,0.0,1.6,1.04,0.45,1.09,0.58,0.16,2.82,1.66,1.38,1.29,-0.08,0.84,1.084323572,0,0,0,Slow,100,1085,0.0,0.0,0.0,0,0.0,0.0,0,163.3333333,6,3.333333397,0.0,0.0,0.0,T,0.8282675000000004,5.6088875,SectorTime outside section-specific IQR limits
P027,"Laguna_Seca, Laguna_Seca",", McLaren 720S GT3","8/25/2023, ",Lap 5,97.177,Turn 3,6.400576,1.8,1.24,0.47,0.49,0.35,0.0,0.56,0.21,0.1,0.56,0.12,3.27,61.5,33.85,22.9,10.41,16.37,0.0,0.0,0.0,0.0,0.0,0.0,121.0,132.9,125.7,132.8,130.6,3.7,0.0,1.0,0.45,0.0,0.0,0.5,-3.62,0.98,-1.54,-1.55,-0.35,1.3,-32.83,-2.82,-20.14,-8.42,-4.65,8.12,0.0,99.0,37.0,35.0,99.0,37.0,9.85,11.17,10.6,9.85,11.17,0.4,0.0,1.32,0.75,0.83,0.71,0.4,0.0,3.62,1.62,1.55,0.35,-1.2,1.17,-0.313552451,0,0,1,Fast,100,1085,0.0,0.0,0.0,0,0.0,0.0,0,228.5,8,6.0,0.0,0.0,0.0,T,0.8282675000000004,5.6088875,SectorTime outside section-specific IQR limits
P023,"Laguna_Seca, Laguna_Seca",", McLaren 720S GT3","8/25/2023, ",Lap 2,104.682,Turn 3,5.735327,1.29,0.93,0.27,0.71,0.28,0.0,1.32,0.35,0.98,0.39,0.39,6.34,52.25,35.15,6.34,18.15,11.24,0.0,79.0,13.0,50.0,0.0,25.0,102.9,132.6,108.1,132.6,111.8,7.1,0.0,1.0,0.3,0.0,0.0,0.46,-2.75,-0.32,-1.58,-0.32,-0.61,0.66,-27.58,-3.83,-17.92,-4.04,-12.56,6.13,0.0,100.0,35.0,0.0,100.0,28.0,8.48,9.52,8.85,8.48,9.52,0.39,0.0,1.03,0.36,0.08,0.46,0.39,0.32,2.75,1.58,0.32,0.61,0.29,0.66,0.18704685,0,1,0,Slow,100,1085,0.0,0.0,0.0,0,0.0,0.0,0,139.5,9,-4.0,0.0,0.0,0.0,T,0.8282675000000004,5.6088875,SectorTime outside section-specific IQR limits
P022,"Laguna_Seca, Laguna_Seca",", McLaren 720S GT3","8/25/2023, ",Lap 2,97.239,Turn 3,9.92091,1.78,1.22,0.79,0.71,0.28,0.09,0.58,0.37,0.56,0.41,0.12,2.0,54.51,34.18,38.04,19.59,17.42,0.0,0.0,0.0,0.0,0.0,0.0,109.9,140.9,126.2,109.9,140.9,9.1,0.0,1.0,0.55,1.0,0.0,0.5,-3.26,0.93,-1.61,-2.16,-1.07,1.36,-33.05,-2.73,-19.82,-14.5,-7.44,7.65,60.0,100.0,96.0,100.0,100.0,9.0,12.62,14.2,13.57,12.62,14.2,0.47,0.02,1.57,0.95,0.0,0.96,0.49,0.0,3.26,1.69,2.16,1.07,-1.09,1.24,-0.30941692,0,1,1,Fast,100,1085,0.0,0.0,0.0,0,0.0,0.0,0,247.5,15,4.75,0.0,0.0,0.0,T,0.8282675000000004,5.6088875,SectorTime outside section-specific IQR limits
P015,"Laguna_Seca, Laguna_Seca",", McLaren 720S GT3","24/08/2023, ",Lap 2,104.987,Turn 3,6.365,1.3,0.73,0.58,0.69,0.23,0.0,1.19,0.35,1.19,0.44,0.29,19.97,49.97,32.15,26.66,28.21,6.14,0.0,68.0,11.0,66.0,0.0,20.0,89.4,112.9,96.5,112.9,102.6,4.9,0.0,1.0,0.07,0.0,0.0,0.26,-2.99,-0.23,-1.4,-1.43,-1.39,0.52,-36.26,5.33,-15.45,-16.97,-12.11,5.95,0.0,74.0,36.0,0.0,74.0,23.0,9.87,10.13,9.96,9.87,10.13,0.12,0.0,0.27,0.09,0.0,0.16,0.13,0.23,2.99,1.4,1.43,1.39,-0.04,0.52,0.207390992,0,1,0,Slow,100,1085,0.0,0.0,0.0,0,0.0,0.0,0,168.0,18,-1.25,0.0,0.0,0.0,T,0.8282675000000004,5.6088875,SectorTime outside section-specific IQR limits
P015,"Laguna_Seca, Laguna_Seca",", McLaren 720S GT3","24/08/2023, ",Lap 3,109.679,Turn 3,5.92,1.0,0.6,0.45,0.72,0.16,0.0,0.58,0.19,0.58,0.32,0.16,20.37,47.7,32.89,24.62,30.19,6.87,0.0,30.0,6.0,29.0,0.0,7.0,80.9,100.4,87.6,86.4,100.4,5.1,0.0,1.0,0.05,0.0,0.0,0.21,-2.51,-0.73,-1.5,-1.05,-1.48,0.43,-30.81,4.02,-13.68,-13.68,-12.41,4.95,13.0,62.0,46.0,13.0,62.0,14.0,8.0,8.2,8.06,8.0,8.2,0.09,0.0,0.2,0.06,0.02,0.16,0.09,0.73,2.51,1.5,1.05,1.48,0.43,0.43,0.520357271,0,1,0,Slow,100,1085,0.0,0.0,0.0,0,0.0,0.0,0,139.0,16,-1.0,0.0,0.0,0.0,T,0.8282675000000004,5.6088875,SectorTime outside section-specific IQR limits
P013,"Laguna_Seca, Laguna_Seca",", McLaren 720S GT3","24/08/2023, ",Lap 6,119.447,Turn 3,21.053,2.27,0.96,0.31,0.93,0.44,0.0,0.72,0.28,0.53,0.33,0.2,0.24,99.8,43.3,12.66,55.21,24.03,0.0,39.0,5.0,0.0,0.0,10.0,92.8,117.7,103.0,109.1,99.7,8.0,0.0,1.0,0.49,0.0,1.0,0.5,-4.26,10.52,0.83,-0.68,-3.13,4.15,-41.04,39.53,-15.81,-6.4,-20.23,19.47,0.0,100.0,33.0,100.0,73.0,36.0,12.35,14.12,13.16,12.35,14.12,0.59,0.0,1.75,0.81,1.26,0.15,0.59,0.0,4.26,1.09,0.68,3.13,2.45,1.09,1.171903436,0,0,0,Slow,100,1085,0.0,0.0,0.0,0,0.0,0.0,2,415.0,8,-10.0,0.0,0.0,0.0,T,0.8282675000000004,5.6088875,SectorTime outside section-specific IQR limits
P008,"Laguna_Seca, Laguna_Seca",", McLaren 720S GT3","24/08/2023, ",Lap 4,130.592,Turn 3,14.956,1.62,0.75,0.36,1.37,0.61,0.02,0.85,0.49,0.69,0.34,0.27,0.62,69.52,34.14,33.13,57.07,23.66,0.0,0.0,0.0,0.0,0.0,0.0,65.0,119.2,102.7,65.0,119.2,17.1,0.0,1.0,0.44,0.0,1.0,0.5,-4.21,0.34,-1.88,-1.45,-3.56,1.45,-39.23,11.89,-11.69,11.72,-22.57,14.39,0.0,100.0,87.0,100.0,90.0,26.0,11.53,13.12,11.89,11.53,13.12,0.5,0.0,1.58,0.36,0.0,1.56,0.52,0.0,4.21,1.89,1.45,3.56,2.12,1.44,1.915298401,0,0,0,Slow,100,1085,0.0,0.0,0.0,0,0.0,0.0,1,142.5,12,-24.91666664,0.0,0.0,0.0,T,0.8282675000000004,5.6088875,SectorTime outside section-specific IQR limits
P007,"Laguna_Seca, Laguna_Seca",", McLaren 720S GT3","24/08/2023, ",Lap 4,100.904,Turn 3,6.499,1.63,1.25,0.01,1.46,0.47,0.0,0.71,0.28,0.57,0.35,0.16,2.49,82.75,57.84,2.49,33.89,22.36,0.0,30.0,3.0,0.0,0.0,7.0,121.5,134.0,126.2,130.2,131.4,3.7,0.0,1.0,0.84,0.0,0.0,0.36,-5.58,-0.01,-3.7,-0.01,-1.55,1.53,-34.13,-1.0,-21.51,-1.0,-24.89,8.15,0.0,100.0,55.0,99.0,100.0,37.0,11.55,14.03,12.67,11.55,14.03,0.81,0.0,2.48,1.13,0.0,0.0,0.81,0.01,5.58,3.7,0.01,1.55,1.54,1.53,-0.064953704,0,0,1,Fast,100,1085,0.0,0.0,0.0,0,0.0,0.0,0,139.5,7,-8.5,0.0,0.0,0.0,T,0.8282675000000004,5.6088875,SectorTime outside section-specific IQR limits
P078,"Laguna_Seca, Laguna_Seca",", McLaren 720S GT3","8/27/2023, ",Lap 3,127.142,Turn 4,20.003261,1.5,1.06,0.16,1.0,0.35,0.03,1.41,0.72,1.38,0.46,0.39,1.54,78.84,55.11,1.81,43.83,19.01,0.0,100.0,48.0,65.0,0.0,41.0,77.3,173.2,106.8,173.2,92.6,28.9,0.0,1.0,0.86,0.0,0.0,0.34,-5.39,-0.07,-2.77,-0.08,-1.79,1.22,1.34,33.18,21.75,1.97,20.41,8.07,0.0,85.0,27.0,0.0,85.0,32.0,11.67,15.33,13.31,11.67,15.33,1.18,0.0,3.67,1.63,0.33,0.53,1.18,0.07,5.39,2.77,0.08,1.79,1.71,1.22,1.685176137,0,1,0,Slow,122,1593,0.0,0.0,0.0,0,78.75,63.524,0,149.1666667,13,16.66666667,12.91666667,0.38,0.19,T,-2.6614495,14.5070825,SectorTime outside section-specific IQR limits
P074,"Laguna_Seca, Laguna_Seca",", McLaren 720S GT3","8/27/2023, ",Lap 2,122.162,Turn 4,20.160123,1.76,1.48,0.59,0.42,0.29,0.01,0.62,0.19,0.01,0.48,0.15,2.7,134.82,90.74,31.5,2.7,38.75,0.0,53.0,2.0,0.0,0.0,10.0,106.6,127.2,113.9,127.1,114.8,7.2,0.0,1.0,0.89,1.0,0.0,0.31,-9.69,0.82,-5.98,-2.12,0.43,3.12,0.83,35.84,26.28,10.28,3.24,6.74,0.0,100.0,43.0,36.0,100.0,39.0,12.95,16.47,14.9,12.95,16.47,1.11,0.02,3.52,1.95,1.26,2.68,1.1,0.0,9.69,6.03,2.12,0.0,-2.12,3.03,1.352999652,0,1,0,Slow,122,1593,0.0,0.0,0.0,0,134.82,52.384,0,258.0,9,-5.532786885,0.0,0.0,0.0,T,-2.6614495,14.5070825,SectorTime outside section-specific IQR limits
P064,"Laguna_Seca, Laguna_Seca",", McLaren 720S GT3","8/26/2023, ",Lap 6,103.614,Turn 4,19.643129,1.55,1.06,0.41,0.96,0.26,0.0,0.63,0.29,0.51,0.63,0.15,0.64,69.57,42.64,29.54,36.47,13.62,0.0,17.0,1.0,17.0,0.0,3.0,91.8,115.0,101.8,115.0,113.7,7.0,0.0,1.0,0.38,0.97,0.0,0.49,-3.41,0.55,-1.84,-2.29,-1.78,0.75,3.51,35.16,21.79,18.53,18.18,6.23,0.0,100.0,33.0,0.0,100.0,39.0,16.03,17.67,16.83,16.03,17.67,0.6,0.02,1.65,0.81,0.19,1.27,0.68,0.0,3.41,1.86,2.29,1.78,-0.51,0.71,0.115809002,0,0,1,Fast,122,1593,0.0,0.0,0.0,0,0.0,0.0,0,333.5,17,3.073770492,0.0,0.0,0.0,T,-2.6614495,14.5070825,SectorTime outside section-specific IQR limits
P059,"Laguna_Seca, Laguna_Seca",", McLaren 720S GT3","8/26/2023, ",Lap 3,105.284,Turn 4,20.942725,1.62,1.2,0.62,1.16,0.23,0.03,1.11,0.46,1.11,0.42,0.34,10.22,55.79,40.0,12.78,35.72,13.04,0.0,56.0,18.0,56.0,0.0,23.0,100.3,151.4,113.1,151.4,113.7,14.3,0.0,1.0,0.42,0.0,0.0,0.49,-2.6,-0.17,-1.7,-0.59,-1.55,0.74,10.94,31.2,22.14,11.8,19.88,5.22,0.0,100.0,36.0,0.0,100.0,37.0,10.03,11.7,10.45,10.03,11.7,0.57,0.0,1.67,0.41,0.15,0.5,0.57,0.17,2.6,1.7,0.59,1.55,0.96,0.74,0.227201518,0,1,0,Slow,122,1593,0.0,0.0,0.0,0,55.61,52.317,0,145.0,28,6.352459016,0.0,0.0,0.0,T,-2.6614495,14.5070825,SectorTime outside section-specific IQR limits
P041,"Laguna_Seca, Laguna_Seca",", McLaren 720S GT3","8/25/2023, ",Lap 5,104.789,Turn 4,22.285923,1.68,1.37,0.58,1.66,0.29,0.0,1.18,0.39,1.18,0.19,0.39,13.6,73.65,43.98,16.64,55.58,16.3,0.0,62.0,14.0,62.0,0.0,25.0,115.4,154.4,123.5,154.4,126.4,9.9,0.0,1.0,0.57,0.0,1.0,0.5,-3.89,-0.39,-2.19,-0.91,-3.11,1.04,11.31,35.57,23.66,11.31,35.57,6.09,0.0,100.0,47.0,0.0,100.0,43.0,11.95,14.03,12.66,11.95,14.03,0.67,0.0,2.07,0.7,0.32,0.5,0.68,0.39,3.89,2.19,0.91,3.11,2.19,1.04,0.194183975,0,0,0,Slow,122,1593,0.0,0.0,0.0,0,66.35,53.089,0,252.0,14,12.29508197,0.0,0.0,0.0,T,-2.6614495,14.5070825,SectorTime outside section-specific IQR limits
P038,"Laguna_Seca, Laguna_Seca",", McLaren 720S GT3","8/25/2023, ",Lap 3,101.459,Turn 4,18.793832,1.78,1.27,0.72,0.98,0.24,0.01,1.53,0.39,1.36,0.51,0.3,14.7,88.75,46.03,22.87,21.14,19.11,0.0,100.0,11.0,100.0,0.0,23.0,102.3,130.4,111.3,130.4,126.5,7.7,0.0,1.0,0.46,0.0,0.0,0.5,-5.07,-0.17,-2.16,-1.41,-0.94,1.32,10.49,39.36,23.41,13.29,10.95,6.74,0.0,100.0,58.0,0.0,100.0,37.0,12.62,14.47,13.47,12.62,14.47,0.67,0.0,1.85,0.86,0.9,1.39,0.67,0.17,5.07,2.16,1.41,0.94,-0.47,1.32,-0.027934035,0,1,1,Fast,122,1593,0.0,0.0,0.0,0,88.64,49.429,0,409.5,15,-2.459016393,0.0,0.0,0.0,T,-2.6614495,14.5070825,SectorTime outside section-specific IQR limits
P029,"Laguna_Seca, Laguna_Seca",", McLaren 720S GT3","8/25/2023, ",Lap 1,117.057,Turn 4,18.730374,1.73,1.27,0.74,0.79,0.36,0.0,1.18,0.22,1.18,0.4,0.22,3.12,77.06,46.72,19.0,3.54,21.32,0.0,59.0,3.0,59.0,0.0,10.0,101.9,122.7,107.9,122.7,115.0,5.1,0.0,1.0,0.54,0.0,0.0,0.5,-4.17,0.93,-2.09,-0.87,0.76,1.28,8.36,34.24,24.05,13.02,8.36,7.26,0.0,100.0,40.0,0.0,100.0,36.0,10.8,13.07,12.08,10.8,13.07,0.88,0.0,2.27,1.28,0.86,0.98,0.88,0.0,4.17,2.14,0.87,0.0,-0.87,1.2,1.012485404,0,0,0,Slow,122,1593,2.0,0.08,-162.8577263,2,0.0,0.0,0,174.0,10,-2.459016393,0.0,0.0,0.0,T,-2.6614495,14.5070825,SectorTime outside section-specific IQR limits
P025,"Laguna_Seca, Laguna_Seca",", McLaren 720S GT3","8/25/2023, ",Lap 1,114.647,Turn 4,20.608088,1.87,1.3,1.62,0.74,0.38,0.0,0.45,0.21,0.11,0.44,0.14,10.92,85.12,44.68,27.93,27.13,22.05,0.0,0.0,0.0,0.0,0.0,0.0,108.6,126.3,116.3,123.5,126.3,5.0,0.0,1.0,0.43,0.0,0.0,0.5,-4.95,0.39,-2.16,-0.47,-1.53,1.47,8.02,40.56,22.08,24.81,13.64,8.59,0.0,100.0,48.0,12.0,100.0,41.0,12.67,14.37,13.58,12.67,14.37,0.67,0.0,1.7,0.92,0.0,0.46,0.67,0.0,4.95,2.18,0.47,1.53,1.06,1.45,0.85173333,0,0,0,Slow,122,1593,0.0,0.0,0.0,0,85.065,51.561,0,251.0,13,0.0,0.0,0.0,0.0,T,-2.6614495,14.5070825,SectorTime outside section-specific IQR limits
P021,"Laguna_Seca, Laguna_Seca",", McLaren 720S GT3","8/24/2023, ",Lap 1,107.344,Turn 4,21.05333,1.67,1.07,0.03,1.09,0.61,0.0,1.64,0.53,1.56,0.46,0.48,0.22,106.92,51.98,4.55,31.76,33.22,0.0,100.0,22.0,100.0,0.0,36.0,99.2,164.4,115.7,164.4,108.3,18.1,0.0,1.0,0.65,0.0,0.0,0.48,-6.48,-0.04,-2.86,-0.1,-1.18,2.0,-2.37,35.09,20.56,-2.37,16.65,12.1,0.0,100.0,28.0,0.0,100.0,41.0,9.5,12.05,10.55,9.5,12.05,0.93,0.0,2.55,1.04,0.43,0.0,0.93,0.04,6.48,2.86,0.1,1.18,1.08,2.0,0.364607855,0,0,0,Slow,122,1593,0.0,0.0,0.0,0,106.785,53.083,1,203.5,7,11.47540984,0.0,0.0,0.0,T,-2.6614495,14.5070825,SectorTime outside section-specific IQR limits
P012,"Laguna_Seca, Laguna_Seca",", McLaren 720S GT3","24/08/2023, ",Lap 2,103.454,Turn 4,15.962,1.46,1.07,0.3,1.09,0.19,0.01,1.41,0.35,1.41,0.28,0.37,20.02,53.79,43.76,20.02,38.95,8.23,0.0,86.0,13.0,86.0,0.0,27.0,92.2,130.8,100.6,130.8,108.2,8.7,0.0,1.0,0.47,0.0,0.0,0.5,-2.51,-1.03,-1.86,-1.4,-1.8,0.51,6.63,29.17,22.02,6.63,19.21,4.03,0.0,88.0,35.0,0.0,72.0,30.0,17.43,19.52,18.03,17.43,19.52,0.64,0.0,3.35,0.61,3.35,1.02,0.66,1.03,2.51,1.86,1.4,1.8,0.4,0.51,0.105136665,0,1,1,Fast,122,1593,0.0,0.0,0.0,0,0.0,0.0,0,162.0,15,5.737704918,0.0,0.0,0.0,T,-2.6614495,14.5070825,SectorTime outside section-specific IQR limits
P084,"Laguna_Seca, Laguna_Seca",", McLaren 720S GT3","8/27/2023, ",Lap 3,127.849,Turn 5,17.914765,1.17,0.06,0.41,0.06,0.11,0.0,2.97,0.37,1.44,0.48,0.48,0.0,66.12,26.29,7.99,11.43,18.37,0.0,100.0,22.0,100.0,0.0,38.0,0.0,112.9,22.0,112.9,44.0,22.7,0.0,1.0,0.01,0.0,0.0,0.1,-1.3,2.41,0.04,-0.07,0.0,0.33,-14.11,15.93,1.79,4.56,2.44,5.04,0.0,75.0,26.0,51.0,75.0,24.0,13.08,13.27,13.26,13.08,13.27,0.04,0.0,0.18,0.17,0.06,0.0,0.04,0.0,1.3,0.02,0.07,0.0,-0.07,0.11,1.732334526,0,1,0,Slow,105,1999,0.0,0.0,0.0,0,65.065,65.952,8,484.8891015,33,-4.299874951,0.0,0.0,0.0,T,-3.304706874999999,12.781178124999999,SectorTime outside section-specific IQR limits
P064,"Laguna_Seca, Laguna_Seca",", McLaren 720S GT3","8/26/2023, ",Lap 5,110.337,Turn 5,16.184829,2.53,1.04,0.31,0.55,0.63,0.02,0.56,0.25,0.41,0.53,0.13,0.33,140.14,38.67,1.16,26.7,29.81,0.0,14.0,2.0,13.0,0.0,4.0,111.5,139.0,121.8,139.0,118.8,8.6,0.0,1.0,0.43,0.0,0.0,0.5,-4.39,12.46,0.32,-0.06,-1.47,3.87,-47.11,48.39,16.3,4.41,9.91,21.09,0.0,100.0,16.0,0.0,100.0,32.0,18.75,20.1,19.59,18.75,20.1,0.49,0.0,1.35,0.84,0.78,0.02,0.52,0.0,4.39,1.09,0.06,1.47,1.41,1.17,0.564247256,0,0,0,Slow,105,1999,0.0,0.0,0.0,0,0.0,0.0,3,615.0,12,14.76190476,0.0,0.0,0.0,T,-3.304706874999999,12.781178124999999,SectorTime outside section-specific IQR limits
P051,"Laguna_Seca, Laguna_Seca",", McLaren 720S GT3","8/26/2023, ",Lap 2,118.632,Turn 5,19.00341,2.1,0.85,0.31,0.44,0.63,0.0,1.02,0.29,0.33,0.47,0.19,0.26,64.75,30.13,7.34,12.3,20.97,0.0,49.0,3.0,7.0,0.0,10.0,113.7,132.7,119.8,122.8,132.7,4.7,0.0,1.0,0.41,0.0,0.0,0.49,-3.51,1.1,-1.43,0.97,-0.62,1.29,-7.07,32.89,13.76,0.89,7.37,12.38,0.0,100.0,60.0,0.0,100.0,37.0,18.78,20.12,19.45,18.78,20.12,0.55,0.0,1.33,0.67,0.68,1.01,0.57,0.0,3.51,1.5,0.0,0.62,0.62,1.2,1.11754122,0,1,0,Slow,105,1999,0.0,0.0,0.0,0,0.0,0.0,3,208.5,12,6.428571429,0.0,0.0,0.0,T,-3.304706874999999,12.781178124999999,SectorTime outside section-specific IQR limits
P049,"Laguna_Seca, Laguna_Seca",", McLaren 720S GT3","8/26/2023, ",Lap 1,103.612,Turn 5,17.858313,2.69,1.07,0.4,0.82,0.67,0.0,0.54,0.25,0.17,0.44,0.15,0.35,75.67,33.84,2.98,18.94,23.79,0.0,0.0,0.0,0.0,0.0,0.0,125.8,142.0,132.3,137.1,142.0,4.4,0.0,1.0,0.42,0.0,0.0,0.5,-4.23,0.47,-1.81,0.19,-1.01,1.46,-2.41,40.65,16.62,3.26,9.49,11.77,0.0,100.0,47.0,0.0,100.0,44.0,14.2,15.43,14.98,14.2,15.43,0.5,0.0,1.23,0.78,0.0,0.96,0.5,0.0,4.23,1.84,0.0,1.01,1.01,1.42,0.115675597,0,0,1,Fast,105,1999,0.0,0.0,0.0,0,0.0,0.0,1,172.0,8,8.571428571,0.0,0.0,0.0,T,-3.304706874999999,12.781178124999999,SectorTime outside section-specific IQR limits
P028,"Laguna_Seca, Laguna_Seca",", McLaren 720S GT3","8/25/2023, ",Lap 1,129.919,Turn 5,30.025639,2.95,0.91,0.58,0.72,0.61,0.0,0.26,0.12,0.13,0.22,0.05,0.09,51.06,25.11,17.17,37.17,14.6,0.0,0.0,0.0,0.0,0.0,0.0,126.6,142.4,135.3,142.4,126.6,5.0,0.0,1.0,0.2,0.0,1.0,0.4,-2.5,0.46,-1.22,-0.88,-2.2,0.82,-6.71,38.67,14.9,10.79,21.49,11.79,0.0,48.0,9.0,11.0,48.0,12.0,12.08,12.66,12.21,12.08,12.66,0.17,0.0,0.57,0.13,0.0,0.25,0.17,0.0,2.5,1.24,0.88,2.2,1.32,0.79,1.870407884,0,0,0,Slow,105,1999,0.0,0.0,0.0,0,0.0,0.0,2,178.5,11,7.380952381,0.0,0.0,0.0,T,-3.304706874999999,12.781178124999999,SectorTime outside section-specific IQR limits
P022,"Laguna_Seca, Laguna_Seca",", McLaren 720S GT3","8/25/2023, ",Lap 6,105.982,Turn 5,21.080413,2.22,1.03,0.22,0.89,0.58,0.01,0.56,0.27,0.56,0.39,0.14,0.02,66.16,33.49,0.29,26.65,20.66,0.0,20.0,1.0,20.0,0.0,3.0,118.8,136.3,125.2,131.0,136.3,4.5,0.0,1.0,0.49,0.0,0.0,0.5,-3.82,0.87,-1.7,0.23,-1.22,1.34,0.1,34.92,17.14,1.72,17.41,10.65,0.0,100.0,47.0,0.0,100.0,44.0,17.6,19.13,18.48,17.6,19.13,0.52,0.0,1.53,0.88,0.04,0.5,0.55,0.0,3.82,1.76,0.0,1.22,1.22,1.25,0.273759587,0,0,0,Slow,105,1999,0.0,0.0,0.0,0,0.0,0.0,1,222.0,7,8.80952381,0.0,0.0,0.0,T,-3.304706874999999,12.781178124999999,SectorTime outside section-specific IQR limits
P064,"Laguna_Seca, Laguna_Seca",", McLaren 720S GT3","8/26/2023, ",Lap 2,123.307,Turn 6,27.091626,2.44,1.16,0.89,0.41,0.44,0.01,1.02,0.3,0.98,0.19,0.29,1.01,129.24,65.01,47.14,8.56,29.14,0.0,73.0,14.0,70.0,0.0,24.0,73.5,97.0,79.3,97.0,76.8,6.1,0.0,1.0,0.46,1.0,0.94,0.5,-5.73,2.19,-2.16,-2.37,2.17,1.57,7.32,66.37,29.66,21.93,7.32,12.86,0.0,43.0,11.0,0.0,36.0,16.0,21.79,22.88,22.42,21.79,22.88,0.41,0.02,1.83,0.65,1.83,1.03,0.55,0.0,5.73,2.22,2.37,0.0,-2.37,1.47,1.429373563,0,1,0,Slow,52,2478,0.0,0.0,0.0,0,0.0,0.0,1,398.3333333,13,-20.83333309,0.0,0.0,0.0,T,-8.391400125,20.529666875000004,SectorTime outside section-specific IQR limits
P051,"Laguna_Seca, Laguna_Seca",", McLaren 720S GT3","8/26/2023, ",Lap 1,106.732,Turn 6,22.313437,1.92,1.19,0.25,0.49,0.46,0.0,1.24,0.4,1.24,0.23,0.42,3.34,182.92,106.98,25.73,62.59,57.03,0.0,73.0,26.0,72.0,0.0,33.0,71.4,104.9,79.2,104.9,72.1,9.6,0.0,1.0,0.86,0.0,1.0,0.35,-10.41,7.11,-5.1,-1.73,7.11,4.53,5.33,54.93,33.02,8.7,5.33,13.21,0.0,44.0,9.0,0.0,36.0,13.0,18.3,20.39,19.3,18.3,20.39,0.67,0.0,2.08,0.99,0.01,1.07,0.67,0.0,10.41,5.63,1.73,0.0,-1.73,3.56,0.323786166,0,0,0,Slow,52,2478,0.0,0.0,0.0,0,182.695,74.571,1,405.5,3,-23.07692359,0.0,0.0,0.0,T,-8.391400125,20.529666875000004,SectorTime outside section-specific IQR limits
P135,"Laguna_Seca, Laguna_Seca",", McLaren 720S GT3","20/10/2024, ",Lap 6,94.697,Turn 7,5.456,0.0,88.0,12.0,0.0,0.0,24.0,0.3,99.3,37.7,21.4,99.3,27.6,-3.51,0.0,-0.56,0.0,-0.82,0.98,-36.12,5.92,-17.22,-19.38,-7.11,9.16,0.0,100.0,77.0,84.0,100.0,40.0,0.62,0.31,0.13,0.33,0.16,0.02,1.6,0.69,0.41,0.84,0.25,0.07,194.7,98.41,175.08,15.89,62.19,0.0,1.0,0.12,0.0,0.0,0.33,13.13,13.8,13.3,13.13,13.8,0.27,0.0,1.34,0.17,1.34,0.24,0.29,0.0,3.51,0.56,0.0,0.82,0.82,0.98,-0.478973672,0,0,1,Fast,57,2535,0.0,0.0,0.0,0,194.2166667,63.102,1,550.0919913,6,21.75538394,0.0,0.0,0.0,T,0.9440906249999999,4.006459625,SectorTime outside section-specific IQR limits
P134,"Laguna_Seca, Laguna_Seca",", McLaren 720S GT3","20/10/2024, ",Lap 8,100.274,Turn 7,9.792,0.0,100.0,16.0,0.0,0.0,34.0,0.0,87.4,21.1,13.9,87.4,21.1,-2.43,0.0,-0.12,0.0,-0.49,0.4,-15.41,121.19,15.64,-2.6,-1.13,30.31,0.0,100.0,48.0,0.0,100.0,42.0,0.98,0.18,0.26,0.04,0.23,0.0,1.26,0.36,0.38,0.91,0.3,0.18,240.0,107.08,40.6,7.51,91.22,0.0,1.0,0.02,0.0,0.0,0.12,18.3,18.45,18.32,18.3,18.45,0.05,0.0,0.2,0.02,0.2,0.0,0.09,0.0,2.43,0.12,0.0,0.49,0.49,0.4,-0.10697603,0,1,1,Fast,57,2535,0.0,0.0,0.0,0,240.0,67.876,5,1115.538462,6,-36.39016538,0.0,0.0,0.0,T,0.9440906249999999,4.006459625,SectorTime outside section-specific IQR limits
P132,"Laguna_Seca, Laguna_Seca",", McLaren 720S GT3","20/10/2024, ",Lap 3,98.187,Turn 7,6.458,0.0,100.0,13.0,100.0,0.0,29.0,9.4,67.4,32.1,43.4,67.4,15.9,-1.41,0.96,-0.07,0.0,-1.13,0.32,-102.92,14.35,-21.42,14.35,3.74,19.29,0.0,100.0,51.0,0.0,100.0,41.0,3.84,0.31,0.71,0.2,0.35,0.0,5.58,0.41,0.55,0.4,0.49,1.34,240.0,134.23,91.4,24.75,88.63,0.0,0.0,0.0,0.0,0.0,0.0,19.03,19.03,19.03,19.03,19.03,0.0,0.0,0.57,0.0,0.57,0.0,0.12,0.0,1.41,0.09,0.0,1.13,1.13,0.29,-0.246183324,0,1,1,Fast,57,2535,0.0,0.0,0.0,0,240.0,66.117,1,451.9,3,32.40740759,0.0,0.0,0.0,T,0.9440906249999999,4.006459625,SectorTime outside section-specific IQR limits
P132,"Laguna_Seca, Laguna_Seca",", McLaren 720S GT3","20/10/2024, ",Lap 4,94.047,Turn 7,5.12,0.0,98.0,10.0,94.0,0.0,23.0,32.1,62.2,40.3,62.2,59.1,8.2,-0.63,14.24,0.71,14.24,0.11,2.85,-67.58,65.75,-24.27,65.75,-1.04,22.58,0.0,100.0,32.0,0.0,100.0,34.0,2.66,0.54,0.84,0.04,0.43,0.0,1.22,0.26,0.31,0.66,0.23,2.27,240.0,123.95,98.78,2.27,85.88,0.0,1.0,0.07,1.0,0.0,0.26,12.44,12.78,12.77,12.44,12.78,0.05,0.02,0.98,0.34,0.98,0.0,0.12,0.0,0.63,0.04,0.0,0.0,0.0,0.13,-0.522330041,0,0,1,Fast,57,2535,0.0,0.0,0.0,0,240.0,63.62,0,480.5333333,8,25.90643267,0.0,0.0,0.0,T,0.9440906249999999,4.006459625,SectorTime outside section-specific IQR limits
P129,"Laguna_Seca, Laguna_Seca",", McLaren 720S GT3","19/10/2024, ",Lap 4,107.799,Turn 7,6.437,0.0,100.0,15.0,0.0,0.0,32.0,0.0,84.3,32.1,26.8,84.3,23.9,-4.39,0.0,-0.74,0.0,-1.77,1.34,-33.45,13.05,-19.14,-24.22,-13.97,10.07,0.0,93.0,51.0,45.0,93.0,33.0,0.83,0.38,0.3,0.6,0.25,0.0,1.92,0.59,0.36,0.68,0.39,1.19,170.36,93.24,170.36,37.23,44.02,0.0,1.0,0.21,0.0,0.0,0.41,15.53,16.88,15.73,15.53,16.88,0.39,0.0,1.35,0.19,0.23,0.0,0.4,0.0,4.39,0.74,0.0,1.77,1.77,1.34,0.394957313,0,0,0,Slow,57,2535,0.0,0.0,0.0,0,0.0,0.0,1,410.3809524,5,9.014624161,0.0,0.0,0.0,T,0.9440906249999999,4.006459625,SectorTime outside section-specific IQR limits
P129,"Laguna_Seca, Laguna_Seca",", McLaren 720S GT3","19/10/2024, ",Lap 7,113.537,Turn 7,10.264,0.0,92.0,13.0,92.0,0.0,24.0,0.0,87.7,20.3,11.1,87.7,22.8,-2.27,0.03,-0.18,0.0,-2.03,0.53,-16.64,21.35,5.4,19.8,-16.64,8.73,0.0,85.0,40.0,0.0,85.0,34.0,0.68,0.14,0.1,0.68,0.14,0.0,1.65,0.49,0.29,0.74,0.38,0.02,240.0,102.7,240.0,40.78,65.33,0.0,1.0,0.03,0.0,1.0,0.18,15.85,16.18,15.86,15.85,16.18,0.05,0.0,0.93,0.01,0.93,0.33,0.07,0.0,2.27,0.18,0.0,2.03,2.03,0.53,0.777693993,0,1,0,Slow,57,2535,0.0,0.0,0.0,0,0.0,0.0,3,750.4783835,4,-29.79015669,0.0,0.0,0.0,T,0.9440906249999999,4.006459625,SectorTime outside section-specific IQR limits
P128,"Laguna_Seca, Laguna_Seca",", McLaren 720S GT3","19/10/2024, ",Lap 3,103.132,Turn 7,5.204,0.0,67.0,8.0,67.0,0.0,19.0,12.9,71.7,39.5,46.0,71.7,15.6,-1.71,0.35,-0.15,0.0,0.35,0.41,-124.58,-3.45,-26.19,-18.27,-5.16,25.69,0.0,86.0,54.0,0.0,86.0,25.0,4.65,0.34,0.46,0.17,0.45,0.01,10.85,0.52,0.35,0.37,1.03,2.17,182.41,95.04,83.21,2.17,56.41,0.0,0.0,0.0,0.0,0.0,0.0,17.7,17.7,17.7,17.7,17.7,0.0,0.0,0.0,0.0,0.0,0.0,0.0,0.0,1.71,0.16,0.0,0.0,0.0,0.4,0.083658587,0,1,1,Fast,57,2535,0.0,0.0,0.0,0,171.4645455,70.634,0,330.7826007,7,17.62811007,0.0,0.0,0.0,T,0.9440906249999999,4.006459625,SectorTime outside section-specific IQR limits
P128,"Laguna_Seca, Laguna_Seca",", McLaren 720S GT3","19/10/2024, ",Lap 6,104.522,Turn 7,4.825,0.0,31.0,1.0,31.0,0.0,4.0,32.7,71.2,42.8,35.5,71.2,11.9,-0.59,0.26,-0.06,0.0,0.26,0.14,-120.55,3.94,-22.34,-27.84,-3.17,27.38,0.0,94.0,47.0,7.0,89.0,36.0,3.55,0.39,0.42,0.11,0.48,0.0,2.16,0.29,0.41,0.36,0.29,0.2,203.76,87.6,162.67,1.18,85.54,0.0,0.0,0.0,0.0,0.0,0.0,16.95,16.95,16.95,16.95,16.95,0.0,0.0,0.86,0.0,0.86,0.0,0.12,0.0,0.59,0.07,0.0,0.0,0.0,0.14,0.176374513,0,0,0,Slow,57,2535,0.0,0.0,0.0,0,200.394,72.056,2,310.3,7,27.85087674,0.0,0.0,0.0,T,0.9440906249999999,4.006459625,SectorTime outside section-specific IQR limits
P126,"Laguna_Seca, Laguna_Seca",", McLaren 720S GT3","19/10/2024, ",Lap 8,114.289,Turn 7,5.997,0.0,29.0,2.0,0.0,0.0,7.0,0.0,67.7,35.1,66.9,25.3,24.5,-8.09,27.11,2.58,-5.31,0.0,8.7,-112.12,34.8,-36.54,-43.48,34.8,44.53,0.0,100.0,58.0,28.0,100.0,40.0,3.18,0.64,0.72,0.47,0.57,0.0,4.58,0.33,1.0,0.4,0.47,2.8,240.0,194.75,101.24,240.0,71.69,0.0,1.0,0.37,1.0,0.0,0.48,13.14,15.33,14.86,13.14,15.33,0.69,0.02,2.2,1.72,0.38,1.22,0.68,0.0,8.09,0.93,5.31,0.0,-5.31,2.22,0.827853977,0,1,0,Slow,57,2535,19.0,4.13,-871.3382979,19,0.0,0.0,1,437.6666667,7,97.36841945,0.0,0.0,0.0,T,0.9440906249999999,4.006459625,SectorTime outside section-specific IQR limits
P126,"Laguna_Seca, Laguna_Seca",", McLaren 720S GT3","19/10/2024, ",Lap 9,93.964,Turn 7,4.855,0.0,57.0,7.0,57.0,0.0,15.0,31.6,68.5,42.4,50.2,68.5,10.5,-1.71,16.87,0.13,16.87,0.03,1.86,-62.69,4.68,-24.88,4.68,0.64,19.34,0.0,100.0,35.0,0.0,100.0,37.0,2.03,0.44,2.03,0.02,0.38,0.0,1.12,0.32,0.68,0.43,0.24,1.45,240.0,130.43,240.0,1.96,102.72,0.0,1.0,0.02,1.0,0.0,0.15,14.87,14.97,14.97,14.87,14.97,0.01,0.02,1.98,0.11,1.98,0.05,0.15,0.0,1.71,0.13,0.0,0.0,0.0,0.4,-0.527866315,0,1,1,Fast,57,2535,0.0,0.0,0.0,0,240.0,61.634,0,272.1333333,3,43.9912276,0.0,0.0,0.0,T,0.9440906249999999,4.006459625,SectorTime outside section-specific IQR limits
P122,"Laguna_Seca, Laguna_Seca",", McLaren 720S GT3","19/10/2024, ",Lap 2,107.094,Turn 7,5.264,0.0,62.0,11.0,53.0,0.0,21.0,28.6,61.3,39.8,61.3,57.8,8.9,-0.84,27.36,1.42,16.77,-0.29,5.3,-45.64,52.98,-21.2,52.98,-7.43,22.78,0.0,100.0,43.0,0.0,100.0,38.0,2.22,0.61,0.4,0.19,0.38,0.0,1.86,0.33,0.11,0.26,0.27,0.02,194.49,135.33,176.04,12.36,70.19,0.0,1.0,0.08,1.0,0.0,0.27,15.52,15.92,15.9,15.52,15.92,0.07,0.02,0.42,0.4,0.17,0.09,0.14,0.0,0.84,0.05,0.0,0.29,0.29,0.16,0.347932328,0,1,0,Slow,57,2535,0.0,0.0,0.0,0,193.62,75.196,2,296.1428571,10,32.88847123,0.0,0.0,0.0,T,0.9440906249999999,4.006459625,SectorTime outside section-specific IQR limits
P121,"Laguna_Seca, Laguna_Seca",", McLaren 720S GT3","19/10/2024, ",Lap 3,97.477,Turn 7,8.413,0.0,100.0,20.0,100.0,0.0,35.0,0.0,81.9,24.5,36.5,81.9,21.6,-3.85,0.0,-0.37,0.0,-1.46,0.97,-68.41,37.51,-17.1,9.99,-10.79,21.4,0.0,100.0,65.0,0.0,100.0,46.0,1.52,0.43,1.22,0.43,0.34,0.0,1.37,0.53,0.6,0.89,0.3,0.0,240.0,132.58,153.88,29.75,75.92,0.0,1.0,0.08,0.0,0.0,0.28,17.7,18.4,17.78,17.7,18.4,0.2,0.0,0.7,0.07,0.02,0.17,0.23,0.0,3.85,0.37,0.0,1.46,1.46,0.97,-0.293541819,0,1,1,Fast,57,2535,0.0,0.0,0.0,0,240.0,64.848,2,997.3214286,8,28.05563182,0.0,0.0,0.0,T,0.9440906249999999,4.006459625,SectorTime outside section-specific IQR limits
P120,"Laguna_Seca, Laguna_Seca",", McLaren 720S GT3","19/10/2024, ",Lap 5,100.624,Turn 7,10.404,0.0,93.0,22.0,81.0,0.0,32.0,0.0,45.6,19.9,45.6,38.6,13.3,0.0,0.0,0.0,0.0,0.0,0.0,-78.78,103.77,-12.08,35.22,-21.56,30.49,0.0,93.0,30.0,0.0,92.0,35.0,1.69,0.29,0.86,0.41,0.3,0.0,14.57,0.44,0.42,0.62,1.02,0.55,180.47,107.69,67.59,104.02,56.08,0.0,0.0,0.0,0.0,0.0,0.0,16.45,16.45,16.45,16.45,16.45,0.0,0.0,1.89,0.0,1.89,0.0,0.1,0.0,0.0,0.0,0.0,0.0,0.0,0.0,-0.083630293,0,0,1,Fast,57,2535,0.0,0.0,0.0,0,0.0,0.0,2,578.2670829,14,-5.743230912,0.0,0.0,0.0,T,0.9440906249999999,4.006459625,SectorTime outside section-specific IQR limits
P119,"Laguna_Seca, Laguna_Seca",", McLaren 720S GT3","19/10/2024, ",Lap 2,125.534,Turn 7,12.274,0.0,55.0,11.0,49.0,0.0,16.0,0.0,72.8,17.2,28.9,72.8,19.4,-3.16,0.0,-0.3,0.0,-2.77,0.85,-25.93,43.69,5.05,43.69,-23.29,13.27,0.0,62.0,29.0,0.0,60.0,21.0,0.78,0.15,0.53,0.76,0.18,0.0,1.94,0.41,0.99,0.51,0.36,0.24,240.0,135.56,240.0,60.33,70.3,0.0,1.0,0.1,0.0,1.0,0.3,18.33,19.59,18.4,18.33,19.59,0.22,0.0,1.25,0.07,1.05,0.72,0.23,0.0,3.16,0.3,0.0,2.77,2.77,0.85,1.577919152,0,1,0,Slow,57,2535,0.0,0.0,0.0,0,0.0,0.0,3,1093.444444,7,-29.8698736,0.0,0.0,0.0,T,0.9440906249999999,4.006459625,SectorTime outside section-specific IQR limits
P118,"Laguna_Seca, Laguna_Seca",", McLaren 720S GT3","19/10/2024, ",Lap 2,107.279,Turn 7,14.176,0.0,100.0,25.0,0.0,0.0,37.0,0.0,63.9,14.8,63.9,27.3,17.0,-0.3,22.81,1.1,-0.3,0.0,4.19,-63.39,67.75,-2.78,-63.39,8.37,29.53,0.0,100.0,35.0,23.0,69.0,37.0,1.61,0.35,1.37,0.08,0.45,0.0,9.48,0.35,0.1,0.35,0.61,0.11,240.0,162.46,83.33,44.31,84.49,0.0,1.0,0.08,0.0,0.0,0.27,17.35,18.45,18.4,17.35,18.45,0.19,0.0,2.02,1.05,2.02,0.38,0.19,0.0,0.3,0.0,0.3,0.0,-0.3,0.01,0.360272218,0,1,0,Slow,57,2535,0.0,0.0,0.0,0,240.0,70.536,3,968.4285714,7,53.54801182,0.0,0.0,0.0,T,0.9440906249999999,4.006459625,SectorTime outside section-specific IQR limits
P118,"Laguna_Seca, Laguna_Seca",", McLaren 720S GT3","19/10/2024, ",Lap 4,102.097,Turn 7,5.891,0.0,100.0,20.0,0.0,0.0,34.0,0.9,68.1,34.9,58.8,9.5,27.6,-5.07,22.98,1.73,-1.17,0.0,6.59,-101.63,47.86,-25.78,-11.39,8.58,37.39,0.0,96.0,29.0,53.0,70.0,30.0,3.14,0.6,0.53,0.05,0.6,0.0,1.36,0.24,0.24,0.34,0.26,0.33,162.34,77.37,41.21,160.01,44.14,0.0,1.0,0.41,0.0,0.0,0.49,17.22,19.67,19.07,17.22,19.67,0.82,0.0,2.45,1.85,1.49,0.88,0.81,0.0,5.07,0.84,1.17,0.0,-1.17,1.52,0.014621908,0,0,1,Fast,57,2535,0.0,0.0,0.0,0,0.0,0.0,2,639.9607843,10,42.83570992,0.0,0.0,0.0,T,0.9440906249999999,4.006459625,SectorTime outside section-specific IQR limits
P118,"Laguna_Seca, Laguna_Seca",", McLaren 720S GT3","19/10/2024, ",Lap 7,100.667,Turn 7,9.978,0.0,95.0,16.0,0.0,0.0,25.0,0.0,66.3,20.7,66.3,22.5,19.9,-6.63,20.46,0.78,-5.95,0.0,4.26,-101.63,30.53,-13.57,-76.16,28.48,41.46,0.0,75.0,26.0,0.0,27.0,27.0,2.55,0.46,2.2,0.33,0.56,0.0,1.99,0.32,0.15,0.16,0.24,0.35,240.0,133.74,159.32,240.0,74.2,0.0,1.0,0.16,1.0,0.0,0.37,17.77,19.38,19.24,17.77,19.38,0.36,0.02,1.62,1.47,0.0,0.08,0.36,0.0,6.63,0.39,5.95,0.0,-5.95,1.41,-0.080762103,0,1,1,Fast,57,2535,0.0,0.0,0.0,0,240.0,70.128,3,1127.606061,8,96.37219364,0.0,0.0,0.0,T,0.9440906249999999,4.006459625,SectorTime outside section-specific IQR limits
P116,"Laguna_Seca, Laguna_Seca",", McLaren 720S GT3","19/10/2024, ",Lap 9,104.17,Turn 7,4.724,0.0,32.0,2.0,0.0,0.0,7.0,33.2,62.5,43.8,33.2,62.5,8.0,-7.05,0.0,-1.08,0.0,-0.81,1.99,-57.21,73.05,25.53,47.32,-30.59,33.47,0.0,100.0,52.0,100.0,64.0,25.0,2.28,0.73,0.8,2.25,0.45,0.0,1.89,0.33,0.5,0.27,0.31,0.31,240.0,162.94,240.0,99.93,88.61,0.0,1.0,0.23,0.0,0.0,0.42,18.05,19.15,18.19,18.05,19.15,0.3,0.0,1.1,0.15,0.46,0.99,0.31,0.0,7.05,1.08,0.0,0.81,0.81,1.99,0.152895372,0,1,0,Slow,57,2535,0.0,0.0,0.0,0,240.0,71.22,1,384.5,7,-66.79824531,0.0,0.0,0.0,T,0.9440906249999999,4.006459625,SectorTime outside section-specific IQR limits
P115,"Laguna_Seca, Laguna_Seca",", McLaren 720S GT3","19/10/2024, ",Lap 11,94.42,Turn 7,4.206,0.0,79.0,16.0,71.0,0.0,28.0,34.4,66.6,48.8,66.6,66.5,9.6,-6.79,25.63,1.25,25.25,-1.43,6.45,-57.91,17.08,-23.66,17.08,-9.57,15.81,0.0,71.0,35.0,0.0,53.0,23.0,2.83,0.64,2.19,0.26,0.46,0.0,1.84,0.46,0.4,0.41,0.37,21.7,190.58,102.66,183.72,28.93,54.01,0.0,1.0,0.22,1.0,0.0,0.42,15.36,16.28,15.94,15.36,16.28,0.22,0.02,1.0,0.59,1.0,0.07,0.24,0.0,6.79,0.63,0.0,1.43,1.43,1.04,-0.497450155,0,1,1,Fast,57,2535,0.0,0.0,0.0,0,189.35,62.34,0,317.5,12,39.53216345,0.0,0.0,0.0,T,0.9440906249999999,4.006459625,SectorTime outside section-specific IQR limits
P112,"Laguna_Seca, Laguna_Seca",", McLaren 720S GT3","25/08/2024, ",Lap 9,116.343,Turn 7,5.014,0.0,30.0,1.0,30.0,0.0,4.0,29.5,78.5,41.1,78.5,62.8,12.3,-12.65,3.23,-0.79,-11.82,-0.88,2.26,-55.16,171.95,-6.23,2.37,-7.09,49.23,2.0,99.0,37.0,2.0,99.0,28.0,11.53,0.77,0.21,0.23,1.36,0.01,27.29,0.89,0.25,0.65,2.92,1.81,182.5,122.09,139.91,23.39,41.28,0.0,1.0,0.16,1.0,0.0,0.37,15.9,16.68,16.21,15.9,16.68,0.14,0.02,1.72,0.31,1.72,0.07,0.17,0.0,12.65,0.84,11.82,0.88,-10.94,2.22,0.964860101,0,1,0,Slow,57,2535,0.0,0.0,0.0,0,181.102,83.603,1,586.3333333,14,-4.488304724,0.0,0.0,0.0,T,0.9440906249999999,4.006459625,SectorTime outside section-specific IQR limits
P111,"Laguna_Seca, Laguna_Seca",", McLaren 720S GT3","25/08/2024, ",Lap 8,100.937,Turn 7,4.798,0.0,100.0,18.0,78.0,0.0,37.0,0.3,109.2,43.0,25.7,109.2,32.8,-1.86,0.0,-0.59,0.0,-1.46,0.75,-37.61,3.82,-10.53,-31.69,-12.93,9.55,0.0,100.0,82.0,0.0,100.0,38.0,0.62,0.25,0.23,0.57,0.17,0.18,1.41,0.77,1.21,0.88,0.24,0.13,144.53,35.62,144.53,26.48,24.04,0.0,0.0,0.0,0.0,0.0,0.0,15.18,15.18,15.18,15.18,15.18,0.0,0.0,0.75,0.0,0.75,0.0,0.1,0.0,1.86,0.59,0.0,1.46,1.46,0.75,-0.062752534,0,1,1,Fast,57,2535,193.0,8.12,-866.4393731,193,0.0,0.0,1,209.297619,6,-7.295616752,0.0,0.0,0.0,T,0.9440906249999999,4.006459625,SectorTime outside section-specific IQR limits
P106,"Laguna_Seca, Laguna_Seca",", McLaren 720S GT3","24/08/2024, ",Lap 4,104.902,Turn 7,4.352,0.0,61.0,7.0,8.0,0.0,16.0,35.6,80.3,47.8,44.9,80.3,12.6,-2.45,0.0,-0.62,0.0,-1.49,0.91,-49.31,55.21,-21.99,49.16,-12.76,26.08,0.0,100.0,46.0,0.0,100.0,41.0,1.46,0.66,0.8,0.47,0.26,0.01,1.38,0.48,0.14,0.71,0.29,3.83,192.35,113.52,3.83,32.21,61.68,0.0,1.0,0.11,0.0,0.0,0.32,20.62,21.12,20.69,20.62,21.12,0.15,0.0,1.13,0.07,1.13,0.0,0.2,0.0,2.45,0.62,0.0,1.49,1.49,0.91,0.201721313,0,0,0,Slow,57,2535,0.0,0.0,0.0,0,191.9925,73.783,0,356.1833333,7,4.371345219,0.0,0.0,0.0,T,0.9440906249999999,4.006459625,SectorTime outside section-specific IQR limits
P106,"Laguna_Seca, Laguna_Seca",", McLaren 720S GT3","24/08/2024, ",Lap 8,97.634,Turn 7,5.18,0.0,95.0,9.0,53.0,0.0,21.0,25.4,67.2,39.9,46.9,67.2,11.3,-0.67,0.11,-0.04,0.0,-0.67,0.12,-83.8,5.45,-22.47,-22.77,5.45,17.18,0.0,81.0,36.0,0.0,79.0,32.0,3.19,0.41,0.48,0.1,0.43,0.01,2.64,0.36,0.82,0.53,0.33,0.18,181.66,110.0,156.52,14.72,67.91,0.0,0.0,0.0,0.0,0.0,0.0,18.5,18.5,18.5,18.5,18.5,0.0,0.0,2.32,0.01,2.32,0.0,0.15,0.0,0.67,0.05,0.0,0.67,0.67,0.11,-0.283069589,0,1,1,Fast,57,2535,0.0,0.0,0.0,0,180.0033333,65.381,1,307.3380952,10,36.09649116,0.0,0.0,0.0,T,0.9440906249999999,4.006459625,SectorTime outside section-specific IQR limits
P105,"Laguna_Seca, Laguna_Seca",", McLaren 720S GT3","24/08/2024, ",Lap 8,95.979,Turn 7,5.514,0.0,100.0,5.0,100.0,0.0,17.0,19.2,82.5,37.0,27.5,82.5,16.3,-1.05,0.0,-0.1,0.0,-0.33,0.21,-37.86,26.07,-20.58,26.07,-2.4,14.35,0.0,100.0,41.0,0.0,100.0,33.0,0.87,0.35,0.72,0.09,0.21,0.01,2.68,0.51,0.84,0.93,0.36,3.99,188.54,123.29,20.53,6.06,72.1,0.0,0.0,0.0,0.0,0.0,0.0,12.33,12.33,12.33,12.33,12.33,0.0,0.0,1.72,0.01,1.72,0.0,0.11,0.0,1.05,0.1,0.0,0.33,0.33,0.21,-0.393461573,0,1,1,Fast,57,2535,0.0,0.0,0.0,0,188.3925,63.075,0,329.9166667,5,21.20648846,0.0,0.0,0.0,T,0.9440906249999999,4.006459625,SectorTime outside section-specific IQR limits
P104,"Laguna_Seca, Laguna_Seca",", McLaren 720S GT3","24/08/2024, ",Lap 2,105.809,Turn 7,9.069,0.0,17.0,1.0,14.0,0.0,3.0,0.1,71.0,22.6,19.9,71.0,16.0,-4.54,0.0,-0.3,0.0,-0.07,0.93,-1.09,54.31,18.35,54.31,7.4,10.44,0.0,100.0,41.0,2.0,100.0,37.0,1.33,0.28,1.21,0.23,0.28,0.01,1.18,0.41,0.15,0.89,0.24,0.11,240.0,152.18,240.0,10.75,83.19,0.0,1.0,0.08,0.0,0.0,0.26,14.4,15.08,14.45,14.4,15.08,0.16,0.0,0.68,0.05,0.53,0.06,0.18,0.0,4.54,0.3,0.0,0.07,0.07,0.93,0.262220123,0,1,0,Slow,57,2535,0.0,0.0,0.0,0,240.0,69.334,1,493.3333333,5,-16.62578106,0.0,0.0,0.0,T,0.9440906249999999,4.006459625,SectorTime outside section-specific IQR limits
P104,"Laguna_Seca, Laguna_Seca",", McLaren 720S GT3","24/08/2024, ",Lap 9,98.705,Turn 7,5.89,0.0,100.0,16.0,100.0,0.0,35.0,11.4,58.7,34.9,43.9,58.7,14.5,-1.6,12.46,0.69,0.0,12.46,2.28,-90.33,28.74,-9.06,24.33,-41.2,23.57,0.0,85.0,36.0,0.0,50.0,23.0,2.48,0.34,0.37,0.65,0.46,0.02,2.16,0.47,1.0,0.52,0.35,0.07,133.43,76.87,126.36,86.77,37.18,0.0,1.0,0.1,0.0,1.0,0.29,19.98,20.56,20.02,19.98,20.56,0.1,0.0,0.57,0.03,0.0,0.36,0.1,0.0,1.6,0.04,0.0,0.0,0.0,0.21,-0.211631634,0,1,1,Fast,57,2535,0.0,0.0,0.0,0,0.0,0.0,2,517.3238095,8,20.28464435,0.0,0.0,0.0,T,0.9440906249999999,4.006459625,SectorTime outside section-specific IQR limits
P104,"Laguna_Seca, Laguna_Seca",", McLaren 720S GT3","24/08/2024, ",Lap 10,114.79,Turn 7,7.123,0.0,100.0,20.0,100.0,0.0,39.0,0.1,51.1,29.0,44.6,51.1,15.8,-1.87,0.0,-0.03,0.0,-1.87,0.18,-30.86,17.23,-3.76,0.68,-14.12,13.48,0.0,57.0,24.0,0.0,40.0,19.0,0.97,0.22,0.45,0.36,0.2,0.02,1.87,0.45,1.25,0.34,0.36,0.66,117.55,83.66,106.01,50.3,27.57,0.0,0.0,0.0,0.0,0.0,0.0,18.12,18.12,18.12,18.12,18.12,0.0,0.0,0.14,0.0,0.14,0.0,0.1,0.0,1.87,0.03,0.0,1.87,1.87,0.18,0.861271731,0,1,0,Slow,57,2535,0.0,0.0,0.0,0,116.8115385,80.51,1,338.2089744,15,-24.33960774,0.0,0.0,0.0,T,0.9440906249999999,4.006459625,SectorTime outside section-specific IQR limits
P102,"Laguna_Seca, Laguna_Seca",", McLaren 720S GT3","24/08/2024, ",Lap 9,94.432,Turn 7,4.018,0.0,72.0,9.0,71.0,0.0,22.0,33.1,93.1,51.1,46.6,93.1,17.0,-1.23,0.02,-0.3,0.0,-0.09,0.44,-35.87,-3.72,-17.59,-31.82,-3.83,11.32,0.0,100.0,62.0,0.0,100.0,40.0,0.95,0.36,0.95,0.14,0.2,0.0,1.14,0.55,0.9,0.89,0.36,4.59,154.71,75.9,114.18,4.59,58.3,0.0,0.0,0.0,0.0,0.0,0.0,15.32,15.32,15.32,15.32,15.32,0.0,0.0,1.34,0.01,1.34,0.0,0.14,0.0,1.23,0.3,0.0,0.09,0.09,0.44,-0.49664973,0,1,1,Fast,57,2535,0.0,0.0,0.0,0,0.0,0.0,0,207.6,7,26.19883035,0.0,0.0,0.0,T,0.9440906249999999,4.006459625,SectorTime outside section-specific IQR limits
P100,"Laguna_Seca, Laguna_Seca",", McLaren 720S GT3","24/08/2024, ",Lap 3,115.297,Turn 7,4.299,0.0,0.0,0.0,0.0,0.0,0.0,28.5,90.6,48.7,28.5,90.6,16.4,-0.65,0.25,-0.05,0.0,-0.04,0.15,-44.94,7.39,-17.03,-40.66,0.93,19.67,0.0,100.0,56.0,21.0,100.0,30.0,0.79,0.32,0.64,0.06,0.29,0.01,1.08,0.4,0.36,0.93,0.32,0.07,240.0,101.54,240.0,1.49,107.95,0.0,0.0,0.0,0.0,0.0,0.0,16.05,16.05,16.05,16.05,16.05,0.0,0.0,0.35,0.0,0.35,0.0,0.05,0.0,0.65,0.06,0.0,0.04,0.04,0.14,0.895089699,0,1,0,Slow,57,2535,0.0,0.0,0.0,0,0.0,0.0,3,296.3333333,5,44.92690063,0.0,0.0,0.0,T,0.9440906249999999,4.006459625,SectorTime outside section-specific IQR limits
P100,"Laguna_Seca, Laguna_Seca",", McLaren 720S GT3","24/08/2024, ",Lap 10,94.99,Turn 7,4.159,0.0,53.0,3.0,53.0,0.0,10.0,41.7,69.0,49.5,49.5,69.0,8.0,-7.34,1.82,-0.7,1.82,-0.22,1.45,-44.9,-8.37,-28.62,-41.46,-9.16,11.03,0.0,70.0,36.0,0.0,68.0,24.0,1.22,0.65,0.36,0.29,0.21,0.0,1.1,0.27,0.73,0.44,0.22,16.24,189.62,124.13,134.57,16.24,63.63,0.0,1.0,0.09,0.0,0.0,0.29,17.53,17.92,17.67,17.53,17.92,0.18,0.0,2.31,0.15,2.31,0.14,0.24,0.0,7.34,0.71,0.0,0.22,0.22,1.44,-0.459429955,0,1,1,Fast,57,2535,0.0,0.0,0.0,0,189.2125,63.81,0,249.3333333,9,33.12865502,0.0,0.0,0.0,T,0.9440906249999999,4.006459625,SectorTime outside section-specific IQR limits
P099,"Laguna_Seca, Laguna_Seca",", McLaren 720S GT3","24/08/2024, ",Lap 5,108.824,Turn 7,10.527,0.0,91.0,16.0,0.0,0.0,24.0,0.0,76.8,19.8,76.8,19.5,19.2,0.0,30.01,2.32,13.68,0.0,6.71,-68.05,4.92,-24.84,-58.4,-30.32,20.83,0.0,100.0,30.0,78.0,18.0,38.0,1.62,0.41,1.41,0.26,0.45,0.0,0.97,0.2,0.21,0.1,0.19,1.94,240.0,197.64,108.26,240.0,58.03,0.0,1.0,0.12,1.0,0.0,0.32,14.0,15.2,15.13,14.0,15.2,0.23,0.02,1.2,1.13,0.0,0.37,0.22,0.0,0.0,0.0,0.0,0.0,0.0,0.0,0.463326971,0,0,0,Slow,57,2535,0.0,0.0,0.0,0,240.0,75.328,1,596.225641,3,30.09243446,0.0,0.0,0.0,T,0.9440906249999999,4.006459625,SectorTime outside section-specific IQR limits
P098,"Laguna_Seca, Laguna_Seca",", McLaren 720S GT3","24/08/2024, ",Lap 3,121.892,Turn 7,9.367,0.0,0.0,0.0,0.0,0.0,0.0,0.0,61.8,22.6,61.8,16.8,18.7,-15.39,17.09,-1.42,17.09,0.0,4.08,-122.67,204.96,12.49,-71.06,24.6,70.04,0.0,100.0,54.0,27.0,32.0,30.0,15.2,0.46,0.82,0.18,1.18,0.0,11.67,0.35,0.11,0.06,0.89,1.79,240.0,160.4,200.15,240.0,80.82,0.0,1.0,0.16,1.0,0.0,0.37,21.58,23.1,22.97,21.58,23.1,0.34,0.02,1.53,1.4,1.0,0.59,0.34,0.0,15.39,1.54,0.0,0.0,0.0,3.82,1.334990084,0,1,0,Slow,57,2535,0.0,0.0,0.0,0,0.0,0.0,3,830.1825397,13,56.02590278,0.0,0.0,0.0,T,0.9440906249999999,4.006459625,SectorTime outside section-specific IQR limits
P098,"Laguna_Seca, Laguna_Seca",", McLaren 720S GT3","24/08/2024, ",Lap 9,114.43,Turn 7,4.06,0.0,0.0,0.0,0.0,0.0,0.0,41.5,81.4,51.6,41.7,81.4,11.5,-1.2,0.0,-0.34,0.0,-0.91,0.44,-82.96,0.25,-18.44,-16.45,-7.59,18.29,0.0,100.0,59.0,24.0,100.0,40.0,3.32,0.41,0.37,0.28,0.58,0.0,3.24,0.5,0.03,0.7,0.52,0.02,156.46,59.23,63.94,19.45,50.63,0.0,0.0,0.0,0.0,0.0,0.0,20.13,20.13,20.13,20.13,20.13,0.0,0.0,0.2,0.0,0.2,0.0,0.11,0.0,1.2,0.34,0.0,0.91,0.91,0.44,0.837258974,0,1,0,Slow,57,2535,329.0,12.34,-1110.767139,329,155.595,75.88,2,282.5666667,7,11.38888894,0.0,0.0,0.0,T,0.9440906249999999,4.006459625,SectorTime outside section-specific IQR limits
P097,"Laguna_Seca, Laguna_Seca",", McLaren 720S GT3","24/08/2024, ",Lap 8,115.911,Turn 7,13.807,0.0,70.0,12.0,5.0,0.0,21.0,0.0,42.4,15.0,15.5,42.4,12.1,0.0,0.0,0.0,0.0,0.0,0.0,-61.56,35.61,-13.87,0.04,-10.63,17.43,0.0,51.0,16.0,0.0,46.0,13.0,1.28,0.19,0.01,0.24,0.25,0.0,2.68,0.36,0.03,0.26,0.41,0.07,240.0,119.09,3.2,48.49,96.9,0.0,0.0,0.0,0.0,0.0,0.0,8.63,8.63,8.63,8.63,8.63,0.0,0.0,0.84,0.0,0.84,0.0,0.07,0.0,0.0,0.0,0.0,0.0,0.0,0.0,0.936044792,0,1,0,Slow,57,2535,0.0,0.0,0.0,0,240.0,74.771,3,565.348285,10,-1.063865511,0.0,0.0,0.0,T,0.9440906249999999,4.006459625,SectorTime outside section-specific IQR limits
P096,"Laguna_Seca, Laguna_Seca",", McLaren 720S GT3","24/08/2024, ",Lap 2,105.512,Turn 7,4.49,0.0,0.0,0.0,0.0,0.0,0.0,28.9,66.2,46.3,28.9,66.2,7.5,-4.16,0.0,-0.59,0.0,-3.2,1.26,-36.52,54.59,-17.43,54.59,-23.51,16.27,5.0,100.0,42.0,47.0,100.0,35.0,1.29,0.51,1.04,0.78,0.24,0.0,1.08,0.32,0.31,0.59,0.27,2.18,134.67,78.9,134.67,71.77,26.7,0.0,1.0,0.17,0.0,1.0,0.37,19.12,19.88,19.18,19.12,19.88,0.17,0.0,1.46,0.07,1.46,0.3,0.2,0.0,4.16,0.59,0.0,3.2,3.2,1.26,0.242409598,0,1,0,Slow,57,2535,0.0,0.0,0.0,0,0.0,0.0,1,285.8333333,11,-30.77485429,0.0,0.0,0.0,T,0.9440906249999999,4.006459625,SectorTime outside section-specific IQR limits
P096,"Laguna_Seca, Laguna_Seca",", McLaren 720S GT3","24/08/2024, ",Lap 3,114.894,Turn 7,5.386,0.0,68.0,11.0,68.0,0.0,23.0,20.6,63.2,38.4,63.2,46.3,10.0,-8.69,0.58,-0.63,-3.99,0.0,2.04,-41.99,193.32,-2.08,21.84,-29.45,38.27,0.0,58.0,21.0,0.0,36.0,19.0,7.62,0.38,0.86,0.69,0.76,0.0,14.76,0.5,0.64,0.28,1.45,0.77,131.49,76.7,81.47,110.48,32.83,0.0,1.0,0.09,1.0,0.0,0.29,21.02,21.5,21.48,21.02,21.5,0.08,0.02,0.47,0.45,0.0,0.27,0.08,0.0,8.69,0.63,3.99,0.0,-3.99,2.04,0.86820875,0,1,0,Slow,57,2535,0.0,0.0,0.0,0,130.37,83.642,1,367.0619048,20,-22.96748844,0.0,0.0,0.0,T,0.9440906249999999,4.006459625,SectorTime outside section-specific IQR limits
P096,"Laguna_Seca, Laguna_Seca",", McLaren 720S GT3","24/08/2024, ",Lap 5,111.084,Turn 7,8.313,0.0,0.0,0.0,0.0,0.0,0.0,8.7,45.7,25.0,16.3,45.7,11.6,0.0,0.0,0.0,0.0,0.0,0.0,-61.03,58.49,14.24,-46.59,-12.86,29.84,0.0,65.0,30.0,25.0,65.0,17.0,1.6,0.39,0.07,0.35,0.3,0.01,1.18,0.22,0.34,0.44,0.21,1.08,240.0,182.06,110.8,68.52,74.71,0.0,0.0,0.0,0.0,0.0,0.0,15.85,15.85,15.85,15.85,15.85,0.0,0.0,0.92,0.0,0.92,0.0,0.06,0.0,0.0,0.0,0.0,0.0,0.0,0.0,0.614073729,0,0,0,Slow,57,2535,0.0,0.0,0.0,0,240.0,75.089,1,463.269378,8,-48.99022823,0.0,0.0,0.0,T,0.9440906249999999,4.006459625,SectorTime outside section-specific IQR limits
P095,"Laguna_Seca, Laguna_Seca",", McLaren 720S GT3","24/08/2024, ",Lap 10,107.06,Turn 7,4.718,0.0,0.0,0.0,0.0,0.0,0.0,29.7,64.1,43.6,29.7,64.1,7.0,-2.63,0.0,-0.4,0.0,-2.61,0.9,-34.42,4.44,-16.39,3.94,-15.52,8.7,0.0,100.0,44.0,87.0,100.0,38.0,1.82,0.37,0.03,0.48,0.3,0.0,1.77,0.41,1.36,0.63,0.46,1.04,114.37,66.99,32.08,54.23,27.17,0.0,1.0,0.14,0.0,1.0,0.35,15.27,15.95,15.32,15.27,15.95,0.14,0.0,0.67,0.05,0.22,0.09,0.15,0.0,2.63,0.4,0.0,2.61,2.61,0.9,0.345664457,0,1,0,Slow,57,2535,0.0,0.0,0.0,0,0.0,0.0,1,249.7666667,13,-10.76023386,0.0,0.0,0.0,T,0.9440906249999999,4.006459625,SectorTime outside section-specific IQR limits
P094,"Laguna_Seca, Laguna_Seca",", McLaren 720S GT3","24/08/2024, ",Lap 4,101.157,Turn 7,4.542,0.0,42.0,2.0,42.0,0.0,8.0,38.3,62.3,45.4,57.6,62.3,5.6,-3.11,4.3,-0.33,-2.33,-2.8,1.28,-73.04,211.46,-8.92,-10.43,-19.11,47.45,0.0,85.0,26.0,0.0,81.0,21.0,9.69,0.68,1.35,0.51,1.22,0.0,8.53,0.53,0.7,0.67,1.06,0.07,129.99,78.15,86.3,60.5,26.04,0.0,1.0,0.2,1.0,1.0,0.4,12.53,13.39,12.82,12.53,13.39,0.13,0.02,0.87,0.3,0.02,0.44,0.17,0.0,3.11,0.47,2.33,2.8,0.47,1.05,-0.048078071,0,0,1,Fast,57,2535,0.0,0.0,0.0,0,128.6375,69.538,1,359.9,13,-26.78362589,0.0,0.0,0.0,T,0.9440906249999999,4.006459625,SectorTime outside section-specific IQR limits
P093,"Laguna_Seca, Laguna_Seca",", McLaren 720S GT3","24/08/2024, ",Lap 6,93.924,Turn 7,4.423,0.0,100.0,17.0,0.0,0.0,35.0,30.7,70.9,46.5,59.3,70.9,11.4,-3.64,13.16,1.19,7.23,-1.71,4.34,-46.45,49.73,-19.34,41.07,-11.56,20.81,0.0,100.0,42.0,0.0,100.0,40.0,1.49,0.52,0.9,0.37,0.28,0.01,2.32,0.47,0.06,0.71,0.4,20.56,181.35,106.13,32.88,34.51,58.92,0.0,1.0,0.22,1.0,0.0,0.42,18.11,19.08,18.82,18.11,19.08,0.19,0.02,1.52,0.72,1.52,0.23,0.22,0.0,3.64,0.48,0.0,1.71,1.71,0.83,-0.5305344,0,0,1,Fast,57,2535,0.0,0.0,0.0,0,181.328,62.928,0,364.7666667,9,3.976608561,0.0,0.0,0.0,T,0.9440906249999999,4.006459625,SectorTime outside section-specific IQR limits
P091,"Laguna_Seca, Laguna_Seca",", McLaren 720S GT3","24/08/2024, ",Lap 2,94.277,Turn 7,4.963,0.0,100.0,9.0,70.0,0.0,26.0,22.8,75.6,41.5,41.7,75.6,13.7,-1.77,0.0,-0.37,0.0,-1.42,0.63,-49.25,-4.84,-23.21,-43.65,-9.84,12.45,0.0,100.0,49.0,0.0,100.0,37.0,2.14,0.41,2.14,0.38,0.24,0.01,1.69,0.51,0.71,0.71,0.32,24.33,193.18,118.29,154.98,29.23,69.4,0.0,0.0,0.0,0.0,0.0,0.0,21.03,21.03,21.03,21.03,21.03,0.0,0.0,2.51,0.01,2.51,0.0,0.15,0.0,1.77,0.37,0.0,1.42,1.42,0.63,-0.506988556,0,1,1,Fast,57,2535,0.0,0.0,0.0,0,193.04,63.274,0,219.5238095,9,27.65142018,0.0,0.0,0.0,T,0.9440906249999999,4.006459625,SectorTime outside section-specific IQR limits
P091,"Laguna_Seca, Laguna_Seca",", McLaren 720S GT3","24/08/2024, ",Lap 7,101.647,Turn 7,8.083,0.0,100.0,14.0,0.0,0.0,31.0,0.2,70.8,25.5,21.3,70.8,15.6,-2.4,0.0,-0.22,0.0,-1.82,0.65,-71.54,5.93,-21.04,-19.48,-13.95,15.48,0.0,100.0,46.0,51.0,93.0,35.0,1.27,0.34,0.15,0.49,0.24,0.0,2.66,0.57,0.46,0.83,0.44,1.94,208.06,118.61,167.09,40.16,61.09,0.0,1.0,0.08,0.0,0.0,0.27,17.33,17.97,17.36,17.33,17.97,0.11,0.0,0.63,0.03,0.0,0.36,0.11,0.0,2.4,0.22,0.0,1.82,1.82,0.65,-0.01539404,0,1,1,Fast,57,2535,393.0,15.2,-766.2774296,393,203.4277778,70.5,1,571.6375262,7,-7.147993138,0.0,0.0,0.0,T,0.9440906249999999,4.006459625,SectorTime outside section-specific IQR limits
P091,"Laguna_Seca, Laguna_Seca",", McLaren 720S GT3","24/08/2024, ",Lap 10,101.165,Turn 7,10.971,0.0,100.0,17.0,100.0,0.0,33.0,0.0,65.0,18.8,23.0,65.0,15.2,-2.58,0.0,-0.12,0.0,-2.16,0.5,-58.39,38.04,-15.14,38.04,-15.23,16.94,0.0,100.0,34.0,0.0,100.0,28.0,1.23,0.29,1.23,0.46,0.29,0.0,2.01,0.41,0.05,0.81,0.32,0.09,196.47,118.1,121.47,45.96,59.9,0.0,1.0,0.05,0.0,1.0,0.21,17.37,17.85,17.38,17.37,17.85,0.06,0.0,0.48,0.01,0.04,0.36,0.1,0.0,2.58,0.12,0.0,2.16,2.16,0.5,-0.047544454,0,1,1,Fast,57,2535,0.0,0.0,0.0,0,194.79,70.385,2,809.8242424,2,7.475034371,0.0,0.0,0.0,T,0.9440906249999999,4.006459625,SectorTime outside section-specific IQR limits
P089,"Laguna_Seca, Laguna_Seca",", McLaren 720S GT3","22/08/2024, ",Lap 2,128.632,Turn 7,10.948,0.0,74.0,9.0,0.0,0.0,20.0,0.0,60.2,19.2,60.2,22.4,13.7,0.0,20.63,0.65,15.33,0.0,3.24,-141.09,80.56,-1.59,-99.32,-7.87,43.66,0.0,100.0,64.0,100.0,100.0,42.0,1.65,0.26,0.79,0.08,0.37,0.0,1.85,0.38,0.21,0.48,0.26,0.13,188.16,90.78,128.0,25.26,60.27,0.0,1.0,0.04,1.0,0.0,0.2,19.86,20.3,20.29,19.86,20.3,0.05,0.02,0.75,0.44,0.75,0.0,0.08,0.0,0.0,0.0,0.0,0.0,0.0,0.0,1.784562274,0,1,0,Slow,57,2535,54.0,6.66,-300.9845728,54,0.0,0.0,4,884.5317169,15,9.771440113,0.0,0.0,0.0,T,0.9440906249999999,4.006459625,SectorTime outside section-specific IQR limits
P089,"Laguna_Seca, Laguna_Seca",", McLaren 720S GT3","22/08/2024, ",Lap 3,122.437,Turn 7,8.549,0.0,0.0,0.0,0.0,0.0,0.0,15.2,41.6,24.6,21.2,41.6,6.8,0.0,0.0,0.0,0.0,0.0,0.0,-44.88,-7.53,-25.31,-12.86,-11.75,8.8,0.0,96.0,22.0,96.0,36.0,20.0,0.72,0.31,0.16,0.18,0.14,0.0,1.77,0.2,0.27,0.29,0.23,39.13,240.0,186.84,128.59,52.83,57.8,0.0,0.0,0.0,0.0,0.0,0.0,15.17,15.17,15.17,15.17,15.17,0.0,0.0,0.64,0.0,0.64,0.0,0.08,0.0,0.0,0.0,0.0,0.0,0.0,0.0,1.371342731,0,1,0,Slow,57,2535,0.0,0.0,0.0,0,240.0,87.927,0,371.5400794,11,19.43529927,0.0,0.0,0.0,T,0.9440906249999999,4.006459625,SectorTime outside section-specific IQR limits
P084,"Laguna_Seca, Laguna_Seca",", McLaren 720S GT3","8/27/2023, ",Lap 5,108.269,Turn 7,5.032156,1.11,0.37,0.27,0.03,0.3,0.0,3.32,0.31,0.05,0.42,0.47,0.26,165.21,82.7,93.03,2.12,56.25,0.0,0.0,0.0,0.0,0.0,0.0,33.5,59.6,40.9,33.5,59.6,6.5,0.0,0.0,0.0,0.0,0.0,0.0,-0.46,0.0,-0.04,0.0,-0.11,0.1,-48.24,19.53,-16.2,19.53,0.78,16.85,0.0,48.0,13.0,0.0,47.0,18.0,10.03,10.03,10.03,10.03,10.03,0.0,0.0,0.43,0.0,0.43,0.0,0.08,0.0,0.46,0.04,0.0,0.11,0.11,0.1,0.426307302,0,0,0,Slow,57,2535,55.57142857,3.27,-678.5185014,56,160.584,73.514,2,477.8666667,12,-8.932748527,0.0,0.0,0.0,T,0.9440906249999999,4.006459625,SectorTime outside section-specific IQR limits
P083,"Laguna_Seca, Laguna_Seca",", McLaren 720S GT3","8/27/2023, ",Lap 5,118.689,Turn 7,11.556391,2.12,0.33,0.19,0.32,0.4,0.0,0.81,0.11,0.13,0.02,0.11,0.33,213.75,91.93,131.36,213.75,59.44,0.0,25.0,3.0,0.0,0.0,7.0,0.0,54.6,18.1,50.8,22.3,19.6,0.0,1.0,0.16,1.0,0.0,0.36,-8.95,49.37,1.48,49.37,0.0,5.48,-88.92,7.4,-21.27,-4.41,-27.81,23.86,0.0,84.0,27.0,57.0,27.0,31.0,13.13,14.92,14.76,13.13,14.92,0.4,0.02,1.8,1.65,0.68,1.62,0.4,0.0,8.95,0.18,0.0,0.0,0.0,1.02,1.12134324,0,0,0,Slow,57,2535,0.0,0.0,0.0,0,0.0,0.0,2,668.6150794,10,50.35847237,0.0,0.0,0.0,T,0.9440906249999999,4.006459625,SectorTime outside section-specific IQR limits
P081,"Laguna_Seca, Laguna_Seca",", McLaren 720S GT3","8/27/2023, ",Lap 2,118.332,Turn 7,4.013666,14.94,0.61,0.02,0.25,1.62,0.03,2.79,0.4,0.14,0.34,0.51,0.24,154.69,77.46,14.28,25.05,42.48,0.0,0.0,0.0,0.0,0.0,0.0,37.0,69.3,50.7,39.5,69.3,9.4,0.0,1.0,0.25,0.0,0.0,0.44,-5.32,0.08,-1.14,0.0,-1.2,1.57,-55.23,92.8,-16.9,92.8,-6.57,21.15,0.0,100.0,82.0,0.0,100.0,32.0,16.13,17.15,16.53,16.13,17.15,0.45,0.0,1.02,0.4,0.13,0.27,0.46,0.0,5.32,1.14,0.0,1.2,1.2,1.57,1.097530589,0,1,0,Slow,57,2535,655.0,24.15,-228.0490537,655,0.0,0.0,0,408.8666667,14,4.020467758,0.0,0.0,0.0,T,0.9440906249999999,4.006459625,SectorTime outside section-specific IQR limits
P081,"Laguna_Seca, Laguna_Seca",", McLaren 720S GT3","8/27/2023, ",Lap 3,109.602,Turn 7,5.50295,213.27,2.34,0.74,0.59,20.2,0.05,47.09,0.86,0.56,0.56,4.45,0.57,150.42,68.88,150.42,68.68,33.17,0.0,55.0,6.0,55.0,0.0,16.0,0.4,141.0,37.6,141.0,68.1,29.1,0.0,1.0,0.33,1.0,1.0,0.47,-12.96,50.69,0.48,-12.96,-3.88,9.38,-33.71,471.05,-2.73,84.86,-21.06,51.85,0.0,100.0,79.0,26.0,100.0,32.0,18.7,20.49,19.22,18.7,20.49,0.4,0.02,1.78,0.52,0.87,1.0,0.4,0.0,12.96,1.29,12.96,3.88,-9.08,2.37,0.515221209,0,1,0,Slow,57,2535,0.0,0.0,0.0,0,0.0,0.0,1,315.5,10,-18.90356168,0.0,0.0,0.0,T,0.9440906249999999,4.006459625,SectorTime outside section-specific IQR limits
P080,"Laguna_Seca, Laguna_Seca",", McLaren 720S GT3","8/27/2023, ",Lap 6,115.929,Turn 7,11.814896,0.84,0.33,0.13,0.22,0.27,0.01,0.76,0.43,0.44,0.45,0.2,0.2,195.45,92.36,179.64,10.42,69.58,0.0,0.0,0.0,0.0,0.0,0.0,23.0,85.6,50.4,23.0,85.6,18.5,0.0,1.0,0.09,0.0,0.0,0.28,-4.5,0.26,-0.58,0.0,-0.3,1.01,-8.15,34.4,14.25,2.37,-7.03,15.18,0.0,100.0,58.0,53.0,100.0,37.0,14.05,14.4,14.2,14.05,14.4,0.17,0.0,1.02,0.15,1.02,0.28,0.18,0.0,4.5,0.58,0.0,0.3,0.3,1.01,0.937245429,0,0,0,Slow,57,2535,0.0,0.0,0.0,0,0.0,0.0,3,350.925,6,-44.28571413,0.0,0.0,0.0,T,0.9440906249999999,4.006459625,SectorTime outside section-specific IQR limits
P078,"Laguna_Seca, Laguna_Seca",", McLaren 720S GT3","8/27/2023, ",Lap 1,122.727,Turn 7,5.096067,1.33,0.56,0.38,0.64,0.16,0.0,1.21,0.39,0.2,0.81,0.32,29.14,102.52,79.62,60.85,44.48,22.7,0.0,0.0,0.0,0.0,0.0,0.0,44.8,85.3,53.9,44.9,85.3,11.3,0.0,1.0,0.31,0.0,1.0,0.46,-3.96,0.0,-1.18,0.0,-2.26,1.41,-37.32,-8.75,-22.49,-13.22,-16.78,6.04,0.0,100.0,44.0,31.0,100.0,40.0,14.92,16.1,15.24,14.92,16.1,0.43,0.0,1.17,0.32,0.69,0.0,0.43,0.0,3.96,1.18,0.0,2.26,2.26,1.41,1.390686342,0,0,0,Slow,57,2535,0.0,0.0,0.0,0,100.9425,76.323,0,157.25,12,6.213450114,0.0,0.0,0.0,T,0.9440906249999999,4.006459625,SectorTime outside section-specific IQR limits
P078,"Laguna_Seca, Laguna_Seca",", McLaren 720S GT3","8/27/2023, ",Lap 4,131.792,Turn 7,8.447883,1.28,0.58,1.16,0.55,0.35,0.0,1.24,0.22,0.17,0.75,0.24,0.4,240.0,108.62,240.0,57.97,76.82,0.0,0.0,0.0,0.0,0.0,0.0,35.1,63.5,45.5,35.1,63.5,7.0,0.0,1.0,0.26,0.0,1.0,0.44,-5.11,0.0,-1.03,0.0,-2.67,1.75,-42.81,55.9,-1.16,51.1,-17.69,31.73,6.0,100.0,26.0,20.0,100.0,21.0,19.48,20.68,19.64,19.48,20.68,0.31,0.0,1.17,0.15,1.15,0.0,0.31,0.0,5.11,1.03,0.0,2.67,2.67,1.75,1.995340927,0,0,0,Slow,57,2535,0.0,0.0,0.0,0,0.0,0.0,1,501.6666667,5,-53.49415207,0.0,0.0,0.0,T,0.9440906249999999,4.006459625,SectorTime outside section-specific IQR limits
P074,"Laguna_Seca, Laguna_Seca",", McLaren 720S GT3","8/27/2023, ",Lap 1,104.727,Turn 7,10.981541,1.43,0.36,0.06,1.43,0.22,0.01,1.24,0.51,0.7,0.39,0.32,0.9,133.81,88.71,109.19,70.44,40.92,0.0,0.0,0.0,0.0,0.0,0.0,7.9,88.0,44.0,7.9,88.0,21.0,0.0,1.0,0.17,0.0,1.0,0.37,-4.27,0.11,-0.67,0.0,-2.9,1.15,-46.06,28.05,6.83,5.21,-46.06,18.76,0.0,100.0,61.0,88.0,34.0,33.0,18.1,18.89,18.2,18.1,18.89,0.18,0.0,0.78,0.1,0.21,0.45,0.18,0.0,4.27,0.67,0.0,2.9,2.9,1.15,0.190048445,0,0,0,Slow,57,2535,0.0,0.0,0.0,0,132.9633333,72.841,1,302.1802198,13,-46.28920073,0.0,0.0,0.0,T,0.9440906249999999,4.006459625,SectorTime outside section-specific IQR limits
P071,"Laguna_Seca, Laguna_Seca",", McLaren 720S GT3","8/27/2023, ",Lap 4,124.379,Turn 7,10.791627,1.08,0.25,0.11,0.49,0.26,0.0,1.09,0.27,0.56,0.82,0.26,0.64,240.0,198.91,240.0,53.98,80.96,0.0,100.0,22.0,0.0,0.0,39.0,0.0,61.9,19.7,43.5,61.9,15.9,0.0,1.0,0.04,0.0,1.0,0.2,-2.73,0.0,-0.12,0.0,-2.57,0.52,-37.35,131.69,1.43,9.19,-18.19,37.05,0.0,83.0,21.0,5.0,83.0,21.0,17.83,18.27,17.84,17.83,18.27,0.05,0.0,0.43,0.01,0.18,0.29,0.07,0.0,2.73,0.12,0.0,2.57,2.57,0.52,1.50087822,0,0,0,Slow,57,2535,0.0,0.0,0.0,0,240.0,80.81,2,400.6666667,2,19.17711,0.0,0.0,0.0,T,0.9440906249999999,4.006459625,SectorTime outside section-specific IQR limits
P071,"Laguna_Seca, Laguna_Seca",", McLaren 720S GT3","8/27/2023, ",Lap 5,113.622,Turn 7,4.291548,2.6,0.43,0.66,2.6,0.46,0.0,1.27,0.29,0.14,0.77,0.26,0.33,240.0,69.09,240.0,125.52,56.07,0.0,0.0,0.0,0.0,0.0,0.0,33.0,66.8,49.0,33.0,65.2,11.5,0.0,1.0,0.27,0.0,0.55,0.44,-7.93,0.0,-1.47,0.0,-2.22,2.31,-80.63,19.53,-14.48,-44.02,-80.63,21.34,0.0,100.0,50.0,83.0,0.0,39.0,17.58,18.73,17.74,17.58,18.73,0.31,0.0,1.15,0.16,0.0,0.63,0.31,0.0,7.93,1.47,0.0,2.22,2.22,2.31,0.783363672,0,0,0,Slow,57,2535,21.0,1.49,-697.6599648,21,0.0,0.0,2,703.3333333,14,4.795321649,0.0,0.0,0.0,T,0.9440906249999999,4.006459625,SectorTime outside section-specific IQR limits
P069,"Laguna_Seca, Laguna_Seca",", McLaren 720S GT3","8/27/2023, ",Lap 3,109.212,Turn 7,8.039116,1.51,0.44,0.36,0.22,0.25,0.0,1.74,0.31,0.02,0.92,0.37,0.22,240.0,176.43,240.0,18.54,87.56,0.0,0.0,0.0,0.0,0.0,0.0,22.0,73.5,34.0,22.0,73.5,13.4,0.0,1.0,0.03,0.0,0.0,0.18,-4.66,0.4,-0.17,0.0,-1.01,0.72,-49.43,48.98,18.72,31.5,-4.78,27.5,0.0,100.0,29.0,27.0,100.0,36.0,17.1,17.3,17.13,17.1,17.3,0.07,0.0,0.57,0.03,0.57,0.13,0.1,0.0,4.66,0.18,0.0,1.01,1.01,0.71,0.489207388,0,1,0,Slow,57,2535,0.0,0.0,0.0,0,0.0,0.0,3,540.8333333,4,-42.32456134,0.0,0.0,0.0,T,0.9440906249999999,4.006459625,SectorTime outside section-specific IQR limits
P068,"Laguna_Seca, Laguna_Seca",", McLaren 720S GT3","8/27/2023, ",Lap 2,113.967,Turn 7,12.773336,2.3,0.4,0.12,0.31,0.4,0.02,3.57,0.45,0.34,0.89,0.51,0.11,126.69,61.5,66.31,17.62,31.49,0.0,0.0,0.0,0.0,0.0,0.0,31.0,72.5,48.6,31.0,72.5,9.2,0.0,1.0,0.37,0.0,0.0,0.48,-9.42,0.0,-1.71,0.0,-0.67,2.17,-41.96,10.78,-13.09,10.78,-8.08,13.59,13.0,100.0,44.0,50.0,100.0,22.0,16.32,17.9,16.84,16.32,17.9,0.6,0.0,1.58,0.52,0.18,0.16,0.6,0.0,9.42,1.71,0.0,0.67,0.67,2.17,0.806375899,0,1,0,Slow,57,2535,0.0,0.0,0.0,0,0.0,0.0,1,332.6666667,9,-9.897660908,0.0,0.0,0.0,T,0.9440906249999999,4.006459625,SectorTime outside section-specific IQR limits
P066,"Laguna_Seca, Laguna_Seca",", McLaren 720S GT3","8/26/2023, ",Lap 5,128.559,Turn 7,5.714745,3.82,0.78,1.28,0.05,0.72,0.0,21.42,0.42,0.25,0.06,2.02,1.21,240.0,142.49,109.84,240.0,67.62,0.0,17.0,3.0,0.0,0.0,5.0,8.5,70.1,36.6,69.8,8.8,25.3,0.0,1.0,0.36,1.0,0.0,0.48,-6.5,21.63,2.8,-4.65,0.0,6.52,-108.45,-5.89,-39.13,-43.28,-12.67,25.62,0.0,66.0,13.0,6.0,0.0,22.0,18.16,20.18,19.7,18.16,20.18,0.67,0.02,2.03,1.54,0.35,0.54,0.67,0.0,6.5,0.47,4.65,0.0,-4.65,1.36,1.77969302,0,0,0,Slow,57,2535,0.0,0.0,0.0,0,0.0,0.0,1,535.4621795,14,78.04168089,0.0,0.0,0.0,T,0.9440906249999999,4.006459625,SectorTime outside section-specific IQR limits
P062,"Laguna_Seca, Laguna_Seca",", McLaren 720S GT3","8/26/2023, ",Lap 4,106.077,Turn 7,4.893601,17.18,0.62,0.51,0.3,1.73,0.02,30.33,0.74,0.84,0.44,3.05,0.53,206.83,104.42,174.47,42.78,55.94,0.0,72.0,15.0,72.0,3.0,25.0,28.3,73.8,41.9,73.8,55.0,10.6,0.0,1.0,0.15,1.0,0.0,0.36,-14.62,4.26,-0.95,-14.62,-1.97,3.01,-63.07,187.02,-6.74,14.94,-11.78,47.54,0.0,89.0,29.0,0.0,89.0,27.0,14.83,15.55,15.27,14.83,15.55,0.09,0.02,1.92,0.44,1.92,0.26,0.12,0.0,14.62,1.0,14.62,1.97,-12.65,2.97,0.280096287,0,0,0,Slow,57,2535,0.0,0.0,0.0,0,193.975,71.003,1,615.0666667,9,-32.36006727,0.0,0.0,0.0,T,0.9440906249999999,4.006459625,SectorTime outside section-specific IQR limits
P060,"Laguna_Seca, Laguna_Seca",", McLaren 720S GT3","8/26/2023, ",Lap 3,115.119,Turn 7,10.518749,1.47,0.31,0.57,0.06,0.32,0.0,1.02,0.22,0.14,0.12,0.17,1.34,240.0,153.25,42.12,32.43,87.14,0.0,100.0,10.0,0.0,0.0,28.0,0.1,40.0,19.7,27.1,40.0,10.8,0.0,0.0,0.0,0.0,0.0,0.0,0.0,0.0,0.0,0.0,0.0,0.0,-174.58,63.07,5.4,-138.52,8.32,44.86,0.0,88.0,25.0,16.0,20.0,29.0,25.68,25.68,25.68,25.68,25.68,0.0,0.0,1.93,0.0,1.93,0.0,0.09,0.0,0.0,0.0,0.0,0.0,0.0,0.0,0.883216724,0,1,0,Slow,57,2535,0.0,0.0,0.0,0,240.0,79.965,3,1260.22417,9,-36.43726975,0.0,0.0,0.0,T,0.9440906249999999,4.006459625,SectorTime outside section-specific IQR limits
P057,"Laguna_Seca, Laguna_Seca",", McLaren 720S GT3","8/26/2023, ",Lap 4,103.514,Turn 7,4.705941,2.44,0.51,0.22,0.13,0.47,0.02,1.43,0.42,0.2,0.73,0.28,0.11,116.39,68.14,84.14,10.82,40.59,0.0,0.0,0.0,0.0,0.0,0.0,32.3,78.9,51.6,32.3,78.9,11.1,0.0,1.0,0.19,0.0,0.0,0.4,-6.35,4.84,-0.1,0.0,-0.56,1.93,-81.45,3.69,-21.19,-13.96,-3.53,17.71,26.0,99.0,64.0,53.0,99.0,21.0,16.2,16.97,16.49,16.2,16.97,0.33,0.0,0.77,0.29,0.7,0.07,0.34,0.0,6.35,0.54,0.0,0.56,0.56,1.39,0.109138791,0,0,1,Fast,57,2535,0.0,0.0,0.0,0,0.0,0.0,2,252.9,14,18.59649136,0.0,0.0,0.0,T,0.9440906249999999,4.006459625,SectorTime outside section-specific IQR limits
P056,"Laguna_Seca, Laguna_Seca",", McLaren 720S GT3","8/26/2023, ",Lap 1,124.949,Turn 7,9.157855,0.46,0.12,0.33,0.03,0.12,0.03,0.79,0.3,0.34,0.52,0.16,0.0,240.0,167.52,240.0,2.01,101.57,0.0,0.0,0.0,0.0,0.0,0.0,0.0,72.3,22.5,20.6,72.3,18.7,0.0,0.0,0.0,0.0,0.0,0.0,-0.33,0.0,-0.03,0.0,-0.09,0.08,-22.71,34.82,6.15,28.34,-1.1,14.42,0.0,62.0,32.0,0.0,56.0,17.0,16.85,16.85,16.85,16.85,16.85,0.0,0.0,0.13,0.0,0.13,0.0,0.02,0.0,0.33,0.03,0.0,0.09,0.09,0.08,1.53889842,0,0,0,Slow,57,2535,0.0,0.0,0.0,0,0.0,0.0,4,751.9,6,7.504367761,0.0,0.0,0.0,T,0.9440906249999999,4.006459625,SectorTime outside section-specific IQR limits
P055,"Laguna_Seca, Laguna_Seca",", McLaren 720S GT3","8/26/2023, ",Lap 5,98.079,Turn 7,5.512362,1.01,0.53,0.51,0.99,0.34,0.03,1.49,0.69,0.38,0.58,0.26,0.83,80.18,34.81,80.18,39.28,15.14,0.0,0.0,0.0,0.0,0.0,0.0,51.0,111.6,82.0,51.0,111.6,18.9,0.0,1.0,0.27,1.0,0.46,0.45,-2.68,0.18,-1.62,-2.54,-1.99,0.75,-22.52,28.26,-6.03,17.7,-15.96,14.32,54.0,100.0,96.0,54.0,100.0,10.0,12.69,13.36,13.07,12.69,13.36,0.25,0.02,0.67,0.39,0.34,0.37,0.24,0.0,2.68,1.62,2.54,1.99,-0.55,0.75,-0.253387152,0,0,1,Fast,57,2535,205.0,8.58,-606.2267425,205,0.0,0.0,1,146.6666667,8,-38.96198838,0.0,0.0,0.0,T,0.9440906249999999,4.006459625,SectorTime outside section-specific IQR limits
P053,"Laguna_Seca, Laguna_Seca",", McLaren 720S GT3","8/26/2023, ",Lap 1,123.842,Turn 7,14.0896,0.9,0.14,0.06,0.26,0.14,0.0,2.32,0.23,0.05,0.88,0.29,2.04,240.0,204.04,240.0,26.0,70.33,0.0,71.0,8.0,0.0,0.0,20.0,0.0,61.2,13.1,9.8,61.2,12.5,0.0,0.0,0.0,0.0,0.0,0.0,-1.56,0.0,-0.04,0.0,-1.1,0.2,-40.87,3.33,-13.52,-14.71,-8.52,11.87,0.0,100.0,19.0,50.0,100.0,25.0,16.4,16.4,16.4,16.4,16.4,0.0,0.0,0.36,0.0,0.36,0.0,0.02,0.0,1.56,0.04,0.0,1.1,1.1,0.2,1.465059189,0,0,0,Slow,57,2535,0.0,0.0,0.0,0,0.0,0.0,2,1194.733333,6,42.50516279,0.0,0.0,0.0,T,0.9440906249999999,4.006459625,SectorTime outside section-specific IQR limits
P048,"Laguna_Seca, Laguna_Seca",", McLaren 720S GT3","8/26/2023, ",Lap 1,116.999,Turn 7,8.398036,1.31,0.19,0.2,0.04,0.17,0.0,2.61,0.33,0.12,0.54,0.39,0.35,240.0,177.19,21.37,5.84,92.91,0.0,100.0,6.0,0.0,0.0,21.0,0.0,43.5,19.3,34.7,43.5,10.4,0.0,0.0,0.0,0.0,0.0,0.0,0.0,0.0,0.0,0.0,0.0,0.0,-36.95,35.3,-12.06,0.75,-0.17,17.39,0.0,69.0,23.0,0.0,69.0,17.0,17.53,17.53,17.53,17.53,17.53,0.0,0.0,0.0,0.0,0.0,0.0,0.0,0.0,0.0,0.0,0.0,0.0,0.0,0.0,1.008616682,0,0,0,Slow,57,2535,0.0,0.0,0.0,0,240.0,79.758,2,523.2214286,5,21.00155683,0.0,0.0,0.0,T,0.9440906249999999,4.006459625,SectorTime outside section-specific IQR limits
P045,"Laguna_Seca, Laguna_Seca",", McLaren 720S GT3","8/26/2023, ",Lap 3,110.677,Turn 7,4.231097,9.85,0.85,0.17,0.27,1.4,0.01,21.4,0.74,0.28,0.67,2.67,0.18,178.64,120.44,178.64,29.52,48.78,0.0,0.0,0.0,0.0,0.0,0.0,38.7,89.0,49.5,89.0,68.8,12.5,0.0,1.0,0.26,1.0,0.0,0.44,-15.42,11.26,-0.96,-15.42,-1.59,3.6,-51.65,205.68,-6.71,-10.57,-7.99,60.94,0.0,75.0,31.0,0.0,75.0,27.0,17.24,18.33,17.74,17.24,18.33,0.27,0.02,1.16,0.51,1.16,0.88,0.28,0.0,15.42,1.36,15.42,1.59,-13.83,2.95,0.586925972,0,1,0,Slow,57,2535,0.0,0.0,0.0,0,0.0,0.0,1,746.6,14,-39.02046813,0.0,0.0,0.0,T,0.9440906249999999,4.006459625,SectorTime outside section-specific IQR limits
P042,"Laguna_Seca, Laguna_Seca",", McLaren 720S GT3","8/25/2023, ",Lap 4,94.587,Turn 7,4.117159,1.34,0.71,0.7,0.44,0.43,0.02,0.96,0.48,0.25,0.87,0.28,0.53,240.0,132.83,240.0,25.33,101.87,0.0,52.0,4.0,0.0,0.0,10.0,31.9,88.6,54.6,31.9,88.6,13.9,0.0,1.0,0.29,0.0,0.0,0.45,-13.42,1.25,-2.26,0.0,-1.15,3.77,-56.95,43.54,-20.5,-44.88,-11.06,32.06,6.0,100.0,76.0,35.0,100.0,33.0,19.73,20.82,20.26,19.73,20.82,0.45,0.0,1.08,0.53,0.87,0.67,0.46,0.0,13.42,2.35,0.0,1.15,1.15,3.7,-0.486310904,0,0,1,Fast,57,2535,0.0,0.0,0.0,0,240.0,62.321,4,644.6666667,4,54.38596505,0.0,0.0,0.0,T,0.9440906249999999,4.006459625,SectorTime outside section-specific IQR limits
P040,"Laguna_Seca, Laguna_Seca",", McLaren 720S GT3","8/25/2023, ",Lap 3,123.329,Turn 7,13.676724,1.55,0.16,0.64,0.03,0.24,0.0,2.43,0.19,0.09,0.15,0.2,0.2,201.99,117.59,117.97,14.17,67.41,0.0,63.0,12.0,2.0,0.0,23.0,0.0,54.5,15.3,52.2,54.5,14.8,0.0,1.0,0.02,1.0,0.0,0.12,-0.89,15.91,0.13,15.91,-0.61,1.32,-50.88,39.22,4.81,-32.95,3.28,15.19,0.0,84.0,24.0,32.0,83.0,22.0,15.28,15.47,15.47,15.28,15.47,0.01,0.02,0.2,0.2,0.0,0.11,0.01,0.0,0.89,0.02,0.0,0.61,0.61,0.11,1.430841009,0,1,0,Slow,57,2535,0.0,0.0,0.0,0,200.8233333,79.753,4,960.9555148,12,-28.90625225,0.0,0.0,0.0,T,0.9440906249999999,4.006459625,SectorTime outside section-specific IQR limits
P039,"Laguna_Seca, Laguna_Seca",", McLaren 720S GT3","8/25/2023, ",Lap 2,115.472,Turn 7,4.347255,0.7,0.2,0.57,0.31,0.19,0.0,1.2,0.24,0.05,0.39,0.23,0.75,240.0,181.31,240.0,22.35,93.5,0.0,0.0,0.0,0.0,0.0,0.0,4.3,78.1,23.6,10.9,78.1,21.7,0.0,0.0,0.0,0.0,0.0,0.0,-1.89,0.0,-0.21,0.0,-1.05,0.5,-37.4,44.93,8.5,-37.4,-8.15,17.51,0.0,73.0,28.0,3.0,46.0,24.0,20.57,20.57,20.57,20.57,20.57,0.0,0.0,1.86,0.0,1.86,0.0,0.09,0.0,1.89,0.21,0.0,1.05,1.05,0.5,0.906762567,0,1,0,Slow,57,2535,0.0,0.0,0.0,0,240.0,75.682,1,323.8,7,-42.5730994,0.0,0.0,0.0,T,0.9440906249999999,4.006459625,SectorTime outside section-specific IQR limits
P039,"Laguna_Seca, Laguna_Seca",", McLaren 720S GT3","8/25/2023, ",Lap 3,117.892,Turn 7,6.457945,4.84,0.28,0.54,0.58,0.42,0.0,12.62,0.24,0.1,0.18,0.83,0.11,240.0,156.8,8.63,240.0,86.35,0.0,0.0,0.0,0.0,0.0,0.0,0.0,32.7,17.5,30.4,28.6,8.5,0.0,0.0,0.0,0.0,0.0,0.0,0.0,0.0,0.0,0.0,0.0,0.0,-96.58,42.27,8.69,-14.99,40.26,26.36,0.0,96.0,34.0,0.0,23.0,31.0,16.98,16.98,16.98,16.98,16.98,0.0,0.0,0.0,0.0,0.0,0.0,0.0,0.0,0.0,0.0,0.0,0.0,0.0,0.0,1.068181662,0,1,0,Slow,57,2535,170.0,16.17,-480.7781472,170,240.0,82.5,3,1304.120202,9,6.326996168,0.0,0.0,0.0,T,0.9440906249999999,4.006459625,SectorTime outside section-specific IQR limits
P035,"Laguna_Seca, Laguna_Seca",", McLaren 720S GT3","8/25/2023, ",Lap 1,115.134,Turn 7,5.51322,1.88,0.48,0.71,0.47,0.39,0.0,2.98,0.58,0.5,0.71,0.36,2.97,240.0,162.2,240.0,42.47,77.51,0.0,0.0,0.0,0.0,0.0,0.0,0.0,73.1,32.9,32.8,73.1,17.6,0.0,1.0,0.16,0.0,1.0,0.37,-4.07,0.0,-0.53,0.0,-2.08,1.15,-59.89,17.75,-21.71,-47.83,-13.51,20.43,0.0,86.0,58.0,0.0,77.0,31.0,16.82,17.86,16.92,16.82,17.86,0.25,0.0,1.03,0.1,0.61,0.0,0.26,0.0,4.07,0.53,0.0,2.08,2.08,1.15,0.884217256,0,0,0,Slow,57,2535,380.0,15.75,-205.0622883,380,240.0,76.183,1,580.4333333,10,-18.52343947,0.0,0.0,0.0,T,0.9440906249999999,4.006459625,SectorTime outside section-specific IQR limits
P034,"Laguna_Seca, Laguna_Seca",", McLaren 720S GT3","8/25/2023, ",Lap 4,99.764,Turn 7,6.869473,1.95,0.66,0.75,0.76,0.34,0.0,1.94,0.32,0.09,0.63,0.34,0.02,240.0,154.7,240.0,66.25,76.47,0.0,0.0,0.0,0.0,0.0,0.0,31.9,69.5,41.9,31.9,69.5,9.8,0.0,1.0,0.17,0.0,1.0,0.38,-3.56,0.0,-0.55,0.0,-2.99,1.16,-40.69,58.04,9.97,47.93,-22.81,35.45,0.0,100.0,31.0,4.0,100.0,32.0,16.68,17.54,16.76,16.68,17.54,0.19,0.0,0.85,0.08,0.39,0.73,0.2,0.0,3.56,0.55,0.0,2.99,2.99,1.16,-0.140994104,0,0,1,Fast,57,2535,0.0,0.0,0.0,0,0.0,0.0,1,583.5,8,-57.09064343,0.0,0.0,0.0,T,0.9440906249999999,4.006459625,SectorTime outside section-specific IQR limits
P033,"Laguna_Seca, Laguna_Seca",", McLaren 720S GT3","8/25/2023, ",Lap 1,126.422,Turn 7,7.728014,0.77,0.47,0.01,0.22,0.23,0.04,0.45,0.22,0.16,0.45,0.08,0.29,86.62,52.3,9.92,17.97,23.29,0.0,0.0,0.0,0.0,0.0,0.0,41.5,71.0,54.7,41.5,71.0,8.4,0.0,1.0,0.4,0.0,0.0,0.49,-2.66,0.0,-1.35,0.0,-0.76,1.06,-27.62,1.98,-17.29,1.98,-5.93,8.71,9.0,49.0,21.0,16.0,49.0,9.0,19.03,20.58,19.58,19.03,20.58,0.59,0.0,1.55,0.55,0.37,1.2,0.59,0.0,2.66,1.35,0.0,0.76,0.76,1.06,1.637150621,0,0,0,Slow,57,2535,0.0,0.0,0.0,0,0.0,0.0,1,193.5,3,0.029239721,0.0,0.0,0.0,T,0.9440906249999999,4.006459625,SectorTime outside section-specific IQR limits
P033,"Laguna_Seca, Laguna_Seca",", McLaren 720S GT3","8/25/2023, ",Lap 4,116.472,Turn 7,12.164725,1.61,0.28,0.27,0.5,0.19,0.01,0.86,0.13,0.04,0.17,0.13,0.59,151.25,70.86,151.25,94.2,28.34,0.0,0.0,0.0,0.0,0.0,0.0,27.8,42.2,36.8,27.8,42.2,3.6,0.0,0.0,0.0,0.0,0.0,0.0,0.0,0.0,0.0,0.0,0.0,0.0,-25.28,27.86,-9.19,24.31,-23.15,12.99,0.0,29.0,12.0,20.0,20.0,7.0,12.42,12.42,12.42,12.42,12.42,0.0,0.0,0.0,0.0,0.0,0.0,0.0,0.0,0.0,0.0,0.0,0.0,0.0,0.0,0.973464673,0,0,0,Slow,57,2535,0.0,0.0,0.0,0,0.0,0.0,1,284.9857143,16,-37.73182959,0.0,0.0,0.0,T,0.9440906249999999,4.006459625,SectorTime outside section-specific IQR limits
P030,"Laguna_Seca, Laguna_Seca",", McLaren 720S GT3","8/25/2023, ",Lap 4,126.807,Turn 7,10.218819,6.23,0.43,0.02,0.08,0.58,0.0,7.68,0.29,0.32,0.06,0.54,0.48,240.0,151.83,46.33,5.7,78.12,0.0,0.0,0.0,0.0,0.0,0.0,0.1,45.1,20.9,6.8,30.9,12.8,0.0,0.0,0.0,0.0,0.0,0.0,0.0,0.0,0.0,0.0,0.0,0.0,-49.61,200.38,20.45,-1.86,-0.28,56.48,0.0,100.0,51.0,74.0,25.0,37.0,16.27,16.27,16.27,16.27,16.27,0.0,0.0,0.16,0.0,0.16,0.0,0.03,0.0,0.0,0.0,0.0,0.0,0.0,0.0,1.662830932,0,0,0,Slow,57,2535,0.0,0.0,0.0,0,240.0,90.28,2,1199.885965,3,19.97198524,0.0,0.0,0.0,T,0.9440906249999999,4.006459625,SectorTime outside section-specific IQR limits
P027,"Laguna_Seca, Laguna_Seca",", McLaren 720S GT3","8/25/2023, ",Lap 4,118.134,Turn 7,7.390149,1.06,0.54,0.47,0.55,0.21,0.0,1.82,0.21,0.3,0.47,0.24,1.8,240.0,163.35,240.0,60.19,84.1,0.0,0.0,0.0,0.0,0.0,0.0,25.8,59.7,36.4,25.8,59.7,8.6,0.0,1.0,0.11,0.0,1.0,0.31,-3.85,0.0,-0.36,0.0,-2.6,0.99,-28.06,52.86,17.51,35.06,-18.13,30.32,0.0,89.0,20.0,89.0,53.0,20.0,21.92,22.53,21.95,21.92,22.53,0.11,0.0,1.38,0.04,1.38,0.15,0.14,0.0,3.85,0.36,0.0,2.6,2.6,0.99,1.084323572,0,0,0,Slow,57,2535,0.0,0.0,0.0,0,240.0,84.143,1,405.5,3,-49.31286588,0.0,0.0,0.0,T,0.9440906249999999,4.006459625,SectorTime outside section-specific IQR limits
P025,"Laguna_Seca, Laguna_Seca",", McLaren 720S GT3","8/25/2023, ",Lap 1,114.647,Turn 7,7.372588,2.03,0.73,0.73,0.96,0.41,0.0,1.3,0.27,0.12,0.31,0.22,0.09,240.0,150.77,240.0,84.43,87.64,0.0,0.0,0.0,0.0,0.0,0.0,32.3,66.8,46.3,32.3,66.8,10.1,0.0,1.0,0.3,0.0,1.0,0.46,-4.73,0.16,-1.1,0.0,-3.51,1.65,-39.69,65.53,19.57,44.54,-28.71,33.87,0.0,68.0,38.0,67.0,45.0,24.0,18.47,19.83,18.68,18.47,19.83,0.38,0.0,1.37,0.22,1.12,1.26,0.39,0.0,4.73,1.1,0.0,3.51,3.51,1.65,0.85173333,0,0,0,Slow,57,2535,0.0,0.0,0.0,0,240.0,80.591,1,419.0,9,-69.76608139,0.0,0.0,0.0,T,0.9440906249999999,4.006459625,SectorTime outside section-specific IQR limits
P023,"Laguna_Seca, Laguna_Seca",", McLaren 720S GT3","8/25/2023, ",Lap 3,109.454,Turn 7,9.343582,1.13,0.91,0.73,0.85,0.1,0.03,0.57,0.36,0.28,0.5,0.13,38.8,152.42,89.09,117.56,38.8,31.04,0.0,0.0,0.0,0.0,0.0,0.0,48.9,89.5,66.1,48.9,89.5,12.1,0.0,1.0,0.94,0.0,0.0,0.24,-6.19,0.0,-3.38,0.0,-1.46,1.17,-44.14,-20.17,-30.17,-28.7,-20.17,7.02,22.0,81.0,45.0,30.0,80.0,19.0,13.58,16.53,15.05,13.58,16.53,0.9,0.0,2.95,1.45,0.2,0.19,0.9,0.0,6.19,3.38,0.0,1.46,1.46,1.17,0.505349297,0,1,0,Slow,57,2535,0.0,0.0,0.0,0,0.0,0.0,0,209.5833333,7,31.14035064,0.0,0.0,0.0,T,0.9440906249999999,4.006459625,SectorTime outside section-specific IQR limits
P023,"Laguna_Seca, Laguna_Seca",", McLaren 720S GT3","8/25/2023, ",Lap 5,101.302,Turn 7,4.2285,1.28,0.5,0.24,0.68,0.27,0.0,1.75,0.38,0.06,0.63,0.32,38.56,140.27,91.93,110.28,38.56,22.6,0.0,0.0,0.0,0.0,0.0,0.0,27.6,76.0,45.8,27.6,76.0,12.3,0.0,1.0,0.26,0.0,0.0,0.44,-3.79,0.0,-0.92,0.0,-1.6,1.46,-47.98,-10.56,-21.8,-17.69,-18.1,7.92,0.0,100.0,51.0,58.0,100.0,34.0,17.13,18.32,17.31,17.13,18.32,0.34,0.0,1.18,0.18,1.17,0.24,0.35,0.0,3.79,0.92,0.0,1.6,1.6,1.46,-0.038406266,0,0,1,Fast,57,2535,0.0,0.0,0.0,0,0.0,0.0,0,257.8333333,16,23.62573058,0.0,0.0,0.0,T,0.9440906249999999,4.006459625,SectorTime outside section-specific IQR limits
P022,"Laguna_Seca, Laguna_Seca",", McLaren 720S GT3","8/25/2023, ",Lap 1,106.717,Turn 7,13.710786,1.48,0.99,0.81,0.73,0.25,0.25,1.0,0.66,0.4,0.83,0.21,20.92,112.21,68.14,112.21,28.86,22.88,0.0,0.0,0.0,0.0,0.0,0.0,51.6,109.6,82.2,51.6,109.6,16.8,0.0,1.0,0.78,1.0,0.0,0.41,-4.4,-0.82,-3.13,-4.4,-1.41,1.2,-37.86,-9.97,-26.4,-33.83,-13.95,6.77,41.0,100.0,85.0,41.0,100.0,20.0,15.17,17.15,16.37,15.17,17.15,0.66,0.02,1.98,1.2,0.13,0.47,0.65,0.82,4.4,3.13,4.4,1.41,-2.99,1.2,0.322785635,0,0,0,Slow,57,2535,0.0,0.0,0.0,0,0.0,0.0,0,130.6666667,9,32.67543846,11.66666667,0.28,0.14,T,0.9440906249999999,4.006459625,SectorTime outside section-specific IQR limits
P020,"Laguna_Seca, Laguna_Seca",", McLaren 720S GT3","8/24/2023, ",Lap 2,127.239,Turn 7,5.427158,0.84,0.31,0.07,0.43,0.2,0.0,1.18,0.22,0.3,0.13,0.24,0.48,100.7,67.94,65.51,66.98,25.06,0.0,0.0,0.0,0.0,0.0,0.0,25.2,46.8,38.5,25.2,46.8,5.8,0.0,0.0,0.0,0.0,0.0,0.0,0.0,0.0,0.0,0.0,0.0,0.0,-37.46,11.56,-12.59,11.56,-19.01,12.31,16.0,54.0,31.0,26.0,54.0,8.0,9.37,9.37,9.37,9.37,9.37,0.0,0.0,0.08,0.0,0.08,0.0,0.01,0.0,0.0,0.0,0.0,0.0,0.0,0.0,1.691646241,0,1,0,Slow,57,2535,0.0,0.0,0.0,0,0.0,0.0,1,257.6571429,13,-18.40852125,0.0,0.0,0.0,T,0.9440906249999999,4.006459625,SectorTime outside section-specific IQR limits
P019,"Laguna_Seca, Laguna_Seca",", McLaren 720S GT3","8/24/2023, ",Lap 4,111.554,Turn 7,9.803351,1.53,0.42,0.14,1.42,0.3,0.0,1.75,0.36,0.44,0.36,0.27,1.05,110.26,69.8,105.2,89.37,22.41,0.0,0.0,0.0,0.0,0.0,0.0,24.2,68.3,49.3,24.2,68.3,13.1,0.0,1.0,0.53,0.0,0.58,0.5,-7.24,0.0,-2.17,0.0,-1.87,2.18,-69.76,14.3,-15.69,14.3,-69.76,14.69,14.0,86.0,55.0,73.0,59.0,18.0,15.97,18.17,16.56,15.97,18.17,0.72,0.0,2.18,0.58,0.67,0.0,0.72,0.0,7.24,2.17,0.0,1.87,1.87,2.18,0.645423718,0,0,0,Slow,57,2535,0.0,0.0,0.0,0,0.0,0.0,1,362.9333333,22,-29.331663,0.0,0.0,0.0,T,0.9440906249999999,4.006459625,SectorTime outside section-specific IQR limits
P015,"Laguna_Seca, Laguna_Seca",", McLaren 720S GT3","24/08/2023, ",Lap 5,112.882,Turn 7,6.116,1.3,0.92,0.66,0.41,0.27,0.18,0.83,0.42,0.18,0.82,0.17,12.22,99.83,77.24,99.83,25.18,26.02,0.0,0.0,0.0,0.0,0.0,0.0,49.1,92.1,70.0,49.1,92.1,10.9,0.0,1.0,0.72,0.0,0.0,0.45,-4.1,-0.46,-2.99,-0.66,-1.35,1.19,-39.16,-4.71,-27.89,-32.74,-7.04,9.16,36.0,88.0,54.0,47.0,88.0,14.0,15.05,17.2,16.35,15.05,17.2,0.74,0.0,2.15,1.29,0.0,1.03,0.74,0.46,4.1,2.99,0.66,1.35,0.69,1.19,0.734004114,0,0,0,Slow,57,2535,0.0,0.0,0.0,0,0.0,0.0,0,129.8333333,19,26.16959046,0.0,0.0,0.0,T,0.9440906249999999,4.006459625,SectorTime outside section-specific IQR limits
P013,"Laguna_Seca, Laguna_Seca",", McLaren 720S GT3","24/08/2023, ",Lap 6,119.447,Turn 7,6.466,0.97,0.6,0.33,0.65,0.18,0.16,1.01,0.77,0.57,0.64,0.16,16.33,63.63,41.95,56.2,23.37,13.83,0.0,0.0,0.0,0.0,0.0,0.0,49.1,117.0,84.3,49.1,117.0,20.6,0.0,1.0,0.58,0.0,0.0,0.5,-3.05,-0.64,-1.97,-0.64,-1.22,0.77,-23.51,-8.39,-15.6,-14.5,-12.34,4.04,59.0,100.0,95.0,59.0,91.0,11.0,20.53,21.98,21.47,20.53,21.98,0.53,0.0,1.45,0.93,0.07,0.27,0.52,0.64,3.05,1.97,0.64,1.22,0.58,0.77,1.171903436,0,0,0,Slow,57,2535,236.0,11.45,-666.8822662,236,0.0,0.0,0,92.41666667,8,13.37719298,0.0,0.0,0.0,T,0.9440906249999999,4.006459625,SectorTime outside section-specific IQR limits
P012,"Laguna_Seca, Laguna_Seca",", McLaren 720S GT3","24/08/2023, ",Lap 4,104.324,Turn 7,5.87,1.66,0.26,0.03,0.31,0.25,0.0,3.01,0.44,0.29,0.92,0.37,1.16,240.0,144.82,238.21,21.22,75.48,0.0,100.0,20.0,0.0,0.0,37.0,0.0,74.0,21.2,6.8,74.0,17.6,0.0,1.0,0.03,0.0,0.0,0.18,-2.55,0.0,-0.16,0.0,-0.86,0.52,-87.95,16.01,-20.45,-9.06,-8.32,19.46,0.0,100.0,30.0,21.0,100.0,28.0,16.9,17.23,16.92,16.9,17.23,0.08,0.0,0.44,0.02,0.44,0.18,0.12,0.0,2.55,0.16,0.0,0.86,0.86,0.52,0.163167496,0,0,0,Slow,57,2535,0.0,0.0,0.0,0,240.0,67.068,1,553.2272727,3,18.17847315,0.0,0.0,0.0,T,0.9440906249999999,4.006459625,SectorTime outside section-specific IQR limits
P009,"Laguna_Seca, Laguna_Seca",", McLaren 720S GT3","24/08/2023, ",Lap 5,128.887,Turn 7,7.779,0.93,0.33,0.08,0.45,0.17,0.0,1.46,0.19,0.05,0.25,0.2,1.16,240.0,183.19,240.0,108.9,71.56,0.0,0.0,0.0,0.0,0.0,0.0,10.0,40.6,26.6,10.0,40.6,10.1,0.0,0.0,0.0,0.0,0.0,0.0,0.0,0.0,0.0,0.0,0.0,0.0,-24.66,43.49,12.52,14.46,-24.3,23.09,4.0,26.0,11.0,26.0,8.0,8.0,19.18,19.18,19.18,19.18,19.18,0.0,0.0,0.43,0.0,0.43,0.0,0.06,0.0,0.0,0.0,0.0,0.0,0.0,0.0,1.801571311,0,0,0,Slow,57,2535,0.0,0.0,0.0,0,0.0,0.0,1,396.1,5,-57.13450321,0.0,0.0,0.0,T,0.9440906249999999,4.006459625,SectorTime outside section-specific IQR limits
P005,"Laguna_Seca, Laguna_Seca",", McLaren 720S GT3","24/08/2023, ",Lap 2,131.769,Turn 7,5.743,1.15,0.4,0.24,0.08,0.26,0.0,1.23,0.26,0.91,0.4,0.23,0.15,240.0,127.39,240.0,15.19,76.06,0.0,0.0,0.0,0.0,0.0,0.0,18.9,57.1,36.3,18.9,57.1,8.8,0.0,0.0,0.0,0.0,0.0,0.0,-0.96,0.0,-0.06,0.0,-0.9,0.19,-48.18,41.47,-7.05,22.98,3.55,26.43,0.0,51.0,21.0,35.0,46.0,14.0,21.15,21.15,21.15,21.15,21.15,0.0,0.0,0.0,0.0,0.0,0.0,0.0,0.0,0.96,0.06,0.0,0.9,0.9,0.19,1.993806779,0,1,0,Slow,57,2535,0.0,0.0,0.0,0,0.0,0.0,2,660.3,4,-23.15371811,0.0,0.0,0.0,T,0.9440906249999999,4.006459625,SectorTime outside section-specific IQR limits
P112,"Laguna_Seca, Laguna_Seca",", McLaren 720S GT3","25/08/2024, ",Lap 2,114.947,Turn 8,18.033,0.0,67.0,16.0,33.0,0.0,22.0,0.0,149.7,35.9,149.7,40.1,42.8,-4.51,29.34,2.89,-4.51,0.0,7.18,-88.07,53.08,6.16,28.15,0.25,22.49,0.0,89.0,27.0,0.0,89.0,30.0,6.07,0.43,1.72,0.06,0.76,0.0,1.25,0.31,0.41,0.6,0.28,0.16,240.0,146.34,65.94,3.56,98.17,0.0,1.0,0.22,1.0,0.0,0.42,17.66,21.65,21.09,17.66,21.65,1.12,0.02,4.0,3.44,0.44,1.13,1.11,0.0,4.51,0.12,4.51,0.0,-4.51,0.62,0.871743962,0,1,0,Slow,176,2789,0.0,0.0,0.0,0,240.0,76.772,5,1529.6,6,27.43164278,0.0,0.0,0.0,T,-1.162005625,8.215603375,SectorTime outside section-specific IQR limits
P077,"Laguna_Seca, Laguna_Seca",", McLaren 720S GT3","8/27/2023, ",Lap 6,108.647,Turn 8,8.522503,1.55,0.98,0.57,0.36,0.28,0.02,0.87,0.52,0.86,0.65,0.19,5.43,47.26,31.15,27.21,5.43,9.47,0.0,38.0,8.0,0.0,0.0,14.0,96.7,135.6,114.5,102.5,135.6,11.2,0.0,1.0,0.11,0.0,0.0,0.32,-2.67,-0.17,-1.34,-1.45,-0.17,0.58,4.0,28.15,17.69,11.66,4.0,5.72,0.0,100.0,61.0,100.0,100.0,46.0,12.78,13.42,12.98,12.78,13.42,0.25,0.0,0.63,0.2,0.01,0.55,0.25,0.17,2.67,1.34,1.45,0.17,-1.28,0.58,0.451520698,0,0,0,Slow,176,2789,0.0,0.0,0.0,0,0.0,0.0,0,150.0,41,-4.6875,0.0,0.0,0.0,T,-1.162005625,8.215603375,SectorTime outside section-specific IQR limits
P074,"Laguna_Seca, Laguna_Seca",", McLaren 720S GT3","8/27/2023, ",Lap 2,122.162,Turn 8,14.825778,1.9,0.86,0.21,0.61,0.49,0.0,0.9,0.42,0.81,0.62,0.26,0.31,64.16,34.53,34.25,22.7,13.77,0.0,0.0,0.0,0.0,0.0,0.0,53.2,136.4,100.7,53.2,136.4,19.3,0.0,1.0,0.33,0.0,0.0,0.47,-2.95,-0.03,-1.61,-1.51,-1.34,0.67,-8.98,41.42,15.15,-8.5,8.91,11.88,0.0,100.0,65.0,98.0,100.0,37.0,23.72,25.87,24.79,23.72,25.87,0.81,0.0,2.15,1.07,0.09,1.06,0.81,0.03,2.95,1.61,1.51,1.34,-0.17,0.67,1.352999652,0,1,0,Slow,176,2789,0.0,0.0,0.0,0,0.0,0.0,1,223.6666667,16,5.350378687,0.0,0.0,0.0,T,-1.162005625,8.215603375,SectorTime outside section-specific IQR limits
P074,"Laguna_Seca, Laguna_Seca",", McLaren 720S GT3","8/27/2023, ",Lap 5,126.534,Turn 8,10.638981,4.98,0.63,3.43,0.07,0.68,0.01,20.24,0.59,14.44,0.52,1.4,0.13,178.31,87.95,23.77,0.88,61.21,0.0,81.0,4.0,81.0,0.0,14.0,0.1,134.9,57.1,31.1,134.9,46.2,0.0,1.0,0.26,0.0,0.0,0.44,-3.12,0.75,-0.9,0.0,0.01,1.19,-6.21,50.81,16.95,50.81,-0.82,11.15,0.0,100.0,61.0,0.0,100.0,41.0,24.73,27.77,25.44,24.73,27.77,1.01,0.0,3.03,0.71,1.61,0.37,1.01,0.0,3.12,0.93,0.0,0.0,0.0,1.16,1.644621257,0,0,0,Slow,176,2789,0.0,0.0,0.0,0,0.0,0.0,2,421.7042125,20,-14.63619932,0.0,0.0,0.0,T,-1.162005625,8.215603375,SectorTime outside section-specific IQR limits
P067,"Laguna_Seca, Laguna_Seca",", McLaren 720S GT3","8/26/2023, ",Lap 1,118.582,Turn 8,10.551401,1.71,0.72,1.48,0.97,0.55,0.0,1.25,0.34,0.28,0.32,0.29,0.0,104.3,33.79,98.41,33.94,35.18,0.0,19.0,1.0,0.0,0.0,3.0,74.9,128.8,106.4,74.9,128.8,18.7,0.0,1.0,0.29,1.0,0.0,0.45,-4.12,0.27,-1.38,-3.97,-1.92,1.45,-46.58,24.95,-6.13,-41.76,15.97,21.4,0.0,100.0,52.0,31.0,55.0,39.0,14.73,16.43,16.03,14.73,16.43,0.41,0.02,1.72,1.31,0.06,0.87,0.41,0.0,4.12,1.4,3.97,1.92,-2.05,1.44,1.114206115,0,0,0,Slow,176,2789,0.0,0.0,0.0,0,0.0,0.0,3,238.1666667,23,20.12310607,0.0,0.0,0.0,T,-1.162005625,8.215603375,SectorTime outside section-specific IQR limits
P054,"Laguna_Seca, Laguna_Seca",", McLaren 720S GT3","8/26/2023, ",Lap 5,117.312,Turn 8,14.156548,1.49,0.84,0.35,0.29,0.34,0.0,0.72,0.23,0.69,0.22,0.22,7.18,53.5,34.65,32.49,7.18,12.79,0.0,0.0,0.0,0.0,0.0,0.0,77.6,124.3,98.3,77.6,124.3,9.1,0.0,1.0,0.31,0.0,0.0,0.46,-2.63,-0.24,-1.46,-1.83,-0.24,0.66,3.31,33.4,17.65,12.24,3.31,7.13,10.0,100.0,39.0,77.0,100.0,29.0,18.8,20.83,19.8,18.8,20.83,0.6,0.0,2.03,1.0,0.0,1.79,0.6,0.24,2.63,1.46,1.83,0.24,-1.59,0.66,1.029494441,0,0,0,Slow,176,2789,0.0,0.0,0.0,0,0.0,0.0,0,251.0,17,-5.871212125,0.0,0.0,0.0,T,-1.162005625,8.215603375,SectorTime outside section-specific IQR limits
P049,"Laguna_Seca, Laguna_Seca",", McLaren 720S GT3","8/26/2023, ",Lap 2,100.219,Turn 8,9.710399,2.33,1.3,0.57,0.52,0.58,0.0,0.89,0.36,0.34,0.51,0.25,9.47,81.19,40.4,20.39,11.49,20.85,0.0,0.0,0.0,0.0,0.0,0.0,101.4,151.9,132.0,101.4,151.9,11.4,0.0,1.0,0.59,0.0,0.0,0.49,-5.35,0.28,-2.24,-0.86,-0.64,1.42,3.42,36.17,19.92,10.82,6.14,9.35,10.0,100.0,74.0,100.0,100.0,34.0,22.75,25.62,24.15,22.75,25.62,1.1,0.0,2.87,1.4,0.0,0.18,1.1,0.0,5.35,2.25,0.86,0.64,-0.22,1.41,-0.110644646,0,1,1,Fast,176,2789,0.0,0.0,0.0,0,0.0,0.0,0,202.0,17,-2.982954545,0.0,0.0,0.0,T,-1.162005625,8.215603375,SectorTime outside section-specific IQR limits
P029,"Laguna_Seca, Laguna_Seca",", McLaren 720S GT3","8/25/2023, ",Lap 1,117.057,Turn 8,12.252101,2.25,1.29,0.68,0.13,0.5,0.0,0.83,0.35,0.81,0.63,0.26,1.21,62.56,37.72,37.66,2.6,17.67,0.0,0.0,0.0,0.0,0.0,0.0,101.8,142.7,126.4,101.8,142.7,8.5,0.0,1.0,0.55,1.0,0.0,0.5,-3.36,0.54,-1.85,-2.26,-0.06,1.12,-0.41,37.31,20.85,16.21,1.32,9.12,0.0,100.0,60.0,100.0,100.0,43.0,23.71,26.52,25.16,23.71,26.52,0.94,0.02,2.82,1.45,0.1,0.95,0.94,0.0,3.36,1.88,2.26,0.06,-2.2,1.07,1.012485404,0,0,0,Slow,176,2789,0.0,0.0,0.0,0,0.0,0.0,0,180.5,18,-6.818181818,0.0,0.0,0.0,T,-1.162005625,8.215603375,SectorTime outside section-specific IQR limits
P134,"Laguna_Seca, Laguna_Seca",", McLaren 720S GT3","20/10/2024, ",Lap 9,103.172,Turn 9,10.236,0.0,0.0,0.0,0.0,0.0,0.0,0.0,114.3,39.7,12.2,114.3,33.2,-3.32,0.18,-0.56,0.0,-0.58,1.03,-31.65,52.52,5.64,-7.89,-4.51,22.76,0.0,100.0,69.0,100.0,100.0,36.0,1.12,0.37,0.28,0.2,0.34,0.0,1.41,0.38,1.41,0.58,0.25,0.0,240.0,104.34,130.69,10.15,86.25,0.0,1.0,0.16,0.0,0.0,0.37,24.77,26.42,25.15,24.77,26.42,0.64,0.0,1.65,0.38,0.0,0.0,0.64,0.0,3.32,0.56,0.0,0.58,0.58,1.02,0.086326671,0,1,1,Fast,111,3020,0.0,0.0,0.0,0,240.0,80.452,3,950.4119624,10,-23.86049424,0.0,0.0,0.0,T,2.3504325,3.7726124999999993,SectorTime outside section-specific IQR limits
P124,"Laguna_Seca, Laguna_Seca",", McLaren 720S GT3","19/10/2024, ",Lap 8,104.517,Turn 9,12.04,0.0,75.0,27.0,0.0,0.0,28.0,0.0,115.2,34.0,115.2,12.9,32.6,0.0,22.44,4.42,6.64,0.0,7.77,-53.91,64.96,0.95,-39.15,-3.38,25.65,0.0,83.0,33.0,12.0,83.0,31.0,3.35,0.53,2.56,0.04,0.68,0.0,8.13,0.38,0.04,0.26,0.63,0.07,187.92,108.62,25.8,59.85,62.63,0.0,1.0,0.26,1.0,0.0,0.44,26.58,29.67,29.27,26.58,29.67,0.82,0.02,3.1,2.7,0.0,2.77,0.81,0.0,0.0,0.0,0.0,0.0,0.0,0.0,0.176041003,0,1,0,Slow,111,3020,0.0,0.0,0.0,0,186.4825,78.057,2,892.1777778,15,42.34064888,0.0,0.12,0.06,T,2.3504325,3.7726124999999993,SectorTime outside section-specific IQR limits
P114,"Laguna_Seca, Laguna_Seca",", McLaren 720S GT3","19/10/2024, ",Lap 3,101.912,Turn 9,3.959,0.0,0.0,0.0,0.0,0.0,0.0,74.1,128.2,101.5,74.1,128.2,12.4,-3.69,-0.32,-2.22,-1.26,-0.32,0.89,-41.79,-4.94,-21.44,-4.94,-6.38,9.31,17.0,100.0,76.0,100.0,100.0,23.0,1.9,1.04,0.21,0.41,0.44,0.02,0.82,0.43,0.82,0.62,0.21,8.67,73.46,46.72,21.8,8.67,18.04,0.0,1.0,0.66,0.0,0.0,0.47,21.75,24.37,23.43,21.75,24.37,0.9,0.0,2.62,1.68,1.43,0.28,0.9,0.32,3.69,2.22,1.26,0.32,-0.94,0.89,0.002282018,0,1,1,Fast,111,3020,0.0,0.0,0.0,0,0.0,0.0,0,128.0,7,5.480480452,0.0,0.0,0.0,T,2.3504325,3.7726124999999993,SectorTime outside section-specific IQR limits
P114,"Laguna_Seca, Laguna_Seca",", McLaren 720S GT3","19/10/2024, ",Lap 9,96.11,Turn 9,4.708,0.0,0.0,0.0,0.0,0.0,0.0,47.3,130.7,85.0,47.3,130.7,25.4,-3.42,0.27,-1.38,0.0,-1.18,1.13,-30.33,-2.82,-14.69,-18.53,-15.03,7.64,74.0,100.0,99.0,74.0,100.0,4.0,1.32,0.61,0.38,0.69,0.35,0.09,0.91,0.51,0.3,0.58,0.17,5.68,68.32,34.73,68.01,21.98,19.99,0.0,1.0,0.3,0.0,0.0,0.46,21.75,23.17,22.44,21.75,23.17,0.61,0.0,1.42,0.69,0.12,0.8,0.63,0.0,3.42,1.4,0.0,1.18,1.18,1.11,-0.384723597,0,1,1,Fast,111,3020,237.0,7.99,-1165.288037,237,0.0,0.0,0,195.9166667,12,9.496996974,0.0,0.0,0.0,T,2.3504325,3.7726124999999993,SectorTime outside section-specific IQR limits
P112,"Laguna_Seca, Laguna_Seca",", McLaren 720S GT3","25/08/2024, ",Lap 10,101.93,Turn 9,7.584,0.0,0.0,0.0,0.0,0.0,0.0,35.3,108.4,53.0,50.9,108.4,21.2,-2.67,13.35,-0.33,13.35,-0.94,1.52,-54.22,60.78,-5.78,-54.22,-9.56,24.44,0.0,100.0,47.0,20.0,100.0,43.0,1.26,0.48,1.18,0.51,0.26,0.0,0.94,0.29,0.06,0.57,0.3,1.98,240.0,91.02,102.48,19.59,80.64,0.0,1.0,0.11,1.0,0.0,0.31,26.13,26.93,26.46,26.13,26.93,0.29,0.02,0.78,0.31,0.0,0.76,0.33,0.0,2.67,0.5,0.0,0.94,0.94,0.77,0.003482656,0,1,1,Fast,111,3020,0.0,0.0,0.0,0,240.0,80.0,1,502.8166667,12,-3.543543498,0.0,0.0,0.0,T,2.3504325,3.7726124999999993,SectorTime outside section-specific IQR limits
P110,"Laguna_Seca, Laguna_Seca",", McLaren 720S GT3","25/08/2024, ",Lap 8,108.377,Turn 9,14.154,0.0,36.0,0.0,0.0,0.0,4.0,0.0,81.7,29.1,46.2,81.7,17.1,-1.39,1.92,-0.08,1.92,-0.25,0.29,-93.32,47.18,6.17,-93.32,0.59,24.54,0.0,100.0,39.0,0.0,79.0,42.0,1.39,0.28,1.39,0.03,0.31,0.0,3.37,0.32,0.62,0.59,0.33,0.05,240.0,105.73,240.0,3.89,70.34,0.0,0.76,0.0,0.76,0.0,0.03,29.9,29.9,29.9,29.9,29.9,0.0,0.0,2.76,0.0,2.76,0.0,0.12,0.0,1.39,0.08,0.0,0.25,0.25,0.27,0.43351113,0,1,0,Slow,111,3020,0.0,0.0,0.0,0,240.0,78.084,5,1259.595671,18,-36.09540026,0.0,0.0,0.0,T,2.3504325,3.7726124999999993,SectorTime outside section-specific IQR limits
P106,"Laguna_Seca, Laguna_Seca",", McLaren 720S GT3","24/08/2024, ",Lap 11,112.16,Turn 9,4.875,0.0,0.0,0.0,0.0,0.0,0.0,51.9,115.4,83.4,51.9,115.4,18.3,-3.34,-0.44,-1.87,-2.14,-1.48,0.64,-26.94,14.91,-9.36,12.37,-12.88,14.31,38.0,85.0,61.0,46.0,85.0,14.0,1.09,0.65,0.37,0.66,0.28,0.03,1.11,0.39,0.25,0.45,0.16,0.92,64.32,40.84,44.36,26.85,12.91,0.0,1.0,0.37,1.0,0.0,0.48,28.74,30.53,29.75,28.74,30.53,0.69,0.02,1.8,1.03,1.41,1.79,0.7,0.44,3.34,1.87,2.14,1.48,-0.67,0.64,0.685845194,0,1,0,Slow,111,3020,0.0,0.0,0.0,0,0.0,0.0,1,214.4166667,15,-10.2852853,0.0,0.0,0.0,T,2.3504325,3.7726124999999993,SectorTime outside section-specific IQR limits
P104,"Laguna_Seca, Laguna_Seca",", McLaren 720S GT3","24/08/2024, ",Lap 3,103.179,Turn 9,3.942,0.0,0.0,0.0,0.0,0.0,0.0,75.6,126.6,101.6,75.6,126.6,13.0,-3.56,-0.72,-2.0,-2.08,-1.04,0.63,-59.42,-6.94,-19.52,-12.82,-14.71,7.85,39.0,99.0,75.0,88.0,98.0,16.0,2.4,0.96,0.46,0.78,0.37,0.03,0.6,0.39,0.58,0.5,0.14,22.14,66.25,42.28,40.87,22.14,10.95,0.0,1.0,0.51,1.0,0.0,0.5,20.1,22.12,21.57,20.1,22.12,0.65,0.02,2.03,1.49,0.04,1.05,0.65,0.72,3.56,2.0,2.08,1.04,-1.05,0.63,0.086793586,0,1,1,Fast,111,3020,186.0952381,4.89,-408.2600599,186,0.0,0.0,0,121.0,15,6.156156179,0.0,0.0,0.0,T,2.3504325,3.7726124999999993,SectorTime outside section-specific IQR limits
P103,"Laguna_Seca, Laguna_Seca",", McLaren 720S GT3","24/08/2024, ",Lap 3,97.477,Turn 9,4.718,0.0,36.0,3.0,0.0,0.0,8.0,65.6,97.8,84.3,65.6,77.7,8.9,-7.33,15.5,-0.22,1.09,13.05,4.31,-53.43,21.07,-16.52,6.76,21.07,17.63,0.0,100.0,59.0,52.0,100.0,44.0,2.34,0.73,0.36,0.85,0.57,0.01,1.1,0.3,0.25,0.41,0.2,0.16,142.42,39.57,4.22,131.52,36.11,0.0,1.0,0.4,0.0,1.0,0.49,28.43,30.31,28.88,28.43,30.31,0.59,0.0,1.87,0.45,0.97,0.38,0.61,0.0,7.33,1.49,0.0,0.0,0.0,1.86,-0.293541819,0,1,1,Fast,111,3020,0.0,0.0,0.0,0,142.14,81.487,2,472.8333333,14,21.32132144,0.0,0.0,0.0,T,2.3504325,3.7726124999999993,SectorTime outside section-specific IQR limits
P103,"Laguna_Seca, Laguna_Seca",", McLaren 720S GT3","24/08/2024, ",Lap 11,117.62,Turn 9,9.792,0.0,5.0,0.0,0.0,0.0,0.0,0.1,108.6,41.6,17.3,108.6,28.3,-4.8,0.0,-1.0,0.0,-0.25,1.57,-138.4,0.93,-25.97,-95.31,-3.67,33.23,0.0,100.0,66.0,100.0,100.0,36.0,1.11,0.42,0.44,0.23,0.34,0.0,0.83,0.36,0.41,0.78,0.18,1.06,240.0,74.53,240.0,6.69,44.64,0.0,1.0,0.27,0.0,0.0,0.45,27.12,29.78,27.71,27.12,29.78,0.94,0.0,2.67,0.6,2.42,0.63,0.95,0.0,4.8,1.0,0.0,0.25,0.25,1.57,1.05003869,0,1,0,Slow,111,3020,0.0,0.0,0.0,0,0.0,0.0,1,734.5214286,15,8.060210997,0.0,0.0,0.0,T,2.3504325,3.7726124999999993,SectorTime outside section-specific IQR limits
P098,"Laguna_Seca, Laguna_Seca",", McLaren 720S GT3","24/08/2024, ",Lap 3,121.892,Turn 9,3.955,0.0,43.0,3.0,14.0,0.0,10.0,95.8,120.5,104.4,102.6,120.5,6.0,-4.14,0.48,-1.82,-0.83,0.04,1.3,-38.63,1.83,-19.48,-2.04,1.83,10.77,18.0,100.0,59.0,23.0,100.0,29.0,1.88,0.99,0.05,0.02,0.51,0.02,0.71,0.26,0.18,0.47,0.16,0.26,77.82,40.05,11.07,3.29,22.16,0.0,1.0,0.42,0.0,0.0,0.5,25.25,26.93,26.0,25.25,26.93,0.64,0.0,1.68,0.74,0.0,0.16,0.64,0.0,4.14,1.86,0.83,0.0,-0.83,1.23,1.334990084,0,1,0,Slow,111,3020,0.0,0.0,0.0,0,0.0,0.0,1,188.5,6,4.72972973,0.0,0.0,0.0,T,2.3504325,3.7726124999999993,SectorTime outside section-specific IQR limits
P098,"Laguna_Seca, Laguna_Seca",", McLaren 720S GT3","24/08/2024, ",Lap 4,128.237,Turn 9,3.954,0.0,34.0,2.0,34.0,0.0,6.0,101.8,119.1,105.3,108.4,119.1,4.1,-3.57,0.38,-1.69,-0.36,-0.2,1.22,-45.0,0.92,-19.85,-10.48,0.92,11.92,3.0,100.0,47.0,3.0,100.0,34.0,2.79,1.02,0.47,0.01,0.6,0.0,0.71,0.21,0.71,0.49,0.17,0.22,70.59,39.01,12.33,6.14,23.5,0.0,1.0,0.47,0.0,0.0,0.5,26.13,28.0,27.06,26.13,28.0,0.76,0.0,1.87,0.92,0.01,0.0,0.76,0.0,3.57,1.72,0.36,0.2,-0.16,1.18,1.758214943,0,0,0,Slow,111,3020,0.0,0.0,0.0,0,0.0,0.0,1,190.0,12,5.405405405,0.0,0.0,0.0,T,2.3504325,3.7726124999999993,SectorTime outside section-specific IQR limits
P098,"Laguna_Seca, Laguna_Seca",", McLaren 720S GT3","24/08/2024, ",Lap 8,124.446,Turn 9,5.939,0.0,0.0,0.0,0.0,0.0,0.0,53.0,93.6,69.5,53.0,93.6,11.2,-2.16,0.01,-1.34,-1.45,-0.4,0.51,-19.66,12.31,-8.9,-15.37,-3.89,8.5,52.0,98.0,63.0,55.0,98.0,14.0,0.76,0.38,0.3,0.17,0.2,0.06,0.38,0.2,0.07,0.38,0.08,0.46,49.11,31.27,36.98,8.89,12.47,0.0,1.0,0.06,0.0,0.0,0.24,32.47,32.82,32.68,32.47,32.82,0.15,0.0,1.33,0.21,1.33,0.01,0.23,0.0,2.16,1.34,1.45,0.4,-1.05,0.51,1.505347261,0,1,0,Slow,111,3020,35.57894737,2.32,-1011.324901,36,0.0,0.0,2,258.3333333,15,5.442942731,0.0,0.0,0.0,T,2.3504325,3.7726124999999993,SectorTime outside section-specific IQR limits
P097,"Laguna_Seca, Laguna_Seca",", McLaren 720S GT3","24/08/2024, ",Lap 2,111.349,Turn 9,4.011,0.0,45.0,6.0,45.0,0.0,13.0,94.5,117.4,100.8,117.4,111.3,5.4,-1.97,0.35,-1.26,-0.28,-1.25,0.69,-29.57,-3.51,-17.29,-12.43,-14.12,7.61,0.0,92.0,28.0,0.0,92.0,30.0,1.36,0.85,0.79,0.73,0.32,0.01,0.83,0.28,0.83,0.6,0.26,5.4,50.57,32.12,15.18,25.96,13.96,0.0,0.0,0.0,0.0,0.0,0.0,11.48,11.48,11.48,11.48,11.48,0.0,0.0,0.0,0.0,0.0,0.0,0.0,0.0,1.97,1.28,0.28,1.25,0.97,0.65,0.631749787,0,1,0,Slow,111,3020,0.0,0.0,0.0,0,0.0,0.0,0,90.5,8,-2.477477477,0.0,0.0,0.0,T,2.3504325,3.7726124999999993,SectorTime outside section-specific IQR limits
P097,"Laguna_Seca, Laguna_Seca",", McLaren 720S GT3","24/08/2024, ",Lap 4,107.664,Turn 9,4.125,0.0,46.0,3.0,46.0,0.0,9.0,93.3,104.9,98.3,104.9,104.7,3.9,-2.35,-0.73,-1.64,-0.73,-1.11,0.47,-29.09,-8.0,-18.71,-8.08,-16.06,5.54,0.0,49.0,27.0,0.0,36.0,16.0,1.29,0.88,0.34,0.95,0.25,0.01,0.88,0.17,0.88,0.09,0.19,14.54,52.68,37.72,14.54,29.93,9.53,0.0,1.0,0.3,0.0,0.0,0.46,14.0,15.23,14.47,14.0,15.23,0.37,0.0,1.23,0.46,0.0,0.22,0.37,0.73,2.35,1.64,0.73,1.11,0.39,0.47,0.385952528,0,0,0,Slow,111,3020,0.0,0.0,0.0,0,0.0,0.0,0,91.0,9,-3.603603604,0.0,0.0,0.0,T,2.3504325,3.7726124999999993,SectorTime outside section-specific IQR limits
P097,"Laguna_Seca, Laguna_Seca",", McLaren 720S GT3","24/08/2024, ",Lap 5,107.652,Turn 9,3.867,0.0,35.0,10.0,35.0,0.0,14.0,96.4,130.7,104.6,130.7,96.4,9.7,-2.22,0.29,-1.24,0.29,-1.16,0.6,-29.76,-4.84,-17.78,-8.09,-12.38,5.81,0.0,70.0,11.0,0.0,11.0,13.0,1.37,0.9,0.75,0.74,0.21,0.0,0.84,0.26,0.7,0.1,0.26,4.45,50.54,32.02,6.09,30.53,11.89,0.0,1.0,0.09,0.0,0.0,0.29,18.37,18.72,18.47,18.37,18.72,0.13,0.0,0.35,0.1,0.0,0.14,0.13,0.0,2.22,1.25,0.0,1.16,1.16,0.57,0.385152103,0,0,0,Slow,111,3020,0.0,0.0,0.0,0,0.0,0.0,0,104.0,8,-7.882882883,0.0,0.0,0.0,T,2.3504325,3.7726124999999993,SectorTime outside section-specific IQR limits
P096,"Laguna_Seca, Laguna_Seca",", McLaren 720S GT3","24/08/2024, ",Lap 8,98.752,Turn 9,3.798,0.0,40.0,10.0,38.0,0.0,16.0,94.7,121.5,104.7,121.4,121.5,8.6,-2.59,-0.19,-1.4,-1.1,-0.49,0.88,-32.88,-5.81,-19.26,-15.61,-5.81,6.3,0.0,100.0,48.0,0.0,100.0,40.0,1.53,0.99,0.87,0.45,0.24,0.0,0.83,0.41,0.69,0.55,0.25,12.01,58.59,35.24,24.66,12.17,14.94,0.0,1.0,0.4,0.0,0.0,0.49,12.75,14.3,13.38,12.75,14.3,0.65,0.0,1.55,0.63,0.0,0.69,0.65,0.19,2.59,1.4,1.1,0.49,-0.62,0.88,-0.208496635,0,1,1,Fast,111,3020,0.0,0.0,0.0,0,0.0,0.0,0,108.0,9,3.828828829,0.0,0.0,0.0,T,2.3504325,3.7726124999999993,SectorTime outside section-specific IQR limits
P095,"Laguna_Seca, Laguna_Seca",", McLaren 720S GT3","24/08/2024, ",Lap 4,98.477,Turn 9,4.994,0.0,97.0,29.0,0.0,0.0,36.0,59.4,108.7,80.6,108.7,93.9,14.9,-4.32,9.9,0.64,3.68,-1.75,3.74,-40.22,29.31,-4.57,14.39,-19.1,15.66,0.0,100.0,42.0,100.0,100.0,38.0,2.86,0.53,0.0,0.85,0.46,0.0,2.23,0.46,0.03,0.52,0.38,0.16,96.24,41.19,89.17,39.26,23.12,0.0,1.0,0.51,1.0,0.0,0.5,23.24,25.8,24.77,23.24,25.8,0.67,0.02,2.57,1.54,1.64,2.27,0.67,0.0,4.32,1.11,0.0,1.75,1.75,1.08,-0.226839714,0,0,1,Fast,111,3020,0.0,0.0,0.0,0,0.0,0.0,1,267.3333333,19,-25.97597588,0.0,0.0,0.0,T,2.3504325,3.7726124999999993,SectorTime outside section-specific IQR limits
P093,"Laguna_Seca, Laguna_Seca",", McLaren 720S GT3","24/08/2024, ",Lap 10,92.614,Turn 9,3.89,0.0,100.0,52.0,100.0,0.0,45.0,75.5,159.9,103.4,159.9,76.5,27.3,-13.89,0.24,-8.24,-2.55,0.24,4.28,-33.81,-7.99,-20.61,-24.13,-7.99,6.51,0.0,66.0,10.0,0.0,45.0,15.0,1.81,1.08,1.14,0.38,0.39,0.0,1.22,0.58,1.19,0.13,0.39,11.62,174.66,113.39,39.72,11.62,50.89,0.0,1.0,0.94,1.0,0.0,0.23,21.37,25.03,23.31,21.37,25.03,1.12,0.02,3.67,1.93,0.07,0.66,1.12,0.0,13.89,8.24,2.55,0.0,-2.55,4.28,-0.617914158,0,1,1,Fast,111,3020,0.0,0.0,0.0,0,174.59,74.864,0,309.5,9,-8.858858985,0.0,0.0,0.0,T,2.3504325,3.7726124999999993,SectorTime outside section-specific IQR limits
P089,"Laguna_Seca, Laguna_Seca",", McLaren 720S GT3","22/08/2024, ",Lap 2,128.632,Turn 9,4.347,0.0,0.0,0.0,0.0,0.0,0.0,59.9,126.0,94.4,59.9,126.0,20.8,-3.18,-0.09,-2.02,-2.18,-2.47,0.74,-29.26,20.72,-14.97,20.72,-25.28,13.0,24.0,100.0,90.0,24.0,100.0,16.0,1.56,0.87,0.62,1.31,0.43,0.04,0.65,0.44,0.08,0.32,0.13,0.51,59.99,41.88,59.63,45.68,12.29,0.0,1.0,0.61,1.0,1.0,0.49,26.33,28.98,27.37,26.33,28.98,0.74,0.02,2.65,1.05,0.59,1.14,0.75,0.09,3.18,2.02,2.18,2.47,0.3,0.74,1.784562274,0,1,0,Slow,111,3020,245.0,8.1,-332.7627449,245,0.0,0.0,1,281.3333333,14,-16.59159157,0.0,0.0,0.0,T,2.3504325,3.7726124999999993,SectorTime outside section-specific IQR limits
P084,"Laguna_Seca, Laguna_Seca",", McLaren 720S GT3","8/27/2023, ",Lap 2,114.644,Turn 9,3.913962,1.5,0.96,0.4,0.66,0.3,0.0,0.46,0.15,0.1,0.46,0.15,18.24,54.16,37.26,18.41,21.14,10.62,0.0,0.0,0.0,0.0,0.0,0.0,99.8,115.5,103.1,104.1,115.5,3.9,0.0,1.0,0.23,0.0,0.0,0.42,-2.37,-0.93,-1.61,-0.94,-1.0,0.42,-31.98,-8.67,-19.32,-8.71,-11.43,6.32,0.0,82.0,33.0,0.0,82.0,31.0,13.92,14.82,14.18,13.92,14.82,0.33,0.0,0.9,0.26,0.0,0.0,0.32,0.93,2.37,1.61,0.94,1.0,0.05,0.42,0.851533224,0,1,0,Slow,111,3020,0.0,0.0,0.0,0,0.0,0.0,0,91.0,13,-0.900900901,0.0,0.0,0.0,T,2.3504325,3.7726124999999993,SectorTime outside section-specific IQR limits
P084,"Laguna_Seca, Laguna_Seca",", McLaren 720S GT3","8/27/2023, ",Lap 4,121.079,Turn 9,3.887405,1.61,0.9,0.03,0.93,0.5,0.0,0.45,0.1,0.1,0.44,0.09,0.11,51.77,33.39,2.49,38.51,15.96,0.0,0.0,0.0,0.0,0.0,0.0,104.6,112.7,106.0,106.7,112.7,1.7,0.0,1.0,0.16,0.0,0.31,0.37,-2.09,-0.08,-1.48,-0.13,-1.98,0.63,-33.49,0.55,-17.63,0.55,-19.69,9.53,0.0,100.0,29.0,0.0,100.0,22.0,15.62,16.25,15.75,15.62,16.25,0.19,0.0,0.63,0.14,0.0,0.19,0.19,0.08,2.09,1.48,0.13,1.98,1.86,0.63,1.280761272,0,0,0,Slow,111,3020,0.0,0.0,0.0,0,0.0,0.0,1,104.0,17,-9.90990991,0.0,0.0,0.0,T,2.3504325,3.7726124999999993,SectorTime outside section-specific IQR limits
P083,"Laguna_Seca, Laguna_Seca",", McLaren 720S GT3","8/27/2023, ",Lap 2,118.864,Turn 9,4.317152,1.45,0.87,0.27,0.13,0.38,0.05,0.65,0.28,0.28,0.59,0.17,0.5,53.79,37.07,13.27,0.5,14.66,0.0,13.0,4.0,11.0,0.0,5.0,82.4,107.6,94.5,107.6,100.6,7.7,0.0,1.0,0.02,0.0,0.0,0.12,-2.01,0.23,-1.39,-0.77,0.23,0.49,-31.65,-1.65,-18.98,-5.83,-1.65,8.35,0.0,85.0,20.0,0.0,85.0,32.0,19.32,19.38,19.34,19.32,19.38,0.03,0.0,0.07,0.02,0.0,0.0,0.03,0.0,2.01,1.4,0.77,0.0,-0.77,0.47,1.133016109,0,1,0,Slow,111,3020,0.0,0.0,0.0,0,0.0,0.0,0,117.0,23,1.351351334,0.0,0.0,0.0,T,2.3504325,3.7726124999999993,SectorTime outside section-specific IQR limits
P083,"Laguna_Seca, Laguna_Seca",", McLaren 720S GT3","8/27/2023, ",Lap 5,118.689,Turn 9,4.013176,1.54,0.96,0.28,0.75,0.32,0.05,0.48,0.32,0.35,0.44,0.12,10.7,49.72,37.03,10.7,30.03,10.72,0.0,18.0,8.0,14.0,0.0,8.0,90.4,122.9,101.8,122.9,104.8,9.8,0.0,1.0,0.07,0.0,0.0,0.25,-2.06,-0.59,-1.48,-0.6,-1.27,0.45,-31.87,-5.6,-19.81,-5.96,-13.43,6.57,0.0,86.0,22.0,0.0,86.0,34.0,15.62,15.88,15.65,15.62,15.88,0.08,0.0,0.27,0.03,0.0,0.1,0.08,0.59,2.06,1.48,0.6,1.27,0.67,0.45,1.12134324,0,0,0,Slow,111,3020,0.0,0.0,0.0,0,0.0,0.0,0,92.5,21,-5.630630631,0.0,0.0,0.0,T,2.3504325,3.7726124999999993,SectorTime outside section-specific IQR limits
P083,"Laguna_Seca, Laguna_Seca",", McLaren 720S GT3","8/27/2023, ",Lap 6,121.104,Turn 9,3.940206,1.42,0.95,0.07,0.73,0.37,0.01,0.4,0.23,0.21,0.39,0.1,0.94,49.72,35.97,0.94,35.72,12.38,0.0,14.0,6.0,6.0,0.0,5.0,92.2,120.8,102.8,120.8,97.9,9.6,0.0,1.0,0.03,0.0,0.0,0.17,-2.04,0.15,-1.41,0.15,-1.73,0.43,-28.09,-0.01,-19.51,-0.01,-15.14,7.58,0.0,73.0,12.0,0.0,73.0,22.0,16.35,16.47,16.37,16.35,16.47,0.04,0.0,0.12,0.02,0.0,0.03,0.04,0.0,2.04,1.42,0.0,1.73,1.73,0.42,1.282428825,0,0,0,Slow,111,3020,0.0,0.0,0.0,0,0.0,0.0,0,95.0,17,-9.90990991,3.0,0.06,0.0,T,2.3504325,3.7726124999999993,SectorTime outside section-specific IQR limits
P082,"Laguna_Seca, Laguna_Seca",", McLaren 720S GT3","8/27/2023, ",Lap 5,120.347,Turn 9,4.21473,1.89,0.91,1.15,0.0,0.64,0.0,1.34,0.67,0.93,0.65,0.32,0.0,192.85,92.62,77.09,2.02,75.36,0.0,100.0,43.0,100.0,0.0,43.0,75.3,149.9,99.6,149.9,105.4,20.6,0.0,1.0,0.59,1.0,0.0,0.49,-14.51,2.05,-6.43,-6.11,-0.16,5.78,-38.43,11.5,-15.35,-10.22,0.48,16.18,2.0,100.0,51.0,2.0,100.0,47.0,27.88,30.37,29.62,27.88,30.37,0.83,0.02,2.5,1.75,0.08,0.0,0.83,0.0,14.51,6.5,6.11,0.16,-5.96,5.69,1.231935331,0,0,0,Slow,111,3020,0.0,0.0,0.0,0,0.0,0.0,3,418.3333333,7,-0.075074634,0.0,0.0,0.0,T,2.3504325,3.7726124999999993,SectorTime outside section-specific IQR limits
P080,"Laguna_Seca, Laguna_Seca",", McLaren 720S GT3","8/27/2023, ",Lap 6,115.929,Turn 9,4.626455,1.65,0.86,1.47,0.26,0.4,0.02,0.67,0.35,0.09,0.64,0.19,4.6,63.19,35.05,59.72,4.6,17.06,0.0,0.0,0.0,0.0,0.0,0.0,80.7,126.2,97.5,81.5,126.2,12.5,0.0,1.0,0.34,0.0,0.0,0.48,-2.89,1.33,-1.37,-0.89,-0.14,1.05,-36.65,-3.3,-17.64,-36.26,-3.3,9.39,0.0,100.0,63.0,0.0,100.0,34.0,21.2,22.62,21.91,21.2,22.62,0.62,0.0,2.75,0.72,2.75,0.41,0.64,0.0,2.89,1.45,0.89,0.14,-0.74,0.9,0.937245429,0,0,0,Slow,111,3020,0.0,0.0,0.0,0,0.0,0.0,0,180.0,14,13.21321324,0.0,0.0,0.0,T,2.3504325,3.7726124999999993,SectorTime outside section-specific IQR limits
P079,"Laguna_Seca, Laguna_Seca",", McLaren 720S GT3","8/27/2023, ",Lap 4,119.832,Turn 9,4.022492,1.46,0.9,0.2,0.05,0.48,0.02,0.64,0.28,0.23,0.39,0.13,0.0,68.01,37.98,10.19,1.92,22.17,0.0,33.0,5.0,9.0,0.0,9.0,91.6,113.6,100.3,108.2,113.6,6.2,0.0,1.0,0.33,0.0,0.0,0.47,-3.09,0.19,-1.58,-0.6,0.19,0.99,-33.01,-0.24,-19.03,-3.9,-0.24,10.71,0.0,96.0,47.0,0.0,96.0,40.0,17.18,18.53,17.79,17.18,18.53,0.59,0.0,1.35,0.6,0.0,1.17,0.59,0.0,3.09,1.58,0.6,0.0,-0.6,0.98,1.197583747,0,0,0,Slow,111,3020,0.0,0.0,0.0,0,0.0,0.0,1,145.5,9,3.153153153,8.0,0.28,0.14,T,2.3504325,3.7726124999999993,SectorTime outside section-specific IQR limits
P079,"Laguna_Seca, Laguna_Seca",", McLaren 720S GT3","8/27/2023, ",Lap 6,131.557,Turn 9,3.856012,1.81,1.0,0.96,0.16,0.47,0.02,0.66,0.22,0.05,0.16,0.19,0.07,48.98,32.42,31.36,11.46,14.0,0.0,31.0,5.0,0.0,0.0,10.0,96.6,117.1,105.6,116.7,107.4,7.8,0.0,1.0,0.06,0.0,0.0,0.25,-2.13,0.46,-1.19,-1.49,-0.7,0.65,-36.2,4.25,-18.46,-19.82,4.25,10.16,0.0,67.0,27.0,25.0,67.0,24.0,24.43,24.68,24.52,24.43,24.68,0.12,0.0,0.25,0.09,0.0,0.08,0.12,0.0,2.13,1.21,1.49,0.7,-0.79,0.6,1.979665932,0,0,0,Slow,111,3020,0.0,0.0,0.0,0,0.0,0.0,1,132.0,19,9.459459459,0.0,0.0,0.0,T,2.3504325,3.7726124999999993,SectorTime outside section-specific IQR limits
P072,"Laguna_Seca, Laguna_Seca",", McLaren 720S GT3","8/27/2023, ",Lap 1,111.317,Turn 9,4.021812,2.22,0.69,1.68,0.02,0.68,0.02,0.62,0.41,0.12,0.39,0.21,0.04,71.67,22.05,67.8,0.66,23.45,0.0,0.0,0.0,0.0,0.0,0.0,101.7,148.2,119.9,105.8,148.2,15.7,0.0,1.0,0.17,1.0,0.0,0.38,-3.19,0.08,-0.84,-3.18,0.05,1.0,-45.15,-0.06,-12.78,-35.04,-0.12,14.02,7.0,100.0,76.0,7.0,100.0,37.0,25.06,25.63,25.58,25.06,25.63,0.13,0.02,0.57,0.52,0.0,0.37,0.12,0.0,3.19,0.84,3.18,0.0,-3.18,0.99,0.629615319,0,0,0,Slow,111,3020,0.0,0.0,0.0,0,0.0,0.0,1,115.5,11,18.24324324,0.0,0.0,0.0,T,2.3504325,3.7726124999999993,SectorTime outside section-specific IQR limits
P072,"Laguna_Seca, Laguna_Seca",", McLaren 720S GT3","8/27/2023, ",Lap 4,124.047,Turn 9,3.837787,1.72,1.11,0.28,1.01,0.38,0.0,0.18,0.09,0.02,0.18,0.05,11.9,50.3,35.3,11.9,33.74,10.25,0.0,0.0,0.0,0.0,0.0,0.0,110.4,118.9,114.1,118.9,114.3,2.8,0.0,1.0,0.02,0.0,0.0,0.15,-2.02,-0.62,-1.53,-0.67,-1.6,0.36,-33.29,-6.54,-20.23,-6.64,-18.08,6.88,3.0,50.0,20.0,18.0,50.0,17.0,18.53,18.62,18.56,18.53,18.62,0.04,0.0,0.08,0.02,0.0,0.05,0.04,0.62,2.02,1.53,0.67,1.6,0.93,0.36,1.478733121,0,0,0,Slow,111,3020,0.0,0.0,0.0,0,0.0,0.0,0,63.0,7,-6.756756757,0.0,0.0,0.0,T,2.3504325,3.7726124999999993,SectorTime outside section-specific IQR limits
P072,"Laguna_Seca, Laguna_Seca",", McLaren 720S GT3","8/27/2023, ",Lap 5,106.629,Turn 9,3.784133,1.78,1.04,0.38,0.55,0.41,0.0,0.63,0.19,0.05,0.62,0.23,10.63,55.48,35.06,10.63,11.79,12.84,0.0,0.0,0.0,0.0,0.0,0.0,106.3,125.0,110.7,112.2,125.0,4.2,0.0,1.0,0.15,0.0,0.0,0.36,-2.22,-0.41,-1.49,-0.43,-0.41,0.45,-36.4,-5.2,-19.49,-5.2,-7.29,8.29,6.0,100.0,37.0,15.0,100.0,36.0,13.3,13.83,13.51,13.3,13.83,0.25,0.0,0.53,0.21,0.0,0.1,0.25,0.41,2.22,1.49,0.43,0.41,-0.03,0.45,0.316915849,0,0,0,Slow,111,3020,0.0,0.0,0.0,0,0.0,0.0,0,100.0,7,0.45045045,0.0,0.0,0.0,T,2.3504325,3.7726124999999993,SectorTime outside section-specific IQR limits
P066,"Laguna_Seca, Laguna_Seca",", McLaren 720S GT3","8/26/2023, ",Lap 5,128.559,Turn 9,3.842595,1.6,1.04,0.14,0.73,0.4,0.01,0.37,0.13,0.1,0.37,0.08,10.12,53.39,37.41,10.12,28.3,10.88,0.0,0.0,0.0,0.0,0.0,0.0,100.7,113.4,106.3,113.4,107.9,4.0,0.0,1.0,0.09,0.0,0.0,0.29,-2.09,-0.69,-1.57,-0.69,-1.33,0.36,-32.74,-2.54,-20.29,-2.54,-14.03,7.77,0.0,71.0,15.0,0.0,71.0,23.0,21.67,22.03,21.91,21.67,22.03,0.17,0.0,0.37,0.24,0.0,0.02,0.17,0.69,2.09,1.57,0.69,1.33,0.63,0.36,1.77969302,0,0,0,Slow,111,3020,0.0,0.0,0.0,0,0.0,0.0,0,115.5,17,-5.630630631,0.0,0.0,0.0,T,2.3504325,3.7726124999999993,SectorTime outside section-specific IQR limits
P063,"Laguna_Seca, Laguna_Seca",", McLaren 720S GT3","8/26/2023, ",Lap 1,103.504,Turn 9,4.335457,1.94,1.24,1.09,1.11,0.26,0.01,0.86,0.44,0.74,0.38,0.19,13.29,71.13,36.51,29.88,28.2,13.71,0.0,50.0,15.0,46.0,0.0,18.0,110.2,135.1,120.5,134.6,135.1,7.3,0.0,1.0,0.34,0.0,0.0,0.47,-3.75,0.03,-1.62,-1.47,-1.27,0.93,-45.28,-10.85,-21.35,-22.78,-20.27,7.03,5.0,100.0,62.0,8.0,100.0,35.0,20.02,21.15,20.46,20.02,21.15,0.41,0.0,1.13,0.44,0.0,0.22,0.41,0.0,3.75,1.62,1.47,1.27,-0.2,0.93,0.10847177,0,0,1,Fast,111,3020,0.0,0.0,0.0,0,0.0,0.0,0,256.5,12,-0.225225225,0.0,0.0,0.0,T,2.3504325,3.7726124999999993,SectorTime outside section-specific IQR limits
P062,"Laguna_Seca, Laguna_Seca",", McLaren 720S GT3","8/26/2023, ",Lap 2,124.979,Turn 9,4.255272,1.08,0.82,0.45,0.44,0.16,0.0,0.6,0.16,0.19,0.01,0.2,10.81,43.64,33.59,13.14,10.81,7.68,0.0,29.0,6.0,7.0,0.0,11.0,87.9,112.2,93.8,112.2,87.9,6.3,0.0,1.0,0.04,0.0,0.0,0.18,-2.15,0.04,-1.22,-0.61,0.04,0.41,-24.2,-6.6,-17.79,-7.56,-6.6,4.04,0.0,29.0,13.0,7.0,29.0,9.0,10.98,11.13,11.02,10.98,11.13,0.06,0.0,0.15,0.03,0.0,0.01,0.06,0.0,2.15,1.22,0.61,0.0,-0.61,0.41,1.540899483,0,1,0,Slow,111,3020,0.0,0.0,0.0,0,0.0,0.0,0,105.0,19,-0.225225225,0.0,0.0,0.0,T,2.3504325,3.7726124999999993,SectorTime outside section-specific IQR limits
P062,"Laguna_Seca, Laguna_Seca",", McLaren 720S GT3","8/26/2023, ",Lap 3,120.492,Turn 9,4.527923,1.29,0.73,0.39,0.31,0.35,0.01,0.69,0.23,0.65,0.38,0.19,7.01,64.64,36.44,11.13,8.8,18.99,0.0,35.0,5.0,33.0,0.0,11.0,82.3,100.7,88.5,99.3,100.7,5.3,0.0,1.0,0.37,0.0,0.0,0.48,-2.81,-0.02,-1.5,-0.3,-0.26,0.86,-31.32,-4.22,-16.74,-8.53,-4.66,8.57,0.0,69.0,30.0,0.0,69.0,21.0,14.88,16.57,15.56,14.88,16.57,0.71,0.0,1.68,0.67,0.0,1.14,0.71,0.02,2.81,1.5,0.3,0.26,-0.05,0.86,1.241607136,0,1,0,Slow,111,3020,218.0,7.51,-430.0523513,218,0.0,0.0,0,166.0,18,1.576576594,0.0,0.0,0.0,T,2.3504325,3.7726124999999993,SectorTime outside section-specific IQR limits
P062,"Laguna_Seca, Laguna_Seca",", McLaren 720S GT3","8/26/2023, ",Lap 4,106.077,Turn 9,4.163624,1.49,0.85,0.25,0.58,0.33,0.0,0.71,0.28,0.02,0.45,0.18,8.96,60.18,37.9,8.98,20.89,13.85,0.0,37.0,7.0,0.0,0.0,12.0,85.9,108.8,96.3,102.8,108.8,6.6,0.0,1.0,0.36,0.0,0.0,0.48,-2.78,-0.34,-1.58,-0.34,-0.96,0.66,-33.43,-4.74,-18.41,-5.19,-11.04,8.14,0.0,81.0,41.0,14.0,81.0,27.0,15.82,17.33,16.44,15.82,17.33,0.5,0.0,1.52,0.61,0.0,0.04,0.5,0.34,2.78,1.58,0.34,0.96,0.62,0.66,0.280096287,0,0,0,Slow,111,3020,0.0,0.0,0.0,0,0.0,0.0,0,207.5,19,-2.027027027,0.0,0.0,0.0,T,2.3504325,3.7726124999999993,SectorTime outside section-specific IQR limits
P062,"Laguna_Seca, Laguna_Seca",", McLaren 720S GT3","8/26/2023, ",Lap 5,120.317,Turn 9,4.106855,1.37,0.88,0.06,0.47,0.34,0.0,0.64,0.27,0.47,0.24,0.23,5.66,59.88,36.22,5.66,20.09,15.81,0.0,32.0,10.0,21.0,0.0,13.0,91.7,123.5,98.9,123.5,97.6,9.2,0.0,1.0,0.24,0.0,0.0,0.43,-2.56,-0.4,-1.42,-0.4,-0.88,0.63,-30.18,-2.24,-18.82,-2.24,-9.09,7.83,0.0,53.0,18.0,0.0,53.0,17.0,18.33,19.32,18.65,18.33,19.32,0.41,0.0,0.98,0.31,0.0,0.15,0.41,0.4,2.56,1.42,0.4,0.88,0.48,0.63,1.229934268,0,0,0,Slow,111,3020,0.0,0.0,0.0,0,0.0,0.0,0,119.5,19,-5.630630631,0.0,0.0,0.0,T,2.3504325,3.7726124999999993,SectorTime outside section-specific IQR limits
P062,"Laguna_Seca, Laguna_Seca",", McLaren 720S GT3","8/26/2023, ",Lap 6,111.177,Turn 9,4.041777,1.26,0.92,0.3,0.7,0.28,0.01,0.22,0.08,0.06,0.22,0.05,9.9,49.31,37.06,9.9,17.96,10.48,0.0,0.0,0.0,0.0,0.0,0.0,97.0,103.9,99.1,97.0,103.9,1.8,0.0,1.0,0.24,0.0,0.0,0.43,-2.35,-0.34,-1.56,-0.34,-0.43,0.49,-28.55,-4.93,-19.03,-4.93,-11.69,5.87,12.0,53.0,28.0,23.0,53.0,12.0,16.52,17.5,16.73,16.52,17.5,0.35,0.0,0.98,0.21,0.0,0.81,0.35,0.34,2.35,1.56,0.34,0.43,0.09,0.49,0.620277025,0,0,0,Slow,111,3020,0.0,0.0,0.0,0,0.0,0.0,0,111.0,23,-2.252252252,0.0,0.0,0.0,T,2.3504325,3.7726124999999993,SectorTime outside section-specific IQR limits
P057,"Laguna_Seca, Laguna_Seca",", McLaren 720S GT3","8/26/2023, ",Lap 3,108.729,Turn 9,6.385079,1.34,0.76,0.31,0.17,0.34,0.19,0.45,0.3,0.2,0.44,0.08,4.68,62.58,40.64,27.72,4.68,17.42,0.0,0.0,0.0,0.0,0.0,0.0,72.1,117.1,92.4,72.1,117.1,12.3,0.0,1.0,0.58,0.0,0.0,0.49,-2.84,-0.19,-1.86,-1.28,-0.19,0.81,-31.08,-2.86,-17.2,-9.58,-2.86,7.93,33.0,80.0,57.0,33.0,80.0,14.0,28.87,31.4,30.27,28.87,31.4,0.99,0.0,2.53,1.41,1.38,0.0,0.99,0.19,2.84,1.86,1.28,0.19,-1.09,0.81,0.456990271,0,1,0,Slow,111,3020,0.0,0.0,0.0,0,0.0,0.0,0,122.8333333,9,8.033033113,0.0,0.0,0.0,T,2.3504325,3.7726124999999993,SectorTime outside section-specific IQR limits
P048,"Laguna_Seca, Laguna_Seca",", McLaren 720S GT3","8/26/2023, ",Lap 4,125.762,Turn 9,14.446124,1.89,1.08,0.29,0.77,0.5,0.06,0.71,0.42,0.7,0.36,0.18,15.05,79.96,45.38,26.57,20.5,17.92,0.0,0.0,0.0,0.0,0.0,0.0,75.0,127.7,104.0,75.0,127.7,13.6,0.0,1.0,0.56,0.0,0.0,0.5,-4.03,-0.87,-2.26,-1.29,-1.02,0.94,-41.17,-5.92,-21.14,-9.0,-12.49,9.39,26.0,100.0,80.0,83.0,100.0,20.0,24.07,26.25,25.16,24.07,26.25,0.83,0.0,2.18,1.09,0.0,0.0,0.83,0.87,4.03,2.26,1.29,1.02,-0.27,0.94,1.593127232,0,0,0,Slow,111,3020,0.0,0.0,0.0,0,0.0,0.0,0,174.5,10,3.378378378,0.0,0.0,0.0,T,2.3504325,3.7726124999999993,SectorTime outside section-specific IQR limits
P045,"Laguna_Seca, Laguna_Seca",", McLaren 720S GT3","8/26/2023, ",Lap 4,103.384,Turn 9,3.96324,2.13,0.92,0.19,1.11,0.43,0.01,0.58,0.24,0.57,0.48,0.18,0.26,71.87,38.17,18.48,28.68,16.93,0.0,0.0,0.0,0.0,0.0,0.0,90.2,113.5,101.5,90.2,113.5,4.6,0.0,1.0,0.47,0.0,0.0,0.5,-3.5,1.09,-1.74,-1.16,-0.93,1.16,-53.11,1.97,-19.18,-4.97,-18.47,10.54,0.0,100.0,44.0,75.0,100.0,27.0,24.65,26.53,25.67,24.65,26.53,0.53,0.0,1.88,1.02,0.0,0.42,0.53,0.0,3.5,1.79,1.16,0.93,-0.23,1.07,0.100467517,0,0,1,Fast,111,3020,0.0,0.0,0.0,0,0.0,0.0,2,288.5,15,-2.252252252,0.0,0.0,0.0,T,2.3504325,3.7726124999999993,SectorTime outside section-specific IQR limits
P042,"Laguna_Seca, Laguna_Seca",", McLaren 720S GT3","8/25/2023, ",Lap 4,94.587,Turn 9,3.95012,2.3,1.57,0.99,0.79,0.34,0.01,0.47,0.28,0.42,0.43,0.15,10.15,86.29,54.3,33.91,13.98,18.86,0.0,44.0,5.0,0.0,0.0,12.0,131.1,144.5,135.4,132.3,144.5,3.5,0.0,1.0,0.85,0.99,0.0,0.36,-5.38,-0.23,-3.26,-2.12,-0.64,1.33,-38.6,-7.22,-23.78,-13.12,-7.22,7.1,13.0,100.0,73.0,100.0,100.0,35.0,26.68,29.23,28.07,26.68,29.23,0.82,0.02,2.57,1.4,0.03,2.29,0.81,0.23,5.38,3.26,2.12,0.64,-1.48,1.33,-0.486310904,0,0,1,Fast,111,3020,0.0,0.0,0.0,0,0.0,0.0,0,269.0,16,5.630630631,0.0,0.0,0.0,T,2.3504325,3.7726124999999993,SectorTime outside section-specific IQR limits
P033,"Laguna_Seca, Laguna_Seca",", McLaren 720S GT3","8/25/2023, ",Lap 1,126.422,Turn 9,4.447071,1.33,0.76,0.04,0.19,0.42,0.0,0.63,0.06,0.05,0.63,0.09,1.96,54.18,33.49,2.3,7.21,17.55,0.0,0.0,0.0,0.0,0.0,0.0,90.6,95.3,92.3,94.8,95.3,1.5,0.0,1.0,0.1,0.0,0.0,0.3,-2.24,-0.09,-1.28,-0.11,-0.32,0.63,-30.48,-0.9,-17.05,-0.9,-3.24,9.6,7.0,85.0,21.0,13.0,85.0,12.0,20.92,21.35,21.19,20.92,21.35,0.2,0.0,0.43,0.27,0.0,0.31,0.2,0.09,2.24,1.28,0.11,0.32,0.21,0.63,1.637150621,0,0,0,Slow,111,3020,0.0,0.0,0.0,0,0.0,0.0,0,123.0,10,-1.651651675,0.0,0.0,0.0,T,2.3504325,3.7726124999999993,SectorTime outside section-specific IQR limits
P031,"Laguna_Seca, Laguna_Seca",", McLaren 720S GT3","8/25/2023, ",Lap 1,124.577,Turn 9,12.778087,1.97,1.27,0.36,1.16,0.42,0.01,0.81,0.42,0.79,0.43,0.19,16.89,48.49,36.71,16.89,33.97,6.87,0.0,32.0,2.0,0.0,0.0,7.0,103.6,134.6,119.5,103.6,134.6,6.7,0.0,1.0,0.26,0.0,0.0,0.44,-2.72,-0.8,-1.62,-0.87,-1.8,0.52,-39.12,-7.7,-22.22,-8.08,-19.48,7.41,0.0,100.0,77.0,100.0,100.0,38.0,22.28,23.18,22.69,22.28,23.18,0.25,0.0,0.9,0.4,0.0,0.6,0.25,0.8,2.72,1.62,0.87,1.8,0.93,0.52,1.514085237,0,0,0,Slow,111,3020,0.0,0.0,0.0,0,0.0,0.0,0,147.0,16,-3.378378378,0.0,0.0,0.0,T,2.3504325,3.7726124999999993,SectorTime outside section-specific IQR limits
P031,"Laguna_Seca, Laguna_Seca",", McLaren 720S GT3","8/25/2023, ",Lap 3,108.192,Turn 9,4.305507,1.86,1.26,0.67,0.77,0.37,0.0,1.34,0.52,0.8,0.51,0.29,12.17,64.29,40.97,26.08,26.12,14.14,0.0,88.0,21.0,33.0,0.0,30.0,106.3,147.8,119.4,147.8,127.7,10.7,0.0,1.0,0.42,0.0,0.0,0.5,-3.19,-0.47,-1.93,-1.7,-1.43,0.65,-34.42,-8.59,-22.06,-13.78,-13.21,7.09,0.0,97.0,44.0,28.0,96.0,45.0,16.87,18.32,17.64,16.87,18.32,0.55,0.0,1.45,0.77,0.0,0.65,0.55,0.47,3.19,1.93,1.7,1.43,-0.27,0.65,0.42117124,0,1,0,Slow,111,3020,0.0,0.0,0.0,0,0.0,0.0,0,195.0,12,-1.801801802,0.0,0.0,0.0,T,2.3504325,3.7726124999999993,SectorTime outside section-specific IQR limits
P031,"Laguna_Seca, Laguna_Seca",", McLaren 720S GT3","8/25/2023, ",Lap 4,108.134,Turn 9,5.389979,3.68,1.29,0.86,1.13,0.51,0.02,0.71,0.3,0.15,0.12,0.17,9.49,56.18,34.87,32.65,38.82,10.84,0.0,34.0,6.0,3.0,0.0,10.0,117.2,140.3,125.8,140.1,129.5,6.5,0.0,1.0,0.3,1.0,1.0,0.46,-3.36,-0.19,-1.56,-2.11,-2.34,0.87,-57.94,-2.17,-22.17,-15.54,-32.27,9.17,0.0,94.0,34.0,61.0,63.0,41.0,17.82,18.76,18.13,17.82,18.76,0.21,0.02,0.93,0.31,0.04,0.11,0.21,0.19,3.36,1.56,2.11,2.34,0.23,0.87,0.417302518,0,0,0,Slow,111,3020,0.0,0.0,0.0,0,0.0,0.0,0,293.0,15,-2.477477477,0.0,0.0,0.0,T,2.3504325,3.7726124999999993,SectorTime outside section-specific IQR limits
P022,"Laguna_Seca, Laguna_Seca",", McLaren 720S GT3","8/25/2023, ",Lap 1,106.717,Turn 9,5.407745,1.77,1.21,0.88,1.54,0.3,0.07,1.0,0.51,0.48,0.14,0.13,30.78,60.65,45.0,40.89,60.65,6.64,0.0,0.0,0.0,0.0,0.0,0.0,82.3,140.9,115.0,82.3,140.6,17.3,0.0,1.0,0.67,0.0,1.0,0.47,-3.78,-1.27,-2.35,-1.37,-3.78,0.6,-35.01,-13.64,-22.02,-20.56,-24.35,4.44,86.0,100.0,100.0,86.0,100.0,2.0,23.32,25.71,24.3,23.32,25.71,0.69,0.0,2.38,0.98,0.28,1.12,0.69,1.27,3.78,2.35,1.37,3.78,2.41,0.6,0.322785635,0,0,0,Slow,111,3020,0.0,0.0,0.0,0,0.0,0.0,0,178.0,15,-6.231231226,0.0,0.0,0.0,T,2.3504325,3.7726124999999993,SectorTime outside section-specific IQR limits
P020,"Laguna_Seca, Laguna_Seca",", McLaren 720S GT3","8/24/2023, ",Lap 6,104.002,Turn 9,4.030218,1.55,0.88,0.1,0.42,0.4,0.01,0.41,0.13,0.13,0.16,0.06,5.08,64.86,35.72,5.08,18.74,15.14,0.0,0.0,0.0,0.0,0.0,0.0,96.2,107.5,100.3,103.8,107.5,3.2,0.0,1.0,0.2,0.0,0.0,0.4,-3.28,-0.3,-1.52,-0.3,-0.96,0.74,-34.94,-1.81,-18.14,-1.81,-7.32,8.69,0.0,49.0,25.0,0.0,43.0,18.0,20.2,21.02,20.86,20.2,21.02,0.28,0.0,0.82,0.66,0.0,0.24,0.28,0.3,3.28,1.52,0.3,0.96,0.66,0.74,0.141689419,0,0,1,Fast,111,3020,0.0,0.0,0.0,0,0.0,0.0,0,144.0,16,-3.828828829,0.0,0.0,0.0,T,2.3504325,3.7726124999999993,SectorTime outside section-specific IQR limits
P018,"Laguna_Seca, Laguna_Seca",", McLaren 720S GT3","8/24/2023, ",Lap 3,98.417,Turn 9,3.961926,1.91,1.19,0.31,0.6,0.43,0.02,0.65,0.21,0.09,0.61,0.19,11.57,62.03,39.47,11.57,17.8,14.37,0.0,0.0,0.0,0.0,0.0,0.0,110.7,129.3,114.5,115.3,129.3,4.4,0.0,1.0,0.35,0.0,0.0,0.48,-2.82,-0.64,-1.8,-0.64,-0.92,0.66,-37.4,-5.49,-21.56,-5.87,-9.94,8.35,0.0,100.0,43.0,0.0,100.0,38.0,25.12,26.35,25.59,25.12,26.35,0.52,0.0,1.23,0.47,0.45,0.3,0.52,0.64,2.82,1.8,0.64,0.92,0.29,0.66,-0.23084184,0,1,1,Fast,111,3020,0.0,0.0,0.0,0,0.0,0.0,0,114.0,13,0.0,0.0,0.0,0.0,T,2.3504325,3.7726124999999993,SectorTime outside section-specific IQR limits
P018,"Laguna_Seca, Laguna_Seca",", McLaren 720S GT3","8/24/2023, ",Lap 6,110.837,Turn 9,12.117437,1.76,0.95,0.43,0.47,0.39,0.02,0.78,0.42,0.7,0.21,0.25,7.45,73.98,43.39,38.93,7.45,13.42,0.0,0.0,0.0,0.0,0.0,0.0,64.8,121.1,95.2,64.8,121.1,13.2,0.0,1.0,0.48,0.0,0.0,0.5,-3.21,-0.15,-1.95,-1.62,-0.16,0.63,-42.42,-4.39,-20.27,-13.83,-4.39,8.12,0.0,100.0,67.0,92.0,100.0,35.0,30.93,33.0,31.92,30.93,33.0,0.75,0.0,2.07,0.99,1.75,1.02,0.75,0.15,3.21,1.95,1.62,0.16,-1.47,0.63,0.597598309,0,0,0,Slow,111,3020,0.0,0.0,0.0,0,0.0,0.0,0,147.6666667,8,8.93393398,0.0,0.0,0.0,T,2.3504325,3.7726124999999993,SectorTime outside section-specific IQR limits
P017,"Laguna_Seca, Laguna_Seca",", McLaren 720S GT3","24/08/2023, ",Lap 5,118.059,Turn 9,4.037,1.81,1.01,0.09,0.83,0.45,0.0,0.41,0.16,0.0,0.39,0.13,4.21,65.17,38.48,4.21,30.66,14.74,0.0,0.0,0.0,0.0,0.0,0.0,100.7,114.5,105.6,108.8,114.5,3.4,0.0,1.0,0.29,0.0,0.0,0.46,-2.81,-0.24,-1.68,-0.24,-1.6,0.6,-39.87,-2.12,-19.95,-2.12,-15.47,8.98,0.0,96.0,32.0,17.0,96.0,36.0,22.68,23.8,23.23,22.68,23.8,0.46,0.0,1.12,0.55,0.0,0.73,0.46,0.24,2.81,1.68,0.24,1.6,1.36,0.6,1.079320914,0,0,0,Slow,111,3020,0.0,0.0,0.0,0,0.0,0.0,0,154.0,15,-7.882882883,0.0,0.0,0.0,T,2.3504325,3.7726124999999993,SectorTime outside section-specific IQR limits
P010,"Laguna_Seca, Laguna_Seca",", McLaren 720S GT3","24/08/2023, ",Lap 2,128.422,Turn 9,4.035,1.77,0.84,0.81,0.12,0.53,0.03,1.15,0.35,0.99,0.4,0.19,0.04,82.51,40.62,47.34,5.08,28.67,0.0,94.0,4.0,94.0,0.0,16.0,83.0,122.4,99.9,89.5,122.4,10.9,0.0,1.0,0.54,1.0,0.0,0.5,-4.25,0.65,-1.83,-2.4,-0.31,1.54,-38.28,2.39,-17.42,-18.43,1.81,13.08,0.0,100.0,82.0,0.0,100.0,27.0,20.09,22.25,21.59,20.09,22.25,0.72,0.02,2.15,1.5,0.0,1.41,0.72,0.0,4.25,1.89,2.4,0.31,-2.09,1.46,1.770554832,0,1,0,Slow,111,3020,0.0,0.0,0.0,0,0.0,0.0,3,213.5,16,13.8888889,0.0,0.0,0.0,T,2.3504325,3.7726124999999993,SectorTime outside section-specific IQR limits
P009,"Laguna_Seca, Laguna_Seca",", McLaren 720S GT3","24/08/2023, ",Lap 5,128.887,Turn 9,3.97,1.96,0.99,0.11,0.89,0.62,0.02,1.14,0.35,1.13,0.22,0.25,0.02,107.34,54.28,1.61,36.61,34.69,5.0,60.0,20.0,60.0,6.0,17.0,91.0,126.1,102.5,126.1,103.8,10.8,0.0,1.0,0.52,0.0,0.0,0.5,-6.2,2.07,-2.53,0.07,-1.78,2.29,-47.48,24.54,-18.36,1.66,24.54,18.53,11.0,89.0,60.0,11.0,85.0,30.0,21.0,23.07,21.92,21.0,23.07,0.78,0.0,2.07,0.91,0.0,0.59,0.78,0.0,6.2,2.68,0.0,1.78,1.78,2.07,1.801571311,0,0,0,Slow,111,3020,0.0,0.0,0.0,0,0.0,0.0,4,412.0,16,2.252252252,5.5,0.16,0.08,T,2.3504325,3.7726124999999993,SectorTime outside section-specific IQR limits
P005,"Laguna_Seca, Laguna_Seca",", McLaren 720S GT3","24/08/2023, ",Lap 2,131.769,Turn 9,14.021,2.02,1.14,0.55,0.19,0.49,0.0,0.71,0.37,0.4,0.58,0.21,2.84,76.0,37.51,19.48,2.84,22.63,0.0,40.0,8.0,20.0,0.0,13.0,107.4,130.3,115.2,130.2,130.3,7.1,0.0,1.0,0.36,0.0,0.0,0.48,-3.81,-0.04,-1.64,-1.14,-0.04,1.2,-41.76,-2.53,-20.63,-11.79,-2.92,10.35,0.0,98.0,48.0,0.0,96.0,39.0,22.15,23.43,22.78,22.15,23.43,0.56,0.0,1.28,0.62,0.0,0.2,0.56,0.04,3.81,1.64,1.14,0.04,-1.1,1.2,1.993806779,0,1,0,Slow,111,3020,0.0,0.0,0.0,0,0.0,0.0,0,157.0,11,6.756756757,0.0,0.0,0.0,T,2.3504325,3.7726124999999993,SectorTime outside section-specific IQR limits
P005,"Laguna_Seca, Laguna_Seca",", McLaren 720S GT3","24/08/2023, ",Lap 3,111.009,Turn 9,9.712,2.13,1.23,0.32,0.15,0.55,0.0,0.5,0.16,0.08,0.48,0.14,0.07,114.68,60.48,17.63,29.08,38.7,0.0,0.0,0.0,0.0,0.0,0.0,111.6,123.2,114.3,112.5,123.2,2.6,0.0,1.0,0.6,0.0,0.0,0.49,-7.91,2.52,-3.43,-1.13,-0.36,3.05,-46.22,12.5,-21.98,-6.42,12.5,12.34,2.0,100.0,54.0,5.0,100.0,35.0,25.68,27.83,26.58,25.68,27.83,0.8,0.0,2.15,0.89,0.0,1.64,0.8,0.0,7.91,3.58,1.13,0.36,-0.76,2.82,0.609071071,0,1,0,Slow,111,3020,0.0,0.0,0.0,0,0.0,0.0,1,278.0,9,14.63963964,0.0,0.0,0.0,T,2.3504325,3.7726124999999993,SectorTime outside section-specific IQR limits
P005,"Laguna_Seca, Laguna_Seca",", McLaren 720S GT3","24/08/2023, ",Lap 4,103.027,Turn 9,10.267,2.07,1.47,0.79,0.12,0.4,0.0,0.49,0.25,0.21,0.48,0.11,0.81,108.74,68.49,27.49,34.17,32.36,0.0,7.0,0.0,7.0,0.0,1.0,117.9,137.2,124.8,119.1,137.2,5.6,0.0,1.0,0.81,0.0,0.0,0.39,-7.56,2.49,-4.14,-1.41,-0.56,2.89,-41.06,13.35,-23.84,-15.41,13.35,9.87,0.0,100.0,76.0,0.0,100.0,31.0,25.2,27.83,26.6,25.2,27.83,0.88,0.0,2.63,1.38,0.0,0.0,0.88,0.0,7.56,4.29,1.41,0.56,-0.85,2.62,0.076654866,0,0,1,Fast,111,3020,0.0,0.0,0.0,0,0.0,0.0,1,235.0,5,20.94594595,0.0,0.0,0.0,T,2.3504325,3.7726124999999993,SectorTime outside section-specific IQR limits
