PID,Lap,Sector,actual_time_loss,xgboost_prediction,baseline_prediction,xgboost_absolute_error,baseline_absolute_error
P134,Lap 2,Str 0-1 (End),1.96132,2.1474173,1.1348935473972603,0.18609730690002446,0.8264264526027396
P134,Lap 3,Str 0-1 (End),1.62632,1.6935319,1.1348935473972603,0.06721187084197999,0.49142645260273965
P134,Lap 4,Str 0-1 (End),1.84132,1.9617298,1.1348935473972603,0.12040976493835442,0.7064264526027397
P134,Lap 5,Str 0-1 (End),1.82332,1.946187,1.1348935473972603,0.12286701934814448,0.6884264526027397
P134,Lap 6,Str 0-1 (End),1.26232,1.3559579,1.1348935473972603,0.09363786571502675,0.12742645260273977
P134,Lap 7,Str 0-1 (End),1.53232,1.6151556,1.1348935473972603,0.08283557765960703,0.39742645260273957
P134,Lap 8,Str 0-1 (End),1.55432,1.4997354,1.1348935473972603,0.05458464462280266,0.4194264526027396
P134,Lap 9,Str 0-1 (End),1.60332,1.5519445,1.1348935473972603,0.051375505752563555,0.46842645260273974
P134,Lap 10,Str 0-1 (End),1.60232,1.6393937,1.1348935473972603,0.037073687248230014,0.46742645260273963
P134,Lap 11,Str 0-1 (End),1.42032,1.469942,1.1348935473972603,0.049621973686218235,0.2854264526027397
P129,Lap 2,Str 0-1 (End),2.64332,2.8559222,1.1348935473972603,0.21260222213745106,1.5084264526027398
P129,Lap 3,Str 0-1 (End),3.06832,3.095982,1.1348935473972603,0.027662074737548892,1.9334264526027396
P129,Lap 4,Str 0-1 (End),2.33432,2.7903774,1.1348935473972603,0.45605737846374517,1.1994264526027396
P129,Lap 5,Str 0-1 (End),2.67732,2.472012,1.1348935473972603,0.20530795700073234,1.5424264526027396
P129,Lap 6,Str 0-1 (End),1.75032,1.8383845,1.1348935473972603,0.08806450908660879,0.6154264526027398
P129,Lap 7,Str 0-1 (End),1.98332,1.9284247,1.1348935473972603,0.0548952840042114,0.8484264526027396
P129,Lap 8,Str 0-1 (End),1.92632,2.2139564,1.1348935473972603,0.28763635604858395,0.7914264526027397
P129,Lap 9,Str 0-1 (End),1.70732,1.7654442,1.1348935473972603,0.058124159507751516,0.5724264526027396
P129,Lap 10,Str 0-1 (End),1.34532,1.351452,1.1348935473972603,0.0061319929885863544,0.21042645260273973
P123,Lap 2,Str 0-1 (End),1.63832,1.4873661,1.1348935473972603,0.15095391971588135,0.5034264526027397
P123,Lap 3,Str 0-1 (End),1.53332,1.5709118,1.1348935473972603,0.03759176509857176,0.3984264526027397
P123,Lap 4,Str 0-1 (End),1.27332,1.2506506,1.1348935473972603,0.022669355697631843,0.13842645260273967
P123,Lap 5,Str 0-1 (End),1.30232,1.4010481,1.1348935473972603,0.09872806423187264,0.16742645260273958
P123,Lap 6,Str 0-1 (End),0.97232,1.0474129,1.1348935473972603,0.07509287231445316,0.16257354739726038
P123,Lap 7,Str 0-1 (End),1.14232,1.2080541,1.1348935473972603,0.0657340657043457,0.007426452602739664
P123,Lap 8,Str 0-1 (End),1.26532,1.2730645,1.1348935473972603,0.007744494132995605,0.13042645260273966
P123,Lap 9,Str 0-1 (End),1.34132,1.4044935,1.1348935473972603,0.06317345111846917,0.20642645260273973
P123,Lap 10,Str 0-1 (End),1.22332,1.3120003,1.1348935473972603,0.08868027465820316,0.08842645260273962
P123,Lap 11,Str 0-1 (End),1.17332,1.2476763,1.1348935473972603,0.0743562533187867,0.03842645260273958
P123,Lap 12,Str 0-1 (End),1.27732,1.3647822,1.1348935473972603,0.08746221416473388,0.14242645260273967
P120,Lap 2,Str 0-1 (End),1.91732,2.0023792,1.1348935473972603,0.08505917900085458,0.7824264526027396
P120,Lap 3,Str 0-1 (End),2.00432,2.5383065,1.1348935473972603,0.5339864746856691,0.8694264526027395
P120,Lap 4,Str 0-1 (End),1.28532,1.2423139,1.1348935473972603,0.04300613815307619,0.15042645260273968
P120,Lap 5,Str 0-1 (End),1.17632,1.1120667,1.1348935473972603,0.06425325424194339,0.041426452602739694
P120,Lap 6,Str 0-1 (End),1.25132,1.2211661,1.1348935473972603,0.030153866119384753,0.11642645260273965
P120,Lap 7,Str 0-1 (End),1.20432,1.2849165,1.1348935473972603,0.08059652011871332,0.06942645260273972
P120,Lap 8,Str 0-1 (End),1.16832,1.2383472,1.1348935473972603,0.07002717273712156,0.03342645260273969
P120,Lap 9,Str 0-1 (End),1.26232,1.2723664,1.1348935473972603,0.010046404533386122,0.12742645260273977
P120,Lap 10,Str 0-1 (End),1.17632,1.2339892,1.1348935473972603,0.05766923873901364,0.041426452602739694
P120,Lap 11,Str 0-1 (End),1.36632,1.3615376,1.1348935473972603,0.004782424278259256,0.23142645260273964
P120,Lap 12,Str 0-1 (End),1.15332,1.2159059,1.1348935473972603,0.06258590476989756,0.018426452602739563
P113,Lap 2,Str 0-1 (End),1.49932,1.547207,1.1348935473972603,0.04788699787139894,0.36442645260273965
P113,Lap 3,Str 0-1 (End),1.13032,1.1908169,1.1348935473972603,0.060496879272460946,0.004573547397260347
P113,Lap 4,Str 0-1 (End),0.85132,1.0169632,1.1348935473972603,0.1656432434844971,0.2835735473972604
P113,Lap 5,Str 0-1 (End),1.08532,1.0738753,1.1348935473972603,0.011444691963195863,0.049573547397260276
P113,Lap 6,Str 0-1 (End),0.93532,1.0013548,1.1348935473972603,0.06603481357574459,0.1995735473972603
P113,Lap 7,Str 0-1 (End),0.98732,1.0524331,1.1348935473972603,0.0651131331253052,0.14757354739726036
P113,Lap 8,Str 0-1 (End),0.98132,1.0489651,1.1348935473972603,0.06764509647369388,0.15357354739726037
P113,Lap 9,Str 0-1 (End),0.96732,1.0438993,1.1348935473972603,0.07657929771423344,0.16757354739726038
P113,Lap 10,Str 0-1 (End),0.96832,1.0459359,1.1348935473972603,0.07761586921691899,0.16657354739726038
P113,Lap 11,Str 0-1 (End),1.01132,1.0625584,1.1348935473972603,0.051238412551879886,0.12357354739726034
P113,Lap 12,Str 0-1 (End),1.43132,1.2403983,1.1348935473972603,0.1909217122268676,0.2964264526027396
P107,Lap 2,Str 0-1 (End),2.20432,2.1441007,1.1348935473972603,0.06021933395385748,1.0694264526027397
P107,Lap 3,Str 0-1 (End),1.85032,1.875695,1.1348935473972603,0.02537499015808109,0.7154264526027396
P107,Lap 4,Str 0-1 (End),1.39132,1.3318765,1.1348935473972603,0.059443483657836804,0.25642645260273955
P107,Lap 5,Str 0-1 (End),1.44832,1.3573717,1.1348935473972603,0.09094831211090093,0.3134264526027397
P107,Lap 6,Str 0-1 (End),1.66532,1.5394676,1.1348935473972603,0.12585242683410636,0.5304264526027396
P107,Lap 7,Str 0-1 (End),1.23232,1.217511,1.1348935473972603,0.014808942146301352,0.09742645260273974
P107,Lap 8,Str 0-1 (End),1.14032,1.0955753,1.1348935473972603,0.04474466735839844,0.005426452602739662
P107,Lap 9,Str 0-1 (End),1.35432,1.3531163,1.1348935473972603,0.0012037261199950855,0.21942645260273963
P107,Lap 10,Str 0-1 (End),1.18032,1.2199203,1.1348935473972603,0.039600277595519984,0.0454264526027397
P107,Lap 11,Str 0-1 (End),1.35132,1.2331312,1.1348935473972603,0.11818882972717293,0.21642645260273974
P105,Lap 2,Str 0-1 (End),1.71732,1.752309,1.1348935473972603,0.034988964729309124,0.5824264526027396
P105,Lap 3,Str 0-1 (End),0.81132,1.1522517,1.1348935473972603,0.34093172042846676,0.3235735473972603
P105,Lap 4,Str 0-1 (End),1.29932,1.3583475,1.1348935473972603,0.059027535133361786,0.1644264526027397
P105,Lap 5,Str 0-1 (End),1.02332,1.1182466,1.1348935473972603,0.09492655532836913,0.11157354739726033
P105,Lap 6,Str 0-1 (End),0.88632,0.99547493,1.1348935473972603,0.1091549345779419,0.24857354739726034
P105,Lap 7,Str 0-1 (End),0.85432,1.0208005,1.1348935473972603,0.1664804713058472,0.28057354739726037
P105,Lap 8,Str 0-1 (End),1.00432,1.0793278,1.1348935473972603,0.07500782173156728,0.13057354739726024
P105,Lap 9,Str 0-1 (End),1.46632,1.5361224,1.1348935473972603,0.06980244129180901,0.33142645260273973
P105,Lap 10,Str 0-1 (End),1.15032,1.2698504,1.1348935473972603,0.11953037326812743,0.015426452602739671
P105,Lap 11,Str 0-1 (End),0.94432,0.99547493,1.1348935473972603,0.051154934577941846,0.1905735473972603
P105,Lap 12,Str 0-1 (End),1.10132,1.0921975,1.1348935473972603,0.009122462577819901,0.03357354739726026
P104,Lap 2,Str 0-1 (End),2.08032,1.9657694,1.1348935473972603,0.11455058986663813,0.9454264526027396
P104,Lap 3,Str 0-1 (End),1.65132,1.7112617,1.1348935473972603,0.059941749267578226,0.5164264526027396
P104,Lap 4,Str 0-1 (End),1.38732,2.28556,1.1348935473972603,0.8982398926544188,0.25242645260273977
P104,Lap 5,Str 0-1 (End),1.73932,1.7783368,1.1348935473972603,0.03901676338195803,0.6044264526027396
P104,Lap 6,Str 0-1 (End),1.99432,2.1387913,1.1348935473972603,0.1444713227081298,0.8594264526027398
P104,Lap 7,Str 0-1 (End),2.27732,2.1615834,1.1348935473972603,0.11573657638549806,1.1424264526027397
P104,Lap 8,Str 0-1 (End),1.53332,1.7174989,1.1348935473972603,0.18417889850616453,0.3984264526027397
P104,Lap 9,Str 0-1 (End),1.39032,1.4226727,1.1348935473972603,0.03235274856567383,0.25542645260273966
P104,Lap 10,Str 0-1 (End),1.56332,1.5059649,1.1348935473972603,0.0573551247787476,0.4284264526027397
P104,Lap 11,Str 0-1 (End),1.29032,1.3745786,1.1348935473972603,0.08425859516143808,0.15542645260273957
P103,Lap 2,Str 0-1 (End),1.69732,2.2768693,1.1348935473972603,0.579549297027588,0.5624264526027396
P103,Lap 3,Str 0-1 (End),1.76732,1.8018932,1.1348935473972603,0.034573234252929685,0.6324264526027397
P103,Lap 4,Str 0-1 (End),1.40832,1.541225,1.1348935473972603,0.13290495651245116,0.2734264526027397
P103,Lap 5,Str 0-1 (End),1.62032,1.6700066,1.1348935473972603,0.04968663280487062,0.48542645260273964
P103,Lap 6,Str 0-1 (End),1.15132,1.273001,1.1348935473972603,0.12168095558166514,0.01642645260273956
P103,Lap 7,Str 0-1 (End),1.24432,1.2994514,1.1348935473972603,0.05513135116577139,0.10942645260273975
P103,Lap 8,Str 0-1 (End),1.33132,1.4312555,1.1348935473972603,0.09993545978546137,0.19642645260273972
P103,Lap 9,Str 0-1 (End),1.12332,1.2604014,1.1348935473972603,0.13708136814117422,0.011573547397260242
P103,Lap 10,Str 0-1 (End),0.94932,1.0788648,1.1348935473972603,0.1295448128509521,0.18557354739726029
P103,Lap 11,Str 0-1 (End),1.44932,1.4079647,1.1348935473972603,0.041355293579101504,0.3144264526027396
P090,Lap 2,Str 0-1 (End),1.65032,1.6405894,1.1348935473972603,0.009730643577575693,0.5154264526027397
P090,Lap 3,Str 0-1 (End),1.64232,1.6675054,1.1348935473972603,0.02518538349151611,0.5074264526027397
P090,Lap 4,Str 0-1 (End),1.26832,1.2982891,1.1348935473972603,0.029969060592651475,0.13342645260273955
P090,Lap 5,Str 0-1 (End),1.44032,1.5300726,1.1348935473972603,0.08975256984710689,0.3054264526027397
P090,Lap 6,Str 0-1 (End),1.29332,1.402755,1.1348935473972603,0.10943502204895017,0.1584264526027397
P090,Lap 7,Str 0-1 (End),1.56232,1.4905468,1.1348935473972603,0.07177317745208733,0.4274264526027396
P090,Lap 8,Str 0-1 (End),1.29232,1.4027933,1.1348935473972603,0.11047328823089608,0.15742645260273957
P090,Lap 9,Str 0-1 (End),1.55232,1.572551,1.1348935473972603,0.020231012039184648,0.4174264526027396
P090,Lap 10,Str 0-1 (End),1.20832,1.3114866,1.1348935473972603,0.10316660182952875,0.07342645260273972
P089,Lap 2,Str 0-1 (End),2.54432,2.3560169,1.1348935473972603,0.18830312568664542,1.4094264526027396
P089,Lap 3,Str 0-1 (End),3.47232,2.9371226,1.1348935473972603,0.5351974166107176,2.3374264526027395
P089,Lap 4,Str 0-1 (End),1.86832,2.0566614,1.1348935473972603,0.18834136741638186,0.7334264526027396
P089,Lap 5,Str 0-1 (End),1.79832,1.7784345,1.1348935473972603,0.01988548500061027,0.6634264526027396
P089,Lap 6,Str 0-1 (End),1.82032,1.934856,1.1348935473972603,0.11453605716705328,0.6854264526027396
P089,Lap 8,Str 0-1 (End),2.28332,2.190453,1.1348935473972603,0.09286694747924784,1.1484264526027395
P089,Lap 9,Str 0-1 (End),1.20932,1.1915452,1.1348935473972603,0.01777475196838374,0.07442645260273961
P089,Lap 10,Str 0-1 (End),1.43632,1.4385394,1.1348935473972603,0.0022193857955932206,0.3014264526027397
P084,Lap 3,Str 0-1 (End),3.168814,0.7308096,1.1348935473972603,2.4380043710365293,2.0339204526027395
P084,Lap 4,Str 0-1 (End),2.546973,0.8732863,1.1348935473972603,1.6736866931419372,1.4120794526027396
P084,Lap 5,Str 0-1 (End),1.847446,0.39815205,1.1348935473972603,1.4492939466438293,0.7125524526027396
P084,Lap 6,Str 0-1 (End),2.8683,1.5798308,1.1348935473972603,1.288469234275818,1.7334064526027397
P083,Lap 2,Str 0-1 (End),3.13561,0.29368663,1.1348935473972603,2.841923371658325,2.0007164526027394
P083,Lap 3,Str 0-1 (End),2.190573,1.3342025,1.1348935473972603,0.8563704720001222,1.0556794526027398
P083,Lap 5,Str 0-1 (End),2.802062,1.1635348,1.1348935473972603,1.6385272395248411,1.6671684526027395
P083,Lap 6,Str 0-1 (End),2.194133,1.5058819,1.1348935473972603,0.6882510944442748,1.0592394526027396
P067,Lap 1,Str 0-1 (End),0.941861,2.0938141,1.1348935473972603,1.1519531345977785,0.1930325473972604
P067,Lap 2,Str 0-1 (End),1.89378,1.4069324,1.1348935473972603,0.48684764602661135,0.7588864526027397
P067,Lap 3,Str 0-1 (End),1.519037,1.0942879,1.1348935473972603,0.42474912768554685,0.38414345260273963
P067,Lap 5,Str 0-1 (End),1.864037,2.1194472,1.1348935473972603,0.25541023129272467,0.7291434526027396
P067,Lap 6,Str 0-1 (End),1.984224,1.7743376,1.1348935473972603,0.20988635065460204,0.8493304526027396
P059,Lap 1,Str 0-1 (End),0.453585,0.21443571,1.1348935473972603,0.23914928849697115,0.6813085473972603
P059,Lap 2,Str 0-1 (End),-0.027889,0.24922773,1.1348935473972603,0.27711673241996765,1.1627825473972604
P059,Lap 3,Str 0-1 (End),0.091671,0.2389295,1.1348935473972603,0.14725849521541595,1.0432225473972603
P059,Lap 4,Str 0-1 (End),-0.048757,0.059719406,1.1348935473972603,0.10847640606832504,1.1836505473972603
P059,Lap 5,Str 0-1 (End),0.332794,0.34039962,1.1348935473972603,0.007605622917175314,0.8020995473972603
P059,Lap 6,Str 0-1 (End),0.067659,0.23888476,1.1348935473972603,0.17122576192951203,1.0672345473972604
P049,Lap 1,Str 0-1 (End),0.227023,0.52512044,1.1348935473972603,0.2980974371452332,0.9078705473972604
P049,Lap 2,Str 0-1 (End),0.089407,0.36373174,1.1348935473972603,0.2743247419052124,1.0454865473972603
P049,Lap 3,Str 0-1 (End),0.066746,-0.0072785676,1.1348935473972603,0.07402456764569879,1.0681475473972604
P049,Lap 4,Str 0-1 (End),0.167714,0.42910096,1.1348935473972603,0.26138696049308774,0.9671795473972603
P049,Lap 5,Str 0-1 (End),0.211085,0.00041302954,1.1348935473972603,0.21067197045804,0.9238085473972604
P049,Lap 6,Str 0-1 (End),0.542761,0.106254265,1.1348935473972603,0.43650673528766637,0.5921325473972603
P048,Lap 1,Str 0-1 (End),0.567754,1.5038087,1.1348935473972603,0.9360547368011475,0.5671395473972604
P048,Lap 2,Str 0-1 (End),0.046457,0.7412107,1.1348935473972603,0.6947536990814209,1.0884365473972604
P048,Lap 3,Str 0-1 (End),1.102572,0.6415729,1.1348935473972603,0.46099910733413707,0.03232154739726023
P048,Lap 4,Str 0-1 (End),0.793356,0.75308853,1.1348935473972603,0.040267466121673534,0.3415375473972604
P048,Lap 5,Str 0-1 (End),0.175475,0.4291109,1.1348935473972603,0.25363591446876527,0.9594185473972603
P048,Lap 6,Str 0-1 (End),0.200741,0.55993426,1.1348935473972603,0.35919325846099853,0.9341525473972603
P043,Lap 2,Str 0-1 (End),1.098425,0.20830037,1.1348935473972603,0.8901246330022812,0.036468547397260354
P039,Lap 2,Str 0-1 (End),2.331261,0.44028535,1.1348935473972603,1.8909756451473236,1.1963674526027397
P039,Lap 3,Str 0-1 (End),0.243631,0.98967755,1.1348935473972603,0.7460465484085084,0.8912625473972604
P039,Lap 4,Str 0-1 (End),0.354104,0.12671857,1.1348935473972603,0.22738543417835233,0.7807895473972604
P039,Lap 5,Str 0-1 (End),1.000156,0.49247608,1.1348935473972603,0.50767992411232,0.1347375473972603
P039,Lap 6,Str 0-1 (End),1.078396,0.5779951,1.1348935473972603,0.5004008785209655,0.05649754739726043
P028,Lap 1,Str 0-1 (End),0.524414,1.0804244,1.1348935473972603,0.556010427986145,0.6104795473972603
P028,Lap 2,Str 0-1 (End),2.68748,0.88767064,1.1348935473972603,1.7998093638229369,1.5525864526027395
P028,Lap 3,Str 0-1 (End),0.40307,1.039323,1.1348935473972603,0.6362529722976684,0.7318235473972603
P028,Lap 4,Str 0-1 (End),1.18762,1.049781,1.1348935473972603,0.1378390351486205,0.05272645260273956
P028,Lap 5,Str 0-1 (End),1.199017,1.0929797,1.1348935473972603,0.10603733042907715,0.06412345260273966
P028,Lap 6,Str 0-1 (End),0.015075,0.6817869,1.1348935473972603,0.6667118947982789,1.1198185473972604
P020,Lap 2,Str 0-1 (End),2.822997,3.2272277,1.1348935473972603,0.4042306878356934,1.6881034526027396
P020,Lap 3,Str 0-1 (End),2.156203,1.2661,1.1348935473972603,0.8901029509811402,1.0213094526027398
P020,Lap 4,Str 0-1 (End),2.361384,1.8399909,1.1348935473972603,0.5213931457366945,1.2264904526027398
P020,Lap 5,Str 0-1 (End),2.115735,1.3776215,1.1348935473972603,0.7381134685134887,0.9808414526027396
P020,Lap 6,Str 0-1 (End),1.829481,1.1408485,1.1348935473972603,0.6886324825820922,0.6945874526027396
P019,Lap 1,Str 0-1 (End),0.410528,0.6051221,1.1348935473972603,0.19459408938598632,0.7243655473972603
P019,Lap 2,Str 0-1 (End),0.139867,0.42124286,1.1348935473972603,0.28137586293983463,0.9950265473972604
P019,Lap 3,Str 0-1 (End),0.105541,0.17135914,1.1348935473972603,0.06581813670063019,1.0293525473972602
P019,Lap 4,Str 0-1 (End),0.242995,-0.017685791,1.1348935473972603,0.26068079147756096,0.8918985473972604
P019,Lap 5,Str 0-1 (End),0.064826,0.4846582,1.1348935473972603,0.4198322114696503,1.0700675473972603
P019,Lap 6,Str 0-1 (End),0.082485,0.24373645,1.1348935473972603,0.16125144590377807,1.0524085473972604
P012,Lap 1,Str 0-1 (End),0.22932,0.39901012,1.1348935473972603,0.16969012182235718,0.9055735473972604
P012,Lap 2,Str 0-1 (End),0.05232,0.30926737,1.1348935473972603,0.2569473718929291,1.0825735473972604
P012,Lap 3,Str 0-1 (End),1.72132,0.061109304,1.1348935473972603,1.6602106955718994,0.5864264526027396
P012,Lap 4,Str 0-1 (End),0.04632,0.34193993,1.1348935473972603,0.2956199261474609,1.0885735473972604
P012,Lap 5,Str 0-1 (End),1.18832,0.010570181,1.1348935473972603,1.1777498193976284,0.053426452602739705
P012,Lap 6,Str 0-1 (End),-0.02868,0.20806915,1.1348935473972603,0.2367491456794739,1.1635735473972604
P011,Lap 1,Str 0-1 (End),0.16032,-0.045853265,1.1348935473972603,0.20617326462984084,0.9745735473972603
P011,Lap 2,Str 0-1 (End),0.23132,0.18642451,1.1348935473972603,0.04489549130916595,0.9035735473972604
P011,Lap 3,Str 0-1 (End),0.11232,0.27075782,1.1348935473972603,0.15843782418251037,1.0225735473972604
P011,Lap 4,Str 0-1 (End),0.28632,0.027408347,1.1348935473972603,0.2589116534662247,0.8485735473972603
P011,Lap 5,Str 0-1 (End),0.12732,-0.03275463,1.1348935473972603,0.16007462985038756,1.0075735473972602
P011,Lap 6,Str 0-1 (End),0.09432,0.06800082,1.1348935473972603,0.026319176740646363,1.0405735473972604
P001,Lap 2,Str 0-1 (End),2.12932,0.64081895,1.1348935473972603,1.4885010464859008,0.9944264526027395
P001,Lap 3,Str 0-1 (End),1.68632,0.59754944,1.1348935473972603,1.0887705615234375,0.5514264526027397
P001,Lap 4,Str 0-1 (End),1.58032,0.17142518,1.1348935473972603,1.4088948213529586,0.4454264526027396
P001,Lap 5,Str 0-1 (End),1.51832,0.41324043,1.1348935473972603,1.105079567260742,0.38342645260273955
P001,Lap 6,Str 0-1 (End),1.38532,0.02150524,1.1348935473972603,1.3638147596490384,0.25042645260273977
P001,Lap 7,Str 0-1 (End),1.78032,0.11192145,1.1348935473972603,1.6683985480141639,0.6454264526027396
P001,Lap 8,Str 0-1 (End),1.55432,0.098832585,1.1348935473972603,1.4554874150824546,0.4194264526027396
P134,Lap 2,Str 0-1 (Start),4.6656145,4.744258,3.075998152967359,0.07864342694091775,1.5896163470326412
P134,Lap 3,Str 0-1 (Start),4.7106145,4.6885943,3.075998152967359,0.022020158721923977,1.6346163470326411
P134,Lap 4,Str 0-1 (Start),4.6246145,4.6620708,3.075998152967359,0.037456251190185696,1.5486163470326408
P134,Lap 5,Str 0-1 (Start),4.5206145,4.5257826,3.075998152967359,0.005168085144043211,1.4446163470326407
P134,Lap 6,Str 0-1 (Start),4.4826145,4.5257826,3.075998152967359,0.04316808514404258,1.4066163470326414
P134,Lap 7,Str 0-1 (Start),4.6576145,4.661915,3.075998152967359,0.004300325439452912,1.5816163470326412
P134,Lap 8,Str 0-1 (Start),4.7636145,4.6830997,3.075998152967359,0.08051475329589852,1.687616347032641
P134,Lap 9,Str 0-1 (Start),6.1286145,6.4257274,3.075998152967359,0.29711286740112275,3.0526163470326413
P134,Lap 10,Str 0-1 (Start),4.6546145,4.583721,3.075998152967359,0.07089333911132822,1.578616347032641
P134,Lap 11,Str 0-1 (Start),4.5136145,4.550579,3.075998152967359,0.03696457104492179,1.437616347032641
P129,Lap 2,Str 0-1 (Start),5.8866145,5.119053,3.075998152967359,0.7675616130371097,2.8106163470326413
P129,Lap 3,Str 0-1 (Start),6.7276145,6.383345,3.075998152967359,0.3442693728942867,3.6516163470326406
P129,Lap 4,Str 0-1 (Start),5.0826145,5.000174,3.075998152967359,0.0824404544372559,2.006616347032641
P129,Lap 5,Str 0-1 (Start),5.9116145,5.8309984,3.075998152967359,0.08061607928466774,2.8356163470326408
P129,Lap 6,Str 0-1 (Start),4.5216145,4.640102,3.075998152967359,0.11848740963745108,1.445616347032641
P129,Lap 7,Str 0-1 (Start),4.9646145,4.939115,3.075998152967359,0.025499452545165724,1.8886163470326407
P129,Lap 8,Str 0-1 (Start),6.2496145,6.310818,3.075998152967359,0.06120369534301773,3.173616347032641
P129,Lap 9,Str 0-1 (Start),4.7016145,4.679297,3.075998152967359,0.022317529632568167,1.6256163470326408
P129,Lap 10,Str 0-1 (Start),4.9526145,4.9351487,3.075998152967359,0.01746578402709975,1.8766163470326411
P123,Lap 2,Str 0-1 (Start),4.9636145,4.7276583,3.075998152967359,0.23595622821044948,1.8876163470326413
P123,Lap 3,Str 0-1 (Start),4.5046145,4.414018,3.075998152967359,0.09059634585571263,1.4286163470326407
P123,Lap 4,Str 0-1 (Start),4.6466145,4.4777994,3.075998152967359,0.16881508441162119,1.570616347032641
P123,Lap 5,Str 0-1 (Start),4.4546145,4.414018,3.075998152967359,0.04059634585571281,1.378616347032641
P123,Lap 6,Str 0-1 (Start),4.5026145,4.4604445,3.075998152967359,0.042170049621581995,1.426616347032641
P123,Lap 7,Str 0-1 (Start),4.5206145,4.4604445,3.075998152967359,0.06017004962158179,1.4446163470326407
P123,Lap 8,Str 0-1 (Start),4.7346145,4.6143084,3.075998152967359,0.12030614276123064,1.6586163470326412
P123,Lap 9,Str 0-1 (Start),4.4956145,4.4176736,3.075998152967359,0.07794091220092803,1.4196163470326413
P123,Lap 10,Str 0-1 (Start),4.4076145,4.414018,3.075998152967359,0.006403654144286897,1.3316163470326412
P123,Lap 11,Str 0-1 (Start),4.5236145,4.4641,3.075998152967359,0.05951461596679675,1.4476163470326409
P123,Lap 12,Str 0-1 (Start),4.4876145,4.4641,3.075998152967359,0.02351461596679716,1.4116163470326413
P120,Lap 2,Str 0-1 (Start),8.7103909,7.399875,3.075998152967359,1.3105157359680177,5.634392747032641
P120,Lap 3,Str 0-1 (Start),5.0046145,4.12076,3.075998152967359,0.8838545360107419,1.9286163470326407
P120,Lap 4,Str 0-1 (Start),4.8926145,4.8413057,3.075998152967359,0.05130876727294886,1.8166163470326406
P120,Lap 5,Str 0-1 (Start),5.0226145,4.7674575,3.075998152967359,0.2551570148010258,1.9466163470326414
P120,Lap 6,Str 0-1 (Start),4.9046145,4.1188912,3.075998152967359,0.7857232608337403,1.828616347032641
P120,Lap 7,Str 0-1 (Start),4.5706145,4.464728,3.075998152967359,0.10588662142944294,1.4946163470326406
P120,Lap 8,Str 0-1 (Start),4.5626145,4.4604445,3.075998152967359,0.1021700496215816,1.4866163470326406
P120,Lap 9,Str 0-1 (Start),4.5196145,4.4604445,3.075998152967359,0.059170049621582343,1.4436163470326413
P120,Lap 10,Str 0-1 (Start),4.6186145,4.5195765,3.075998152967359,0.09903795046997033,1.5426163470326406
P120,Lap 11,Str 0-1 (Start),4.5586145,4.522127,3.075998152967359,0.0364873485107422,1.482616347032641
P120,Lap 12,Str 0-1 (Start),4.8126145,4.0950303,3.075998152967359,0.7175841922302242,1.7366163470326406
P113,Lap 2,Str 0-1 (Start),4.4656145,3.8493984,3.075998152967359,0.6162161254425049,1.389616347032641
P113,Lap 3,Str 0-1 (Start),4.4736145,4.4641,3.075998152967359,0.009514615966796924,1.397616347032641
P113,Lap 4,Str 0-1 (Start),4.5976145,4.586298,3.075998152967359,0.011316511108398153,1.5216163470326407
P113,Lap 5,Str 0-1 (Start),4.4936145,4.414018,3.075998152967359,0.07959634585571251,1.4176163470326406
P113,Lap 6,Str 0-1 (Start),4.4906145,4.4604445,3.075998152967359,0.03017004962158243,1.4146163470326414
P113,Lap 7,Str 0-1 (Start),4.4846145,4.4641,3.075998152967359,0.020514615966797045,1.4086163470326412
P113,Lap 8,Str 0-1 (Start),4.5056145,4.5082088,3.075998152967359,0.002594251678466719,1.429616347032641
P113,Lap 9,Str 0-1 (Start),4.4976145,4.4176736,3.075998152967359,0.0799409122009278,1.421616347032641
P113,Lap 10,Str 0-1 (Start),4.4786145,4.5082088,3.075998152967359,0.029594251678466854,1.402616347032641
P113,Lap 11,Str 0-1 (Start),4.4496145,4.414018,3.075998152967359,0.03559634585571292,1.373616347032641
P113,Lap 12,Str 0-1 (Start),4.8406145,4.5589247,3.075998152967359,0.2816898250122071,1.764616347032641
P107,Lap 2,Str 0-1 (Start),4.8726145,4.8314767,3.075998152967359,0.041137811614990305,1.796616347032641
P107,Lap 3,Str 0-1 (Start),4.7026145,4.762905,3.075998152967359,0.06029062084960923,1.6266163470326411
P107,Lap 4,Str 0-1 (Start),4.8436145,4.8521085,3.075998152967359,0.008493978546142422,1.7676163470326411
P107,Lap 5,Str 0-1 (Start),4.9316145,5.017034,3.075998152967359,0.08541955380249,1.8556163470326412
P107,Lap 6,Str 0-1 (Start),4.8796145,4.867696,3.075998152967359,0.011918691589355213,1.8036163470326407
P107,Lap 7,Str 0-1 (Start),4.6356145,4.694009,3.075998152967359,0.058394327209472685,1.559616347032641
P107,Lap 8,Str 0-1 (Start),4.6426145,4.6814494,3.075998152967359,0.0388349132995609,1.5666163470326406
P107,Lap 9,Str 0-1 (Start),4.5666145,4.5707254,3.075998152967359,0.004110940979003885,1.490616347032641
P107,Lap 10,Str 0-1 (Start),4.7776145,4.834416,3.075998152967359,0.05680141262817351,1.7016163470326413
P107,Lap 11,Str 0-1 (Start),4.7926145,4.747526,3.075998152967359,0.04508833117675781,1.716616347032641
P105,Lap 2,Str 0-1 (Start),4.5956145,4.6643143,3.075998152967359,0.06869977001953131,1.519616347032641
P105,Lap 3,Str 0-1 (Start),4.6616145,4.7036424,3.075998152967359,0.04202786831665062,1.5856163470326408
P105,Lap 4,Str 0-1 (Start),4.4956145,4.5820146,3.075998152967359,0.0864000606994626,1.4196163470326413
P105,Lap 5,Str 0-1 (Start),4.5236145,4.550579,3.075998152967359,0.026964571044922003,1.4476163470326409
P105,Lap 6,Str 0-1 (Start),4.6176145,4.6848288,3.075998152967359,0.06721425823974592,1.5416163470326412
P105,Lap 7,Str 0-1 (Start),4.4806145,4.550579,3.075998152967359,0.06996457104492215,1.4046163470326407
P105,Lap 8,Str 0-1 (Start),4.7106145,4.7963686,3.075998152967359,0.08575409893798813,1.6346163470326411
P105,Lap 9,Str 0-1 (Start),4.5646145,4.6290298,3.075998152967359,0.06441525082397437,1.4886163470326412
P105,Lap 10,Str 0-1 (Start),4.7196145,4.757627,3.075998152967359,0.03801251034545938,1.6436163470326406
P105,Lap 11,Str 0-1 (Start),4.6516145,4.632126,3.075998152967359,0.019488645507812485,1.575616347032641
P105,Lap 12,Str 0-1 (Start),4.6566145,4.663915,3.075998152967359,0.0073006573181153556,1.5806163470326409
P104,Lap 2,Str 0-1 (Start),4.6856145,4.666948,3.075998152967359,0.018666658355712684,1.6096163470326408
P104,Lap 3,Str 0-1 (Start),5.0806145,5.2062507,3.075998152967359,0.12563616757202123,2.0046163470326412
P104,Lap 4,Str 0-1 (Start),4.5166145,4.602161,3.075998152967359,0.08554643063354472,1.4406163470326412
P104,Lap 5,Str 0-1 (Start),4.5646145,4.6039557,3.075998152967359,0.03934124569702124,1.4886163470326412
P104,Lap 6,Str 0-1 (Start),4.5596145,4.586298,3.075998152967359,0.026683488891601215,1.4836163470326413
P104,Lap 7,Str 0-1 (Start),4.6466145,4.702789,3.075998152967359,0.056174329803466705,1.570616347032641
P104,Lap 8,Str 0-1 (Start),4.6656145,4.7661924,3.075998152967359,0.1005779362182615,1.5896163470326412
P104,Lap 9,Str 0-1 (Start),4.6286145,4.583721,3.075998152967359,0.04489333911132842,1.5526163470326413
P104,Lap 10,Str 0-1 (Start),4.7106145,4.6290607,3.075998152967359,0.08155375476074234,1.6346163470326411
P104,Lap 11,Str 0-1 (Start),4.5566145,4.609406,3.075998152967359,0.05279149441528297,1.4806163470326412
P103,Lap 2,Str 0-1 (Start),4.5036145,4.5820146,3.075998152967359,0.07840006069946259,1.4276163470326413
P103,Lap 3,Str 0-1 (Start),4.4476145,4.5257826,3.075998152967359,0.07816808514404272,1.3716163470326412
P103,Lap 4,Str 0-1 (Start),4.3816145,4.5257826,3.075998152967359,0.14416808514404256,1.3056163470326414
P103,Lap 5,Str 0-1 (Start),4.4256145,4.550579,3.075998152967359,0.12496457104492187,1.349616347032641
P103,Lap 6,Str 0-1 (Start),4.3876145,4.4604445,3.075998152967359,0.07282995037841822,1.3116163470326407
P103,Lap 7,Str 0-1 (Start),4.4026145,4.522127,3.075998152967359,0.1195126514892575,1.3266163470326413
P103,Lap 8,Str 0-1 (Start),4.4406145,4.5257826,3.075998152967359,0.08516808514404328,1.3646163470326407
P103,Lap 9,Str 0-1 (Start),4.3216145,4.5045533,3.075998152967359,0.18293881802368173,1.245616347032641
P103,Lap 10,Str 0-1 (Start),4.5786145,4.5928917,3.075998152967359,0.014277193115234788,1.5026163470326406
P103,Lap 11,Str 0-1 (Start),5.2866145,5.274701,3.075998152967359,0.011913381530761491,2.2106163470326408
P090,Lap 2,Str 0-1 (Start),4.5586145,4.5548625,3.075998152967359,0.003752000762939467,1.482616347032641
P090,Lap 3,Str 0-1 (Start),4.4956145,4.4604445,3.075998152967359,0.03517004962158232,1.4196163470326413
P090,Lap 4,Str 0-1 (Start),4.5246145,4.5257826,3.075998152967359,0.001168085144042763,1.4486163470326412
P090,Lap 5,Str 0-1 (Start),4.4356145,4.5082088,3.075998152967359,0.072594251678467,1.3596163470326408
P090,Lap 6,Str 0-1 (Start),4.4796145,4.522127,3.075998152967359,0.042512651489257536,1.4036163470326413
P090,Lap 7,Str 0-1 (Start),4.6316145,4.5542474,3.075998152967359,0.0773671206970219,1.5556163470326414
P090,Lap 8,Str 0-1 (Start),4.4846145,4.5433702,3.075998152967359,0.05875574688720686,1.4086163470326412
P090,Lap 9,Str 0-1 (Start),4.4436145,4.4604445,3.075998152967359,0.016829950378418168,1.3676163470326408
P090,Lap 10,Str 0-1 (Start),4.4546145,4.4604445,3.075998152967359,0.005829950378418047,1.378616347032641
P089,Lap 2,Str 0-1 (Start),5.1306145,4.9768558,3.075998152967359,0.15375874514770516,2.054616347032641
P089,Lap 3,Str 0-1 (Start),5.2396145,5.036751,3.075998152967359,0.2028637065429688,2.163616347032641
P089,Lap 4,Str 0-1 (Start),4.7506145,4.7762365,3.075998152967359,0.02562203411865216,1.6746163470326412
P089,Lap 5,Str 0-1 (Start),5.6066145,5.7459726,3.075998152967359,0.13935813336181635,2.530616347032641
P089,Lap 6,Str 0-1 (Start),4.5056145,4.550579,3.075998152967359,0.0449645710449218,1.429616347032641
P089,Lap 8,Str 0-1 (Start),5.6426145,5.477209,3.075998152967359,0.1654054088134762,2.5666163470326406
P089,Lap 9,Str 0-1 (Start),5.2486145,5.200417,3.075998152967359,0.04819745822143595,2.1726163470326414
P089,Lap 10,Str 0-1 (Start),4.5296145,4.550579,3.075998152967359,0.020964571044921776,1.453616347032641
P084,Lap 2,Str 0-1 (Start),4.9552995,0.75283855,3.075998152967359,4.202460948001861,1.8793013470326407
P084,Lap 3,Str 0-1 (Start),7.7491975,0.5345997,3.075998152967359,7.214597778568268,4.673199347032641
P084,Lap 4,Str 0-1 (Start),5.1166355,1.3637011,3.075998152967359,3.7529343948822023,2.040637347032641
P084,Lap 5,Str 0-1 (Start),5.9298875,1.7494893,3.075998152967359,4.180398192596436,2.8538893470326414
P084,Lap 6,Str 0-1 (Start),5.4571275,0.9066669,3.075998152967359,4.550460625114441,2.3811293470326413
P083,Lap 2,Str 0-1 (Start),6.8440145,3.9567502,3.075998152967359,2.887264345504761,3.768016347032641
P083,Lap 3,Str 0-1 (Start),4.8895865,0.87178034,3.075998152967359,4.017806164096832,1.813588347032641
P083,Lap 5,Str 0-1 (Start),5.7074025,2.4537494,3.075998152967359,3.2536530817413327,2.6314043470326407
P083,Lap 6,Str 0-1 (Start),5.2866645,1.4501109,3.075998152967359,3.8365535876770016,2.2106663470326406
P067,Lap 1,Str 0-1 (Start),8.0163235,1.3008273,3.075998152967359,6.715496235214234,4.940325347032641
P067,Lap 2,Str 0-1 (Start),0.8552635,4.497422,3.075998152967359,3.642158718322754,2.220734652967359
P067,Lap 3,Str 0-1 (Start),0.2727175,2.7725983,3.075998152967359,2.4998807666015623,2.803280652967359
P067,Lap 5,Str 0-1 (Start),0.2302095,3.77062,3.075998152967359,3.540410607650757,2.845788652967359
P067,Lap 6,Str 0-1 (Start),0.9073765,3.6729133,3.075998152967359,2.7655368129119875,2.168621652967359
P059,Lap 1,Str 0-1 (Start),0.3645485,0.7026655,3.075998152967359,0.3381170077934265,2.711449652967359
P059,Lap 2,Str 0-1 (Start),0.0898125,0.033562165,3.075998152967359,0.05625033524632454,2.986185652967359
P059,Lap 3,Str 0-1 (Start),0.0904155,0.16328159,3.075998152967359,0.07286608974647522,2.985582652967359
P059,Lap 4,Str 0-1 (Start),-0.0181895,0.019184822,3.075998152967359,0.03737432221662998,3.094187652967359
P059,Lap 5,Str 0-1 (Start),0.0344945,0.31341407,3.075998152967359,0.278919567029953,3.041503652967359
P059,Lap 6,Str 0-1 (Start),0.1219565,0.11276544,3.075998152967359,0.009191061145305629,2.954041652967359
P049,Lap 1,Str 0-1 (Start),0.0117195,0.23952696,3.075998152967359,0.22780745727348328,3.064278652967359
P049,Lap 2,Str 0-1 (Start),0.0343695,0.48386446,3.075998152967359,0.4494949564151764,3.041628652967359
P049,Lap 3,Str 0-1 (Start),-0.0242185,0.22031829,3.075998152967359,0.2445367876110077,3.100216652967359
P049,Lap 4,Str 0-1 (Start),-0.0860765,0.33682737,3.075998152967359,0.4229038675441742,3.162074652967359
P049,Lap 5,Str 0-1 (Start),-0.0720725,0.9797427,3.075998152967359,1.051815205821991,3.148070652967359
P049,Lap 6,Str 0-1 (Start),-0.0161965,1.6767104,3.075998152967359,1.6929068672027587,3.092194652967359
P048,Lap 1,Str 0-1 (Start),0.6008785,0.23960319,3.075998152967359,0.361275308385849,2.475119652967359
P048,Lap 2,Str 0-1 (Start),0.2556465,0.815881,3.075998152967359,0.5602345138702393,2.820351652967359
P048,Lap 3,Str 0-1 (Start),1.9680035,1.6585759,3.075998152967359,0.3094276075515747,1.107994652967359
P048,Lap 4,Str 0-1 (Start),0.5518805,1.0358167,3.075998152967359,0.48393616946411133,2.524117652967359
P048,Lap 5,Str 0-1 (Start),0.2808135,0.42228565,3.075998152967359,0.14147214620018006,2.795184652967359
P048,Lap 6,Str 0-1 (Start),0.2636795,0.098300606,3.075998152967359,0.16537889398765565,2.812318652967359
P043,Lap 2,Str 0-1 (Start),4.4792835,0.05012169,3.075998152967359,4.429161808922053,1.4032853470326412
P039,Lap 2,Str 0-1 (Start),2.6964925,3.0190105,3.075998152967359,0.322518043823242,0.37950565296735883
P039,Lap 3,Str 0-1 (Start),0.4719895,0.15896435,3.075998152967359,0.3130251491804123,2.604008652967359
P039,Lap 4,Str 0-1 (Start),0.5017375,-0.048614778,3.075998152967359,0.550352277624607,2.574260652967359
P039,Lap 5,Str 0-1 (Start),1.0217525,1.6511053,3.075998152967359,0.6293527846908569,2.054245652967359
P039,Lap 6,Str 0-1 (Start),1.0407525,0.8624362,3.075998152967359,0.17831632465362546,2.035245652967359
P028,Lap 1,Str 0-1 (Start),-0.0732835,0.34704643,3.075998152967359,0.420329934879303,3.149281652967359
P028,Lap 2,Str 0-1 (Start),-0.1182255,1.6788179,3.075998152967359,1.7970433682327271,3.194223652967359
P028,Lap 3,Str 0-1 (Start),0.0377735,1.229291,3.075998152967359,1.1915174622192384,3.038224652967359
P028,Lap 4,Str 0-1 (Start),-0.0187895,0.42396605,3.075998152967359,0.44275555014801027,3.094787652967359
P028,Lap 5,Str 0-1 (Start),-0.0530205,0.30958295,3.075998152967359,0.3626034486846924,3.129018652967359
P028,Lap 6,Str 0-1 (Start),-0.0812245,0.29521358,3.075998152967359,0.3764380801315308,3.157222652967359
P020,Lap 2,Str 0-1 (Start),5.8455905,1.2022058,3.075998152967359,4.643384722831726,2.769592347032641
P020,Lap 3,Str 0-1 (Start),5.3546355,1.4590929,3.075998152967359,3.8955426445465084,2.2786373470326406
P020,Lap 4,Str 0-1 (Start),6.3242605,1.9340775,3.075998152967359,4.390182998703003,3.2482623470326413
P020,Lap 5,Str 0-1 (Start),4.8385475,0.6580114,3.075998152967359,4.180536123142242,1.7625493470326408
P020,Lap 6,Str 0-1 (Start),4.9663945,0.85542,3.075998152967359,4.110974506599426,1.8903963470326408
P019,Lap 1,Str 0-1 (Start),0.6062725,1.3455983,3.075998152967359,0.7393258400344849,2.469725652967359
P019,Lap 2,Str 0-1 (Start),0.5853615,0.21239379,3.075998152967359,0.37296770951652525,2.490636652967359
P019,Lap 3,Str 0-1 (Start),0.3910465,0.20703124,3.075998152967359,0.1840152649011612,2.684951652967359
P019,Lap 4,Str 0-1 (Start),0.3314155,0.48932102,3.075998152967359,0.15790552322578433,2.744582652967359
P019,Lap 5,Str 0-1 (Start),0.1420775,0.11967504,3.075998152967359,0.022402459754943843,2.933920652967359
P019,Lap 6,Str 0-1 (Start),0.1814535,0.13050929,3.075998152967359,0.05094421288108825,2.894544652967359
P012,Lap 1,Str 0-1 (Start),0.0646145,0.47975636,3.075998152967359,0.4151418552856445,3.011383652967359
P012,Lap 2,Str 0-1 (Start),0.4406145,0.08731704,3.075998152967359,0.3532974579472542,2.635383652967359
P012,Lap 3,Str 0-1 (Start),0.5736145,3.4557369,3.075998152967359,2.8821223755340575,2.502383652967359
P012,Lap 4,Str 0-1 (Start),0.0416145,-0.0920323,3.075998152967359,0.1336467984457016,3.034383652967359
P012,Lap 5,Str 0-1 (Start),0.4536145,2.232779,3.075998152967359,1.779164526031494,2.622383652967359
P012,Lap 6,Str 0-1 (Start),0.1366145,0.16092055,3.075998152967359,0.02430604545879364,2.939383652967359
P011,Lap 1,Str 0-1 (Start),0.1366145,0.24400516,3.075998152967359,0.10739065854358673,2.939383652967359
P011,Lap 2,Str 0-1 (Start),0.1266145,0.16135849,3.075998152967359,0.03474399058628083,2.949383652967359
P011,Lap 3,Str 0-1 (Start),0.0156145,0.33772072,3.075998152967359,0.3221062219600678,3.060383652967359
P011,Lap 4,Str 0-1 (Start),0.1876145,0.06373279,3.075998152967359,0.12388171203327178,2.888383652967359
P011,Lap 5,Str 0-1 (Start),-0.0273855,0.119619854,3.075998152967359,0.14700535379457474,3.103383652967359
P011,Lap 6,Str 0-1 (Start),-0.0283855,-0.014671759,3.075998152967359,0.013713741251409055,3.104383652967359
P005,Lap 2,Str 0-1 (Start),3.0066145,4.0742216,3.075998152967359,1.0676071110229493,0.06938365296735904
P005,Lap 3,Str 0-1 (Start),3.0686145,1.4239352,3.075998152967359,1.6446793250579832,0.007383652967359211
P005,Lap 4,Str 0-1 (Start),2.9916145,0.7626969,3.075998152967359,2.228917578174591,0.08438365296735917
P001,Lap 2,Str 0-1 (Start),4.7086145,0.13281836,3.075998152967359,4.575796143843651,1.6326163470326414
P001,Lap 3,Str 0-1 (Start),4.6976145,0.11339543,3.075998152967359,4.584219069852352,1.6216163470326412
P001,Lap 4,Str 0-1 (Start),4.6826145,0.1986479,3.075998152967359,4.483966598584175,1.6066163470326407
P001,Lap 5,Str 0-1 (Start),4.5556145,-0.0010437113,3.075998152967359,4.556658211323291,1.4796163470326409
P001,Lap 6,Str 0-1 (Start),4.6246145,0.048321597,3.075998152967359,4.576292902721882,1.5486163470326408
P001,Lap 7,Str 0-1 (Start),4.7506145,0.22153088,3.075998152967359,4.529083615495682,1.6746163470326412
P001,Lap 8,Str 0-1 (Start),4.6706145,0.25074726,3.075998152967359,4.419867236568451,1.594616347032641
P134,Lap 2,Str 1-2,1.9439505,2.0003579,1.0960343437735849,0.05640736628723153,0.847916156226415
P134,Lap 3,Str 1-2,3.7429505,3.249846,1.0960343437735849,0.4931045184020997,2.646916156226415
P134,Lap 4,Str 1-2,1.6229505,1.740067,1.0960343437735849,0.11711650515747074,0.5269161562264151
P134,Lap 5,Str 1-2,1.7399505,1.8645856,1.0960343437735849,0.12463513804626469,0.6439161562264151
P134,Lap 6,Str 1-2,1.2839505,1.3553632,1.0960343437735849,0.07141274977874756,0.1879161562264151
P134,Lap 8,Str 1-2,1.3669505,1.486341,1.0960343437735849,0.11939049960327153,0.2709161562264151
P134,Lap 9,Str 1-2,1.5479505,1.5586601,1.0960343437735849,0.010709649574279778,0.4519161562264151
P134,Lap 10,Str 1-2,1.4429505,1.5586628,1.0960343437735849,0.11571227217864988,0.34691615622641514
P134,Lap 11,Str 1-2,1.3359505,1.3622671,1.0960343437735849,0.026316636573791463,0.23991615622641516
P129,Lap 3,Str 1-2,2.0169505,1.6325469,1.0960343437735849,0.38440359829711923,0.9209161562264152
P129,Lap 4,Str 1-2,2.5139505,2.5788186,1.0960343437735849,0.06486805964660647,1.417916156226415
P129,Lap 5,Str 1-2,3.3629505,3.0888696,1.0960343437735849,0.27408092831420916,2.266916156226415
P129,Lap 6,Str 1-2,1.8479505,1.8534759,1.0960343437735849,0.005525428306579538,0.7519161562264152
P129,Lap 7,Str 1-2,2.1749505,2.124463,1.0960343437735849,0.05048741864013673,1.0789161562264151
P129,Lap 8,Str 1-2,2.8049505,2.5502625,1.0960343437735849,0.2546880488281249,1.708916156226415
P129,Lap 9,Str 1-2,1.8319505,1.8550642,1.0960343437735849,0.02311365367126461,0.7359161562264152
P129,Lap 10,Str 1-2,3.0019505,3.6867387,1.0960343437735849,0.6847882294769287,1.905916156226415
P123,Lap 2,Str 1-2,1.3529505,1.3074483,1.0960343437735849,0.0455022320632934,0.25691615622641506
P123,Lap 3,Str 1-2,1.3609505,1.3073589,1.0960343437735849,0.053591639030456495,0.26491615622641507
P123,Lap 4,Str 1-2,1.2259505,1.2331511,1.0960343437735849,0.007200578224182186,0.12991615622641506
P123,Lap 5,Str 1-2,1.3049505,1.2941973,1.0960343437735849,0.01075317906188955,0.20891615622641502
P123,Lap 6,Str 1-2,1.2519505,1.3071003,1.0960343437735849,0.055149796020507846,0.15591615622641508
P123,Lap 7,Str 1-2,1.2589505,1.3137939,1.0960343437735849,0.054843397628784096,0.1629161562264152
P123,Lap 8,Str 1-2,1.2049505,1.2396159,1.0960343437735849,0.03466541720581051,0.10891615622641515
P123,Lap 9,Str 1-2,1.2879505,1.2875402,1.0960343437735849,0.0004103026275634747,0.1919161562264151
P123,Lap 10,Str 1-2,1.2649505,1.2859849,1.0960343437735849,0.021034373771667392,0.1689161562264152
P123,Lap 11,Str 1-2,1.3219505,1.3648201,1.0960343437735849,0.04286962271881101,0.22591615622641514
P123,Lap 12,Str 1-2,1.3479505,1.190043,1.0960343437735849,0.15790752743530279,0.25191615622641517
P120,Lap 2,Str 1-2,1.5849505,1.6348703,1.0960343437735849,0.04991979075622566,0.48891615622641504
P120,Lap 3,Str 1-2,1.7559505,1.5589497,1.0960343437735849,0.19700079106140134,0.6599161562264151
P120,Lap 4,Str 1-2,1.5009505,1.5222558,1.0960343437735849,0.02130527831268303,0.4049161562264152
P120,Lap 5,Str 1-2,1.4449505,1.4028716,1.0960343437735849,0.04207889126586917,0.34891615622641514
P120,Lap 6,Str 1-2,1.4749505,1.4382546,1.0960343437735849,0.03669590519714361,0.37891615622641517
P120,Lap 7,Str 1-2,1.4149505,1.3531172,1.0960343437735849,0.06183327244567871,0.3189161562264151
P120,Lap 8,Str 1-2,1.6859505,1.462015,1.0960343437735849,0.2239354672317504,0.589916156226415
P120,Lap 9,Str 1-2,1.4449505,1.1957108,1.0960343437735849,0.24923972176361087,0.34891615622641514
P120,Lap 10,Str 1-2,1.3749505,1.2985718,1.0960343437735849,0.07637867497253414,0.2789161562264151
P120,Lap 11,Str 1-2,3.0839505,2.402669,1.0960343437735849,0.6812815470581053,1.987916156226415
P120,Lap 12,Str 1-2,1.7089505,1.5479227,1.0960343437735849,0.16102776955413822,0.6129161562264152
P113,Lap 2,Str 1-2,1.3879505,1.5102761,1.0960343437735849,0.12232557917785636,0.2919161562264152
P113,Lap 3,Str 1-2,1.2619505,1.3191198,1.0960343437735849,0.05716931105804446,0.1659161562264151
P113,Lap 4,Str 1-2,1.3949505,1.6214278,1.0960343437735849,0.2264772744293213,0.2989161562264151
P113,Lap 5,Str 1-2,1.2439505,1.3177959,1.0960343437735849,0.0738453726882935,0.14791615622641507
P113,Lap 6,Str 1-2,1.2759505,1.3765062,1.0960343437735849,0.10055570937347413,0.1799161562264151
P113,Lap 7,Str 1-2,1.2049505,1.360531,1.0960343437735849,0.1555804724807739,0.10891615622641515
P113,Lap 8,Str 1-2,1.2449505,1.3189207,1.0960343437735849,0.07397023154449456,0.1489161562264152
P113,Lap 9,Str 1-2,1.1929505,1.3603153,1.0960343437735849,0.16736482287597654,0.09691615622641514
P113,Lap 10,Str 1-2,1.2069505,1.2907491,1.0960343437735849,0.08379857302856442,0.11091615622641515
P113,Lap 11,Str 1-2,1.1939505,1.2790339,1.0960343437735849,0.08508339930725106,0.09791615622641503
P113,Lap 12,Str 1-2,1.1549505,1.4479406,1.0960343437735849,0.29299008799743653,0.058916156226415106
P107,Lap 2,Str 1-2,1.8079505,1.7827759,1.0960343437735849,0.025174621093750016,0.7119161562264151
P107,Lap 3,Str 1-2,1.8199505,1.7309859,1.0960343437735849,0.08896462010192874,0.7239161562264151
P107,Lap 4,Str 1-2,1.6509505,1.6566386,1.0960343437735849,0.005688122283935559,0.5549161562264151
P107,Lap 5,Str 1-2,1.9769505,1.8238702,1.0960343437735849,0.15308031796264654,0.8809161562264152
P107,Lap 7,Str 1-2,1.7099505,1.6886102,1.0960343437735849,0.021340303886413503,0.613916156226415
P107,Lap 8,Str 1-2,1.4949505,1.5214058,1.0960343437735849,0.026455316078185964,0.3989161562264152
P107,Lap 9,Str 1-2,1.4329505,1.4616219,1.0960343437735849,0.02867138053131102,0.33691615622641513
P107,Lap 10,Str 1-2,1.2689505,1.3548734,1.0960343437735849,0.0859229188079833,0.1729161562264152
P107,Lap 11,Str 1-2,1.4839505,1.5031506,1.0960343437735849,0.019200082313537647,0.38791615622641507
P105,Lap 2,Str 1-2,1.6859505,1.6382955,1.0960343437735849,0.047654968727111724,0.589916156226415
P105,Lap 3,Str 1-2,2.6889505,2.9560616,1.0960343437735849,0.26711110163879415,1.592916156226415
P105,Lap 4,Str 1-2,1.6029505,1.6125003,1.0960343437735849,0.009549809944152887,0.5069161562264151
P105,Lap 5,Str 1-2,1.4049505,1.4600219,1.0960343437735849,0.05507135344696046,0.3089161562264151
P105,Lap 6,Str 1-2,1.6989505,1.6983864,1.0960343437735849,0.0005640692596435848,0.6029161562264151
P105,Lap 7,Str 1-2,1.5639505,1.7788001,1.0960343437735849,0.21484962989044187,0.46791615622641514
P105,Lap 8,Str 1-2,1.3679505,1.4286023,1.0960343437735849,0.06065183783721917,0.2719161562264152
P105,Lap 9,Str 1-2,1.5849505,1.565458,1.0960343437735849,0.019492440689086843,0.48891615622641504
P105,Lap 10,Str 1-2,1.4329505,1.4628615,1.0960343437735849,0.029911037933349593,0.33691615622641513
P105,Lap 11,Str 1-2,1.4259505,1.4445105,1.0960343437735849,0.018559959899902445,0.329916156226415
P105,Lap 12,Str 1-2,1.3319505,1.4993997,1.0960343437735849,0.16744916201782223,0.23591615622641515
P104,Lap 2,Str 1-2,1.7449505,1.7241391,1.0960343437735849,0.020811405647277903,0.6489161562264152
P104,Lap 3,Str 1-2,1.6729505,1.80272,1.0960343437735849,0.12976945067596435,0.5769161562264151
P104,Lap 4,Str 1-2,3.1799505,2.9838448,1.0960343437735849,0.19610574291992178,2.0839161562264152
P104,Lap 5,Str 1-2,1.8709505,1.9412217,1.0960343437735849,0.07027121401977543,0.7749161562264151
P104,Lap 6,Str 1-2,1.8509505,2.0175493,1.0960343437735849,0.16659877635192877,0.7549161562264151
P104,Lap 7,Str 1-2,1.7889505,1.800504,1.0960343437735849,0.011553469192504773,0.6929161562264152
P104,Lap 8,Str 1-2,1.3249505,1.5247871,1.0960343437735849,0.19983656836700447,0.22891615622641504
P104,Lap 9,Str 1-2,1.7929505,1.7690389,1.0960343437735849,0.023911584365844618,0.696916156226415
P104,Lap 10,Str 1-2,1.1979505,1.3866223,1.0960343437735849,0.1886718096847535,0.10191615622641503
P104,Lap 11,Str 1-2,1.3119505,1.4242554,1.0960343437735849,0.11230487109374998,0.21591615622641513
P103,Lap 2,Str 1-2,1.3359505,1.4285334,1.0960343437735849,0.09258293486785885,0.23991615622641516
P103,Lap 3,Str 1-2,3.1389505,2.7239587,1.0960343437735849,0.41499176930236814,2.042916156226415
P103,Lap 4,Str 1-2,1.5769505,1.6096822,1.0960343437735849,0.03273170233917244,0.48091615622641504
P103,Lap 5,Str 1-2,1.8039505,1.658679,1.0960343437735849,0.1452714915161133,0.7079161562264151
P103,Lap 6,Str 1-2,1.5879505,1.7419567,1.0960343437735849,0.15400621081542964,0.49191615622641516
P103,Lap 7,Str 1-2,1.6319505,1.4503889,1.0960343437735849,0.1815615916137696,0.5359161562264152
P103,Lap 8,Str 1-2,1.7749505,1.6514904,1.0960343437735849,0.12346005009460459,0.6789161562264152
P103,Lap 9,Str 1-2,2.0969505,2.157519,1.0960343437735849,0.060568602096557456,1.0009161562264153
P103,Lap 10,Str 1-2,1.4929505,1.4633331,1.0960343437735849,0.02961737011718757,0.3969161562264152
P103,Lap 11,Str 1-2,1.9049505,1.911207,1.0960343437735849,0.006256460678100595,0.8089161562264151
P090,Lap 2,Str 1-2,1.5399505,1.5417981,1.0960343437735849,0.0018476147766113282,0.4439161562264151
P090,Lap 3,Str 1-2,1.3829505,1.4809535,1.0960343437735849,0.0980029549713135,0.2869161562264151
P090,Lap 4,Str 1-2,1.3169505,1.3802419,1.0960343437735849,0.06329137088012704,0.22091615622641503
P090,Lap 5,Str 1-2,1.3589505,1.4003899,1.0960343437735849,0.041439409744262745,0.26291615622641507
P090,Lap 6,Str 1-2,1.2709505,1.3978634,1.0960343437735849,0.12691288806152334,0.1749161562264152
P090,Lap 7,Str 1-2,1.2739505,1.265995,1.0960343437735849,0.00795547436523436,0.1779161562264151
P090,Lap 8,Str 1-2,1.2389505,1.364488,1.0960343437735849,0.1255375056381225,0.14291615622641518
P090,Lap 9,Str 1-2,1.2079505,1.3365724,1.0960343437735849,0.12862190867614753,0.11191615622641504
P090,Lap 10,Str 1-2,1.3299505,1.3191748,1.0960343437735849,0.010775733459472692,0.23391615622641515
P089,Lap 2,Str 1-2,3.4319505,3.1447299,1.0960343437735849,0.2872206473236085,2.335916156226415
P089,Lap 3,Str 1-2,1.6249505,1.5291994,1.0960343437735849,0.0957511381988525,0.5289161562264151
P089,Lap 4,Str 1-2,1.8439505,1.733657,1.0960343437735849,0.1102934975509644,0.7479161562264152
P089,Lap 5,Str 1-2,2.3599505,2.0595002,1.0960343437735849,0.3004502825622559,1.2639161562264152
P089,Lap 6,Str 1-2,1.8269505,1.7494631,1.0960343437735849,0.07748741864013664,0.730916156226415
P089,Lap 8,Str 1-2,3.0219505,2.495889,1.0960343437735849,0.5260615515594482,1.925916156226415
P089,Lap 9,Str 1-2,1.5399505,1.5003523,1.0960343437735849,0.03959823654937744,0.4439161562264151
P089,Lap 10,Str 1-2,1.8799505,1.9005407,1.0960343437735849,0.020590209495544354,0.7839161562264152
P084,Lap 5,Str 1-2,3.2476355,1.4781508,1.0960343437735849,1.7694846554260253,2.1516011562264152
P084,Lap 6,Str 1-2,3.7121415,0.7064237,1.0960343437735849,3.0057178001441955,2.6161071562264153
P083,Lap 2,Str 1-2,3.0750885,0.8254372,1.0960343437735849,2.2496513118515016,1.9790541562264152
P083,Lap 3,Str 1-2,3.2873605,1.7453424,1.0960343437735849,1.5420181261520387,2.191326156226415
P083,Lap 5,Str 1-2,1.9559665,0.6995607,1.0960343437735849,1.2564057981529235,0.8599321562264151
P083,Lap 6,Str 1-2,2.1494955,0.8893907,1.0960343437735849,1.2601047929840088,1.0534611562264151
P067,Lap 1,Str 1-2,0.3317575,1.394006,1.0960343437735849,1.0622485138702393,0.764276843773585
P067,Lap 2,Str 1-2,0.2726615,0.8974904,1.0960343437735849,0.624828882194519,0.8233728437735849
P067,Lap 3,Str 1-2,0.2742315,0.75412214,1.0960343437735849,0.47989063802337645,0.8218028437735849
P067,Lap 5,Str 1-2,0.0604345,0.87112993,1.0960343437735849,0.8106954300193787,1.035599843773585
P059,Lap 1,Str 1-2,-0.1343225,0.12874909,1.0960343437735849,0.2630715874528885,1.2303568437735848
P059,Lap 2,Str 1-2,0.2573765,0.32155934,1.0960343437735849,0.064182839761734,0.8386578437735849
P059,Lap 3,Str 1-2,0.0645635,0.08976635,1.0960343437735849,0.02520285336875916,1.0314708437735849
P059,Lap 4,Str 1-2,-0.0431125,0.027357543,1.0960343437735849,0.07047004288733005,1.139146843773585
P059,Lap 5,Str 1-2,0.3536535,2.9073398,1.0960343437735849,2.553686311325073,0.7423808437735848
P059,Lap 6,Str 1-2,-0.0508325,0.52715313,1.0960343437735849,0.5779856343460084,1.146866843773585
P049,Lap 1,Str 1-2,0.0749255,0.24579924,1.0960343437735849,0.1708737434501648,1.021108843773585
P049,Lap 2,Str 1-2,0.2747745,0.22694948,1.0960343437735849,0.04782501684379575,0.821259843773585
P049,Lap 3,Str 1-2,-0.0485565,0.062108397,1.0960343437735849,0.11066489748382569,1.1445908437735848
P049,Lap 4,Str 1-2,0.0380535,0.6249866,1.0960343437735849,0.5869330889549256,1.057980843773585
P049,Lap 5,Str 1-2,0.0265575,0.13138849,1.0960343437735849,0.10483098543167114,1.0694768437735849
P049,Lap 6,Str 1-2,0.2422875,-0.007969808,1.0960343437735849,0.25025730783343314,0.8537468437735849
P048,Lap 1,Str 1-2,0.3825515,0.9595215,1.0960343437735849,0.5769699724540711,0.713482843773585
P048,Lap 2,Str 1-2,-0.1460105,0.71078336,1.0960343437735849,0.8567938623886109,1.242044843773585
P048,Lap 3,Str 1-2,0.0001565,0.38278586,1.0960343437735849,0.3826293567237854,1.095877843773585
P048,Lap 4,Str 1-2,-0.0131155,0.6486215,1.0960343437735849,0.6617369995384216,1.109149843773585
P048,Lap 5,Str 1-2,0.2731095,0.436443,1.0960343437735849,0.1633335010318756,0.8229248437735849
P048,Lap 6,Str 1-2,0.3358365,0.19973134,1.0960343437735849,0.13610516495609282,0.7601978437735849
P043,Lap 2,Str 1-2,1.9866135,1.0992539,1.0960343437735849,0.8873596071014405,0.8905791562264151
P039,Lap 2,Str 1-2,0.3154825,1.9080354,1.0960343437735849,1.5925528975296022,0.7805518437735849
P039,Lap 3,Str 1-2,0.2258265,0.9873447,1.0960343437735849,0.7615181822166442,0.8702078437735848
P039,Lap 4,Str 1-2,0.1322965,0.21660256,1.0960343437735849,0.08430606385803222,0.9637378437735848
P039,Lap 5,Str 1-2,0.2252455,0.4598136,1.0960343437735849,0.23456809481811525,0.8707888437735849
P039,Lap 6,Str 1-2,0.9624525,1.9934872,1.0960343437735849,1.0310347388839722,0.13358184377358484
P028,Lap 1,Str 1-2,0.5867565,0.7296554,1.0960343437735849,0.142898885017395,0.5092778437735849
P028,Lap 2,Str 1-2,0.1929375,1.2928045,1.0960343437735849,1.099866979598999,0.9030968437735849
P028,Lap 3,Str 1-2,0.1635445,0.7590186,1.0960343437735849,0.59547409998703,0.9324898437735849
P028,Lap 4,Str 1-2,0.2319815,0.47157,1.0960343437735849,0.2395884851512909,0.8640528437735848
P028,Lap 5,Str 1-2,0.0632685,0.13820152,1.0960343437735849,0.0749330198469162,1.032765843773585
P028,Lap 6,Str 1-2,-0.17551268,0.7111857,1.0960343437735849,0.8866983737408447,1.2715470237735849
P020,Lap 5,Str 1-2,3.0080325,1.0475377,1.0960343437735849,1.9604948155593873,1.9119981562264152
P020,Lap 6,Str 1-2,3.6418085,2.299257,1.0960343437735849,1.342551459976196,2.5457741562264147
P019,Lap 1,Str 1-2,-0.0192665,0.4487087,1.0960343437735849,0.467975213054657,1.115300843773585
P019,Lap 2,Str 1-2,0.1262675,-0.06569144,1.0960343437735849,0.19195894129753113,0.9697668437735849
P019,Lap 3,Str 1-2,-0.0324245,0.2623559,1.0960343437735849,0.29478039385032656,1.128458843773585
P019,Lap 4,Str 1-2,0.0172415,0.29236522,1.0960343437735849,0.27512372316932676,1.078792843773585
P019,Lap 5,Str 1-2,-0.0001565,0.40032753,1.0960343437735849,0.40048403348350525,1.0961908437735848
P019,Lap 6,Str 1-2,-0.1361915,0.57665676,1.0960343437735849,0.7128482587852478,1.232225843773585
P012,Lap 1,Str 1-2,-0.0460495,0.15085837,1.0960343437735849,0.19690787244987487,1.142083843773585
P012,Lap 2,Str 1-2,0.0049505,0.4661554,1.0960343437735849,0.4612049098129272,1.0910838437735848
P012,Lap 3,Str 1-2,0.3359505,0.3762644,1.0960343437735849,0.040313893329620376,0.7600838437735848
P012,Lap 4,Str 1-2,0.1679505,0.54050946,1.0960343437735849,0.3725589623565674,0.9280838437735849
P012,Lap 5,Str 1-2,0.1739505,0.109436154,1.0960343437735849,0.06451434563446046,0.9220838437735849
P012,Lap 6,Str 1-2,0.2579505,0.35564077,1.0960343437735849,0.09769026900482175,0.8380838437735849
P011,Lap 1,Str 1-2,0.1689505,0.24773839,1.0960343437735849,0.07878789116096496,0.9270838437735849
P011,Lap 2,Str 1-2,0.1859505,0.08207705,1.0960343437735849,0.1038734512810707,0.9100838437735849
P011,Lap 3,Str 1-2,-0.1170495,0.077092774,1.0960343437735849,0.19414227421236038,1.213083843773585
P011,Lap 4,Str 1-2,0.0379505,-0.037279427,1.0960343437735849,0.07522992705154419,1.0580838437735849
P011,Lap 5,Str 1-2,0.0949505,-0.056312863,1.0960343437735849,0.15126336278367042,1.001083843773585
P011,Lap 6,Str 1-2,0.1519505,0.038668312,1.0960343437735849,0.11328218786764144,0.9440838437735849
P005,Lap 2,Str 1-2,3.4809505,0.56327873,1.0960343437735849,2.9176717653160096,2.3849161562264154
P005,Lap 3,Str 1-2,3.0389505,0.9387967,1.0960343437735849,2.1001538009529113,1.942916156226415
P005,Lap 4,Str 1-2,3.0209505,1.3169756,1.0960343437735849,1.7039749064331056,1.9249161562264152
P001,Lap 2,Str 1-2,1.2379505,0.24278872,1.0960343437735849,0.9951617828493118,0.14191615622641507
P001,Lap 3,Str 1-2,1.6189505,0.22703756,1.0960343437735849,1.391912936079979,0.5229161562264151
P001,Lap 4,Str 1-2,1.4679505,0.22464727,1.0960343437735849,1.243303231347084,0.37191615622641505
P001,Lap 5,Str 1-2,1.6199505,0.19275634,1.0960343437735849,1.427194160092354,0.5239161562264152
P001,Lap 6,Str 1-2,2.3279505,1.4718242,1.0960343437735849,0.8561263308410645,1.2319161562264151
P001,Lap 7,Str 1-2,1.3619505,-0.12550998,1.0960343437735849,1.4874604773406983,0.2659161562264152
P001,Lap 8,Str 1-2,2.1289505,0.57327634,1.0960343437735849,1.555674159038544,1.0329161562264153
P134,Lap 2,Str 2-3,0.541405,0.53427446,0.3847013518936877,0.007130541114807154,0.15670364810631232
P134,Lap 3,Str 2-3,0.423405,0.3217558,0.3847013518936877,0.10164920332908628,0.03870364810631227
P134,Lap 4,Str 2-3,0.467405,0.44806698,0.3847013518936877,0.019338020353317276,0.08270364810631231
P134,Lap 6,Str 2-3,0.300405,0.37253147,0.3847013518936877,0.07212647363662722,0.08429635189368773
P134,Lap 7,Str 2-3,0.559405,0.8189029,0.3847013518936877,0.25949790975570675,0.17470364810631234
P134,Lap 8,Str 2-3,0.346405,0.3747773,0.3847013518936877,0.028372287244796734,0.038296351893687686
P134,Lap 9,Str 2-3,0.314405,0.31380585,0.3847013518936877,0.0005991516399383445,0.07029635189368771
P134,Lap 11,Str 2-3,0.339405,0.30940607,0.3847013518936877,0.0299989280986786,0.04529635189368769
P129,Lap 2,Str 2-3,1.179405,0.696484,0.3847013518936877,0.48292097070693973,0.7947036481063123
P129,Lap 3,Str 2-3,0.972405,0.6344808,0.3847013518936877,0.33792422559738156,0.5877036481063123
P129,Lap 4,Str 2-3,0.815405,0.5441698,0.3847013518936877,0.2712352164077759,0.43070364810631234
P129,Lap 5,Str 2-3,1.198405,0.60018826,0.3847013518936877,0.5982167446899413,0.8137036481063122
P129,Lap 6,Str 2-3,0.575405,0.5405933,0.3847013518936877,0.0348116739082337,0.19070364810631235
P129,Lap 7,Str 2-3,0.540405,0.47846264,0.3847013518936877,0.061942363529205346,0.15570364810631232
P129,Lap 8,Str 2-3,0.560405,0.48886558,0.3847013518936877,0.0715394158649445,0.17570364810631234
P129,Lap 9,Str 2-3,0.630405,0.6706567,0.3847013518936877,0.04025168106079102,0.2457036481063123
P129,Lap 10,Str 2-3,0.965405,1.5191927,0.3847013518936877,0.5537876956176758,0.5807036481063123
P123,Lap 2,Str 2-3,0.330405,0.25612602,0.3847013518936877,0.0742789836215973,0.0542963518936877
P123,Lap 3,Str 2-3,0.308405,0.26397914,0.3847013518936877,0.044425863056182846,0.07629635189368772
P123,Lap 4,Str 2-3,0.273405,0.24565852,0.3847013518936877,0.02774648311614991,0.1112963518936877
P123,Lap 5,Str 2-3,0.206405,0.24540551,0.3847013518936877,0.03900051006793975,0.1782963518936877
P123,Lap 6,Str 2-3,0.351405,0.30868638,0.3847013518936877,0.042718624382019066,0.03329635189368768
P123,Lap 7,Str 2-3,0.424405,0.30338532,0.3847013518936877,0.12101968267440794,0.03970364810631227
P123,Lap 8,Str 2-3,0.338405,0.29091564,0.3847013518936877,0.04748936179161073,0.04629635189368769
P123,Lap 9,Str 2-3,0.194405,0.26237512,0.3847013518936877,0.06797011634826661,0.1902963518936877
P123,Lap 10,Str 2-3,0.263405,0.27149615,0.3847013518936877,0.00809114691734314,0.1212963518936877
P123,Lap 11,Str 2-3,0.222405,0.26597762,0.3847013518936877,0.04357262107849122,0.1622963518936877
P123,Lap 12,Str 2-3,0.187405,0.25623617,0.3847013518936877,0.06883116576194764,0.19729635189368772
P120,Lap 2,Str 2-3,0.435405,0.32590532,0.3847013518936877,0.10949967697143553,0.05070364810631228
P120,Lap 3,Str 2-3,0.359405,0.30995658,0.3847013518936877,0.049448419599533056,0.02529635189368773
P120,Lap 5,Str 2-3,0.505405,0.43873587,0.3847013518936877,0.06666912749290466,0.12070364810631229
P120,Lap 6,Str 2-3,0.305405,0.27694368,0.3847013518936877,0.028461316375732404,0.07929635189368772
P120,Lap 7,Str 2-3,0.228405,0.26334855,0.3847013518936877,0.0349435496044159,0.1562963518936877
P120,Lap 8,Str 2-3,0.233405,0.24642698,0.3847013518936877,0.013021984667778014,0.1512963518936877
P120,Lap 9,Str 2-3,0.194405,0.26334855,0.3847013518936877,0.0689435496044159,0.1902963518936877
P120,Lap 10,Str 2-3,0.455405,0.28331244,0.3847013518936877,0.17209256008148194,0.0707036481063123
P120,Lap 11,Str 2-3,0.286405,0.29467657,0.3847013518936877,0.00827157208442686,0.09829635189368768
P120,Lap 12,Str 2-3,0.250405,0.2569033,0.3847013518936877,0.006498290748596203,0.13429635189368772
P113,Lap 2,Str 2-3,0.290405,0.27834833,0.3847013518936877,0.01205667331695559,0.09429635189368768
P113,Lap 3,Str 2-3,0.226405,0.25665623,0.3847013518936877,0.030251229496002202,0.1582963518936877
P113,Lap 4,Str 2-3,0.430405,0.3354596,0.3847013518936877,0.09494541004180906,0.04570364810631228
P113,Lap 6,Str 2-3,0.229405,0.24291642,0.3847013518936877,0.013511420102119448,0.1552963518936877
P113,Lap 7,Str 2-3,0.451405,0.4848253,0.3847013518936877,0.033420313091278075,0.0667036481063123
P113,Lap 8,Str 2-3,0.245405,0.22826412,0.3847013518936877,0.017140876798629773,0.1392963518936877
P113,Lap 9,Str 2-3,0.220405,0.28131047,0.3847013518936877,0.060905468912124644,0.16429635189368771
P113,Lap 10,Str 2-3,0.162405,0.24595205,0.3847013518936877,0.08354705485820771,0.2222963518936877
P113,Lap 11,Str 2-3,0.188405,0.25919688,0.3847013518936877,0.07079187747955323,0.19629635189368771
P113,Lap 12,Str 2-3,0.267405,0.17906846,0.3847013518936877,0.08833653893947602,0.1172963518936877
P107,Lap 2,Str 2-3,0.502405,0.50501096,0.3847013518936877,0.0026059624862670994,0.11770364810631229
P107,Lap 3,Str 2-3,0.646405,0.47781795,0.3847013518936877,0.16858704736709595,0.2617036481063123
P107,Lap 4,Str 2-3,0.444405,0.32242203,0.3847013518936877,0.12198297241210937,0.05970364810631229
P107,Lap 5,Str 2-3,0.397405,0.34952357,0.3847013518936877,0.04788142588615418,0.012703648106312304
P107,Lap 6,Str 2-3,0.928405,1.089876,0.3847013518936877,0.16147105571746823,0.5437036481063123
P107,Lap 7,Str 2-3,0.434405,0.346922,0.3847013518936877,0.08748298981666564,0.04970364810631228
P107,Lap 8,Str 2-3,0.370405,0.37182692,0.3847013518936877,0.0014219169330597081,0.01429635189368772
P107,Lap 9,Str 2-3,1.147405,0.71363145,0.3847013518936877,0.4337735488700867,0.7627036481063123
P105,Lap 2,Str 2-3,0.314405,0.35419202,0.3847013518936877,0.03978701850891114,0.07029635189368771
P105,Lap 3,Str 2-3,0.701405,0.58297396,0.3847013518936877,0.11843104293823237,0.31670364810631224
P105,Lap 4,Str 2-3,0.261405,0.29782483,0.3847013518936877,0.03641982981681824,0.1232963518936877
P105,Lap 5,Str 2-3,0.365405,0.4790657,0.3847013518936877,0.11366068646430971,0.019296351893687724
P105,Lap 6,Str 2-3,0.579405,0.5927759,0.3847013518936877,0.013370881290435843,0.19470364810631224
P105,Lap 7,Str 2-3,0.498405,0.83474606,0.3847013518936877,0.33634106275558473,0.11370364810631228
P105,Lap 8,Str 2-3,0.431405,0.4833122,0.3847013518936877,0.05190718957901003,0.04670364810631228
P105,Lap 9,Str 2-3,0.330405,0.37800238,0.3847013518936877,0.047597375364303585,0.0542963518936877
P105,Lap 10,Str 2-3,0.577405,0.47723535,0.3847013518936877,0.10016965296745295,0.19270364810631224
P105,Lap 11,Str 2-3,0.356405,0.4389132,0.3847013518936877,0.0825081963253021,0.028296351893687677
P105,Lap 12,Str 2-3,0.430405,0.38134202,0.3847013518936877,0.049062976388931256,0.04570364810631228
P104,Lap 2,Str 2-3,1.251405,1.210523,0.3847013518936877,0.04088199069976817,0.8667036481063124
P104,Lap 3,Str 2-3,0.471405,0.46611747,0.3847013518936877,0.0052875285434723085,0.08670364810631231
P104,Lap 4,Str 2-3,0.785405,0.89054805,0.3847013518936877,0.10514305040359495,0.4007036481063123
P104,Lap 5,Str 2-3,0.526405,0.74607503,0.3847013518936877,0.21967003414154052,0.1417036481063123
P104,Lap 6,Str 2-3,0.606405,0.56008893,0.3847013518936877,0.0463160674858093,0.22170364810631227
P104,Lap 7,Str 2-3,0.396405,0.35066807,0.3847013518936877,0.04573692729949952,0.011703648106312303
P104,Lap 8,Str 2-3,0.432405,0.54794997,0.3847013518936877,0.11554496976852419,0.04770364810631228
P104,Lap 9,Str 2-3,0.604405,0.506293,0.3847013518936877,0.098112001209259,0.21970364810631227
P104,Lap 10,Str 2-3,0.477405,0.49623147,0.3847013518936877,0.018826466531753516,0.09270364810631232
P104,Lap 11,Str 2-3,0.660405,0.85210335,0.3847013518936877,0.19169835254669187,0.2757036481063123
P103,Lap 2,Str 2-3,0.465405,0.47198516,0.3847013518936877,0.006580161304473864,0.08070364810631231
P103,Lap 3,Str 2-3,0.911405,1.0562395,0.3847013518936877,0.1448344857406616,0.5267036481063123
P103,Lap 4,Str 2-3,0.862405,1.5477008,0.3847013518936877,0.6852957627487183,0.4777036481063123
P103,Lap 5,Str 2-3,0.486405,0.45824358,0.3847013518936877,0.02816142132759092,0.10170364810631227
P103,Lap 6,Str 2-3,1.051405,0.65140855,0.3847013518936877,0.3999964468765258,0.6667036481063122
P103,Lap 7,Str 2-3,0.328405,0.33768094,0.3847013518936877,0.009275935859680173,0.0562963518936877
P103,Lap 8,Str 2-3,0.401405,0.43468407,0.3847013518936877,0.03327906796455382,0.016703648106312308
P103,Lap 9,Str 2-3,0.732405,1.0659727,0.3847013518936877,0.33356768581390384,0.34770364810631227
P103,Lap 11,Str 2-3,0.668405,0.80236596,0.3847013518936877,0.13396095869064328,0.2837036481063123
P090,Lap 2,Str 2-3,0.342405,0.3446742,0.3847013518936877,0.0022691998195648044,0.04229635189368769
P090,Lap 3,Str 2-3,0.290405,0.31399578,0.3847013518936877,0.023590778560638404,0.09429635189368768
P090,Lap 4,Str 2-3,0.328405,0.40871266,0.3847013518936877,0.08030765530586242,0.0562963518936877
P090,Lap 5,Str 2-3,0.284405,0.33570477,0.3847013518936877,0.05129977366447447,0.10029635189368769
P090,Lap 6,Str 2-3,0.297405,0.2772735,0.3847013518936877,0.020131494073867773,0.08729635189368773
P090,Lap 7,Str 2-3,0.217405,0.26084206,0.3847013518936877,0.04343705508232118,0.16729635189368772
P090,Lap 8,Str 2-3,0.319405,0.3457386,0.3847013518936877,0.026333589763641363,0.06529635189368771
P090,Lap 9,Str 2-3,0.251405,0.25736478,0.3847013518936877,0.005959779710769664,0.13329635189368771
P090,Lap 10,Str 2-3,0.226405,0.27446726,0.3847013518936877,0.04806225964546204,0.1582963518936877
P089,Lap 2,Str 2-3,0.593405,0.4423592,0.3847013518936877,0.15104579093933101,0.20870364810631226
P089,Lap 4,Str 2-3,0.637405,0.4906067,0.3847013518936877,0.14679830458641052,0.2527036481063123
P089,Lap 5,Str 2-3,0.354405,0.2710718,0.3847013518936877,0.08333320835113528,0.03029635189368768
P089,Lap 6,Str 2-3,0.388405,0.388924,0.3847013518936877,0.0005190026473999021,0.003703648106312296
P089,Lap 8,Str 2-3,0.309405,0.29378745,0.3847013518936877,0.015617550401687608,0.07529635189368772
P089,Lap 9,Str 2-3,0.422405,0.4463894,0.3847013518936877,0.023984406919479395,0.03770364810631227
P089,Lap 10,Str 2-3,0.469405,0.45112097,0.3847013518936877,0.0182840273666382,0.08470364810631231
P084,Lap 3,Str 2-3,1.144246,0.5308377,0.3847013518936877,0.6134082853279115,0.7595446481063124
P084,Lap 4,Str 2-3,0.824543,0.64946103,0.3847013518936877,0.17508196903991702,0.4398416481063123
P084,Lap 5,Str 2-3,1.259427,0.6454042,0.3847013518936877,0.6140227803726197,0.8747256481063124
P084,Lap 6,Str 2-3,0.710317,0.036342062,0.3847013518936877,0.6739749379439354,0.32561564810631227
P083,Lap 5,Str 2-3,1.017065,1.021255,0.3847013518936877,0.004190016326904189,0.6323636481063124
P067,Lap 1,Str 2-3,0.075834,0.6603221,0.3847013518936877,0.58448812972641,0.3088673518936877
P067,Lap 2,Str 2-3,0.343277,1.1786519,0.3847013518936877,0.8353749289016723,0.041424351893687705
P067,Lap 3,Str 2-3,-0.033969,0.48559502,0.3847013518936877,0.5195640176715851,0.41867035189368773
P067,Lap 5,Str 2-3,0.669239,0.7728593,0.3847013518936877,0.10362027534103391,0.2845376481063123
P059,Lap 1,Str 2-3,0.417817,0.35330686,0.3847013518936877,0.0645101402683258,0.03311564810631229
P059,Lap 2,Str 2-3,0.296607,0.19270347,0.3847013518936877,0.1039035294122696,0.0880943518936877
P059,Lap 3,Str 2-3,0.273277,0.19210586,0.3847013518936877,0.08117114048194884,0.11142435189368771
P059,Lap 4,Str 2-3,0.390203,0.26319668,0.3847013518936877,0.12700632303047182,0.005501648106312318
P059,Lap 5,Str 2-3,-0.147472,0.23821118,0.3847013518936877,0.3856831847400665,0.5321733518936878
P059,Lap 6,Str 2-3,0.333572,0.25334966,0.3847013518936877,0.08022233817291258,0.051129351893687724
P049,Lap 1,Str 2-3,0.1853,0.055438608,0.3847013518936877,0.1298613920688629,0.1994013518936877
P049,Lap 2,Str 2-3,0.048756,-0.31929228,0.3847013518936877,0.36804827709770205,0.3359453518936877
P049,Lap 3,Str 2-3,0.06822,-0.08177233,0.3847013518936877,0.1499923274230957,0.3164813518936877
P049,Lap 4,Str 2-3,0.130201,-0.009562371,0.3847013518936877,0.13976337129867078,0.2545003518936877
P049,Lap 5,Str 2-3,0.126167,0.11188913,0.3847013518936877,0.014277868632793428,0.2585343518936877
P049,Lap 6,Str 2-3,0.027039,0.27142006,0.3847013518936877,0.24438106158828735,0.3576623518936877
P048,Lap 1,Str 2-3,0.402778,0.6913829,0.3847013518936877,0.288604884979248,0.01807664810631232
P048,Lap 2,Str 2-3,0.140228,0.3597443,0.3847013518936877,0.21951631037902833,0.2444733518936877
P048,Lap 3,Str 2-3,0.055371,0.28599688,0.3847013518936877,0.23062588410758972,0.3293303518936877
P048,Lap 4,Str 2-3,0.002129,-0.067170896,0.3847013518936877,0.0692998956360817,0.3825723518936877
P048,Lap 5,Str 2-3,-0.137568,0.21705532,0.3847013518936877,0.3546233207397461,0.5222693518936877
P048,Lap 6,Str 2-3,0.272588,0.40741807,0.3847013518936877,0.13483007222366333,0.11211335189368771
P043,Lap 2,Str 2-3,0.256438,0.07295806,0.3847013518936877,0.1834799403910637,0.1282633518936877
P039,Lap 2,Str 2-3,0.606842,0.54102474,0.3847013518936877,0.06581725548934936,0.2221406481063123
P039,Lap 3,Str 2-3,0.648225,0.59959775,0.3847013518936877,0.04862724790573125,0.26352364810631235
P039,Lap 4,Str 2-3,0.408383,2.8443828,0.3847013518936877,2.4359997629089354,0.023681648106312292
P039,Lap 5,Str 2-3,0.189176,0.20271982,0.3847013518936877,0.013543822525978078,0.1955253518936877
P039,Lap 6,Str 2-3,0.109472,0.5041135,0.3847013518936877,0.394641495349884,0.2752293518936877
P028,Lap 1,Str 2-3,0.148564,0.18484585,0.3847013518936877,0.036281849871635435,0.2361373518936877
P028,Lap 2,Str 2-3,0.608571,0.28406543,0.3847013518936877,0.3245055746040344,0.22386964810631227
P028,Lap 3,Str 2-3,-0.121774,0.21427092,0.3847013518936877,0.3360449195613861,0.5064753518936878
P028,Lap 4,Str 2-3,0.164628,0.53022385,0.3847013518936877,0.3655958464355469,0.2200733518936877
P028,Lap 5,Str 2-3,0.065155,0.9519499,0.3847013518936877,0.8867948944282532,0.3195463518936877
P028,Lap 6,Str 2-3,-0.054194,-0.01793684,0.3847013518936877,0.036257159346580504,0.4388953518936877
P020,Lap 2,Str 2-3,1.078279,0.72894776,0.3847013518936877,0.3493312413253784,0.6935776481063123
P020,Lap 4,Str 2-3,1.214344,0.21152739,0.3847013518936877,1.0028166077318192,0.8296426481063124
P020,Lap 5,Str 2-3,0.637584,0.40864438,0.3847013518936877,0.22893962181472782,0.25288264810631234
P020,Lap 6,Str 2-3,0.837898,-0.03019649,0.3847013518936877,0.8680944897662402,0.4531966481063123
P019,Lap 1,Str 2-3,0.46086,0.54261315,0.3847013518936877,0.08175314868927003,0.07615864810631229
P019,Lap 2,Str 2-3,0.406391,0.8581464,0.3847013518936877,0.45175542906188965,0.021689648106312298
P019,Lap 3,Str 2-3,0.618453,0.79351777,0.3847013518936877,0.1750647683830261,0.23375164810631233
P019,Lap 4,Str 2-3,0.414392,0.8682396,0.3847013518936877,0.45384758158493044,0.02969064810631228
P019,Lap 5,Str 2-3,0.647769,0.5984971,0.3847013518936877,0.049271907276153604,0.26306764810631234
P019,Lap 6,Str 2-3,0.353982,0.71474516,0.3847013518936877,0.3607631639175415,0.030719351893687685
P012,Lap 1,Str 2-3,0.219405,0.11179521,0.3847013518936877,0.10760979065179824,0.16529635189368772
P012,Lap 2,Str 2-3,0.050405,-0.06809122,0.3847013518936877,0.11849622115373612,0.3342963518936877
P012,Lap 3,Str 2-3,0.146405,0.14288372,0.3847013518936877,0.0035212819862365796,0.2382963518936877
P012,Lap 4,Str 2-3,0.107405,0.06447569,0.3847013518936877,0.04292930719137192,0.27729635189368773
P012,Lap 5,Str 2-3,-0.069595,0.29237872,0.3847013518936877,0.3619737236213684,0.4542963518936877
P012,Lap 6,Str 2-3,0.007405,0.11301198,0.3847013518936877,0.10560697856664658,0.3772963518936877
P011,Lap 1,Str 2-3,0.093405,0.45525828,0.3847013518936877,0.3618532800388336,0.2912963518936877
P011,Lap 2,Str 2-3,-0.17551268,0.287889,0.3847013518936877,0.4634016837536621,0.5602140318936877
P011,Lap 3,Str 2-3,-0.061595,-0.10616389,0.3847013518936877,0.044568889169692996,0.4462963518936877
P011,Lap 4,Str 2-3,-0.060595,-0.0016399727,0.3847013518936877,0.05895502732627094,0.4452963518936877
P011,Lap 5,Str 2-3,-0.155595,0.24392794,0.3847013518936877,0.39952294072628025,0.5402963518936877
P011,Lap 6,Str 2-3,0.008405,0.21915482,0.3847013518936877,0.21074981984615326,0.3762963518936877
P005,Lap 4,Str 2-3,0.920405,0.5758092,0.3847013518936877,0.3445958192634583,0.5357036481063123
P001,Lap 4,Str 2-3,0.761405,0.13904208,0.3847013518936877,0.6223629205513,0.3767036481063123
P001,Lap 5,Str 2-3,0.603405,0.43348166,0.3847013518936877,0.1699233365345001,0.21870364810631227
P001,Lap 6,Str 2-3,0.398405,0.2839793,0.3847013518936877,0.11442570331573487,0.013703648106312305
P001,Lap 8,Str 2-3,0.429405,0.5843443,0.3847013518936877,0.1549393274497986,0.04470364810631228
P134,Lap 2,Str 3-4,5.315,5.3240457,3.4867819058666667,0.009045658111571875,1.8282180941333337
P134,Lap 3,Str 3-4,5.855,5.7982373,3.4867819058666667,0.0567626762390141,2.3682180941333337
P134,Lap 4,Str 3-4,5.329,5.410838,3.4867819058666667,0.08183812713623073,1.842218094133333
P134,Lap 5,Str 3-4,5.359,5.33492,3.4867819058666667,0.024080070495605455,1.8722180941333333
P134,Lap 6,Str 3-4,5.244,5.2652593,3.4867819058666667,0.02125926589965843,1.757218094133333
P134,Lap 7,Str 3-4,5.102,5.070678,3.4867819058666667,0.031321765899658516,1.6152180941333336
P134,Lap 8,Str 3-4,5.653,5.653539,3.4867819058666667,0.0005391807556156536,2.166218094133333
P134,Lap 9,Str 3-4,5.367,5.367227,3.4867819058666667,0.00022707748413086648,1.8802180941333333
P134,Lap 10,Str 3-4,5.218,5.135618,3.4867819058666667,0.08238179016113278,1.7312180941333333
P134,Lap 11,Str 3-4,5.064,5.1171217,3.4867819058666667,0.05312169647216791,1.5772180941333334
P129,Lap 2,Str 3-4,5.963,5.9577584,3.4867819058666667,0.0052415733337403125,2.4762180941333334
P129,Lap 3,Str 3-4,6.001,5.904678,3.4867819058666667,0.09632213211059604,2.5142180941333336
P129,Lap 4,Str 3-4,5.439,5.3858147,3.4867819058666667,0.05318533325195318,1.9522180941333334
P129,Lap 5,Str 3-4,5.654,5.5449843,3.4867819058666667,0.1090156593322753,2.167218094133333
P129,Lap 6,Str 3-4,5.351,5.3422647,3.4867819058666667,0.008735347747802713,1.8642180941333333
P129,Lap 7,Str 3-4,5.397,5.334064,3.4867819058666667,0.06293599319458032,1.9102180941333335
P129,Lap 8,Str 3-4,5.406,5.35209,3.4867819058666667,0.05391011810302704,1.919218094133333
P129,Lap 9,Str 3-4,5.371,5.359829,3.4867819058666667,0.011171051025391066,1.8842180941333337
P129,Lap 10,Str 3-4,5.298,5.29488,3.4867819058666667,0.0031200866699219176,1.8112180941333333
P123,Lap 2,Str 3-4,5.433,5.296962,3.4867819058666667,0.13603821563720686,1.9462180941333331
P123,Lap 3,Str 3-4,5.093,5.0884466,3.4867819058666667,0.004553382873535128,1.6062180941333333
P123,Lap 4,Str 3-4,4.849,4.9396734,3.4867819058666667,0.09067342376708964,1.3622180941333335
P123,Lap 5,Str 3-4,5.079,5.0733895,3.4867819058666667,0.0056104698181149715,1.592218094133333
P123,Lap 6,Str 3-4,4.948,5.0221443,3.4867819058666667,0.07414431762695273,1.4612180941333337
P123,Lap 7,Str 3-4,5.061,5.1672325,3.4867819058666667,0.10623251342773443,1.5742180941333332
P123,Lap 8,Str 3-4,5.156,5.231859,3.4867819058666667,0.07585920715332062,1.669218094133333
P123,Lap 9,Str 3-4,5.173,5.256517,3.4867819058666667,0.08351693344116207,1.6862180941333333
P123,Lap 10,Str 3-4,4.948,4.9718914,3.4867819058666667,0.02389140319824179,1.4612180941333337
P123,Lap 11,Str 3-4,5.033,5.1114454,3.4867819058666667,0.0784454269409176,1.5462180941333337
P123,Lap 12,Str 3-4,4.933,5.0239553,3.4867819058666667,0.09095534515380876,1.4462180941333331
P120,Lap 2,Str 3-4,5.474,5.3583307,3.4867819058666667,0.11566927337646504,1.9872180941333335
P120,Lap 3,Str 3-4,5.184,5.145991,3.4867819058666667,0.0380091514587404,1.6972180941333335
P120,Lap 4,Str 3-4,5.327,5.294703,3.4867819058666667,0.03229699325561519,1.8402180941333333
P120,Lap 5,Str 3-4,5.071,4.879083,3.4867819058666667,0.19191684341430637,1.584218094133333
P120,Lap 6,Str 3-4,5.136,5.1063447,3.4867819058666667,0.02965530014038098,1.6492180941333334
P120,Lap 7,Str 3-4,5.053,5.0499473,3.4867819058666667,0.0030527381896972017,1.5662180941333332
P120,Lap 8,Str 3-4,4.909,4.897981,3.4867819058666667,0.011018833160400199,1.422218094133333
P120,Lap 9,Str 3-4,4.9,4.5231924,3.4867819058666667,0.37680759429931676,1.4132180941333337
P120,Lap 10,Str 3-4,4.894,4.7815223,3.4867819058666667,0.11247772598266614,1.4072180941333334
P120,Lap 11,Str 3-4,4.924,4.832156,3.4867819058666667,0.09184381866455116,1.4372180941333337
P120,Lap 12,Str 3-4,4.875,4.4395075,3.4867819058666667,0.43549251556396484,1.3882180941333333
P113,Lap 2,Str 3-4,5.079,5.0982733,3.4867819058666667,0.019273277282715107,1.592218094133333
P113,Lap 3,Str 3-4,5.199,5.162578,3.4867819058666667,0.03642189407348617,1.7122180941333331
P113,Lap 4,Str 3-4,4.964,5.011717,3.4867819058666667,0.047716842651366775,1.4772180941333337
P113,Lap 5,Str 3-4,5.246,5.1801777,3.4867819058666667,0.06582231140136763,1.7592180941333337
P113,Lap 6,Str 3-4,4.955,5.003176,3.4867819058666667,0.048176212310790945,1.4682180941333334
P113,Lap 7,Str 3-4,5.115,5.1287365,3.4867819058666667,0.013736495971679474,1.6282180941333335
P113,Lap 8,Str 3-4,4.938,5.0288653,3.4867819058666667,0.09086533737182645,1.451218094133333
P113,Lap 9,Str 3-4,4.986,5.0126534,3.4867819058666667,0.02665335083007836,1.499218094133333
P113,Lap 10,Str 3-4,4.958,5.054176,3.4867819058666667,0.09617585372924786,1.4712180941333335
P113,Lap 11,Str 3-4,4.882,4.9752097,3.4867819058666667,0.09320971298217806,1.395218094133333
P113,Lap 12,Str 3-4,5.408,5.2590456,3.4867819058666667,0.14895439910888708,1.9212180941333337
P107,Lap 2,Str 3-4,5.687,5.7014017,3.4867819058666667,0.01440171051025363,2.2002180941333336
P107,Lap 3,Str 3-4,5.532,5.6126747,3.4867819058666667,0.0806747131347656,2.0452180941333333
P107,Lap 4,Str 3-4,5.329,5.2907434,3.4867819058666667,0.03825664901733372,1.842218094133333
P107,Lap 5,Str 3-4,5.335,5.347697,3.4867819058666667,0.012696781158447301,1.8482180941333333
P107,Lap 6,Str 3-4,5.471,5.446862,3.4867819058666667,0.02413777923583993,1.9842180941333334
P107,Lap 7,Str 3-4,5.401,5.5315676,3.4867819058666667,0.13056757354736348,1.914218094133333
P107,Lap 8,Str 3-4,5.166,5.1895237,3.4867819058666667,0.023523696899413693,1.6792180941333337
P107,Lap 9,Str 3-4,5.084,5.160795,3.4867819058666667,0.07679521179199256,1.597218094133333
P107,Lap 10,Str 3-4,5.146,5.1458235,3.4867819058666667,0.00017652130126943888,1.6592180941333332
P107,Lap 11,Str 3-4,5.54,5.446674,3.4867819058666667,0.09332612991333011,2.0532180941333333
P105,Lap 2,Str 3-4,5.494,5.5779934,3.4867819058666667,0.08399339294433616,2.007218094133333
P105,Lap 3,Str 3-4,5.386,5.4105616,3.4867819058666667,0.024561561584472535,1.8992180941333334
P105,Lap 4,Str 3-4,5.078,5.1119537,3.4867819058666667,0.03395373535156221,1.5912180941333336
P105,Lap 5,Str 3-4,5.331,5.412212,3.4867819058666667,0.08121189498901327,1.8442180941333337
P105,Lap 6,Str 3-4,5.241,5.306425,3.4867819058666667,0.06542509460449253,1.754218094133333
P105,Lap 7,Str 3-4,5.257,5.2807965,3.4867819058666667,0.023796527862549155,1.770218094133333
P105,Lap 8,Str 3-4,5.156,5.162268,3.4867819058666667,0.006268161773681946,1.669218094133333
P105,Lap 9,Str 3-4,5.146,5.228098,3.4867819058666667,0.08209791564941415,1.6592180941333332
P105,Lap 10,Str 3-4,4.962,5.060697,3.4867819058666667,0.09869707870483424,1.475218094133333
P105,Lap 11,Str 3-4,5.108,5.1057134,3.4867819058666667,0.0022866325378414487,1.621218094133333
P104,Lap 2,Str 3-4,5.688,5.790157,3.4867819058666667,0.10215684127807645,2.201218094133333
P104,Lap 3,Str 3-4,5.616,5.668968,3.4867819058666667,0.05296820068359409,2.129218094133333
P104,Lap 4,Str 3-4,5.673,5.7947135,3.4867819058666667,0.12171349716186519,2.1862180941333333
P104,Lap 5,Str 3-4,5.519,5.5638022,3.4867819058666667,0.044802242279052606,2.0322180941333334
P104,Lap 6,Str 3-4,5.757,5.8702426,3.4867819058666667,0.11324259567260775,2.270218094133333
P104,Lap 7,Str 3-4,5.745,5.608205,3.4867819058666667,0.13679515838623058,2.2582180941333334
P104,Lap 8,Str 3-4,5.091,5.1077337,3.4867819058666667,0.016733726501464652,1.6042180941333335
P104,Lap 9,Str 3-4,5.53,5.472262,3.4867819058666667,0.05773809432983423,2.0432180941333336
P104,Lap 10,Str 3-4,5.28,5.237995,3.4867819058666667,0.042004852294922124,1.7932180941333336
P104,Lap 11,Str 3-4,5.23,5.278458,3.4867819058666667,0.04845811843872028,1.7432180941333337
P103,Lap 2,Str 3-4,5.305,5.279402,3.4867819058666667,0.02559822082519503,1.818218094133333
P103,Lap 3,Str 3-4,5.535,5.6183233,3.4867819058666667,0.0833233261108397,2.0482180941333334
P103,Lap 4,Str 3-4,5.439,5.527441,3.4867819058666667,0.08844102478027338,1.9522180941333334
P103,Lap 5,Str 3-4,5.78,5.7994394,3.4867819058666667,0.019439430236816158,2.2932180941333336
P103,Lap 6,Str 3-4,5.412,5.5007715,3.4867819058666667,0.08877152252197273,1.9252180941333332
P103,Lap 7,Str 3-4,5.687,5.755048,3.4867819058666667,0.068047798156738,2.2002180941333336
P103,Lap 8,Str 3-4,5.4,5.406571,3.4867819058666667,0.006570911407470348,1.9132180941333337
P103,Lap 9,Str 3-4,5.278,5.3461976,3.4867819058666667,0.06819760513305706,1.7912180941333329
P103,Lap 10,Str 3-4,5.533,5.5168047,3.4867819058666667,0.01619530487060583,2.0462180941333337
P090,Lap 2,Str 3-4,5.459,5.506508,3.4867819058666667,0.04750787353515662,1.972218094133333
P090,Lap 3,Str 3-4,5.306,5.435309,3.4867819058666667,0.1293089332580566,1.8192180941333334
P090,Lap 4,Str 3-4,5.149,5.1829643,3.4867819058666667,0.033964324951171854,1.6622180941333333
P090,Lap 5,Str 3-4,5.16,5.2964993,3.4867819058666667,0.1364992523193358,1.6732180941333334
P090,Lap 6,Str 3-4,5.138,5.2076855,3.4867819058666667,0.06968547058105479,1.6512180941333332
P090,Lap 7,Str 3-4,5.424,5.3867903,3.4867819058666667,0.03720972442626991,1.9372180941333337
P090,Lap 8,Str 3-4,5.109,5.130732,3.4867819058666667,0.02173205947875978,1.6222180941333333
P090,Lap 9,Str 3-4,5.133,5.185517,3.4867819058666667,0.052516834259033196,1.6462180941333333
P090,Lap 10,Str 3-4,5.134,5.2076945,3.4867819058666667,0.0736945304870602,1.6472180941333336
P089,Lap 2,Str 3-4,6.085,5.935062,3.4867819058666667,0.14993806838989254,2.5982180941333333
P089,Lap 3,Str 3-4,5.937,5.7626777,3.4867819058666667,0.1743223304748538,2.4502180941333336
P089,Lap 4,Str 3-4,5.664,5.6569543,3.4867819058666667,0.007045711517333686,2.177218094133333
P089,Lap 5,Str 3-4,5.566,5.538147,3.4867819058666667,0.027853027343749837,2.079218094133333
P089,Lap 6,Str 3-4,5.397,5.3848248,3.4867819058666667,0.012175247192383054,1.9102180941333335
P089,Lap 8,Str 3-4,5.444,5.4756937,3.4867819058666667,0.031693702697753956,1.9572180941333333
P089,Lap 9,Str 3-4,5.584,5.5629992,3.4867819058666667,0.02100075149536096,2.097218094133333
P089,Lap 10,Str 3-4,5.505,5.520316,3.4867819058666667,0.01531612396240245,2.018218094133333
P084,Lap 2,Str 3-4,7.243363,3.6743736,3.4867819058666667,3.568989373291016,3.7565810941333337
P084,Lap 3,Str 3-4,6.495727,1.3039593,3.4867819058666667,5.191767749549865,3.008945094133333
P084,Lap 4,Str 3-4,6.514582,2.3870149,3.4867819058666667,4.127567134124756,3.027800094133333
P084,Lap 5,Str 3-4,6.919445,1.255685,3.4867819058666667,5.663760028190612,3.432663094133333
P084,Lap 6,Str 3-4,5.631318,3.9153125,3.4867819058666667,1.7160054713897708,2.1445360941333336
P083,Lap 2,Str 3-4,7.59675,4.3013344,3.4867819058666667,3.2954156188964845,4.109968094133333
P083,Lap 3,Str 3-4,8.413235,5.211922,3.4867819058666667,3.201312831268311,4.9264530941333335
P083,Lap 5,Str 3-4,6.542904,2.8692253,3.4867819058666667,3.673678736404419,3.0561220941333334
P083,Lap 6,Str 3-4,7.329956,2.1109135,3.4867819058666667,5.219042484909058,3.8431740941333334
P067,Lap 1,Str 3-4,0.165859,5.3699517,3.4867819058666667,5.204092725006103,3.3209229058666665
P067,Lap 2,Str 3-4,0.995712,1.0482388,3.4867819058666667,0.052526754272460896,2.4910699058666665
P067,Lap 3,Str 3-4,0.609397,4.721738,3.4867819058666667,4.112340861633301,2.8773849058666667
P067,Lap 5,Str 3-4,1.05884,3.8431695,3.4867819058666667,2.7843294507598877,2.4279419058666667
P067,Lap 6,Str 3-4,2.904748,4.531747,3.4867819058666667,1.6269988643188475,0.5820339058666666
P059,Lap 1,Str 3-4,0.264785,1.273117,3.4867819058666667,1.008331946220398,3.221996905866667
P059,Lap 2,Str 3-4,0.072053,0.06808355,3.4867819058666667,0.003969452944278723,3.4147289058666668
P059,Lap 3,Str 3-4,0.499068,2.6646805,3.4867819058666667,2.1656124809570314,2.987713905866667
P059,Lap 4,Str 3-4,0.209368,0.34994656,3.4867819058666667,0.1405785584754944,3.2774139058666667
P059,Lap 5,Str 3-4,0.058914,0.7969542,3.4867819058666667,0.7380402145729065,3.4278679058666666
P059,Lap 6,Str 3-4,0.029455,-0.02336333,3.4867819058666667,0.05281832947015762,3.4573269058666667
P049,Lap 1,Str 3-4,-0.074522,0.19223605,3.4867819058666667,0.26675805096340177,3.5613039058666667
P049,Lap 2,Str 3-4,-0.126152,-0.015421293,3.4867819058666667,0.11073070725542306,3.6129339058666665
P049,Lap 3,Str 3-4,-0.043826,0.10299298,3.4867819058666667,0.146818981672287,3.530607905866667
P049,Lap 4,Str 3-4,-0.056191,-0.24858133,3.4867819058666667,0.19239033494853974,3.542972905866667
P049,Lap 5,Str 3-4,-0.170435,-0.097635634,3.4867819058666667,0.07279936575651169,3.6572169058666666
P049,Lap 6,Str 3-4,0.056246,0.029831395,3.4867819058666667,0.026414605446815488,3.430535905866667
P048,Lap 1,Str 3-4,0.117498,-0.03939462,3.4867819058666667,0.15689262080597877,3.369283905866667
P048,Lap 2,Str 3-4,-0.17551268,-0.020294406,3.4867819058666667,0.1552182744800377,3.662294585866667
P048,Lap 3,Str 3-4,-0.032569,0.14632155,3.4867819058666667,0.17889055001163484,3.5193509058666668
P048,Lap 4,Str 3-4,-0.17551268,1.1636333,3.4867819058666667,1.3391460265576172,3.662294585866667
P048,Lap 5,Str 3-4,-0.075571,0.5523706,3.4867819058666667,0.6279416078529358,3.5623529058666668
P048,Lap 6,Str 3-4,0.196362,-0.124413155,3.4867819058666667,0.32077515501928333,3.2904199058666666
P043,Lap 2,Str 3-4,5.284435,-0.038239863,3.4867819058666667,5.322674862769842,1.7976530941333335
P039,Lap 2,Str 3-4,0.561398,0.5817843,3.4867819058666667,0.020386307956695604,2.9253839058666666
P039,Lap 3,Str 3-4,0.767667,0.8262397,3.4867819058666667,0.058572705085754406,2.719114905866667
P039,Lap 4,Str 3-4,0.271163,0.5838162,3.4867819058666667,0.31265317069244386,3.2156189058666667
P039,Lap 5,Str 3-4,0.367703,0.21866302,3.4867819058666667,0.1490399780778885,3.1190789058666666
P039,Lap 6,Str 3-4,0.282724,1.7598896,3.4867819058666667,1.4771656026611328,3.2040579058666667
P028,Lap 1,Str 3-4,0.044398,2.3095675,3.4867819058666667,2.2651694514770506,3.4423839058666665
P028,Lap 2,Str 3-4,0.059791,0.43347403,3.4867819058666667,0.37368303407096864,3.4269909058666665
P028,Lap 3,Str 3-4,0.040806,1.6699761,3.4867819058666667,1.6291701152267457,3.445975905866667
P028,Lap 4,Str 3-4,0.010359,0.54983246,3.4867819058666667,0.5394734632644653,3.476422905866667
P028,Lap 5,Str 3-4,1.98835,2.7755415,3.4867819058666667,0.7871915439605712,1.4984319058666666
P028,Lap 6,Str 3-4,0.07265,1.3888817,3.4867819058666667,1.3162316833496093,3.414131905866667
P020,Lap 2,Str 3-4,6.169494,1.552496,3.4867819058666667,4.616998043579102,2.6827120941333336
P020,Lap 3,Str 3-4,5.910447,1.9699346,3.4867819058666667,3.9405124172897334,2.423665094133333
P020,Lap 4,Str 3-4,6.441093,1.2415842,3.4867819058666667,5.199508818214417,2.9543110941333337
P020,Lap 5,Str 3-4,5.439754,-0.1787339,3.4867819058666667,5.6184879001893995,1.952972094133333
P020,Lap 6,Str 3-4,6.131553,2.0098555,3.4867819058666667,4.121697491195679,2.6447710941333336
P019,Lap 1,Str 3-4,0.975617,1.1395999,3.4867819058666667,0.16398291931915288,2.511164905866667
P019,Lap 2,Str 3-4,0.594501,0.6025976,3.4867819058666667,0.008096594261169487,2.8922809058666665
P019,Lap 3,Str 3-4,0.745997,0.7812163,3.4867819058666667,0.03521932337570188,2.7407849058666667
P019,Lap 4,Str 3-4,0.477895,0.6484438,3.4867819058666667,0.17054881809234618,3.0088869058666665
P019,Lap 5,Str 3-4,0.589032,0.52959603,3.4867819058666667,0.059435969287872314,2.8977499058666667
P019,Lap 6,Str 3-4,0.645648,0.7900804,3.4867819058666667,0.14443242812347412,2.8411339058666667
P012,Lap 1,Str 3-4,-0.002,-0.0004927267,3.4867819058666667,0.0015072733145207167,3.4887819058666665
P012,Lap 2,Str 3-4,-0.161,0.3470835,3.4867819058666667,0.5080835089683533,3.6477819058666667
P012,Lap 3,Str 3-4,0.1,0.16571255,3.4867819058666667,0.06571255028247833,3.3867819058666666
P012,Lap 4,Str 3-4,0.044,0.27090716,3.4867819058666667,0.22690716361999513,3.4427819058666667
P012,Lap 5,Str 3-4,0.067,0.16473332,3.4867819058666667,0.09773332047462463,3.4197819058666665
P012,Lap 6,Str 3-4,0.013,-0.09451332,3.4867819058666667,0.10751331943273544,3.473781905866667
P011,Lap 1,Str 3-4,-0.086,0.19505073,3.4867819058666667,0.28105073130130764,3.5727819058666666
P011,Lap 2,Str 3-4,-0.14,-0.08394342,3.4867819058666667,0.056056580841541304,3.626781905866667
P011,Lap 3,Str 3-4,-0.148,-0.100955695,3.4867819058666667,0.04704430508613586,3.634781905866667
P011,Lap 4,Str 3-4,-0.063,0.45778593,3.4867819058666667,0.5207859342098236,3.549781905866667
P011,Lap 5,Str 3-4,0.039,0.051255517,3.4867819058666667,0.012255516707897186,3.4477819058666666
P011,Lap 6,Str 3-4,-0.089,0.3279431,3.4867819058666667,0.4169430866241455,3.5757819058666667
P005,Lap 2,Str 3-4,6.512,0.62133074,3.4867819058666667,5.890669261932373,3.025218094133333
P005,Lap 4,Str 3-4,6.361,0.7261135,3.4867819058666667,5.634886501789093,2.874218094133333
P001,Lap 2,Str 3-4,5.569,0.19442274,3.4867819058666667,5.374577263236046,2.0822180941333333
P001,Lap 3,Str 3-4,5.658,0.07266212,3.4867819058666667,5.585337877452374,2.1712180941333337
P001,Lap 4,Str 3-4,5.383,0.076309316,3.4867819058666667,5.3066906841397286,1.8962180941333333
P001,Lap 5,Str 3-4,5.389,0.065895475,3.4867819058666667,5.323104524552822,1.9022180941333335
P001,Lap 6,Str 3-4,5.27,-0.053053036,3.4867819058666667,5.32305303633213,1.7832180941333329
P001,Lap 7,Str 3-4,5.483,0.14469379,3.4867819058666667,5.338306208133697,1.996218094133333
P001,Lap 8,Str 3-4,5.44,0.16843705,3.4867819058666667,5.271562951207161,1.9532180941333337
P134,Lap 2,Str 4-5,3.0589165,3.2602217,1.9883575991330342,0.20130521974182125,1.0705589008669658
P134,Lap 3,Str 4-5,3.1489165,3.2895358,1.9883575991330342,0.1406192608795167,1.1605589008669657
P134,Lap 4,Str 4-5,3.0879165,3.122736,1.9883575991330342,0.03481947717285161,1.0995589008669657
P134,Lap 5,Str 4-5,2.8519165,2.9145381,1.9883575991330342,0.06262164506530743,0.863558900866966
P134,Lap 6,Str 4-5,3.0319165,3.1548018,1.9883575991330342,0.1228853455505372,1.0435589008669657
P134,Lap 7,Str 4-5,3.0559165,3.1297808,1.9883575991330342,0.0738642693481446,1.0675589008669657
P134,Lap 8,Str 4-5,2.8639165,2.8908372,1.9883575991330342,0.026920692535400192,0.875558900866966
P134,Lap 9,Str 4-5,2.9879165,2.9771426,1.9883575991330342,0.010773927597045763,0.9995589008669656
P134,Lap 10,Str 4-5,3.0849165,3.074901,1.9883575991330342,0.010015396026611167,1.0965589008669656
P134,Lap 11,Str 4-5,2.7239165,2.796001,1.9883575991330342,0.0720844574890136,0.7355589008669658
P129,Lap 2,Str 4-5,3.6929165,3.0950594,1.9883575991330342,0.5978571051635742,1.7045589008669657
P129,Lap 3,Str 4-5,3.8409165,3.480656,1.9883575991330342,0.36026059141540534,1.8525589008669658
P129,Lap 4,Str 4-5,2.7889165,2.8622556,1.9883575991330342,0.07333907327270506,0.8005589008669658
P129,Lap 5,Str 4-5,3.0049165,2.9986134,1.9883575991330342,0.0063031424560549,1.016558900866966
P129,Lap 6,Str 4-5,3.0419165,3.2383287,1.9883575991330342,0.19641219529724108,1.053558900866966
P129,Lap 7,Str 4-5,3.2199165,3.1569517,1.9883575991330342,0.06296483412170417,1.2315589008669658
P129,Lap 8,Str 4-5,3.0319165,3.2230408,1.9883575991330342,0.19112431916809092,1.0435589008669657
P129,Lap 9,Str 4-5,2.9029165,2.9658158,1.9883575991330342,0.06289928254699717,0.9145589008669657
P129,Lap 10,Str 4-5,3.2229165,3.3364077,1.9883575991330342,0.1134911614379881,1.234558900866966
P123,Lap 2,Str 4-5,4.6649165,3.867083,1.9883575991330342,0.7978334273376468,2.676558900866966
P123,Lap 3,Str 4-5,2.9149165,2.967892,1.9883575991330342,0.052975431533813566,0.9265589008669657
P123,Lap 4,Str 4-5,3.0839165,3.045772,1.9883575991330342,0.03814442434692378,1.0955589008669657
P123,Lap 5,Str 4-5,3.0009165,3.0225666,1.9883575991330342,0.021650056930541783,1.012558900866966
P123,Lap 6,Str 4-5,2.9469165,2.9750774,1.9883575991330342,0.02816089067077643,0.9585589008669657
P123,Lap 7,Str 4-5,2.8159165,2.869593,1.9883575991330342,0.05367640504455551,0.8275589008669659
P123,Lap 8,Str 4-5,2.7119165,2.8011935,1.9883575991330342,0.08927697572326654,0.7235589008669658
P123,Lap 9,Str 4-5,2.9729165,2.4972227,1.9883575991330342,0.4756938380279543,0.984558900866966
P123,Lap 10,Str 4-5,2.7529165,2.810642,1.9883575991330342,0.057725504013061535,0.7645589008669658
P123,Lap 11,Str 4-5,2.6669165,2.7496772,1.9883575991330342,0.08276068124389635,0.6785589008669659
P123,Lap 12,Str 4-5,2.6449165,2.7226107,1.9883575991330342,0.07769421205139171,0.6565589008669657
P120,Lap 2,Str 4-5,3.2659165,2.5186317,1.9883575991330342,0.7472848032989501,1.2775589008669657
P120,Lap 3,Str 4-5,3.0589165,2.8878155,1.9883575991330342,0.17110102453613285,1.0705589008669658
P120,Lap 4,Str 4-5,2.8779165,2.873483,1.9883575991330342,0.004433557418823231,0.8895589008669658
P120,Lap 5,Str 4-5,2.9729165,2.8381672,1.9883575991330342,0.13474930944824237,0.984558900866966
P120,Lap 6,Str 4-5,2.9209165,2.9172812,1.9883575991330342,0.003635349182129044,0.9325589008669659
P120,Lap 7,Str 4-5,2.6899165,2.7541037,1.9883575991330342,0.06418716058349627,0.7015589008669656
P120,Lap 8,Str 4-5,2.8119165,2.883198,1.9883575991330342,0.07128152284240707,0.8235589008669659
P120,Lap 9,Str 4-5,2.7649165,2.800784,1.9883575991330342,0.03586761102294922,0.7765589008669658
P120,Lap 10,Str 4-5,2.8879165,2.8633962,1.9883575991330342,0.024520332244873266,0.899558900866966
P120,Lap 11,Str 4-5,3.6319165,2.536509,1.9883575991330342,1.0954074629821777,1.6435589008669658
P120,Lap 12,Str 4-5,2.7849165,2.8143325,1.9883575991330342,0.029415985198974592,0.7965589008669658
P113,Lap 2,Str 4-5,2.7109165,2.8390155,1.9883575991330342,0.128098983856201,0.722558900866966
P113,Lap 3,Str 4-5,2.7799165,2.8493884,1.9883575991330342,0.06947186097717273,0.7915589008669659
P113,Lap 4,Str 4-5,2.6949165,2.7775261,1.9883575991330342,0.08260964021301254,0.7065589008669659
P113,Lap 5,Str 4-5,2.7429165,2.7985435,1.9883575991330342,0.05562695321655253,0.754558900866966
P113,Lap 6,Str 4-5,2.9439165,2.929424,1.9883575991330342,0.014492452529907052,0.9555589008669656
P113,Lap 7,Str 4-5,2.8529165,2.8650558,1.9883575991330342,0.012139299484252852,0.8645589008669659
P113,Lap 8,Str 4-5,2.6949165,2.8125591,1.9883575991330342,0.11764262780761703,0.7065589008669659
P113,Lap 9,Str 4-5,2.6309165,2.7564006,1.9883575991330342,0.12548408517456044,0.6425589008669659
P113,Lap 10,Str 4-5,2.7909165,2.795772,1.9883575991330342,0.004855575653076372,0.8025589008669656
P113,Lap 11,Str 4-5,2.6129165,2.7673073,1.9883575991330342,0.15439078149414076,0.6245589008669656
P113,Lap 12,Str 4-5,2.7649165,2.0591605,1.9883575991330342,0.7057560290374756,0.7765589008669658
P107,Lap 2,Str 4-5,3.0619165,3.1109529,1.9883575991330342,0.04903635415649399,1.073558900866966
P107,Lap 3,Str 4-5,3.0349165,3.084306,1.9883575991330342,0.04938950166320799,1.0465589008669658
P107,Lap 4,Str 4-5,2.9369165,2.8769035,1.9883575991330342,0.06001296606445328,0.9485589008669659
P107,Lap 5,Str 4-5,2.7659165,2.785699,1.9883575991330342,0.019782390686035267,0.7775589008669657
P107,Lap 6,Str 4-5,2.9669165,2.9462068,1.9883575991330342,0.020709691909789996,0.9785589008669657
P107,Lap 7,Str 4-5,2.9839165,3.0492718,1.9883575991330342,0.06535532197570815,0.9955589008669656
P107,Lap 8,Str 4-5,2.8859165,2.924879,1.9883575991330342,0.03896257409667969,0.8975589008669658
P107,Lap 9,Str 4-5,3.1669165,3.1961715,1.9883575991330342,0.029255022140502795,1.178558900866966
P107,Lap 10,Str 4-5,2.8619165,2.9178174,1.9883575991330342,0.055900854202270533,0.8735589008669657
P107,Lap 11,Str 4-5,2.8529165,2.9912972,1.9883575991330342,0.1383807450256347,0.8645589008669659
P105,Lap 2,Str 4-5,2.9819165,3.1907134,1.9883575991330342,0.20879690560913078,0.9935589008669659
P105,Lap 3,Str 4-5,3.1419165,3.213731,1.9883575991330342,0.07181455049133323,1.1535589008669656
P105,Lap 4,Str 4-5,3.4939165,3.3865674,1.9883575991330342,0.10734914579772958,1.5055589008669659
P105,Lap 5,Str 4-5,3.3999165,2.6521158,1.9883575991330342,0.7478006781616209,1.4115589008669656
P105,Lap 6,Str 4-5,3.3879165,3.2452824,1.9883575991330342,0.14263408842468284,1.399558900866966
P105,Lap 7,Str 4-5,3.0229165,3.1141503,1.9883575991330342,0.09123378572082519,1.0345589008669658
P105,Lap 8,Str 4-5,2.9569165,3.0577374,1.9883575991330342,0.10082085046386702,0.9685589008669659
P105,Lap 9,Str 4-5,2.9429165,2.9692485,1.9883575991330342,0.026332033248901432,0.9545589008669657
P105,Lap 10,Str 4-5,3.1849165,2.644489,1.9883575991330342,0.5404274500885009,1.1965589008669657
P105,Lap 11,Str 4-5,3.0429165,3.127986,1.9883575991330342,0.08506945428466794,1.0545589008669658
P105,Lap 12,Str 4-5,2.9759165,2.9806213,1.9883575991330342,0.0047048378906251465,0.9875589008669656
P104,Lap 2,Str 4-5,3.3069165,3.2109401,1.9883575991330342,0.0959763773956297,1.3185589008669656
P104,Lap 3,Str 4-5,3.0429165,3.1616642,1.9883575991330342,0.11874774751281736,1.0545589008669658
P104,Lap 4,Str 4-5,3.1519165,3.3055615,1.9883575991330342,0.15364504251098632,1.1635589008669658
P104,Lap 5,Str 4-5,2.9299165,3.0834088,1.9883575991330342,0.1534923325500488,0.9415589008669658
P104,Lap 6,Str 4-5,3.4209165,3.5452602,1.9883575991330342,0.12434369096374498,1.432558900866966
P104,Lap 7,Str 4-5,3.3209165,2.6990037,1.9883575991330342,0.6219128035583497,1.3325589008669658
P104,Lap 8,Str 4-5,2.9369165,3.0633116,1.9883575991330342,0.12639507684326157,0.9485589008669659
P104,Lap 9,Str 4-5,3.1679165,3.3600688,1.9883575991330342,0.19215229806518552,1.1795589008669658
P104,Lap 10,Str 4-5,3.0569165,3.1893253,1.9883575991330342,0.13240883264160175,1.0685589008669656
P104,Lap 11,Str 4-5,2.6849165,2.8407974,1.9883575991330342,0.15588092431640632,0.6965589008669657
P103,Lap 2,Str 4-5,2.8029165,2.928801,1.9883575991330342,0.12588455972290058,0.8145589008669656
P103,Lap 3,Str 4-5,2.8919165,2.9288898,1.9883575991330342,0.03697325143432639,0.9035589008669656
P103,Lap 4,Str 4-5,2.9159165,2.9535499,1.9883575991330342,0.037633361907959184,0.9275589008669656
P103,Lap 5,Str 4-5,3.4739165,3.4208083,1.9883575991330342,0.053108184722900464,1.4855589008669658
P103,Lap 6,Str 4-5,3.1629165,3.1657076,1.9883575991330342,0.0027910881958006506,1.174558900866966
P103,Lap 7,Str 4-5,3.3839165,3.517414,1.9883575991330342,0.1334975930175779,1.395558900866966
P103,Lap 8,Str 4-5,3.2539165,3.2205324,1.9883575991330342,0.0333840827026366,1.2655589008669657
P103,Lap 9,Str 4-5,3.0069165,3.126868,1.9883575991330342,0.11995150956726075,1.0185589008669658
P103,Lap 10,Str 4-5,3.2439165,3.2326894,1.9883575991330342,0.011227119354248138,1.2555589008669659
P103,Lap 11,Str 4-5,3.2349165,3.191911,1.9883575991330342,0.04300551786804219,1.246558900866966
P090,Lap 2,Str 4-5,3.0899165,3.1293902,1.9883575991330342,0.039473739715575995,1.101558900866966
P090,Lap 3,Str 4-5,3.0819165,3.114342,1.9883575991330342,0.03242547425842268,1.093558900866966
P090,Lap 4,Str 4-5,2.9749165,2.968287,1.9883575991330342,0.006629508880615198,0.9865589008669657
P090,Lap 5,Str 4-5,2.9119165,2.9637842,1.9883575991330342,0.05186771783447286,0.9235589008669656
P090,Lap 6,Str 4-5,2.8499165,2.9656477,1.9883575991330342,0.1157311974487305,0.8615589008669657
P090,Lap 7,Str 4-5,3.0289165,3.116312,1.9883575991330342,0.08739552697753927,1.0405589008669656
P090,Lap 8,Str 4-5,2.8479165,2.979585,1.9883575991330342,0.13166843232727032,0.859558900866966
P090,Lap 9,Str 4-5,2.9119165,2.9790633,1.9883575991330342,0.06714677247619649,0.9235589008669656
P090,Lap 10,Str 4-5,2.8249165,2.9242594,1.9883575991330342,0.09934292420959467,0.8365589008669658
P089,Lap 2,Str 4-5,2.6539165,2.6236796,1.9883575991330342,0.030236862091064243,0.6655589008669656
P089,Lap 3,Str 4-5,3.5449165,3.4240577,1.9883575991330342,0.120858777908325,1.5565589008669656
P089,Lap 4,Str 4-5,2.9949165,3.0715728,1.9883575991330342,0.07665628060913088,1.0065589008669658
P089,Lap 5,Str 4-5,2.9349165,3.0120056,1.9883575991330342,0.07708906755065925,0.9465589008669657
P089,Lap 6,Str 4-5,2.5869165,2.8208997,1.9883575991330342,0.23398322496032709,0.5985589008669658
P089,Lap 8,Str 4-5,2.7719165,2.8768435,1.9883575991330342,0.10492695245361316,0.7835589008669659
P089,Lap 9,Str 4-5,3.2189165,3.267285,1.9883575991330342,0.048368608566284,1.230558900866966
P089,Lap 10,Str 4-5,2.8879165,2.9427073,1.9883575991330342,0.05479080018615701,0.899558900866966
P084,Lap 2,Str 4-5,3.9577055,0.92243797,1.9883575991330342,3.0352675341300963,1.9693479008669657
P084,Lap 3,Str 4-5,3.1149035,0.41465086,1.9883575991330342,2.700252642551422,1.1265459008669658
P084,Lap 4,Str 4-5,3.6443875,2.022888,1.9883575991330342,1.6214995548248292,1.6560299008669659
P084,Lap 5,Str 4-5,3.2930965,1.0287861,1.9883575991330342,2.264310436805725,1.3047389008669656
P083,Lap 2,Str 4-5,3.8593935,1.1228849,1.9883575991330342,2.7365086304244994,1.8710359008669657
P083,Lap 3,Str 4-5,5.0680945,4.529574,1.9883575991330342,0.5385205826110839,3.0797369008669655
P083,Lap 5,Str 4-5,4.1409425,1.8406668,1.9883575991330342,2.300275729064942,2.152584900866966
P083,Lap 6,Str 4-5,4.7133075,2.8387742,1.9883575991330342,1.8745332957458496,2.7249499008669655
P067,Lap 1,Str 4-5,0.0010835,1.401469,1.9883575991330342,1.4003854922332764,1.9872740991330342
P067,Lap 2,Str 4-5,0.5628005,0.51679224,1.9883575991330342,0.04600826224136356,1.4255570991330342
P067,Lap 3,Str 4-5,0.7824235,0.54813623,1.9883575991330342,0.23428726571655278,1.2059340991330343
P067,Lap 5,Str 4-5,0.5169915,0.8371923,1.9883575991330342,0.3202007969818115,1.4713660991330342
P067,Lap 6,Str 4-5,-0.1667935,2.781174,1.9883575991330342,2.9479674444732664,2.1551510991330343
P059,Lap 1,Str 4-5,0.2819865,0.47890374,1.9883575991330342,0.19691724064445498,1.7063710991330343
P059,Lap 2,Str 4-5,0.1299605,0.43380532,1.9883575991330342,0.3038448166866302,1.8583970991330343
P059,Lap 3,Str 4-5,0.1075955,0.58316773,1.9883575991330342,0.47557223176193236,1.8807620991330343
P059,Lap 4,Str 4-5,0.2875385,0.60291207,1.9883575991330342,0.3153735683670044,1.7008190991330343
P059,Lap 5,Str 4-5,-0.0610085,0.66689277,1.9883575991330342,0.7279012669525147,2.0493660991330342
P059,Lap 6,Str 4-5,0.1891645,0.66918993,1.9883575991330342,0.4800254299621582,1.7991930991330343
P049,Lap 1,Str 4-5,0.4479375,1.4216495,1.9883575991330342,0.9737119560241699,1.5404200991330343
P049,Lap 2,Str 4-5,-0.17551268,-0.05464888,1.9883575991330342,0.12086380008452416,2.163870279133034
P049,Lap 3,Str 4-5,-0.17551268,0.03614242,1.9883575991330342,0.21165510002367974,2.163870279133034
P049,Lap 4,Str 4-5,-0.0787985,0.310594,1.9883575991330342,0.38939249247169494,2.067156099133034
P049,Lap 5,Str 4-5,-0.17551268,-0.11434927,1.9883575991330342,0.061163411623172764,2.163870279133034
P049,Lap 6,Str 4-5,-0.17551268,-0.0055825217,1.9883575991330342,0.16993015833043337,2.163870279133034
P048,Lap 1,Str 4-5,0.2179635,0.31968266,1.9883575991330342,0.10171915771865844,1.7703940991330342
P048,Lap 2,Str 4-5,-0.0683665,0.45623416,1.9883575991330342,0.5246006570854187,2.0567240991330342
P048,Lap 3,Str 4-5,-0.17551268,0.69369507,1.9883575991330342,0.869207748359375,2.163870279133034
P048,Lap 4,Str 4-5,-0.17551268,0.3145406,1.9883575991330342,0.49005327481620786,2.163870279133034
P048,Lap 5,Str 4-5,0.0463205,0.97942,1.9883575991330342,0.933099506275177,1.9420370991330342
P048,Lap 6,Str 4-5,0.2197275,0.6325703,1.9883575991330342,0.4128428263282776,1.7686300991330342
P043,Lap 2,Str 4-5,2.7790925,-0.10011153,1.9883575991330342,2.8792040292310714,0.7907349008669657
P039,Lap 2,Str 4-5,0.1608365,0.5925975,1.9883575991330342,0.43176098458862305,1.8275210991330342
P039,Lap 3,Str 4-5,0.1138225,0.5754006,1.9883575991330342,0.46157809089660645,1.8745350991330343
P039,Lap 4,Str 4-5,0.8476645,0.8100038,1.9883575991330342,0.03766068291854863,1.1406930991330342
P039,Lap 5,Str 4-5,0.3254135,1.3687459,1.9883575991330342,1.0433324230422973,1.6629440991330342
P039,Lap 6,Str 4-5,0.0421365,0.16387111,1.9883575991330342,0.12173460948562623,1.9462210991330342
P028,Lap 2,Str 4-5,0.6568525,0.8909207,1.9883575991330342,0.23406819864273076,1.3315050991330342
P028,Lap 3,Str 4-5,0.1178125,0.58526886,1.9883575991330342,0.4674563550949097,1.8705450991330341
P028,Lap 4,Str 4-5,0.1729225,1.6978998,1.9883575991330342,1.52497731842041,1.8154350991330341
P028,Lap 5,Str 4-5,0.2809185,2.2476494,1.9883575991330342,1.9667309312286376,1.7074390991330342
P028,Lap 6,Str 4-5,0.1035065,0.8854206,1.9883575991330342,0.7819141204414368,1.8848510991330343
P020,Lap 2,Str 4-5,3.4706245,0.9643778,1.9883575991330342,2.5062466795082092,1.4822669008669658
P020,Lap 3,Str 4-5,3.5102185,1.335761,1.9883575991330342,2.174457548957825,1.521860900866966
P020,Lap 4,Str 4-5,3.7389565,3.004927,1.9883575991330342,0.7340295800628662,1.7505989008669658
P020,Lap 5,Str 4-5,3.7770535,1.1147089,1.9883575991330342,2.66234459954834,1.7886959008669658
P020,Lap 6,Str 4-5,3.1739575,1.2399868,1.9883575991330342,1.9339707226943972,1.185599900866966
P019,Lap 1,Str 4-5,0.6949205,0.5809544,1.9883575991330342,0.11396612711715703,1.2934370991330342
P019,Lap 2,Str 4-5,0.5610645,0.8263505,1.9883575991330342,0.2652860101203919,1.4272930991330344
P019,Lap 3,Str 4-5,0.4899555,0.5571701,1.9883575991330342,0.0672145930595398,1.4984020991330342
P019,Lap 4,Str 4-5,0.7131485,0.8631745,1.9883575991330342,0.1500259980812073,1.2752090991330343
P019,Lap 5,Str 4-5,0.4151925,0.3088391,1.9883575991330342,0.10635338747978212,1.5731650991330342
P019,Lap 6,Str 4-5,0.4343175,0.43519855,1.9883575991330342,0.0008810454559325942,1.5540400991330343
P012,Lap 1,Str 4-5,0.2609165,0.64912534,1.9883575991330342,0.388208837600708,1.7274410991330342
P012,Lap 2,Str 4-5,0.5849165,0.35928404,1.9883575991330342,0.2256324566879272,1.4034410991330342
P012,Lap 3,Str 4-5,0.6299165,0.60516757,1.9883575991330342,0.02474893227005004,1.3584410991330342
P012,Lap 4,Str 4-5,0.3929165,0.4863396,1.9883575991330342,0.09342309889411926,1.5954410991330343
P012,Lap 5,Str 4-5,0.1179165,0.079304226,1.9883575991330342,0.03861227425718307,1.8704410991330342
P012,Lap 6,Str 4-5,0.0649165,0.77819896,1.9883575991330342,0.7132824574432373,1.9234410991330342
P011,Lap 1,Str 4-5,0.1309165,0.22291063,1.9883575991330342,0.09199412772274018,1.8574410991330343
P011,Lap 2,Str 4-5,0.0219165,0.01705857,1.9883575991330342,0.004857930062055586,1.9664410991330343
P011,Lap 3,Str 4-5,-0.0350835,-0.12819001,1.9883575991330342,0.09310651078605653,2.0234410991330343
P011,Lap 4,Str 4-5,-0.17551268,1.0208263,1.9883575991330342,1.1963390197216797,2.163870279133034
P011,Lap 5,Str 4-5,0.1759165,-0.05483165,1.9883575991330342,0.230748150108099,1.8124410991330342
P011,Lap 6,Str 4-5,0.0459165,0.030306172,1.9883575991330342,0.015610328374147414,1.9424410991330343
P005,Lap 2,Str 4-5,4.1239165,0.5818293,1.9883575991330342,3.542087190536499,2.1355589008669655
P005,Lap 3,Str 4-5,3.5059165,0.8704605,1.9883575991330342,2.635455989746094,1.5175589008669659
P005,Lap 4,Str 4-5,3.4729165,0.6571455,1.9883575991330342,2.8157709998168947,1.484558900866966
P001,Lap 2,Str 4-5,3.4279165,0.35288507,1.9883575991330342,3.0750314325370787,1.4395589008669656
P001,Lap 3,Str 4-5,3.2079165,0.24605975,1.9883575991330342,2.9618567544498444,1.2195589008669658
P001,Lap 4,Str 4-5,3.2009165,0.21314882,1.9883575991330342,2.987767682579994,1.2125589008669657
P001,Lap 5,Str 4-5,3.0129165,0.21058783,1.9883575991330342,2.802328670648575,1.024558900866966
P001,Lap 6,Str 4-5,3.0889165,0.054508794,1.9883575991330342,3.0344077059009074,1.1005589008669656
P001,Lap 7,Str 4-5,3.1209165,0.3277388,1.9883575991330342,2.793177708295822,1.1325589008669656
P001,Lap 8,Str 4-5,3.3519165,-0.0074794,1.9883575991330342,3.359395899908334,1.363558900866966
P134,Lap 2,Str 5-6,6.980905,6.979064,4.367871753574661,0.0018410122680663221,2.6130332464253385
P134,Lap 3,Str 5-6,6.691905,6.6729517,4.367871753574661,0.018953301696777558,2.324033246425339
P134,Lap 4,Str 5-6,7.127905,7.1302633,4.367871753574661,0.0023583285522459363,2.7600332464253388
P134,Lap 5,Str 5-6,6.691905,6.7405925,4.367871753574661,0.04868747970581033,2.324033246425339
P134,Lap 6,Str 5-6,7.548905,7.513705,4.367871753574661,0.035200223236084405,3.181033246425339
P134,Lap 7,Str 5-6,6.862905,6.7709513,4.367871753574661,0.09195372894287068,2.495033246425338
P134,Lap 8,Str 5-6,7.298905,7.3211846,4.367871753574661,0.022279635162353095,2.931033246425339
P134,Lap 9,Str 5-6,7.550905,7.454627,4.367871753574661,0.09627796295166036,3.183033246425339
P134,Lap 10,Str 5-6,6.334905,6.332332,4.367871753574661,0.0025728657531738364,1.9670332464253386
P134,Lap 11,Str 5-6,6.279905,6.307414,4.367871753574661,0.027509054870605176,1.912033246425339
P129,Lap 2,Str 5-6,8.7103909,8.349826,4.367871753574661,0.36056504093017594,4.342519146425339
P129,Lap 3,Str 5-6,8.7103909,8.508674,4.367871753574661,0.20171723209228531,4.342519146425339
P129,Lap 4,Str 5-6,8.7103909,8.49818,4.367871753574661,0.21221051059570328,4.342519146425339
P129,Lap 5,Str 5-6,8.7103909,8.418742,4.367871753574661,0.2916487201293947,4.342519146425339
P129,Lap 6,Str 5-6,7.764905,7.84313,4.367871753574661,0.07822511169433621,3.3970332464253383
P129,Lap 7,Str 5-6,8.7103909,8.490033,4.367871753574661,0.22035775028076188,4.342519146425339
P129,Lap 8,Str 5-6,7.184905,7.2389507,4.367871753574661,0.054045729370117535,2.8170332464253383
P129,Lap 9,Str 5-6,7.412905,7.6030917,4.367871753574661,0.19018671676635712,3.045033246425339
P129,Lap 10,Str 5-6,6.731905,5.2607393,4.367871753574661,1.4711656735229495,2.364033246425339
P123,Lap 2,Str 5-6,8.214905,7.866226,4.367871753574661,0.3486788037109374,3.8470332464253385
P123,Lap 3,Str 5-6,7.255905,7.264259,4.367871753574661,0.008353861541747776,2.888033246425339
P123,Lap 4,Str 5-6,8.7103909,7.9148746,4.367871753574661,0.7955163463195802,4.342519146425339
P123,Lap 5,Str 5-6,7.757905,7.774539,4.367871753574661,0.016633993835449168,3.3900332464253387
P123,Lap 6,Str 5-6,6.686905,6.678357,4.367871753574661,0.00854787567138704,2.319033246425339
P123,Lap 7,Str 5-6,6.738905,6.7806215,4.367871753574661,0.04171652862548836,2.3710332464253385
P123,Lap 8,Str 5-6,6.501905,6.4845552,4.367871753574661,0.017349755554199042,2.1340332464253384
P123,Lap 9,Str 5-6,8.7103909,8.639066,4.367871753574661,0.07132515750732438,4.342519146425339
P123,Lap 10,Str 5-6,6.588905,6.622636,4.367871753574661,0.03373084136962934,2.221033246425338
P123,Lap 11,Str 5-6,6.383905,6.3357825,4.367871753574661,0.0481224720764164,2.016033246425339
P123,Lap 12,Str 5-6,6.427905,6.41862,4.367871753574661,0.009284890441894511,2.0600332464253386
P120,Lap 2,Str 5-6,6.959905,6.9074435,4.367871753574661,0.052461476593017586,2.5920332464253386
P120,Lap 3,Str 5-6,6.683905,6.689873,4.367871753574661,0.005968218536376746,2.316033246425339
P120,Lap 4,Str 5-6,6.617905,6.7330475,4.367871753574661,0.11514248535156213,2.250033246425339
P120,Lap 5,Str 5-6,6.964905,6.8464103,4.367871753574661,0.11849472549438467,2.5970332464253385
P120,Lap 6,Str 5-6,6.395905,6.40968,4.367871753574661,0.013774889678955127,2.0280332464253386
P120,Lap 7,Str 5-6,6.436905,6.429638,4.367871753574661,0.007267091064453446,2.069033246425339
P120,Lap 8,Str 5-6,8.276905,7.3199425,4.367871753574661,0.9569625256347649,3.909033246425338
P120,Lap 9,Str 5-6,6.290905,6.3448935,4.367871753574661,0.05398845550537068,1.923033246425339
P120,Lap 10,Str 5-6,7.326905,7.3364778,4.367871753574661,0.00957275650024414,2.9590332464253386
P120,Lap 11,Str 5-6,6.646905,6.686741,4.367871753574661,0.03983587524414034,2.279033246425339
P120,Lap 12,Str 5-6,6.181905,6.218874,4.367871753574661,0.036968977661132385,1.814033246425339
P113,Lap 2,Str 5-6,6.909905,7.1309834,4.367871753574661,0.22107835266113263,2.542033246425339
P113,Lap 3,Str 5-6,6.547905,6.5594215,4.367871753574661,0.011516539306640539,2.1800332464253387
P113,Lap 4,Str 5-6,6.296905,6.2904243,4.367871753574661,0.0064806530761716274,1.9290332464253384
P113,Lap 5,Str 5-6,6.296905,6.307414,4.367871753574661,0.010509054870605716,1.9290332464253384
P113,Lap 6,Str 5-6,6.414905,6.4171295,4.367871753574661,0.0022245166015624207,2.0470332464253387
P113,Lap 7,Str 5-6,7.407905,7.4323897,4.367871753574661,0.024484736175536703,3.040033246425339
P113,Lap 8,Str 5-6,6.617905,6.631028,4.367871753574661,0.013123175354003536,2.250033246425339
P113,Lap 9,Str 5-6,8.7103909,8.995552,4.367871753574661,0.2851611629882811,4.342519146425339
P113,Lap 10,Str 5-6,6.257905,6.320647,4.367871753574661,0.06274176284790034,1.8900332464253387
P113,Lap 11,Str 5-6,6.232905,6.2764072,4.367871753574661,0.04350224182128937,1.8650332464253383
P113,Lap 12,Str 5-6,8.223905,7.7926235,4.367871753574661,0.4312814801025393,3.856033246425339
P107,Lap 2,Str 5-6,8.7103909,9.116855,4.367871753574661,0.40646376766357406,4.342519146425339
P107,Lap 3,Str 5-6,7.283905,7.302072,4.367871753574661,0.018167048187256007,2.9160332464253385
P107,Lap 4,Str 5-6,7.111905,7.0387297,4.367871753574661,0.07317533233642592,2.7440332464253387
P107,Lap 5,Str 5-6,6.325905,6.3421173,4.367871753574661,0.016212309570312833,1.9580332464253383
P107,Lap 6,Str 5-6,8.7103909,8.847791,4.367871753574661,0.13739981807861312,4.342519146425339
P107,Lap 7,Str 5-6,6.814905,6.8641505,4.367871753574661,0.04924552413940386,2.447033246425339
P107,Lap 8,Str 5-6,6.835905,6.831616,4.367871753574661,0.004289075164795264,2.468033246425339
P107,Lap 9,Str 5-6,6.822905,6.815525,4.367871753574661,0.007379945068359817,2.455033246425339
P107,Lap 10,Str 5-6,6.246905,6.2804956,4.367871753574661,0.033590643615722726,1.8790332464253385
P107,Lap 11,Str 5-6,8.7103909,8.922035,4.367871753574661,0.2116443172851561,4.342519146425339
P105,Lap 2,Str 5-6,7.162905,7.2731357,4.367871753574661,0.11023066207885712,2.795033246425339
P105,Lap 3,Str 5-6,6.688905,6.762643,4.367871753574661,0.07373786041259756,2.3210332464253387
P105,Lap 4,Str 5-6,6.731905,6.7610564,4.367871753574661,0.02915142318725561,2.364033246425339
P105,Lap 5,Str 5-6,6.853905,6.918741,4.367871753574661,0.06483622619628893,2.4860332464253387
P105,Lap 6,Str 5-6,7.055905,7.0782986,4.367871753574661,0.022393568725585844,2.6880332464253387
P105,Lap 7,Str 5-6,6.701905,6.714863,4.367871753574661,0.012957823486328124,2.3340332464253386
P105,Lap 8,Str 5-6,6.300905,6.389434,4.367871753574661,0.0885288607788084,1.9330332464253388
P105,Lap 9,Str 5-6,6.697905,6.8707633,4.367871753574661,0.1728583018493648,2.330033246425339
P105,Lap 10,Str 5-6,7.540905,7.7607417,4.367871753574661,0.21983671066284138,3.173033246425339
P105,Lap 11,Str 5-6,6.673905,6.7559233,4.367871753574661,0.0820182711791988,2.306033246425339
P105,Lap 12,Str 5-6,6.443905,6.4900613,4.367871753574661,0.04615628311157227,2.0760332464253386
P104,Lap 2,Str 5-6,7.660905,7.67428,4.367871753574661,0.01337516662597693,3.2930332464253382
P104,Lap 3,Str 5-6,8.336905,8.414441,4.367871753574661,0.0775361087036135,3.9690332464253384
P104,Lap 4,Str 5-6,7.552905,7.654882,4.367871753574661,0.10197695419311525,3.1850332464253386
P104,Lap 5,Str 5-6,7.028905,7.169011,4.367871753574661,0.14010611602783207,2.6610332464253386
P104,Lap 6,Str 5-6,7.550905,7.6833925,4.367871753574661,0.13248752471923808,3.183033246425339
P104,Lap 8,Str 5-6,7.700905,7.728963,4.367871753574661,0.028057898254394864,3.3330332464253383
P104,Lap 9,Str 5-6,8.178905,8.544633,4.367871753574661,0.3657279116821286,3.811033246425339
P104,Lap 11,Str 5-6,6.945905,7.041247,4.367871753574661,0.09534189102172874,2.5780332464253384
P103,Lap 2,Str 5-6,6.680905,6.7908726,4.367871753574661,0.10996757385253897,2.3130332464253387
P103,Lap 3,Str 5-6,6.546905,6.6578155,4.367871753574661,0.1109104563903811,2.1790332464253384
P103,Lap 4,Str 5-6,6.298905,6.3610115,4.367871753574661,0.062106505126952705,1.931033246425339
P103,Lap 5,Str 5-6,6.712905,6.817671,4.367871753574661,0.10476582214355457,2.3450332464253387
P103,Lap 6,Str 5-6,7.203905,7.2481294,4.367871753574661,0.04422436782836936,2.8360332464253384
P103,Lap 7,Str 5-6,6.975905,7.047158,4.367871753574661,0.07125276443481443,2.6080332464253386
P103,Lap 8,Str 5-6,7.161905,7.3268642,4.367871753574661,0.16495924255371097,2.7940332464253386
P103,Lap 9,Str 5-6,7.584905,7.4864597,4.367871753574661,0.09844526794433595,3.2170332464253386
P103,Lap 10,Str 5-6,6.893905,6.9989595,4.367871753574661,0.10505454132080061,2.5260332464253388
P103,Lap 11,Str 5-6,7.484905,7.338121,4.367871753574661,0.14678406265258825,3.117033246425339
P090,Lap 2,Str 5-6,7.044905,7.0526485,4.367871753574661,0.007743544311523465,2.6770332464253386
P090,Lap 3,Str 5-6,6.616905,6.605601,4.367871753574661,0.011304166107177771,2.2490332464253386
P090,Lap 4,Str 5-6,6.963905,6.975706,4.367871753574661,0.01180110046386762,2.596033246425338
P090,Lap 5,Str 5-6,6.461905,6.4926996,4.367871753574661,0.03079462310791037,2.0940332464253384
P090,Lap 6,Str 5-6,6.278905,6.3796344,4.367871753574661,0.10072938034057621,1.9110332464253386
P090,Lap 7,Str 5-6,6.209905,6.2478876,4.367871753574661,0.03798261138916015,1.8420332464253386
P090,Lap 8,Str 5-6,6.811905,6.8472843,4.367871753574661,0.03537931701660124,2.444033246425339
P090,Lap 9,Str 5-6,6.885905,6.948995,4.367871753574661,0.06309011337280257,2.5180332464253388
P090,Lap 10,Str 5-6,6.964905,6.9979153,4.367871753574661,0.033010267944336036,2.5970332464253385
P089,Lap 2,Str 5-6,8.7103909,9.158476,4.367871753574661,0.44808497585449203,4.342519146425339
P089,Lap 3,Str 5-6,8.7103909,8.460669,4.367871753574661,0.24972233615722672,4.342519146425339
P089,Lap 4,Str 5-6,8.013905,7.863088,4.367871753574661,0.15081686904907166,3.646033246425338
P089,Lap 5,Str 5-6,7.762905,7.5621724,4.367871753574661,0.2007325871276855,3.3950332464253385
P089,Lap 6,Str 5-6,7.079905,7.1832714,4.367871753574661,0.10336640808105457,2.7120332464253387
P089,Lap 8,Str 5-6,7.851905,7.720309,4.367871753574661,0.13159621932983434,3.484033246425339
P089,Lap 9,Str 5-6,7.484905,7.4582872,4.367871753574661,0.026617760925293332,3.117033246425339
P089,Lap 10,Str 5-6,7.508905,7.4633474,4.367871753574661,0.04555756500244179,3.141033246425339
P084,Lap 2,Str 5-6,8.7103909,2.8580368,4.367871753574661,5.852354143484497,4.342519146425339
P084,Lap 3,Str 5-6,8.7103909,7.8419094,4.367871753574661,0.8684814914306642,4.342519146425339
P084,Lap 4,Str 5-6,8.7103909,3.4406812,4.367871753574661,5.269709680899048,4.342519146425339
P084,Lap 5,Str 5-6,7.945849,4.7709823,4.367871753574661,3.174866734527588,3.5779772464253385
P084,Lap 6,Str 5-6,8.541106,1.0877929,4.367871753574661,7.453313126617431,4.173234246425338
P083,Lap 2,Str 5-6,8.7103909,1.4975252,4.367871753574661,7.212865684851074,4.342519146425339
P083,Lap 3,Str 5-6,8.532539,1.7947667,4.367871753574661,6.737772335494995,4.1646672464253385
P083,Lap 5,Str 5-6,8.34198,0.6705811,4.367871753574661,7.671398897628784,3.974108246425338
P083,Lap 6,Str 5-6,8.7103909,4.4186234,4.367871753574661,4.291767452581787,4.342519146425339
P067,Lap 1,Str 5-6,-0.17551268,5.0158505,4.367871753574661,5.19136322397583,4.543384433574661
P067,Lap 2,Str 5-6,0.964354,1.5496331,4.367871753574661,0.5852791453323364,3.4035177535746612
P067,Lap 3,Str 5-6,0.926876,1.0875702,4.367871753574661,0.16069419042968747,3.4409957535746614
P067,Lap 5,Str 5-6,0.475181,0.6896493,4.367871753574661,0.2144682838859558,3.8926907535746613
P067,Lap 6,Str 5-6,0.274862,2.7908628,4.367871753574661,2.5160007986907957,4.093009753574662
P059,Lap 1,Str 5-6,0.29453,0.45827636,4.367871753574661,0.1637463612270355,4.073341753574661
P059,Lap 2,Str 5-6,0.707406,2.5868392,4.367871753574661,1.8794331990661621,3.6604657535746616
P059,Lap 3,Str 5-6,0.172467,0.8204166,4.367871753574661,0.6479496293144226,4.195404753574661
P059,Lap 4,Str 5-6,0.49232,0.46895742,4.367871753574661,0.02336257583618162,3.8755517535746615
P059,Lap 5,Str 5-6,0.36274,0.42829886,4.367871753574661,0.06555886078834533,4.005131753574662
P059,Lap 6,Str 5-6,0.281456,0.6473635,4.367871753574661,0.36590748390579225,4.086415753574661
P049,Lap 1,Str 5-6,0.158316,0.16443658,4.367871753574661,0.006120578750610339,4.209555753574661
P049,Lap 2,Str 5-6,0.015157,-0.097901784,4.367871753574661,0.11305878388357163,4.352714753574661
P049,Lap 3,Str 5-6,-0.034676,-0.14673997,4.367871753574661,0.11206397461795807,4.4025477535746615
P049,Lap 4,Str 5-6,-0.024406,0.26784977,4.367871753574661,0.2922557731685638,4.392277753574661
P049,Lap 5,Str 5-6,-0.051265,0.19965768,4.367871753574661,0.250922678604126,4.419136753574661
P049,Lap 6,Str 5-6,-0.00932,-0.09761044,4.367871753574661,0.08829043637990952,4.377191753574661
P048,Lap 1,Str 5-6,0.240093,0.29228836,4.367871753574661,0.052195362979888915,4.1277787535746615
P048,Lap 2,Str 5-6,0.333038,1.1229063,4.367871753574661,0.7898683272476197,4.034833753574661
P048,Lap 3,Str 5-6,0.099112,0.6330428,4.367871753574661,0.5339308123474121,4.2687597535746615
P048,Lap 4,Str 5-6,0.616854,0.42694622,4.367871753574661,0.189907777217865,3.7510177535746614
P048,Lap 5,Str 5-6,0.389471,0.19828698,4.367871753574661,0.1911840196094513,3.9784007535746615
P048,Lap 6,Str 5-6,0.220537,0.29347515,4.367871753574661,0.07293815106201171,4.147334753574661
P043,Lap 2,Str 5-6,6.510253,-0.2139318,4.367871753574661,6.724184798934936,2.1423812464253382
P039,Lap 2,Str 5-6,0.309066,0.8728714,4.367871753574661,0.5638053989257812,4.058805753574662
P039,Lap 3,Str 5-6,0.352376,1.3903406,4.367871753574661,1.0379645666351318,4.015495753574662
P039,Lap 4,Str 5-6,0.32696,1.4907532,4.367871753574661,1.163793173828125,4.040911753574662
P039,Lap 5,Str 5-6,0.022949,1.3597842,4.367871753574661,1.3368352454910277,4.344922753574662
P039,Lap 6,Str 5-6,0.182081,0.05657277,4.367871753574661,0.12550823116278648,4.185790753574661
P028,Lap 1,Str 5-6,0.14331,6.6602564,4.367871753574661,6.516946385803223,4.224561753574662
P028,Lap 2,Str 5-6,0.343345,1.8765001,4.367871753574661,1.533155129699707,4.024526753574661
P028,Lap 3,Str 5-6,0.206465,1.0953078,4.367871753574661,0.8888428269958496,4.161406753574662
P028,Lap 4,Str 5-6,-0.167649,0.19770531,4.367871753574661,0.36535431356334686,4.535520753574661
P028,Lap 5,Str 5-6,0.282682,0.35038394,4.367871753574661,0.06770193735885621,4.085189753574661
P028,Lap 6,Str 5-6,0.323107,1.1414121,4.367871753574661,0.8183051389389038,4.044764753574661
P020,Lap 2,Str 5-6,6.796404,3.8654163,4.367871753574661,2.9309877116241454,2.4285322464253385
P020,Lap 3,Str 5-6,8.7103909,6.1574526,4.367871753574661,2.552938316687012,4.342519146425339
P020,Lap 4,Str 5-6,7.162618,0.55444235,4.367871753574661,6.608175653903961,2.7947462464253388
P020,Lap 5,Str 5-6,8.7103909,4.401127,4.367871753574661,4.3092640384277345,4.342519146425339
P020,Lap 6,Str 5-6,7.285438,0.65866536,4.367871753574661,6.626772640979767,2.9175662464253387
P019,Lap 1,Str 5-6,0.835333,0.64352137,4.367871753574661,0.19181163149642944,3.5325387535746615
P019,Lap 2,Str 5-6,1.109903,0.7145852,4.367871753574661,0.39531781494903573,3.2579687535746613
P019,Lap 3,Str 5-6,0.963558,1.2153424,4.367871753574661,0.2517844024581909,3.4043137535746615
P019,Lap 4,Str 5-6,0.982064,1.49414,4.367871753574661,0.5120760289535522,3.385807753574661
P019,Lap 5,Str 5-6,0.844238,0.6211381,4.367871753574661,0.22309990414428715,3.5236337535746616
P019,Lap 6,Str 5-6,0.862433,0.62684584,4.367871753574661,0.2355871633605957,3.505438753574661
P012,Lap 1,Str 5-6,0.013905,0.1761774,4.367871753574661,0.16227239737033844,4.353966753574661
P012,Lap 2,Str 5-6,0.274905,0.25303274,4.367871753574661,0.02187225606918336,4.092966753574661
P012,Lap 3,Str 5-6,0.131905,0.6204724,4.367871753574661,0.48856737157821656,4.235966753574662
P012,Lap 4,Str 5-6,-0.098095,-0.07453554,4.367871753574661,0.023559458763599397,4.465966753574661
P012,Lap 5,Str 5-6,-0.050095,-0.12839165,4.367871753574661,0.07829665329933166,4.417966753574661
P012,Lap 6,Str 5-6,0.067905,0.2842142,4.367871753574661,0.21630919858932496,4.299966753574662
P011,Lap 1,Str 5-6,0.049905,0.19241811,4.367871753574661,0.14251311335086822,4.3179667535746615
P011,Lap 2,Str 5-6,-0.056095,-0.12666062,4.367871753574661,0.07056561520576476,4.423966753574661
P011,Lap 3,Str 5-6,-0.135095,-0.2870586,4.367871753574661,0.15196359184265137,4.502966753574661
P011,Lap 4,Str 5-6,-0.146095,0.0026761328,4.367871753574661,0.14877113283358515,4.513966753574661
P011,Lap 5,Str 5-6,0.009905,-0.16719408,4.367871753574661,0.17709908333301544,4.357966753574662
P011,Lap 6,Str 5-6,-0.100095,0.07347243,4.367871753574661,0.17356743279218673,4.467966753574661
P005,Lap 2,Str 5-6,8.049905,3.2835486,4.367871753574661,4.766356406478883,3.6820332464253394
P005,Lap 3,Str 5-6,7.165905,1.4286529,4.367871753574661,5.737252117424012,2.798033246425339
P005,Lap 4,Str 5-6,7.843905,0.9625794,4.367871753574661,6.881325570850373,3.476033246425339
P001,Lap 2,Str 5-6,7.011905,0.6232964,4.367871753574661,6.38860861995697,2.644033246425338
P001,Lap 3,Str 5-6,7.343905,0.44033483,4.367871753574661,6.90357017329216,2.976033246425339
P001,Lap 4,Str 5-6,7.237905,0.6588635,4.367871753574661,6.579041515140533,2.870033246425338
P001,Lap 5,Str 5-6,6.910905,0.14046745,4.367871753574661,6.770437549977302,2.5430332464253382
P001,Lap 6,Str 5-6,6.715905,0.23527674,4.367871753574661,6.4806282562303545,2.348033246425339
P001,Lap 7,Str 5-6,7.033905,0.048553426,4.367871753574661,6.985351574181318,2.6660332464253385
P001,Lap 8,Str 5-6,6.442905,0.038696997,4.367871753574661,6.404208003132343,2.0750332464253383
P134,Lap 2,Str 7-8,0.348479,0.32577744,0.3156176417475728,0.02270155873680113,0.0328613582524272
P134,Lap 3,Str 7-8,0.366479,0.25703034,0.3156176417475728,0.10944866195106506,0.05086135825242721
P134,Lap 4,Str 7-8,0.147479,0.11277294,0.3156176417475728,0.03470605841064453,0.1681386417475728
P134,Lap 5,Str 7-8,0.204479,0.16696072,0.3156176417475728,0.0375182837524414,0.11113864174757279
P134,Lap 6,Str 7-8,0.192479,0.20197782,0.3156176417475728,0.009498819204330433,0.12313864174757277
P134,Lap 7,Str 7-8,0.244479,0.27075532,0.3156176417475728,0.026276320787429808,0.07113864174757278
P134,Lap 8,Str 7-8,0.475479,0.33023247,0.3156176417475728,0.1452465287723541,0.1598613582524272
P134,Lap 9,Str 7-8,0.009479,0.0008148354,0.3156176417475728,0.008664164575465023,0.30613864174757277
P134,Lap 10,Str 7-8,0.249479,0.2287494,0.3156176417475728,0.020729605583190924,0.06613864174757278
P134,Lap 11,Str 7-8,0.238479,0.20066549,0.3156176417475728,0.03781351116085052,0.07713864174757279
P129,Lap 2,Str 7-8,1.445479,0.6539193,0.3156176417475728,0.7915597204246521,1.1298613582524273
P129,Lap 3,Str 7-8,0.527479,0.29111165,0.3156176417475728,0.23636735191726688,0.21186135825242725
P129,Lap 4,Str 7-8,0.586479,0.4285261,0.3156176417475728,0.15795289650344846,0.2708613582524272
P129,Lap 5,Str 7-8,0.398479,0.29310676,0.3156176417475728,0.10537223544502261,0.08286135825242724
P129,Lap 6,Str 7-8,0.388479,0.28708842,0.3156176417475728,0.10139057603263857,0.07286135825242723
P129,Lap 7,Str 7-8,0.600479,0.38557985,0.3156176417475728,0.21489914575004576,0.2848613582524272
P129,Lap 8,Str 7-8,0.455479,0.2846377,0.3156176417475728,0.17084131040954592,0.13986135825242724
P129,Lap 9,Str 7-8,0.369479,0.26467383,0.3156176417475728,0.10480517092132569,0.053861358252427216
P129,Lap 10,Str 7-8,0.417479,0.30027738,0.3156176417475728,0.11720161786460875,0.1018613582524272
P123,Lap 2,Str 7-8,0.060479,0.059792116,0.3156176417475728,0.0006868837156295757,0.2551386417475728
P123,Lap 3,Str 7-8,0.042479,0.060568042,0.3156176417475728,0.018089042099475858,0.2731386417475728
P123,Lap 4,Str 7-8,0.067479,0.06800762,0.3156176417475728,0.0005286181888580349,0.24813864174757277
P123,Lap 5,Str 7-8,0.060479,0.16345878,0.3156176417475728,0.10297977945423126,0.2551386417475728
P123,Lap 6,Str 7-8,0.089479,0.07888213,0.3156176417475728,0.010596871999740604,0.22613864174757278
P123,Lap 7,Str 7-8,0.017479,0.11227565,0.3156176417475728,0.0947966525874138,0.29813864174757276
P123,Lap 8,Str 7-8,0.052479,0.14666595,0.3156176417475728,0.09418694564914704,0.2631386417475728
P123,Lap 9,Str 7-8,0.092479,0.065736085,0.3156176417475728,0.02674291482353211,0.22313864174757278
P123,Lap 10,Str 7-8,0.019479,0.11887557,0.3156176417475728,0.09939657059526444,0.29613864174757276
P123,Lap 11,Str 7-8,-0.006521,0.037653796,0.3156176417475728,0.04417479637479782,0.3221386417475728
P123,Lap 12,Str 7-8,-0.041521,0.0013313039,0.3156176417475728,0.04285230385074765,0.3571386417475728
P120,Lap 2,Str 7-8,0.412479,0.28111553,0.3156176417475728,0.13136346807861327,0.0968613582524272
P120,Lap 3,Str 7-8,0.372479,0.32657158,0.3156176417475728,0.045907416252136235,0.05686135825242722
P120,Lap 4,Str 7-8,0.191479,0.15314056,0.3156176417475728,0.038338440207481395,0.12413864174757278
P120,Lap 6,Str 7-8,0.337479,0.259772,0.3156176417475728,0.077706997303009,0.021861358252427188
P120,Lap 7,Str 7-8,0.159479,0.23878627,0.3156176417475728,0.07930726525402068,0.15613864174757278
P120,Lap 8,Str 7-8,0.095479,0.125182,0.3156176417475728,0.02970300278282166,0.2201386417475728
P120,Lap 9,Str 7-8,0.186479,0.19229977,0.3156176417475728,0.005820768328666681,0.12913864174757278
P120,Lap 10,Str 7-8,0.048479,0.08288163,0.3156176417475728,0.0344026294670105,0.2671386417475728
P120,Lap 11,Str 7-8,0.084479,0.09892337,0.3156176417475728,0.014444370242118837,0.2311386417475728
P120,Lap 12,Str 7-8,0.157479,0.15501007,0.3156176417475728,0.0024689256229400713,0.15813864174757278
P113,Lap 2,Str 7-8,0.006479,0.027949587,0.3156176417475728,0.021470586510658266,0.3091386417475728
P113,Lap 3,Str 7-8,-0.004521,0.01905175,0.3156176417475728,0.023572749259233475,0.3201386417475728
P113,Lap 4,Str 7-8,0.030479,0.09490711,0.3156176417475728,0.06442811241960525,0.2851386417475728
P113,Lap 5,Str 7-8,0.036479,0.06506899,0.3156176417475728,0.028589989992141726,0.2791386417475728
P113,Lap 6,Str 7-8,0.028479,-0.099388346,0.3156176417475728,0.12786734607601166,0.2871386417475728
P113,Lap 7,Str 7-8,0.026479,0.08046255,0.3156176417475728,0.053983552607059476,0.2891386417475728
P113,Lap 8,Str 7-8,-0.026521,0.031122733,0.3156176417475728,0.05764373290753365,0.3421386417475728
P113,Lap 9,Str 7-8,0.016479,0.032280136,0.3156176417475728,0.01580113589978218,0.29913864174757276
P113,Lap 10,Str 7-8,0.148479,-0.01031897,0.3156176417475728,0.1587979703077078,0.16713864174757279
P113,Lap 11,Str 7-8,0.498479,0.20130245,0.3156176417475728,0.2971765461244583,0.18286135825242722
P113,Lap 12,Str 7-8,0.041479,-0.06957,0.3156176417475728,0.11104899748945236,0.2741386417475728
P107,Lap 2,Str 7-8,0.717479,0.55967414,0.3156176417475728,0.15780485620880125,0.4018613582524272
P107,Lap 3,Str 7-8,0.196479,0.1664142,0.3156176417475728,0.03006479874038695,0.1191386417475728
P107,Lap 4,Str 7-8,1.060479,1.2287802,0.3156176417475728,0.16830115041351323,0.7448613582524272
P107,Lap 5,Str 7-8,0.707479,0.6991598,0.3156176417475728,0.00831919899368283,0.3918613582524272
P107,Lap 6,Str 7-8,0.367479,0.27195656,0.3156176417475728,0.09552243700408936,0.051861358252427214
P107,Lap 7,Str 7-8,0.247479,0.22563724,0.3156176417475728,0.021841757802009587,0.06813864174757278
P107,Lap 8,Str 7-8,0.156479,0.14473876,0.3156176417475728,0.011740236429214485,0.15913864174757278
P107,Lap 9,Str 7-8,0.163479,0.12049896,0.3156176417475728,0.04298003729963304,0.15213864174757277
P107,Lap 10,Str 7-8,0.497479,0.5234192,0.3156176417475728,0.02594020137405395,0.18186135825242722
P107,Lap 11,Str 7-8,0.306479,0.2359219,0.3156176417475728,0.07055709555530548,0.009138641747572784
P105,Lap 2,Str 7-8,0.115479,0.21581785,0.3156176417475728,0.10033885380840302,0.2001386417475728
P105,Lap 3,Str 7-8,0.172479,0.22757669,0.3156176417475728,0.05509768793201447,0.1431386417475728
P105,Lap 4,Str 7-8,0.105479,0.16454151,0.3156176417475728,0.05906251272773742,0.2101386417475728
P105,Lap 5,Str 7-8,0.089479,0.07398492,0.3156176417475728,0.01549407902145386,0.22613864174757278
P105,Lap 6,Str 7-8,0.114479,0.12867391,0.3156176417475728,0.01419491109466553,0.2011386417475728
P105,Lap 7,Str 7-8,0.145479,0.14364634,0.3156176417475728,0.0018326554574966403,0.1701386417475728
P105,Lap 8,Str 7-8,0.492479,0.5351762,0.3156176417475728,0.042697217555999756,0.17686135825242721
P105,Lap 9,Str 7-8,0.015479,0.009064466,0.3156176417475728,0.006414534238815307,0.30013864174757277
P105,Lap 10,Str 7-8,0.154479,0.18311094,0.3156176417475728,0.028631937476158137,0.16113864174757278
P105,Lap 11,Str 7-8,0.117479,0.14529914,0.3156176417475728,0.027820136638641357,0.19813864174757279
P105,Lap 12,Str 7-8,0.120479,0.15523274,0.3156176417475728,0.0347537424287796,0.19513864174757278
P104,Lap 2,Str 7-8,0.700479,0.7490126,0.3156176417475728,0.048533589454650916,0.3848613582524272
P104,Lap 3,Str 7-8,0.174479,0.2091532,0.3156176417475728,0.0346742051563263,0.1411386417475728
P104,Lap 4,Str 7-8,0.398479,0.25193772,0.3156176417475728,0.14654128280067447,0.08286135825242724
P104,Lap 5,Str 7-8,0.435479,0.3269935,0.3156176417475728,0.10848550477409363,0.11986135825242722
P104,Lap 6,Str 7-8,0.123479,0.17870274,0.3156176417475728,0.05522374186134338,0.19213864174757278
P104,Lap 7,Str 7-8,0.357479,0.24114056,0.3156176417475728,0.11633844068431853,0.041861358252427205
P104,Lap 8,Str 7-8,0.130479,0.12296049,0.3156176417475728,0.0075185070314407465,0.18513864174757277
P104,Lap 11,Str 7-8,0.143479,0.1647821,0.3156176417475728,0.021303106876373296,0.1721386417475728
P103,Lap 2,Str 7-8,0.559479,0.62119645,0.3156176417475728,0.06171744880294805,0.24386135825242716
P103,Lap 3,Str 7-8,0.165479,0.17872705,0.3156176417475728,0.013248045655250562,0.1501386417475728
P103,Lap 4,Str 7-8,0.302479,0.2339179,0.3156176417475728,0.06856109311962127,0.013138641747572788
P103,Lap 5,Str 7-8,0.193479,0.19522612,0.3156176417475728,0.001747117968559253,0.12213864174757277
P103,Lap 7,Str 7-8,0.116479,0.16106024,0.3156176417475728,0.04458124384498596,0.1991386417475728
P103,Lap 8,Str 7-8,0.054479,0.05867432,0.3156176417475728,0.004195320578575135,0.2611386417475728
P103,Lap 9,Str 7-8,0.033479,0.057764698,0.3156176417475728,0.024285697819948195,0.2821386417475728
P103,Lap 10,Str 7-8,0.020479,0.048700728,0.3156176417475728,0.0282217275223732,0.29513864174757276
P103,Lap 11,Str 7-8,0.111479,0.11342048,0.3156176417475728,0.0019414789996147208,0.2041386417475728
P090,Lap 2,Str 7-8,0.030479,0.080352984,0.3156176417475728,0.04987398436880112,0.2851386417475728
P090,Lap 3,Str 7-8,0.247479,0.2250111,0.3156176417475728,0.022467904595375066,0.06813864174757278
P090,Lap 4,Str 7-8,0.016479,0.03101453,0.3156176417475728,0.01453552998816967,0.29913864174757276
P090,Lap 5,Str 7-8,0.039479,0.061852142,0.3156176417475728,0.022373142214775085,0.2761386417475728
P090,Lap 6,Str 7-8,0.096479,0.10350942,0.3156176417475728,0.007030418666362767,0.2191386417475728
P090,Lap 7,Str 7-8,0.658479,0.49932685,0.3156176417475728,0.1591521450557709,0.34286135825242725
P090,Lap 8,Str 7-8,0.011479,0.032348562,0.3156176417475728,0.02086956203198433,0.30413864174757277
P090,Lap 9,Str 7-8,0.002479,0.03377898,0.3156176417475728,0.03129998037433624,0.3131386417475728
P090,Lap 10,Str 7-8,0.045479,0.063424096,0.3156176417475728,0.017945095511436464,0.2701386417475728
P089,Lap 4,Str 7-8,0.213479,0.22482207,0.3156176417475728,0.01134307417488098,0.10213864174757278
P089,Lap 5,Str 7-8,0.079479,0.0707547,0.3156176417475728,0.008724300590991968,0.2361386417475728
P089,Lap 6,Str 7-8,0.202479,0.22348078,0.3156176417475728,0.02100177595233918,0.1131386417475728
P089,Lap 8,Str 7-8,-0.057521,0.009662427,0.3156176417475728,0.06718342700815201,0.3731386417475728
P089,Lap 9,Str 7-8,0.029479,0.048700728,0.3156176417475728,0.019221727522373198,0.2861386417475728
P089,Lap 10,Str 7-8,0.078479,0.008199006,0.3156176417475728,0.07027999368095397,0.2371386417475728
P084,Lap 2,Str 7-8,1.418153,0.70701635,0.3156176417475728,0.7111366511611938,1.1025353582524273
P084,Lap 4,Str 7-8,0.968991,0.73168683,0.3156176417475728,0.23730416947937016,0.6533733582524273
P084,Lap 6,Str 7-8,1.209663,1.0286767,0.3156176417475728,0.1809862517242431,0.8940453582524271
P083,Lap 2,Str 7-8,0.857889,1.1083673,0.3156176417475728,0.25047832387542723,0.5422713582524272
P083,Lap 3,Str 7-8,0.915374,0.6053828,0.3156176417475728,0.30999119989776613,0.5997563582524272
P083,Lap 6,Str 7-8,0.888136,0.6970265,0.3156176417475728,0.1911095088348389,0.5725183582524273
P067,Lap 1,Str 7-8,-0.067136,1.683859,0.3156176417475728,1.7509949906692506,0.38275364174757276
P067,Lap 2,Str 7-8,0.966652,0.56548554,0.3156176417475728,0.4011664629478454,0.6510343582524272
P067,Lap 3,Str 7-8,1.20039,0.7720377,0.3156176417475728,0.4283523150825501,0.8847723582524273
P067,Lap 5,Str 7-8,0.540875,0.5628734,0.3156176417475728,0.021998423099517828,0.2252573582524272
P067,Lap 6,Str 7-8,1.217488,0.86860603,0.3156176417475728,0.3488819690589904,0.9018703582524271
P059,Lap 1,Str 7-8,0.221763,0.43628848,0.3156176417475728,0.21452547599029542,0.0938546417475728
P059,Lap 2,Str 7-8,0.206352,0.13988887,0.3156176417475728,0.06646313226413728,0.10926564174757278
P059,Lap 3,Str 7-8,0.530806,0.4981765,0.3156176417475728,0.03262951469993591,0.21518835825242721
P059,Lap 4,Str 7-8,0.091901,0.41324848,0.3156176417475728,0.3213474793663025,0.22371664174757278
P059,Lap 5,Str 7-8,0.86874,0.8921729,0.3156176417475728,0.023432873020172162,0.5531223582524272
P059,Lap 6,Str 7-8,0.654798,0.5997359,0.3156176417475728,0.05506208433914184,0.3391803582524272
P049,Lap 1,Str 7-8,0.390111,0.30255926,0.3156176417475728,0.08755174344635008,0.0744933582524272
P049,Lap 2,Str 7-8,1.125312,1.5760903,0.3156176417475728,0.4507783358459472,0.8096943582524273
P049,Lap 3,Str 7-8,0.219,0.07626455,0.3156176417475728,0.14273544722795486,0.09661764174757279
P049,Lap 5,Str 7-8,0.070353,0.08428692,0.3156176417475728,0.013933920726299287,0.2452646417475728
P049,Lap 6,Str 7-8,-0.022131,0.025926279,0.3156176417475728,0.04805727890408039,0.3377486417475728
P048,Lap 2,Str 7-8,0.554717,0.6214748,0.3156176417475728,0.06675780249404906,0.23909935825242723
P048,Lap 3,Str 7-8,0.068829,0.10540926,0.3156176417475728,0.03658025711393356,0.24678864174757278
P048,Lap 5,Str 7-8,0.63032,0.76290375,0.3156176417475728,0.13258374994277955,0.3147023582524272
P048,Lap 6,Str 7-8,0.416942,0.50759107,0.3156176417475728,0.09064906874465944,0.1013243582524272
P043,Lap 2,Str 7-8,0.136639,0.027002854,0.3156176417475728,0.10963614572727681,0.17897864174757278
P039,Lap 4,Str 7-8,0.744594,0.74789286,0.3156176417475728,0.0032988565979004125,0.4289763582524272
P039,Lap 5,Str 7-8,-0.077413,0.12560104,0.3156176417475728,0.20301403833675385,0.3930306417475728
P039,Lap 6,Str 7-8,0.805571,0.45716345,0.3156176417475728,0.3484075468978882,0.48995335825242725
P028,Lap 1,Str 7-8,0.839468,0.61613446,0.3156176417475728,0.22333353525924682,0.5238503582524272
P028,Lap 2,Str 7-8,-0.166597,-0.16292672,0.3156176417475728,0.0036702814073562573,0.4822146417475728
P028,Lap 3,Str 7-8,1.020757,0.7610521,0.3156176417475728,0.25970492795181266,0.7051393582524271
P028,Lap 4,Str 7-8,-0.023908,0.02561771,0.3156176417475728,0.04952570938336849,0.33952564174757277
P028,Lap 5,Str 7-8,1.049869,0.90582585,0.3156176417475728,0.14404314665222162,0.7342513582524272
P028,Lap 6,Str 7-8,0.203712,-0.02235249,0.3156176417475728,0.22606449057412148,0.11190564174757278
P020,Lap 4,Str 7-8,0.869679,0.93071514,0.3156176417475728,0.06103614368057253,0.5540613582524272
P020,Lap 5,Str 7-8,0.991529,0.90172136,0.3156176417475728,0.08980764170074462,0.6759113582524272
P019,Lap 1,Str 7-8,0.95104,0.34730816,0.3156176417475728,0.6037318411254883,0.6354223582524272
P019,Lap 2,Str 7-8,0.188354,0.26153475,0.3156176417475728,0.07318075046157838,0.1272636417475728
P019,Lap 3,Str 7-8,0.098748,0.3365144,0.3156176417475728,0.237766413356781,0.21686964174757278
P019,Lap 5,Str 7-8,0.100738,0.27007017,0.3156176417475728,0.1693321653957367,0.2148796417475728
P019,Lap 6,Str 7-8,0.060228,-0.057621922,0.3156176417475728,0.11784992234396935,0.2553896417475728
P012,Lap 1,Str 7-8,0.319479,0.3254357,0.3156176417475728,0.005956698032379137,0.003861358252427227
P012,Lap 2,Str 7-8,1.273479,0.6687895,0.3156176417475728,0.6046894940414429,0.9578613582524272
P012,Lap 3,Str 7-8,-0.106521,0.25938225,0.3156176417475728,0.36590324792480466,0.42213864174757276
P012,Lap 5,Str 7-8,-0.110521,0.086260095,0.3156176417475728,0.1967810952386856,0.42613864174757277
P012,Lap 6,Str 7-8,0.473479,0.313622,0.3156176417475728,0.15985700216674803,0.1578613582524272
P011,Lap 1,Str 7-8,0.112479,0.14150445,0.3156176417475728,0.0290254516324997,0.2031386417475728
P011,Lap 2,Str 7-8,0.142479,0.026262885,0.3156176417475728,0.11621611504042148,0.1731386417475728
P011,Lap 3,Str 7-8,0.010479,0.08217085,0.3156176417475728,0.07169185152864456,0.30513864174757277
P011,Lap 4,Str 7-8,-0.064521,-0.049475703,0.3156176417475728,0.015045296611547465,0.3801386417475728
P011,Lap 5,Str 7-8,-0.097521,0.08725829,0.3156176417475728,0.18477928677415847,0.41313864174757275
P001,Lap 2,Str 7-8,0.608479,1.1134043,0.3156176417475728,0.5049252739868164,0.2928613582524272
P001,Lap 3,Str 7-8,0.464479,0.6991858,0.3156176417475728,0.23470678863143923,0.1488613582524272
P001,Lap 4,Str 7-8,0.433479,0.72458297,0.3156176417475728,0.2911039701423645,0.11786135825242722
P001,Lap 5,Str 7-8,0.522479,0.46249357,0.3156176417475728,0.05998543134117129,0.20686135825242724
P001,Lap 6,Str 7-8,0.378479,0.5860305,0.3156176417475728,0.2075514832458496,0.06286135825242722
P001,Lap 7,Str 7-8,0.503479,0.40355253,0.3156176417475728,0.09992646780395509,0.18786135825242722
P001,Lap 8,Str 7-8,0.338479,0.6432307,0.3156176417475728,0.304751676651001,0.02286135825242719
P134,Lap 2,Str 8-9,0.181,0.21292232,1.0789295419161675,0.03192231976985932,0.8979295419161675
P134,Lap 3,Str 8-9,0.824,0.5764105,1.0789295419161675,0.24758952760696407,0.25492954191616757
P134,Lap 4,Str 8-9,0.074,0.047395777,1.0789295419161675,0.026604223042726513,1.0049295419161675
P134,Lap 5,Str 8-9,-0.039,-0.010876693,1.0789295419161675,0.028123307168483734,1.1179295419161674
P134,Lap 6,Str 8-9,0.049,0.079015695,1.0789295419161675,0.03001569455862045,1.0299295419161676
P134,Lap 7,Str 8-9,0.115,0.09698226,1.0789295419161675,0.01801773697137833,0.9639295419161675
P134,Lap 8,Str 8-9,0.053,0.026343357,1.0789295419161675,0.02665664318203926,1.0259295419161676
P134,Lap 9,Str 8-9,2.555,2.4967456,1.0789295419161675,0.05825441360473649,1.4760704580838326
P134,Lap 10,Str 8-9,0.039,0.057269573,1.0789295419161675,0.018269573211669922,1.0399295419161676
P134,Lap 11,Str 8-9,0.225,0.2663475,1.0789295419161675,0.04134749770164489,0.8539295419161675
P129,Lap 2,Str 8-9,0.649,0.6653022,1.0789295419161675,0.01630221700668333,0.4299295419161675
P129,Lap 3,Str 8-9,0.496,0.44192237,1.0789295419161675,0.05407763338088989,0.5829295419161675
P129,Lap 4,Str 8-9,0.499,0.40997544,1.0789295419161675,0.08902456068992615,0.5799295419161675
P129,Lap 5,Str 8-9,0.403,0.36524868,1.0789295419161675,0.03775131988525393,0.6759295419161675
P129,Lap 6,Str 8-9,0.366,0.40163916,1.0789295419161675,0.035639163494110115,0.7129295419161675
P129,Lap 7,Str 8-9,0.42,0.34937316,1.0789295419161675,0.07062683820724486,0.6589295419161676
P129,Lap 8,Str 8-9,0.334,0.33876628,1.0789295419161675,0.004766276836395245,0.7449295419161674
P129,Lap 9,Str 8-9,0.266,0.33191597,1.0789295419161675,0.06591597461700438,0.8129295419161675
P129,Lap 10,Str 8-9,0.221,0.2628534,1.0789295419161675,0.04185341382026672,0.8579295419161675
P123,Lap 2,Str 8-9,0.28,0.5528817,1.0789295419161675,0.27288171768188474,0.7989295419161675
P123,Lap 3,Str 8-9,0.052,0.12093818,1.0789295419161675,0.06893818187713624,1.0269295419161675
P123,Lap 4,Str 8-9,0.007,0.01766198,1.0789295419161675,0.01066197942197323,1.0719295419161676
P123,Lap 5,Str 8-9,0.022,0.010967156,1.0789295419161675,0.011032844081521033,1.0569295419161675
P123,Lap 6,Str 8-9,0.009,-0.0037051158,1.0789295419161675,0.01270511575601995,1.0699295419161676
P123,Lap 7,Str 8-9,-0.041,-0.0059175296,1.0789295419161675,0.03508247042447329,1.1199295419161674
P123,Lap 8,Str 8-9,-0.076,-0.025241131,1.0789295419161675,0.050758869037032125,1.1549295419161676
P123,Lap 9,Str 8-9,-0.021,-0.018614009,1.0789295419161675,0.002385990977287294,1.0999295419161674
P123,Lap 10,Str 8-9,-0.07,0.12248456,1.0789295419161675,0.19248455733060837,1.1489295419161676
P123,Lap 11,Str 8-9,0.007,0.026369926,1.0789295419161675,0.01936992558836937,1.0719295419161676
P123,Lap 12,Str 8-9,-0.041,0.123474136,1.0789295419161675,0.1644741359949112,1.1199295419161674
P120,Lap 2,Str 8-9,0.146,0.055212382,1.0789295419161675,0.0907876177728176,0.9329295419161675
P120,Lap 3,Str 8-9,0.074,0.03961655,1.0789295419161675,0.03438344874978065,1.0049295419161675
P120,Lap 4,Str 8-9,0.139,0.06960466,1.0789295419161675,0.06939534240961076,0.9399295419161675
P120,Lap 5,Str 8-9,0.032,-0.0031909118,1.0789295419161675,0.03519091184064746,1.0469295419161675
P120,Lap 6,Str 8-9,0.036,0.01503809,1.0789295419161675,0.020961910173296926,1.0429295419161675
P120,Lap 7,Str 8-9,-0.065,-0.038636196,1.0789295419161675,0.02636380359530449,1.1439295419161675
P120,Lap 8,Str 8-9,0.078,0.099769205,1.0789295419161675,0.02176920485496521,1.0009295419161675
P120,Lap 9,Str 8-9,0.021,0.01825198,1.0789295419161675,0.0027480202764272703,1.0579295419161676
P120,Lap 10,Str 8-9,0.011,0.032060783,1.0789295419161675,0.021060783356428147,1.0679295419161676
P120,Lap 11,Str 8-9,-0.044,-0.021166462,1.0789295419161675,0.02283353754878044,1.1229295419161676
P120,Lap 12,Str 8-9,-0.036,-0.012422705,1.0789295419161675,0.023577294930815694,1.1149295419161676
P113,Lap 2,Str 8-9,0.039,0.032586064,1.0789295419161675,0.00641393581032753,1.0399295419161676
P113,Lap 3,Str 8-9,0.023,0.0009227245,1.0789295419161675,0.022077275511808693,1.0559295419161676
P113,Lap 4,Str 8-9,-0.083,-0.018412435,1.0789295419161675,0.06458756457269192,1.1619295419161675
P113,Lap 5,Str 8-9,-0.065,-0.015990924,1.0789295419161675,0.049009075909852984,1.1439295419161675
P113,Lap 6,Str 8-9,0.003,-0.0075286776,1.0789295419161675,0.010528677582740783,1.0759295419161676
P113,Lap 7,Str 8-9,-0.026,-0.010876693,1.0789295419161675,0.015123307168483733,1.1049295419161675
P113,Lap 8,Str 8-9,-0.051,-0.018436257,1.0789295419161675,0.0325637432038784,1.1299295419161675
P113,Lap 9,Str 8-9,-0.01,-0.010876693,1.0789295419161675,0.0008766928315162657,1.0889295419161675
P113,Lap 10,Str 8-9,-0.045,-0.018972114,1.0789295419161675,0.026027886271476744,1.1239295419161675
P113,Lap 11,Str 8-9,-0.042,-0.010876693,1.0789295419161675,0.031123307168483737,1.1209295419161676
P113,Lap 12,Str 8-9,0.47,0.32785067,1.0789295419161675,0.1421493303775787,0.6089295419161675
P107,Lap 2,Str 8-9,0.255,0.27727118,1.0789295419161675,0.022271181344985957,0.8239295419161675
P107,Lap 3,Str 8-9,0.28,0.302135,1.0789295419161675,0.022134990692138645,0.7989295419161675
P107,Lap 4,Str 8-9,0.162,0.18136433,1.0789295419161675,0.01936432766914367,0.9169295419161675
P107,Lap 5,Str 8-9,0.181,0.21321154,1.0789295419161675,0.03221153640747071,0.8979295419161675
P107,Lap 6,Str 8-9,0.297,0.2746741,1.0789295419161675,0.022325912237167345,0.7819295419161676
P107,Lap 7,Str 8-9,0.206,0.28341928,1.0789295419161675,0.07741928124427797,0.8729295419161676
P107,Lap 8,Str 8-9,0.27,0.31339854,1.0789295419161675,0.043398540019988996,0.8089295419161675
P107,Lap 9,Str 8-9,0.2,0.26593223,1.0789295419161675,0.06593223214149474,0.8789295419161676
P107,Lap 10,Str 8-9,0.263,0.28396314,1.0789295419161675,0.020963143825530994,0.8159295419161675
P107,Lap 11,Str 8-9,0.15,0.18995038,1.0789295419161675,0.0399503767490387,0.9289295419161675
P105,Lap 2,Str 8-9,0.102,0.12579435,1.0789295419161675,0.023794351100921637,0.9769295419161675
P105,Lap 3,Str 8-9,0.011,0.003345325,1.0789295419161675,0.007654675109311938,1.0679295419161676
P105,Lap 4,Str 8-9,0.05,0.06734097,1.0789295419161675,0.017340970039367673,1.0289295419161675
P105,Lap 5,Str 8-9,0.078,0.106802985,1.0789295419161675,0.028802985072135925,1.0009295419161675
P105,Lap 6,Str 8-9,0.067,0.10460641,1.0789295419161675,0.037606412351131435,1.0119295419161676
P105,Lap 7,Str 8-9,0.06,0.20875444,1.0789295419161675,0.14875443518161774,1.0189295419161675
P105,Lap 8,Str 8-9,0.087,0.10017483,1.0789295419161675,0.013174829363822943,0.9919295419161676
P105,Lap 9,Str 8-9,0.018,0.09016579,1.0789295419161675,0.07216578644514084,1.0609295419161675
P105,Lap 10,Str 8-9,0.057,0.07789075,1.0789295419161675,0.020890746295452116,1.0219295419161676
P105,Lap 11,Str 8-9,0.169,0.18216036,1.0789295419161675,0.013160362601280201,0.9099295419161675
P105,Lap 12,Str 8-9,4.509,2.8921282,1.0789295419161675,1.616871770858765,3.430070458083833
P104,Lap 2,Str 8-9,0.207,0.24822927,1.0789295419161675,0.041229265213012706,0.8719295419161676
P104,Lap 4,Str 8-9,0.193,0.26020917,1.0789295419161675,0.06720917296409606,0.8859295419161675
P104,Lap 5,Str 8-9,0.338,0.30704108,1.0789295419161675,0.03095892119407656,0.7409295419161674
P104,Lap 6,Str 8-9,0.434,0.38263768,1.0789295419161675,0.05136232042312622,0.6449295419161676
P104,Lap 7,Str 8-9,0.13,0.18897867,1.0789295419161675,0.058978672027587886,0.9489295419161675
P104,Lap 8,Str 8-9,0.103,0.09083524,1.0789295419161675,0.012164756536483759,0.9759295419161675
P104,Lap 9,Str 8-9,0.148,0.1893216,1.0789295419161675,0.04132160735130311,0.9309295419161675
P104,Lap 10,Str 8-9,0.111,0.0863473,1.0789295419161675,0.024652703166007997,0.9679295419161675
P104,Lap 11,Str 8-9,0.009,0.037112474,1.0789295419161675,0.02811247444152832,1.0699295419161676
P103,Lap 2,Str 8-9,0.394,1.1210202,1.0789295419161675,0.7270201978683472,0.6849295419161675
P103,Lap 3,Str 8-9,1.598,2.456215,1.0789295419161675,0.8582149047851562,0.5190704580838326
P103,Lap 4,Str 8-9,0.196,0.23130937,1.0789295419161675,0.03530936920642852,0.8829295419161676
P103,Lap 5,Str 8-9,0.377,0.3498325,1.0789295419161675,0.027167495012283327,0.7019295419161675
P103,Lap 6,Str 8-9,0.407,0.37516877,1.0789295419161675,0.031831229448318454,0.6719295419161675
P103,Lap 7,Str 8-9,0.548,0.6168415,1.0789295419161675,0.06884149503707881,0.5309295419161675
P103,Lap 8,Str 8-9,0.092,0.10877883,1.0789295419161675,0.016778826892375948,0.9869295419161676
P103,Lap 9,Str 8-9,0.096,0.16029757,1.0789295419161675,0.06429757261276245,0.9829295419161675
P103,Lap 10,Str 8-9,0.209,0.20912664,1.0789295419161675,0.00012663638591767223,0.8699295419161676
P103,Lap 11,Str 8-9,3.71,2.8819256,1.0789295419161675,0.8280744171142578,2.6310704580838324
P090,Lap 2,Str 8-9,-0.072,-0.017505951,1.0789295419161675,0.054494048774242396,1.1509295419161676
P090,Lap 3,Str 8-9,0.048,0.050470486,1.0789295419161675,0.002470486283302306,1.0309295419161675
P090,Lap 4,Str 8-9,0.037,0.007931003,1.0789295419161675,0.029068996652960775,1.0419295419161676
P090,Lap 5,Str 8-9,0.003,0.0040569976,1.0789295419161675,0.0010569975972175598,1.0759295419161676
P090,Lap 6,Str 8-9,-0.005,0.007979313,1.0789295419161675,0.012979312911629678,1.0839295419161674
P090,Lap 7,Str 8-9,-0.001,-0.005215439,1.0789295419161675,0.004215439014136791,1.0799295419161674
P090,Lap 8,Str 8-9,0.032,0.025891848,1.0789295419161675,0.006108152091503144,1.0469295419161675
P090,Lap 9,Str 8-9,-0.044,-0.015543362,1.0789295419161675,0.02845663787424564,1.1229295419161676
P090,Lap 10,Str 8-9,-0.003,-0.01642867,1.0789295419161675,0.013428669914603234,1.0819295419161674
P089,Lap 3,Str 8-9,0.587,0.4888939,1.0789295419161675,0.09810610365867611,0.49192954191616756
P089,Lap 4,Str 8-9,0.318,0.4771002,1.0789295419161675,0.1591001935005188,0.7609295419161675
P089,Lap 5,Str 8-9,0.44,0.5890714,1.0789295419161675,0.14907139301300049,0.6389295419161676
P089,Lap 6,Str 8-9,0.365,0.38837734,1.0789295419161675,0.023377338647842416,0.7139295419161675
P089,Lap 8,Str 8-9,0.184,0.59855306,1.0789295419161675,0.41455306148529053,0.8949295419161676
P089,Lap 9,Str 8-9,0.913,0.96843004,1.0789295419161675,0.05543004226684567,0.1659295419161675
P089,Lap 10,Str 8-9,0.204,0.24824293,1.0789295419161675,0.04424292957782747,0.8749295419161676
P084,Lap 2,Str 8-9,1.13245,2.4221966,1.0789295419161675,1.289746626663208,0.053520458083832434
P084,Lap 3,Str 8-9,0.987197,1.2830855,1.0789295419161675,0.2958884654312134,0.09173254191616753
P084,Lap 4,Str 8-9,1.255391,2.0398855,1.0789295419161675,0.7844945209350587,0.1764614580838324
P084,Lap 5,Str 8-9,0.819521,1.3772273,1.0789295419161675,0.5577063063659667,0.25940854191616747
P084,Lap 6,Str 8-9,0.694421,0.96008956,1.0789295419161675,0.26566856432342534,0.38450854191616757
P083,Lap 2,Str 8-9,1.113583,1.8970205,1.0789295419161675,0.7834374591751099,0.03465345808383247
P083,Lap 3,Str 8-9,0.430425,2.982085,1.0789295419161675,2.5516599895477294,0.6485045419161675
P083,Lap 5,Str 8-9,0.818938,1.735212,1.0789295419161675,0.916273968421936,0.25999154191616747
P083,Lap 6,Str 8-9,0.935335,1.6441715,1.0789295419161675,0.7088364763641357,0.1435945419161675
P067,Lap 1,Str 8-9,3.330926,1.3606644,1.0789295419161675,1.9702616323242186,2.2519964580838323
P067,Lap 2,Str 8-9,2.676012,1.5784153,1.0789295419161675,1.097596725379944,1.5970824580838325
P067,Lap 3,Str 8-9,3.033437,2.5366096,1.0789295419161675,0.49682735034179704,1.9545074580838326
P067,Lap 5,Str 8-9,2.997299,1.1420221,1.0789295419161675,1.8552768671264648,1.9183694580838324
P067,Lap 6,Str 8-9,3.674403,2.6270282,1.0789295419161675,1.0473747731475829,2.5954734580838323
P059,Lap 1,Str 8-9,1.729346,1.7881651,1.0789295419161675,0.05881909246826167,0.6504164580838325
P059,Lap 2,Str 8-9,1.960947,1.9650861,1.0789295419161675,0.004139102485656743,0.8820174580838325
P059,Lap 3,Str 8-9,1.978077,2.3917842,1.0789295419161675,0.4137071911315917,0.8991474580838326
P059,Lap 4,Str 8-9,1.940497,1.9100802,1.0789295419161675,0.030416805526733315,0.8615674580838324
P059,Lap 5,Str 8-9,1.934076,1.8995976,1.0789295419161675,0.0344783551940917,0.8551464580838324
P059,Lap 6,Str 8-9,1.644426,1.9554658,1.0789295419161675,0.3110397936096192,0.5654964580838324
P049,Lap 1,Str 8-9,1.991783,1.5609587,1.0789295419161675,0.43082425690460213,0.9128534580838326
P049,Lap 2,Str 8-9,2.219615,1.6628009,1.0789295419161675,0.556814091911316,1.1406854580838326
P049,Lap 3,Str 8-9,1.757421,1.7830114,1.0789295419161675,0.025590436462402444,0.6784914580838324
P049,Lap 4,Str 8-9,1.901979,1.730041,1.0789295419161675,0.1719379729309083,0.8230494580838326
P049,Lap 5,Str 8-9,1.714004,1.5161468,1.0789295419161675,0.1978572209396363,0.6350744580838326
P049,Lap 6,Str 8-9,1.760227,1.6956261,1.0789295419161675,0.06460086035919188,0.6812974580838325
P048,Lap 1,Str 8-9,4.045347,1.5222042,1.0789295419161675,2.523142839309692,2.966417458083832
P048,Lap 2,Str 8-9,2.201712,2.2947295,1.0789295419161675,0.09301747120666493,1.1227824580838326
P048,Lap 3,Str 8-9,1.630285,2.033737,1.0789295419161675,0.4034519441986084,0.5513554580838325
P048,Lap 4,Str 8-9,2.243741,2.090074,1.0789295419161675,0.15366693765258788,1.1648114580838325
P048,Lap 5,Str 8-9,2.180514,2.0571437,1.0789295419161675,0.12337031179809577,1.1015844580838325
P048,Lap 6,Str 8-9,2.44624,2.2826493,1.0789295419161675,0.1635907213592529,1.3673104580838324
P043,Lap 2,Str 8-9,0.030385,1.5544145,1.0789295419161675,1.5240295107269286,1.0485445419161674
P039,Lap 2,Str 8-9,3.098058,2.3572698,1.0789295419161675,0.7407882360534668,2.0191284580838325
P039,Lap 3,Str 8-9,3.617652,2.5755649,1.0789295419161675,1.0420871387023927,2.5387224580838326
P039,Lap 4,Str 8-9,2.723288,3.049722,1.0789295419161675,0.3264339562530516,1.6443584580838326
P039,Lap 5,Str 8-9,2.530415,2.2440524,1.0789295419161675,0.28636258987426766,1.4514854580838326
P039,Lap 6,Str 8-9,2.739417,2.5518816,1.0789295419161675,0.18753544825744628,1.6604874580838325
P028,Lap 1,Str 8-9,3.127574,1.5906756,1.0789295419161675,1.5368984075775147,2.0486444580838326
P028,Lap 2,Str 8-9,2.052007,1.5508707,1.0789295419161675,0.501136343032837,0.9730774580838326
P028,Lap 3,Str 8-9,2.005522,0.97438747,1.0789295419161675,1.0311345330924988,0.9265924580838325
P028,Lap 4,Str 8-9,2.141292,2.7407537,1.0789295419161675,0.5994616506652832,1.0623624580838325
P028,Lap 5,Str 8-9,1.993921,1.1252999,1.0789295419161675,0.8686210694274903,0.9149914580838325
P028,Lap 6,Str 8-9,2.382304,2.276453,1.0789295419161675,0.10585098181152341,1.3033744580838325
P020,Lap 2,Str 8-9,0.957179,1.8115057,1.0789295419161675,0.8543266753158569,0.12175054191616752
P020,Lap 3,Str 8-9,1.015077,2.2797105,1.0789295419161675,1.2646335312347412,0.06385254191616752
P020,Lap 4,Str 8-9,0.512208,1.9395641,1.0789295419161675,1.4273561088485718,0.5667215419161675
P020,Lap 5,Str 8-9,0.260425,2.0114963,1.0789295419161675,1.7510713054656981,0.8185045419161675
P020,Lap 6,Str 8-9,1.168168,1.9618142,1.0789295419161675,0.7936461651153564,0.08923845808383257
P019,Lap 1,Str 8-9,3.026928,2.3317018,1.0789295419161675,0.6952262444763182,1.9479984580838323
P019,Lap 2,Str 8-9,3.031202,2.615578,1.0789295419161675,0.4156240638275146,1.9522724580838324
P019,Lap 3,Str 8-9,2.394458,2.5967748,1.0789295419161675,0.20231681651306133,1.3155284580838327
P019,Lap 4,Str 8-9,3.034984,2.5906098,1.0789295419161675,0.4443742111053468,1.9560544580838326
P019,Lap 5,Str 8-9,2.73136,2.4635997,1.0789295419161675,0.26776031814575196,1.6524304580838325
P019,Lap 6,Str 8-9,2.576686,2.5086439,1.0789295419161675,0.06804213441467288,1.4977564580838325
P012,Lap 1,Str 8-9,2.183,2.4502778,1.0789295419161675,0.2672778053283693,1.1040704580838323
P012,Lap 2,Str 8-9,2.381,2.1359937,1.0789295419161675,0.24500628089904763,1.3020704580838323
P012,Lap 3,Str 8-9,1.758,2.01116,1.0789295419161675,0.25315989685058593,0.6790704580838325
P012,Lap 4,Str 8-9,2.666,2.0761013,1.0789295419161675,0.589898696899414,1.5870704580838324
P012,Lap 5,Str 8-9,2.117,2.1995385,1.0789295419161675,0.0825384693145752,1.0380704580838325
P012,Lap 6,Str 8-9,2.194,2.0581884,1.0789295419161675,0.1358115615844726,1.1150704580838324
P011,Lap 1,Str 8-9,1.802,2.0007386,1.0789295419161675,0.1987386207580566,0.7230704580838325
P011,Lap 2,Str 8-9,1.734,1.7302585,1.0789295419161675,0.003741535186767564,0.6550704580838325
P011,Lap 3,Str 8-9,1.704,1.9281002,1.0789295419161675,0.2241002283096314,0.6250704580838324
P011,Lap 4,Str 8-9,1.8,2.2961807,1.0789295419161675,0.4961807250976562,0.7210704580838325
P011,Lap 5,Str 8-9,1.933,2.099451,1.0789295419161675,0.1664510650634765,0.8540704580838325
P011,Lap 6,Str 8-9,1.9,2.0356553,1.0789295419161675,0.13565526008605966,0.8210704580838324
P005,Lap 2,Str 8-9,3.296,2.3573914,1.0789295419161675,0.9386086425781248,2.2170704580838323
P005,Lap 3,Str 8-9,2.644,2.4244165,1.0789295419161675,0.21958345794677747,1.5650704580838326
P005,Lap 4,Str 8-9,2.518,2.287206,1.0789295419161675,0.23079406547546366,1.4390704580838323
P001,Lap 2,Str 8-9,0.273,1.8683152,1.0789295419161675,1.5953152198791503,0.8059295419161675
P001,Lap 3,Str 8-9,0.458,1.6488105,1.0789295419161675,1.1908105058670044,0.6209295419161676
P001,Lap 4,Str 8-9,0.311,1.5658742,1.0789295419161675,1.254874218940735,0.7679295419161676
P001,Lap 5,Str 8-9,0.251,1.705878,1.0789295419161675,1.4548780193328859,0.8279295419161675
P001,Lap 6,Str 8-9,0.139,1.9365989,1.0789295419161675,1.7975988969802856,0.9399295419161675
P001,Lap 7,Str 8-9,0.317,1.5377138,1.0789295419161675,1.2207137660980225,0.7619295419161676
P001,Lap 8,Str 8-9,0.376,1.7355365,1.0789295419161675,1.3595364561080934,0.7029295419161675
P134,Lap 2,Str 9-10,2.4328685,2.4175107,1.506778055045045,0.015357752090454202,0.9260904449549552
P134,Lap 3,Str 9-10,2.8378685,2.6926982,1.506778055045045,0.14517025971984854,1.331090444954955
P134,Lap 4,Str 9-10,2.3008685,2.2609649,1.506778055045045,0.039903629547119124,0.7940904449549551
P134,Lap 5,Str 9-10,2.2878685,2.3386698,1.506778055045045,0.050801276916503824,0.7810904449549552
P134,Lap 6,Str 9-10,2.3458685,2.3678942,1.506778055045045,0.02202567266845712,0.839090444954955
P134,Lap 7,Str 9-10,2.1208685,2.1257386,1.506778055045045,0.004870120758056817,0.6140904449549549
P134,Lap 8,Str 9-10,2.3608685,2.2891448,1.506778055045045,0.07172374559021,0.8540904449549551
P134,Lap 9,Str 9-10,2.6378685,2.6917753,1.506778055045045,0.05390682196044905,1.1310904449549553
P134,Lap 10,Str 9-10,2.2878685,2.2319171,1.506778055045045,0.05595135713195809,0.7810904449549552
P134,Lap 11,Str 9-10,2.0598685,2.1034389,1.506778055045045,0.04357035421752942,0.553090444954955
P129,Lap 2,Str 9-10,2.8388685,2.7301323,1.506778055045045,0.1087361586151121,1.3320904449549549
P129,Lap 3,Str 9-10,2.2768685,2.2399266,1.506778055045045,0.03694192338562008,0.770090444954955
P129,Lap 4,Str 9-10,2.7098685,2.744615,1.506778055045045,0.03474657797241232,1.2030904449549549
P129,Lap 5,Str 9-10,2.3378685,2.3403006,1.506778055045045,0.0024320599975586887,0.831090444954955
P129,Lap 6,Str 9-10,2.8558685,2.7578335,1.506778055045045,0.0980350191650392,1.3490904449549552
P129,Lap 7,Str 9-10,2.7028685,2.6243885,1.506778055045045,0.07848004365539563,1.1960904449549552
P129,Lap 8,Str 9-10,2.2978685,2.3274295,1.506778055045045,0.029561033004760873,0.791090444954955
P129,Lap 9,Str 9-10,2.7578685,2.6575603,1.506778055045045,0.10030815148925765,1.251090444954955
P129,Lap 10,Str 9-10,2.3478685,2.3723912,1.506778055045045,0.024522723907470567,0.8410904449549552
P123,Lap 3,Str 9-10,2.3208685,2.3371906,1.506778055045045,0.01632212805175781,0.8140904449549551
P123,Lap 4,Str 9-10,2.1848685,2.188002,1.506778055045045,0.0031336095275880105,0.678090444954955
P123,Lap 5,Str 9-10,2.2458685,2.3649397,1.506778055045045,0.11907118963623065,0.7390904449549549
P123,Lap 6,Str 9-10,2.0788685,2.1060195,1.506778055045045,0.0271509969177246,0.5720904449549551
P123,Lap 7,Str 9-10,2.0688685,2.104852,1.506778055045045,0.03598346113586404,0.5620904449549553
P123,Lap 8,Str 9-10,2.0158685,2.0717103,1.506778055045045,0.05584184812927262,0.5090904449549549
P123,Lap 9,Str 9-10,2.1948685,2.1994991,1.506778055045045,0.004630630249023326,0.6880904449549552
P123,Lap 10,Str 9-10,2.2128685,2.2106962,1.506778055045045,0.0021722796020506863,0.706090444954955
P123,Lap 11,Str 9-10,1.9738685,1.9204671,1.506778055045045,0.05340136170959475,0.4670904449549551
P123,Lap 12,Str 9-10,2.0508685,2.0960002,1.506778055045045,0.045131694549560564,0.5440904449549551
P120,Lap 2,Str 9-10,2.1588685,2.2022161,1.506778055045045,0.043347648376464765,0.6520904449549552
P120,Lap 3,Str 9-10,2.6278685,2.5977368,1.506778055045045,0.030131664520263612,1.121090444954955
P120,Lap 4,Str 9-10,2.0678685,2.119593,1.506778055045045,0.05172440504455578,0.561090444954955
P120,Lap 5,Str 9-10,2.1598685,2.113507,1.506778055045045,0.04636146760559079,0.653090444954955
P120,Lap 6,Str 9-10,2.2348685,2.2168279,1.506778055045045,0.018040630584716943,0.7280904449549552
P120,Lap 7,Str 9-10,2.2278685,2.1909814,1.506778055045045,0.036887111907959014,0.7210904449549551
P120,Lap 8,Str 9-10,2.2098685,2.1391819,1.506778055045045,0.07068664765930155,0.7030904449549549
P120,Lap 9,Str 9-10,2.2088685,2.2122426,1.506778055045045,0.0033741033020020517,0.702090444954955
P120,Lap 10,Str 9-10,2.0408685,2.0846293,1.506778055045045,0.04376079725646953,0.5340904449549553
P120,Lap 11,Str 9-10,2.1348685,2.1190367,1.506778055045045,0.01583182550048834,0.6280904449549551
P120,Lap 12,Str 9-10,2.0078685,2.095836,1.506778055045045,0.08796742414855974,0.5010904449549549
P113,Lap 2,Str 9-10,2.4798685,2.4748788,1.506778055045045,0.0049897120056150435,0.9730904449549549
P113,Lap 3,Str 9-10,2.1838685,2.1324234,1.506778055045045,0.05144509912109374,0.6770904449549551
P113,Lap 4,Str 9-10,2.1188685,2.177988,1.506778055045045,0.05911955236816402,0.6120904449549551
P113,Lap 5,Str 9-10,2.9128685,2.7694814,1.506778055045045,0.1433870794830323,1.4060904449549552
P113,Lap 6,Str 9-10,2.3848685,2.3289335,1.506778055045045,0.05593502259826666,0.8780904449549551
P113,Lap 7,Str 9-10,2.4068685,2.39764,1.506778055045045,0.009228510147094582,0.9000904449549549
P113,Lap 8,Str 9-10,2.0908685,2.1072326,1.506778055045045,0.01636407064819334,0.5840904449549551
P113,Lap 9,Str 9-10,2.4068685,2.3869941,1.506778055045045,0.01987437654113755,0.9000904449549549
P113,Lap 10,Str 9-10,2.0408685,2.0526776,1.506778055045045,0.011809131378173632,0.5340904449549553
P113,Lap 11,Str 9-10,2.3758685,2.4324899,1.506778055045045,0.056621371978759605,0.8690904449549552
P107,Lap 2,Str 9-10,2.5138685,2.5256033,1.506778055045045,0.011734794372558532,1.0070904449549551
P107,Lap 3,Str 9-10,2.4048685,2.4882488,1.506778055045045,0.08338032507324211,0.8980904449549552
P107,Lap 4,Str 9-10,2.2118685,2.165042,1.506778055045045,0.046826576477050796,0.7050904449549551
P107,Lap 5,Str 9-10,2.2638685,2.217814,1.506778055045045,0.046054531341552796,0.7570904449549551
P107,Lap 6,Str 9-10,2.3918685,2.3762565,1.506778055045045,0.01561203408813494,0.8850904449549553
P107,Lap 7,Str 9-10,2.5458685,2.5261345,1.506778055045045,0.019734009033203215,1.0390904449549552
P107,Lap 8,Str 9-10,2.2808685,2.3101037,1.506778055045045,0.02923515486145023,0.774090444954955
P107,Lap 9,Str 9-10,2.3058685,2.3124769,1.506778055045045,0.006608373397827272,0.799090444954955
P107,Lap 10,Str 9-10,2.2468685,2.2033865,1.506778055045045,0.04348195481872574,0.7400904449549552
P107,Lap 11,Str 9-10,2.2838685,2.2694407,1.506778055045045,0.014427849060058673,0.7770904449549552
P105,Lap 2,Str 9-10,2.8438685,2.6852417,1.506778055045045,0.15862680078125013,1.3370904449549552
P105,Lap 3,Str 9-10,2.9548685,2.7113934,1.506778055045045,0.2434751436767577,1.448090444954955
P105,Lap 4,Str 9-10,2.9288685,2.7385004,1.506778055045045,0.19036814332580576,1.4220904449549552
P105,Lap 5,Str 9-10,2.8788685,2.704005,1.506778055045045,0.17486349702453596,1.372090444954955
P105,Lap 6,Str 9-10,3.0558685,2.7350636,1.506778055045045,0.32080494714355456,1.549090444954955
P105,Lap 7,Str 9-10,2.7608685,2.6600826,1.506778055045045,0.10078592134094233,1.254090444954955
P105,Lap 8,Str 9-10,3.1778685,2.7095346,1.506778055045045,0.4683338549194338,1.6710904449549553
P105,Lap 9,Str 9-10,2.7318685,2.6760774,1.506778055045045,0.05579113412475589,1.2250904449549551
P105,Lap 10,Str 9-10,2.7368685,2.6498728,1.506778055045045,0.08699572015380852,1.230090444954955
P105,Lap 11,Str 9-10,2.8438685,2.720459,1.506778055045045,0.12340951562500013,1.3370904449549552
P105,Lap 12,Str 9-10,2.8468685,2.7784219,1.506778055045045,0.06844662118530254,1.3400904449549549
P104,Lap 2,Str 9-10,2.4758685,2.5923498,1.506778055045045,0.11648126768493672,0.9690904449549549
P104,Lap 3,Str 9-10,2.2658685,2.305536,1.506778055045045,0.03966753172302262,0.7590904449549549
P104,Lap 4,Str 9-10,2.8858685,2.8089359,1.506778055045045,0.0769326193389892,1.379090444954955
P104,Lap 5,Str 9-10,2.6838685,2.7665803,1.506778055045045,0.08271184324645997,1.177090444954955
P104,Lap 6,Str 9-10,2.4338685,2.4486594,1.506778055045045,0.014790920013427744,0.9270904449549551
P104,Lap 7,Str 9-10,2.6448685,2.5341344,1.506778055045045,0.11073411203002914,1.138090444954955
P104,Lap 8,Str 9-10,2.2928685,2.3590667,1.506778055045045,0.0661982247772217,0.7860904449549551
P104,Lap 9,Str 9-10,2.4368685,2.618829,1.506778055045045,0.18196051191711415,0.9300904449549552
P104,Lap 10,Str 9-10,2.5318685,2.5573506,1.506778055045045,0.025482135528564598,1.025090444954955
P104,Lap 11,Str 9-10,2.7278685,2.6276839,1.506778055045045,0.10018462205505374,1.2210904449549551
P103,Lap 2,Str 9-10,2.2888685,2.3462403,1.506778055045045,0.05737178205871585,0.782090444954955
P103,Lap 3,Str 9-10,3.3298685,3.0995529,1.506778055045045,0.23031563020324697,1.823090444954955
P103,Lap 4,Str 9-10,2.2148685,2.275609,1.506778055045045,0.0607405164184569,0.7080904449549552
P103,Lap 5,Str 9-10,2.5608685,2.5107949,1.506778055045045,0.05007362199401877,1.0540904449549553
P103,Lap 6,Str 9-10,2.6228685,2.5969753,1.506778055045045,0.02589317346191411,1.1160904449549551
P103,Lap 7,Str 9-10,2.3688685,2.3777974,1.506778055045045,0.00892886518859859,0.8620904449549551
P103,Lap 8,Str 9-10,2.2018685,2.2644794,1.506778055045045,0.06261089872741721,0.6950904449549549
P103,Lap 9,Str 9-10,2.5198685,2.6024103,1.506778055045045,0.08254181646728531,1.013090444954955
P103,Lap 10,Str 9-10,2.3198685,2.3011825,1.506778055045045,0.01868599153137218,0.8130904449549552
P103,Lap 11,Str 9-10,2.7268685,2.7889264,1.506778055045045,0.06205786299133287,1.2200904449549552
P090,Lap 2,Str 9-10,2.1918685,2.220512,1.506778055045045,0.02864341329956055,0.6850904449549551
P090,Lap 3,Str 9-10,2.3148685,2.320412,1.506778055045045,0.005543420547485134,0.8080904449549553
P090,Lap 4,Str 9-10,2.1688685,2.1442943,1.506778055045045,0.02457423806762682,0.662090444954955
P090,Lap 5,Str 9-10,2.4138685,2.4730566,1.506778055045045,0.05918805479431155,0.907090444954955
P090,Lap 6,Str 9-10,2.3008685,2.296495,1.506778055045045,0.004373539215087874,0.7940904449549551
P090,Lap 7,Str 9-10,2.3018685,2.3068144,1.506778055045045,0.004945932144165166,0.795090444954955
P090,Lap 8,Str 9-10,2.3658685,2.4718962,1.506778055045045,0.10602767156982429,0.859090444954955
P090,Lap 9,Str 9-10,2.3548685,2.442746,1.506778055045045,0.08787742399597187,0.8480904449549549
P090,Lap 10,Str 9-10,2.4248685,2.3662217,1.506778055045045,0.05864683366394052,0.9180904449549552
P089,Lap 2,Str 9-10,2.6068685,2.3511782,1.506778055045045,0.25569033074951175,1.1000904449549551
P089,Lap 3,Str 9-10,2.5548685,2.3664703,1.506778055045045,0.1883981630859375,1.048090444954955
P089,Lap 4,Str 9-10,2.2488685,2.2668064,1.506778055045045,0.017937864059448305,0.742090444954955
P089,Lap 5,Str 9-10,2.1768685,2.1729434,1.506778055045045,0.0039251463470457715,0.670090444954955
P089,Lap 6,Str 9-10,2.2818685,2.2975805,1.506778055045045,0.015711980575561668,0.7750904449549549
P089,Lap 8,Str 9-10,2.1418685,2.119523,1.506778055045045,0.02234545159912127,0.6350904449549553
P089,Lap 9,Str 9-10,2.8318685,2.7791257,1.506778055045045,0.052742809539795044,1.3250904449549552
P089,Lap 10,Str 9-10,2.1868685,2.2263348,1.506778055045045,0.039466310256957904,0.6800904449549552
P084,Lap 2,Str 9-10,2.6262565,0.44822678,1.506778055045045,2.1780297203006747,1.1194784449549553
P084,Lap 3,Str 9-10,3.4665825,2.4972973,1.506778055045045,0.9692852130126952,1.959804444954955
P084,Lap 4,Str 9-10,2.7197235,1.4513112,1.506778055045045,1.2684122693405153,1.2129454449549553
P084,Lap 5,Str 9-10,2.7388395,0.7389482,1.506778055045045,1.9998912740249635,1.2320614449549552
P084,Lap 6,Str 9-10,3.8478745,1.8647797,1.506778055045045,1.9830947892303468,2.341096444954955
P083,Lap 2,Str 9-10,3.3774375,2.8349123,1.506778055045045,0.5425251998901368,1.8706594449549552
P083,Lap 3,Str 9-10,3.1214765,1.5029525,1.506778055045045,1.6185240435256958,1.614698444954955
P083,Lap 5,Str 9-10,2.9033765,1.9796122,1.506778055045045,0.9237642687454222,1.3965984449549549
P083,Lap 6,Str 9-10,3.2086935,2.393075,1.506778055045045,0.8156185106811522,1.701915444954955
P067,Lap 1,Str 9-10,-0.17551268,1.3036864,1.506778055045045,1.4791990603863525,1.682290735045045
P067,Lap 2,Str 9-10,0.4309925,0.5331571,1.506778055045045,0.1021646102142334,1.0757855550450448
P067,Lap 3,Str 9-10,0.8017715,0.9753307,1.506778055045045,0.1735592104110718,0.705006555045045
P067,Lap 5,Str 9-10,0.2492335,1.1221902,1.506778055045045,0.8729567370452881,1.2575445550450448
P067,Lap 6,Str 9-10,0.6870375,1.4267071,1.506778055045045,0.739669648551941,0.819740555045045
P059,Lap 1,Str 9-10,0.0760895,0.2554024,1.506778055045045,0.17931288618850708,1.430688555045045
P059,Lap 2,Str 9-10,-0.0947045,0.65072334,1.506778055045045,0.7454278381271362,1.6014825550450449
P059,Lap 3,Str 9-10,-0.0465665,0.5374346,1.506778055045045,0.5840010779418945,1.5533445550450449
P059,Lap 4,Str 9-10,-0.0227215,0.36230847,1.506778055045045,0.38502997239494324,1.529499555045045
P059,Lap 5,Str 9-10,-0.0365355,0.33837518,1.506778055045045,0.37491068095970154,1.543313555045045
P059,Lap 6,Str 9-10,-0.1118515,0.1885743,1.506778055045045,0.30042579921627044,1.618629555045045
P049,Lap 1,Str 9-10,0.1316245,0.043667037,1.506778055045045,0.08795746296000481,1.3751535550450449
P049,Lap 2,Str 9-10,0.0594035,-0.1813306,1.506778055045045,0.240734106341362,1.447374555045045
P049,Lap 3,Str 9-10,0.1211645,0.07467266,1.506778055045045,0.046491838278293604,1.385613555045045
P049,Lap 4,Str 9-10,-0.0204485,-0.12774248,1.506778055045045,0.10729398421192168,1.527226555045045
P049,Lap 5,Str 9-10,0.0927605,0.016881626,1.506778055045045,0.07587887390065193,1.414017555045045
P049,Lap 6,Str 9-10,-0.0072125,0.0076058675,1.506778055045045,0.014818367460370064,1.513990555045045
P048,Lap 1,Str 9-10,0.1433905,0.40477115,1.506778055045045,0.2613806491584778,1.363387555045045
P048,Lap 2,Str 9-10,0.1072945,-0.04277269,1.506778055045045,0.15006719169688226,1.3994835550450448
P048,Lap 3,Str 9-10,0.1198085,0.73268425,1.506778055045045,0.6128757546463013,1.386969555045045
P048,Lap 4,Str 9-10,0.7937625,0.48019862,1.506778055045045,0.3135638782501221,0.7130155550450449
P048,Lap 5,Str 9-10,0.1949475,-0.01109585,1.506778055045045,0.20604334979712963,1.3118305550450449
P048,Lap 6,Str 9-10,0.4782975,0.24810931,1.506778055045045,0.23018818913459776,1.0284805550450449
P043,Lap 2,Str 9-10,2.3200855,-0.09071634,1.506778055045045,2.4108018396477697,0.8133074449549549
P039,Lap 2,Str 9-10,0.1581865,0.6290507,1.506778055045045,0.47086417205429076,1.348591555045045
P039,Lap 3,Str 9-10,0.4161465,0.8722286,1.506778055045045,0.45608212243652346,1.090631555045045
P039,Lap 4,Str 9-10,0.3151475,0.85080016,1.506778055045045,0.5356526565933227,1.191630555045045
P039,Lap 5,Str 9-10,-0.0461835,0.36919188,1.506778055045045,0.4153753849945068,1.5529615550450449
P039,Lap 6,Str 9-10,0.1637135,0.41600546,1.506778055045045,0.2522919624080658,1.3430645550450448
P028,Lap 1,Str 9-10,0.4374285,1.5764474,1.506778055045045,1.1390188676681519,1.069349555045045
P028,Lap 2,Str 9-10,0.1829265,0.52436113,1.506778055045045,0.34143463357543946,1.323851555045045
P028,Lap 3,Str 9-10,0.0617135,0.2919738,1.506778055045045,0.2302602994670868,1.445064555045045
P028,Lap 4,Str 9-10,0.2610515,1.0577961,1.506778055045045,0.7967446206436157,1.245726555045045
P028,Lap 5,Str 9-10,0.1662635,0.7015477,1.506778055045045,0.5352841822853088,1.3405145550450448
P028,Lap 6,Str 9-10,0.0609795,0.43466938,1.506778055045045,0.3736898754196167,1.445798555045045
P020,Lap 3,Str 9-10,4.3162075,1.3884654,1.506778055045045,2.927742095489502,2.8094294449549553
P020,Lap 4,Str 9-10,2.7442385,0.38542533,1.506778055045045,2.358813170791626,1.2374604449549549
P020,Lap 5,Str 9-10,2.4102375,0.11925269,1.506778055045045,2.2909848108172417,0.9034594449549551
P020,Lap 6,Str 9-10,3.5280285,2.686097,1.506778055045045,0.8419315933380127,2.021250444954955
P019,Lap 1,Str 9-10,0.6705475,0.3935502,1.506778055045045,0.2769973126506805,0.836230555045045
P019,Lap 2,Str 9-10,1.0805455,0.95517695,1.506778055045045,0.12536855049896234,0.426232555045045
P019,Lap 3,Str 9-10,0.6204035,0.24873784,1.506778055045045,0.3716656581554413,0.8863745550450449
P019,Lap 4,Str 9-10,0.6069365,0.85175806,1.506778055045045,0.24482156283950807,0.8998415550450449
P019,Lap 5,Str 9-10,0.5422485,0.57448816,1.506778055045045,0.032239662994384743,0.9645295550450449
P019,Lap 6,Str 9-10,0.6317715,0.4920553,1.506778055045045,0.13971620310211186,0.8750065550450449
P012,Lap 1,Str 9-10,0.2218685,-0.021359297,1.506778055045045,0.243227796515584,1.284909555045045
P012,Lap 2,Str 9-10,0.2988685,0.31647548,1.506778055045045,0.017606980794906635,1.207909555045045
P012,Lap 3,Str 9-10,0.0708685,0.05008569,1.506778055045045,0.02078281012749672,1.435909555045045
P012,Lap 4,Str 9-10,0.3298685,-0.119353995,1.506778055045045,0.4492224947271347,1.1769095550450448
P012,Lap 5,Str 9-10,-0.0891315,0.43673342,1.506778055045045,0.5258649246635437,1.5959095550450448
P012,Lap 6,Str 9-10,0.1148685,-0.03858183,1.506778055045045,0.15345032951807974,1.3919095550450449
P011,Lap 1,Str 9-10,-0.0861315,0.09001065,1.506778055045045,0.1761421504559517,1.592909555045045
P011,Lap 2,Str 9-10,0.3178685,0.2256339,1.506778055045045,0.092234595662117,1.1889095550450448
P011,Lap 3,Str 9-10,0.0318685,0.03254732,1.506778055045045,0.0006788211705684652,1.4749095550450448
P011,Lap 4,Str 9-10,0.1848685,0.5304588,1.506778055045045,0.3455903079452515,1.3219095550450448
P011,Lap 5,Str 9-10,-0.1001315,-0.08553653,1.506778055045045,0.014594967895984648,1.606909555045045
P011,Lap 6,Str 9-10,0.1448685,-0.07815544,1.506778055045045,0.22302394307231904,1.3619095550450449
P005,Lap 2,Str 9-10,0.2098685,1.3179855,1.506778055045045,1.1081170346679687,1.296909555045045
P005,Lap 3,Str 9-10,0.1518685,0.82621974,1.506778055045045,0.6743512375297547,1.354909555045045
P005,Lap 4,Str 9-10,0.0328685,0.70904934,1.506778055045045,0.6761808440628052,1.473909555045045
P001,Lap 2,Str 9-10,2.6398685,0.18205822,1.506778055045045,2.4578102848587036,1.133090444954955
P001,Lap 3,Str 9-10,2.5018685,0.16487063,1.506778055045045,2.336997865324974,0.9950904449549551
P001,Lap 4,Str 9-10,2.3098685,-0.14140636,1.506778055045045,2.4512748572883605,0.803090444954955
P001,Lap 5,Str 9-10,2.1288685,0.041134343,1.506778055045045,2.0877341574487684,0.6220904449549549
P001,Lap 6,Str 9-10,2.1658685,0.14921764,1.506778055045045,2.0166508646068575,0.6590904449549553
P001,Lap 7,Str 9-10,2.6658685,-0.07301284,1.506778055045045,2.738881336277485,1.1590904449549553
P001,Lap 8,Str 9-10,2.4948685,0.052728303,1.506778055045045,2.4421401972231864,0.988090444954955
P134,Lap 2,Turn 1,-0.125,0.07136818,2.0773692409171596,0.19636818021535873,2.2023692409171596
P134,Lap 3,Turn 1,-0.154,0.06543153,2.0773692409171596,0.21943152779340744,2.2313692409171595
P134,Lap 4,Turn 1,-0.058,0.07521107,2.0773692409171596,0.1332110704779625,2.1353692409171594
P134,Lap 5,Turn 1,-0.099,0.1387885,2.0773692409171596,0.23778850638866425,2.1763692409171598
P134,Lap 6,Turn 1,0.053,0.0926259,2.0773692409171596,0.039625901103019716,2.0243692409171596
P134,Lap 7,Turn 1,0.071,0.08938478,2.0773692409171596,0.018384779334068305,2.0063692409171594
P134,Lap 8,Turn 1,0.051,0.09153673,2.0773692409171596,0.04053673052787781,2.0263692409171594
P134,Lap 9,Turn 1,0.038,0.08643187,2.0773692409171596,0.04843186837434769,2.0393692409171598
P134,Lap 10,Turn 1,0.003,0.08181198,2.0773692409171596,0.07881197941303253,2.0743692409171595
P134,Lap 11,Turn 1,0.061,0.11671306,2.0773692409171596,0.055713061928749086,2.0163692409171596
P129,Lap 2,Turn 1,0.25,0.46344373,2.0773692409171596,0.21344372630119324,1.8273692409171596
P129,Lap 3,Turn 1,0.111,0.11737088,2.0773692409171596,0.006370881140232085,1.9663692409171596
P129,Lap 4,Turn 1,0.106,0.2567642,2.0773692409171596,0.15076420331001283,1.9713692409171595
P129,Lap 5,Turn 1,-0.016,0.18997097,2.0773692409171596,0.2059709701538086,2.0933692409171596
P129,Lap 6,Turn 1,0.059,0.13387589,2.0773692409171596,0.07487589156627655,2.0183692409171594
P129,Lap 7,Turn 1,0.068,0.073936015,2.0773692409171596,0.00593601536750793,2.0093692409171595
P129,Lap 8,Turn 1,-0.082,0.044044334,2.0773692409171596,0.12604433444142343,2.1593692409171594
P129,Lap 9,Turn 1,-0.014,0.11127239,2.0773692409171596,0.12527238720655443,2.0913692409171594
P129,Lap 10,Turn 1,0.07,0.41947207,2.0773692409171596,0.3494720685482025,2.0073692409171597
P123,Lap 2,Turn 1,0.47,0.27180374,2.0773692409171596,0.19819626331329343,1.6073692409171596
P123,Lap 3,Turn 1,0.072,0.1248144,2.0773692409171596,0.052814398586750036,2.0053692409171595
P123,Lap 4,Turn 1,0.108,0.15118694,2.0773692409171596,0.04318694305419922,1.9693692409171595
P123,Lap 5,Turn 1,0.077,0.17039771,2.0773692409171596,0.09339771378040314,2.0003692409171596
P123,Lap 6,Turn 1,0.18,0.2676296,2.0773692409171596,0.08762959361076356,1.8973692409171596
P123,Lap 7,Turn 1,0.032,0.115481704,2.0773692409171596,0.08348170447349548,2.0453692409171595
P123,Lap 8,Turn 1,0.065,0.14409855,2.0773692409171596,0.07909855008125305,2.0123692409171596
P123,Lap 9,Turn 1,0.047,0.12582049,2.0773692409171596,0.07882048773765564,2.0303692409171594
P123,Lap 10,Turn 1,0.002,0.13222514,2.0773692409171596,0.1302251409292221,2.07536924091716
P123,Lap 11,Turn 1,0.133,0.22849017,2.0773692409171596,0.0954901738166809,1.9443692409171596
P123,Lap 12,Turn 1,0.009,0.09181956,2.0773692409171596,0.08281956201791764,2.0683692409171597
P120,Lap 2,Turn 1,0.066,0.10346946,2.0773692409171596,0.03746946120262146,2.0113692409171597
P120,Lap 3,Turn 1,-0.092,0.059670225,2.0773692409171596,0.15167022478580475,2.1693692409171597
P120,Lap 4,Turn 1,0.082,0.24454589,2.0773692409171596,0.16254589188098906,1.9953692409171595
P120,Lap 5,Turn 1,0.208,0.29746896,2.0773692409171596,0.08946896028518678,1.8693692409171596
P120,Lap 6,Turn 1,0.086,0.1610261,2.0773692409171596,0.07502610528469086,1.9913692409171595
P120,Lap 7,Turn 1,0.02,0.12898625,2.0773692409171596,0.10898625433444976,2.0573692409171596
P120,Lap 8,Turn 1,0.647,0.46715593,2.0773692409171596,0.17984406661987307,1.4303692409171596
P120,Lap 9,Turn 1,-0.027,0.11423704,2.0773692409171596,0.14123704028129577,2.1043692409171597
P120,Lap 10,Turn 1,0.069,0.16023254,2.0773692409171596,0.0912325439453125,2.0083692409171596
P120,Lap 11,Turn 1,-0.071,0.11768477,2.0773692409171596,0.1886847666501999,2.1483692409171598
P120,Lap 12,Turn 1,0.07,0.13498315,2.0773692409171596,0.06498315215110778,2.0073692409171597
P113,Lap 2,Turn 1,0.247,0.15592536,2.0773692409171596,0.09107463669776916,1.8303692409171597
P113,Lap 3,Turn 1,0.102,0.14874162,2.0773692409171596,0.04674161779880524,1.9753692409171595
P113,Lap 4,Turn 1,0.369,0.54058385,2.0773692409171596,0.17158384895324708,1.7083692409171596
P113,Lap 5,Turn 1,0.222,0.26395407,2.0773692409171596,0.041954073190689084,1.8553692409171596
P113,Lap 6,Turn 1,0.207,0.3778596,2.0773692409171596,0.17085959243774415,1.8703692409171595
P113,Lap 7,Turn 1,0.183,0.2843583,2.0773692409171596,0.10135829281806946,1.8943692409171595
P113,Lap 8,Turn 1,0.185,0.30424282,2.0773692409171596,0.1192428195476532,1.8923692409171595
P113,Lap 9,Turn 1,0.186,0.28052053,2.0773692409171596,0.09452052855491638,1.8913692409171596
P113,Lap 10,Turn 1,0.169,0.28052053,2.0773692409171596,0.11152052855491637,1.9083692409171595
P113,Lap 11,Turn 1,0.15,0.2218165,2.0773692409171596,0.07181649506092072,1.9273692409171597
P113,Lap 12,Turn 1,0.355,0.31607723,2.0773692409171596,0.03892276763916014,1.7223692409171596
P107,Lap 2,Turn 1,-0.097,0.06506889,2.0773692409171596,0.16206889313459397,2.1743692409171596
P107,Lap 3,Turn 1,-0.001,0.082969554,2.0773692409171596,0.0839695537686348,2.0783692409171595
P107,Lap 4,Turn 1,0.037,0.082000196,2.0773692409171596,0.04500019598007202,2.0403692409171597
P107,Lap 5,Turn 1,-0.085,0.07218895,2.0773692409171596,0.15718895107507708,2.1623692409171595
P107,Lap 6,Turn 1,-0.065,0.067002475,2.0773692409171596,0.13200247526168823,2.1423692409171595
P107,Lap 7,Turn 1,0.112,0.15269306,2.0773692409171596,0.040693063020706174,1.9653692409171595
P107,Lap 8,Turn 1,0.12,0.15596674,2.0773692409171596,0.035966743826866154,1.9573692409171595
P107,Lap 9,Turn 1,0.057,0.15727215,2.0773692409171596,0.10027214515209198,2.0203692409171596
P107,Lap 10,Turn 1,0.105,0.11616373,2.0773692409171596,0.011163730621337895,1.9723692409171596
P107,Lap 11,Turn 1,0.143,0.13618019,2.0773692409171596,0.00681980776786803,1.9343692409171596
P105,Lap 2,Turn 1,0.342,0.18930611,2.0773692409171596,0.15269388985633853,1.7353692409171595
P105,Lap 3,Turn 1,1.587,0.86844707,2.0773692409171596,0.7185529346466064,0.4903692409171596
P105,Lap 4,Turn 1,0.235,0.16308858,2.0773692409171596,0.07191142499446868,1.8423692409171597
P105,Lap 5,Turn 1,0.711,0.3311275,2.0773692409171596,0.3798725054264068,1.3663692409171597
P105,Lap 6,Turn 1,1.239,0.9001557,2.0773692409171596,0.3388442769050599,0.8383692409171595
P105,Lap 7,Turn 1,0.747,0.400854,2.0773692409171596,0.3461460084915161,1.3303692409171597
P105,Lap 8,Turn 1,0.621,0.32894227,2.0773692409171596,0.29205773091316223,1.4563692409171596
P105,Lap 9,Turn 1,0.482,0.24927434,2.0773692409171596,0.23272565674781798,1.5953692409171596
P105,Lap 10,Turn 1,0.368,0.2537272,2.0773692409171596,0.11427280235290527,1.7093692409171597
P105,Lap 11,Turn 1,0.953,0.64808303,2.0773692409171596,0.3049169688224792,1.1243692409171597
P105,Lap 12,Turn 1,0.465,0.26656467,2.0773692409171596,0.198435332775116,1.6123692409171595
P104,Lap 2,Turn 1,0.103,0.19813174,2.0773692409171596,0.0951317400932312,1.9743692409171596
P104,Lap 3,Turn 1,0.021,0.16839442,2.0773692409171596,0.14739441657066346,2.0563692409171597
P104,Lap 4,Turn 1,1.878,1.0305113,2.0773692409171596,0.8474887399673461,0.19936924091715968
P104,Lap 5,Turn 1,-0.014,0.17323625,2.0773692409171596,0.18723625087738038,2.0913692409171594
P104,Lap 6,Turn 1,-0.037,0.073936015,2.0773692409171596,0.11093601536750794,2.1143692409171595
P104,Lap 7,Turn 1,0.117,0.09987598,2.0773692409171596,0.01712402087450028,1.9603692409171596
P104,Lap 8,Turn 1,0.263,0.23329845,2.0773692409171596,0.02970154929161073,1.8143692409171597
P104,Lap 9,Turn 1,0.042,0.08102072,2.0773692409171596,0.03902072030305862,2.0353692409171598
P104,Lap 10,Turn 1,0.423,0.3963154,2.0773692409171596,0.02668460416793822,1.6543692409171595
P104,Lap 11,Turn 1,0.446,0.32156217,2.0773692409171596,0.12443782901763917,1.6313692409171596
P103,Lap 2,Turn 1,0.095,0.32948667,2.0773692409171596,0.2344866681098938,1.9823692409171596
P103,Lap 3,Turn 1,-0.164,0.03270835,2.0773692409171596,0.1967083505690098,2.2413692409171597
P103,Lap 4,Turn 1,0.104,0.22451182,2.0773692409171596,0.12051181709766388,1.9733692409171595
P103,Lap 5,Turn 1,-0.068,0.061220445,2.0773692409171596,0.1292204447388649,2.1453692409171596
P103,Lap 6,Turn 1,-0.017,0.08522747,2.0773692409171596,0.10222746711969376,2.0943692409171595
P103,Lap 7,Turn 1,0.014,0.07353827,2.0773692409171596,0.059538273572921754,2.06336924091716
P103,Lap 8,Turn 1,-0.033,0.12072304,2.0773692409171596,0.15372303891181946,2.1103692409171595
P103,Lap 9,Turn 1,-0.079,0.050425086,2.0773692409171596,0.12942508617043497,2.1563692409171598
P103,Lap 10,Turn 1,-0.036,0.204316,2.0773692409171596,0.24031600511074067,2.1133692409171596
P103,Lap 11,Turn 1,0.393,0.33092397,2.0773692409171596,0.06207602548599245,1.6843692409171596
P090,Lap 2,Turn 1,0.227,0.22268376,2.0773692409171596,0.0043162424564361646,1.8503692409171595
P090,Lap 3,Turn 1,-0.033,0.068261705,2.0773692409171596,0.10126170533895493,2.1103692409171595
P090,Lap 4,Turn 1,0.259,0.3076172,2.0773692409171596,0.04861718749999999,1.8183692409171597
P090,Lap 5,Turn 1,0.094,0.14098117,2.0773692409171596,0.046981167554855346,1.9833692409171595
P090,Lap 6,Turn 1,-0.018,0.073419146,2.0773692409171596,0.09141914623975754,2.0953692409171594
P090,Lap 7,Turn 1,0.136,0.18125474,2.0773692409171596,0.04525474452972411,1.9413692409171595
P090,Lap 8,Turn 1,0.087,0.15306035,2.0773692409171596,0.06606034684181214,1.9903692409171596
P090,Lap 9,Turn 1,0.042,0.11103608,2.0773692409171596,0.06903607714176177,2.0353692409171598
P090,Lap 10,Turn 1,0.036,0.1328143,2.0773692409171596,0.09681430304050445,2.0413692409171595
P089,Lap 2,Turn 1,0.099,0.034356195,2.0773692409171596,0.06464380452036858,1.9783692409171596
P089,Lap 3,Turn 1,0.366,0.15089738,2.0773692409171596,0.21510261631011962,1.7113692409171595
P089,Lap 4,Turn 1,0.389,0.20431255,2.0773692409171596,0.18468745195865632,1.6883692409171596
P089,Lap 5,Turn 1,-0.023,0.11583875,2.0773692409171596,0.13883875119686126,2.1003692409171597
P089,Lap 6,Turn 1,0.133,0.0724426,2.0773692409171596,0.060557401359081275,1.9443692409171596
P089,Lap 8,Turn 1,0.109,0.1542657,2.0773692409171596,0.04526570177078247,1.9683692409171596
P089,Lap 9,Turn 1,0.173,0.17749093,2.0773692409171596,0.004490934729576124,1.9043692409171595
P089,Lap 10,Turn 1,0.062,0.09546908,2.0773692409171596,0.03346907991170883,2.0153692409171597
P084,Lap 2,Turn 1,0.49203,4.243622,2.0773692409171596,3.751591826171875,1.5853392409171596
P084,Lap 3,Turn 1,0.201686,3.8260205,2.0773692409171596,3.6243344792022705,1.8756832409171595
P084,Lap 4,Turn 1,0.490815,2.9540353,2.0773692409171596,2.4632202821350098,1.5865542409171596
P084,Lap 5,Turn 1,0.784684,3.7961888,2.0773692409171596,3.0115048313293458,1.2926852409171596
P084,Lap 6,Turn 1,0.042779,4.2060957,2.0773692409171596,4.163316695495605,2.0345902409171597
P083,Lap 2,Turn 1,1.430345,4.1163135,2.0773692409171596,2.6859684574890137,0.6470242409171596
P083,Lap 3,Turn 1,0.442301,3.0057921,2.0773692409171596,2.5634911409606933,1.6350682409171595
P083,Lap 5,Turn 1,0.274468,4.596218,2.0773692409171596,4.32175010913086,1.8029012409171596
P083,Lap 6,Turn 1,0.222234,5.167465,2.0773692409171596,4.945231209960937,1.8551352409171595
P067,Lap 1,Turn 1,6.586996,4.0024633,2.0773692409171596,2.5845326592407227,4.50962675908284
P067,Lap 2,Turn 1,5.710506,3.8813746,2.0773692409171596,1.8291314024505612,3.63313675908284
P067,Lap 3,Turn 1,4.935221,3.593169,2.0773692409171596,1.3420520260772708,2.8578517590828407
P067,Lap 5,Turn 1,5.964616,4.6053934,2.0773692409171596,1.3592225902709965,3.887246759082841
P067,Lap 6,Turn 1,6.309792,3.4678674,2.0773692409171596,2.841924625579834,4.232422759082841
P059,Lap 1,Turn 1,4.357491,3.8042536,2.0773692409171596,0.5532374218139644,2.28012175908284
P059,Lap 2,Turn 1,4.06948,4.3090606,2.0773692409171596,0.23958057357788043,1.9921107590828409
P059,Lap 3,Turn 1,4.111901,4.373037,2.0773692409171596,0.26113586141967815,2.03453175908284
P059,Lap 4,Turn 1,4.009192,4.2932444,2.0773692409171596,0.28405236187744176,1.93182275908284
P059,Lap 5,Turn 1,4.047597,2.8159833,2.0773692409171596,1.2316137045593258,1.97022775908284
P059,Lap 6,Turn 1,4.339928,4.5944204,2.0773692409171596,0.25449243304443403,2.26255875908284
P049,Lap 1,Turn 1,4.550119,4.390994,2.0773692409171596,0.15912492803955036,2.47274975908284
P049,Lap 2,Turn 1,4.258918,4.707095,2.0773692409171596,0.4481771461791988,2.181548759082841
P049,Lap 3,Turn 1,4.543486,4.616494,2.0773692409171596,0.07300817877197296,2.46611675908284
P049,Lap 4,Turn 1,4.292942,4.2890415,2.0773692409171596,0.003900480834960973,2.2155727590828405
P049,Lap 5,Turn 1,4.260341,4.0762258,2.0773692409171596,0.18411524240112342,2.182971759082841
P049,Lap 6,Turn 1,4.181238,4.486849,2.0773692409171596,0.30561083117675825,2.10386875908284
P048,Lap 1,Turn 1,5.163606,2.9135633,2.0773692409171596,2.2500427485046384,3.08623675908284
P048,Lap 2,Turn 1,5.313077,4.3098855,2.0773692409171596,1.0031914981384276,3.2357077590828403
P048,Lap 3,Turn 1,5.277808,3.8482306,2.0773692409171596,1.4295773996429446,3.2004387590828407
P048,Lap 4,Turn 1,5.223602,4.555184,2.0773692409171596,0.6684181125183102,3.14623275908284
P048,Lap 5,Turn 1,4.882379,3.73103,2.0773692409171596,1.1513490126647952,2.8050097590828407
P048,Lap 6,Turn 1,4.641002,3.7013552,2.0773692409171596,0.9396467811126712,2.5636327590828407
P043,Lap 2,Turn 1,1.350914,3.6125617,2.0773692409171596,2.2616477027282715,0.7264552409171596
P039,Lap 2,Turn 1,4.873639,4.540909,2.0773692409171596,0.33273018652343733,2.7962697590828403
P039,Lap 3,Turn 1,4.755198,4.6136513,2.0773692409171596,0.1415467243652344,2.6778287590828405
P039,Lap 4,Turn 1,4.537524,4.4514804,2.0773692409171596,0.08604361135864291,2.4601547590828408
P039,Lap 5,Turn 1,4.974048,3.8097875,2.0773692409171596,1.1642604881744383,2.8966787590828402
P039,Lap 6,Turn 1,4.340666,2.671525,2.0773692409171596,1.6691409984741208,2.26329675908284
P028,Lap 1,Turn 1,5.292466,4.458652,2.0773692409171596,0.8338139804992677,3.2150967590828405
P028,Lap 2,Turn 1,5.288549,4.308689,2.0773692409171596,0.9798598825683591,3.21117975908284
P028,Lap 3,Turn 1,4.753174,4.2106633,2.0773692409171596,0.5425106813659664,2.67580475908284
P028,Lap 4,Turn 1,4.842327,4.412464,2.0773692409171596,0.4298628581542969,2.7649577590828405
P028,Lap 5,Turn 1,5.153935,4.9508977,2.0773692409171596,0.2030373063659665,3.07656575908284
P028,Lap 6,Turn 1,5.178527,4.3389654,2.0773692409171596,0.83956158404541,3.1011577590828403
P020,Lap 2,Turn 1,1.083642,3.726196,2.0773692409171596,2.6425540506439207,0.9937272409171596
P020,Lap 3,Turn 1,0.699188,5.2185345,2.0773692409171596,4.519346469604492,1.3781812409171597
P020,Lap 4,Turn 1,0.073088,3.9224937,2.0773692409171596,3.8494056962127687,2.0042812409171598
P020,Lap 5,Turn 1,0.501157,4.1371455,2.0773692409171596,3.6359885192565917,1.5762122409171595
P020,Lap 6,Turn 1,1.451123,3.4022834,2.0773692409171596,1.9511604300994874,0.6262462409171596
P019,Lap 1,Turn 1,5.219059,4.771053,2.0773692409171596,0.4480061626281735,3.14168975908284
P019,Lap 2,Turn 1,6.023069,4.058241,2.0773692409171596,1.9648281094970699,3.94569975908284
P019,Lap 3,Turn 1,6.240117,4.733738,2.0773692409171596,1.506379054443359,4.162747759082841
P019,Lap 4,Turn 1,6.103957,5.4013286,2.0773692409171596,0.7026284363098148,4.02658775908284
P019,Lap 5,Turn 1,5.524151,4.8327656,2.0773692409171596,0.691385420776367,3.4467817590828402
P019,Lap 6,Turn 1,4.658109,4.5814834,2.0773692409171596,0.076625635894775,2.58073975908284
P012,Lap 1,Turn 1,4.466,4.517305,2.0773692409171596,0.05130489730834942,2.3886307590828406
P012,Lap 2,Turn 1,4.185,4.0267835,2.0773692409171596,0.15821653366088828,2.10763075908284
P012,Lap 3,Turn 1,4.38,4.989465,2.0773692409171596,0.6094652366638185,2.3026307590828403
P012,Lap 4,Turn 1,4.621,4.9086323,2.0773692409171596,0.28763227844238237,2.543630759082841
P012,Lap 5,Turn 1,4.304,4.86399,2.0773692409171596,0.5599898300170896,2.2266307590828407
P012,Lap 6,Turn 1,4.378,4.0312033,2.0773692409171596,0.346796730041504,2.3006307590828405
P011,Lap 1,Turn 1,3.977,4.250333,2.0773692409171596,0.2733328323364259,1.8996307590828403
P011,Lap 2,Turn 1,3.823,4.0051107,2.0773692409171596,0.18211074066162114,1.7456307590828404
P011,Lap 3,Turn 1,4.3,5.186782,2.0773692409171596,0.8867818832397463,2.2226307590828402
P011,Lap 4,Turn 1,4.639,4.678511,2.0773692409171596,0.039511142730712656,2.5616307590828407
P011,Lap 5,Turn 1,3.967,3.5295773,2.0773692409171596,0.43742274475097664,1.8896307590828405
P011,Lap 6,Turn 1,4.144,3.9904404,2.0773692409171596,0.15355963134765638,2.0666307590828406
P005,Lap 2,Turn 1,0.192,4.372097,2.0773692409171596,4.180097015380859,1.8853692409171596
P005,Lap 3,Turn 1,0.059,4.4731317,2.0773692409171596,4.414131656646728,2.0183692409171594
P005,Lap 4,Turn 1,-0.083,4.10581,2.0773692409171596,4.188810165405274,2.1603692409171598
P001,Lap 2,Turn 1,0.259,4.371531,2.0773692409171596,4.112531009674072,1.8183692409171597
P001,Lap 3,Turn 1,0.195,4.8058863,2.0773692409171596,4.610886268615722,1.8823692409171595
P001,Lap 4,Turn 1,0.048,4.35266,2.0773692409171596,4.3046601791381836,2.0293692409171595
P001,Lap 5,Turn 1,-0.046,4.055645,2.0773692409171596,4.101644989013672,2.1233692409171594
P001,Lap 6,Turn 1,2.722,3.7048252,2.0773692409171596,0.9828251628875733,0.6446307590828404
P001,Lap 7,Turn 1,0.09,5.055475,2.0773692409171596,4.965475234985352,1.9873692409171595
P001,Lap 8,Turn 1,-0.004,4.9124713,2.0773692409171596,4.916471294403076,2.0813692409171596
P134,Lap 2,Turn 10,-0.0705,0.066767775,1.4528788982035927,0.13726777452230454,1.5233788982035927
P134,Lap 3,Turn 10,0.0355,0.0958373,1.4528788982035927,0.060337302505970004,1.4173788982035926
P134,Lap 4,Turn 10,0.0005,0.08966058,1.4528788982035927,0.08916057747602463,1.4523788982035928
P134,Lap 5,Turn 10,0.1435,0.1717784,1.4528788982035927,0.028278395771980297,1.3093788982035928
P134,Lap 6,Turn 10,0.0255,0.15525807,1.4528788982035927,0.12975807440280915,1.4273788982035926
P134,Lap 7,Turn 10,0.3055,0.22551237,1.4528788982035927,0.07998762953281402,1.1473788982035926
P134,Lap 8,Turn 10,-0.0105,0.0922016,1.4528788982035927,0.1027015979886055,1.4633788982035927
P134,Lap 9,Turn 10,0.7805,0.57052624,1.4528788982035927,0.20997375774383542,0.6723788982035928
P134,Lap 10,Turn 10,0.0315,0.09016978,1.4528788982035927,0.05866977995634079,1.4213788982035926
P134,Lap 11,Turn 10,0.2685,0.23215656,1.4528788982035927,0.036343440175056474,1.1843788982035928
P129,Lap 2,Turn 10,0.0875,0.15039891,1.4528788982035927,0.06289891004562378,1.3653788982035928
P129,Lap 3,Turn 10,0.6365,0.56895775,1.4528788982035927,0.06754225397109981,0.8163788982035928
P129,Lap 4,Turn 10,0.0955,0.18145967,1.4528788982035927,0.08595966529846191,1.3573788982035928
P129,Lap 5,Turn 10,0.3365,0.35815752,1.4528788982035927,0.02165751552581785,1.1163788982035927
P129,Lap 6,Turn 10,0.2055,0.35890675,1.4528788982035927,0.15340674591064454,1.2473788982035927
P129,Lap 7,Turn 10,0.0735,0.079647705,1.4528788982035927,0.0061477049589157146,1.3793788982035928
P129,Lap 8,Turn 10,0.3065,0.3605542,1.4528788982035927,0.054054188489913946,1.1463788982035927
P129,Lap 9,Turn 10,0.1235,0.13372967,1.4528788982035927,0.010229666471481325,1.3293788982035928
P129,Lap 10,Turn 10,0.1195,0.13484247,1.4528788982035927,0.015342470288276677,1.3333788982035928
P123,Lap 2,Turn 10,0.3565,0.49061325,1.4528788982035927,0.1341132519245148,1.0963788982035927
P123,Lap 3,Turn 10,-0.0365,0.07218591,1.4528788982035927,0.10868591123819352,1.4893788982035927
P123,Lap 4,Turn 10,0.0285,0.09441134,1.4528788982035927,0.06591134333610535,1.4243788982035928
P123,Lap 5,Turn 10,-0.0465,0.069398254,1.4528788982035927,0.11589825415611267,1.4993788982035927
P123,Lap 6,Turn 10,0.0175,0.09441134,1.4528788982035927,0.07691134333610535,1.4353788982035927
P123,Lap 7,Turn 10,0.0125,0.08057082,1.4528788982035927,0.06807081699371338,1.4403788982035928
P123,Lap 8,Turn 10,-0.0325,0.046997722,1.4528788982035927,0.07949772223830223,1.4853788982035927
P123,Lap 9,Turn 10,-0.0105,0.06256284,1.4528788982035927,0.07306283819675445,1.4633788982035927
P123,Lap 10,Turn 10,-0.0195,0.06364018,1.4528788982035927,0.08314017724990845,1.4723788982035928
P123,Lap 11,Turn 10,-0.0855,0.038597036,1.4528788982035927,0.12409703615307809,1.5383788982035926
P123,Lap 12,Turn 10,-0.0905,0.040146906,1.4528788982035927,0.13064690592885017,1.5433788982035928
P120,Lap 2,Turn 10,0.2195,0.34912023,1.4528788982035927,0.12962022948265076,1.2333788982035927
P120,Lap 3,Turn 10,-0.0455,0.03128969,1.4528788982035927,0.07678968924283981,1.4983788982035928
P120,Lap 4,Turn 10,0.0885,0.15505154,1.4528788982035927,0.06655154430866242,1.3643788982035927
P120,Lap 5,Turn 10,0.0925,0.08745857,1.4528788982035927,0.005041426718235015,1.3603788982035927
P120,Lap 6,Turn 10,-0.0205,0.07687598,1.4528788982035927,0.0973759772181511,1.4733788982035927
P120,Lap 7,Turn 10,-0.0875,0.038391907,1.4528788982035927,0.12589190676808357,1.5403788982035926
P120,Lap 8,Turn 10,0.0205,0.06872881,1.4528788982035927,0.048228812038898464,1.4323788982035928
P120,Lap 9,Turn 10,-0.0385,0.05395044,1.4528788982035927,0.09245044013857842,1.4913788982035927
P120,Lap 10,Turn 10,-0.0995,0.031889524,1.4528788982035927,0.13138952431082726,1.5523788982035926
P120,Lap 11,Turn 10,0.0655,0.09459092,1.4528788982035927,0.029090917229652402,1.3873788982035928
P120,Lap 12,Turn 10,-0.0965,0.056504827,1.4528788982035927,0.15300482699275017,1.5493788982035928
P113,Lap 2,Turn 10,0.1855,0.3187755,1.4528788982035927,0.1332755048274994,1.2673788982035927
P113,Lap 3,Turn 10,-0.0205,0.06579243,1.4528788982035927,0.08629242646694184,1.4733788982035927
P113,Lap 4,Turn 10,0.0165,0.063479975,1.4528788982035927,0.04697997486591339,1.4363788982035928
P113,Lap 5,Turn 10,0.1085,0.47530237,1.4528788982035927,0.3668023684024811,1.3443788982035927
P113,Lap 6,Turn 10,-0.0125,0.06561285,1.4528788982035927,0.07811285257339477,1.4653788982035927
P113,Lap 7,Turn 10,0.2215,0.28085595,1.4528788982035927,0.05935595369338989,1.2313788982035927
P113,Lap 8,Turn 10,-0.0015,0.07606337,1.4528788982035927,0.077563372194767,1.4543788982035928
P113,Lap 9,Turn 10,-0.0205,0.1010658,1.4528788982035927,0.12156579959392548,1.4733788982035927
P113,Lap 10,Turn 10,-0.0585,0.04259223,1.4528788982035927,0.10109223118424415,1.5113788982035927
P113,Lap 11,Turn 10,0.0155,0.091145344,1.4528788982035927,0.0756453440785408,1.4373788982035927
P113,Lap 12,Turn 10,0.1755,0.15948978,1.4528788982035927,0.01601021933555602,1.2773788982035927
P107,Lap 2,Turn 10,0.2495,0.28003234,1.4528788982035927,0.030532336711883545,1.2033788982035927
P107,Lap 3,Turn 10,0.2775,0.24123302,1.4528788982035927,0.03626697897911074,1.1753788982035926
P107,Lap 4,Turn 10,0.1555,0.14306898,1.4528788982035927,0.012431015849113464,1.2973788982035928
P107,Lap 5,Turn 10,0.4525,0.44602695,1.4528788982035927,0.006473048925399794,1.0003788982035928
P107,Lap 6,Turn 10,0.1935,0.17128028,1.4528788982035927,0.02221972024440766,1.2593788982035927
P107,Lap 7,Turn 10,0.0705,0.19336884,1.4528788982035927,0.1228688372373581,1.3823788982035927
P107,Lap 8,Turn 10,0.3175,0.36987013,1.4528788982035927,0.052370126247406,1.1353788982035926
P107,Lap 9,Turn 10,0.2425,0.25475666,1.4528788982035927,0.012256659269332892,1.2103788982035928
P107,Lap 10,Turn 10,0.3985,0.45655873,1.4528788982035927,0.05805873417854307,1.0543788982035927
P107,Lap 11,Turn 10,0.2965,0.2400356,1.4528788982035927,0.056464406490325914,1.1563788982035927
P105,Lap 2,Turn 10,0.1705,0.25414842,1.4528788982035927,0.0836484236717224,1.2823788982035926
P105,Lap 3,Turn 10,0.1575,0.17468658,1.4528788982035927,0.017186580896377562,1.2953788982035928
P105,Lap 4,Turn 10,0.0785,0.16115704,1.4528788982035927,0.0826570417881012,1.3743788982035927
P105,Lap 5,Turn 10,0.2835,0.61835575,1.4528788982035927,0.3348557510375977,1.1693788982035929
P105,Lap 6,Turn 10,0.2755,0.35439965,1.4528788982035927,0.07889965128898618,1.1773788982035926
P105,Lap 7,Turn 10,0.1975,0.3574744,1.4528788982035927,0.1599743866920471,1.2553788982035927
P105,Lap 8,Turn 10,0.1795,0.20407021,1.4528788982035927,0.02457021045684815,1.2733788982035927
P105,Lap 9,Turn 10,0.2155,0.22421548,1.4528788982035927,0.008715477705001834,1.2373788982035927
P105,Lap 10,Turn 10,0.4895,0.45816654,1.4528788982035927,0.031333460330963125,0.9633788982035927
P105,Lap 11,Turn 10,0.2785,0.31480518,1.4528788982035927,0.03630517983436582,1.1743788982035928
P105,Lap 12,Turn 10,0.3575,0.46861252,1.4528788982035927,0.11111252188682558,1.0953788982035928
P104,Lap 2,Turn 10,0.2115,0.14430551,1.4528788982035927,0.06719448769092559,1.2413788982035927
P104,Lap 3,Turn 10,0.6165,0.5957307,1.4528788982035927,0.020769278049469042,0.8363788982035927
P104,Lap 4,Turn 10,0.3685,0.4254355,1.4528788982035927,0.05693551325798035,1.0843788982035927
P104,Lap 5,Turn 10,0.2075,0.32921144,1.4528788982035927,0.12171144366264344,1.2453788982035927
P104,Lap 6,Turn 10,0.0695,0.13203405,1.4528788982035927,0.0625340484380722,1.3833788982035928
P104,Lap 7,Turn 10,0.1165,0.2052826,1.4528788982035927,0.08878259873390197,1.3363788982035927
P104,Lap 8,Turn 10,0.4425,0.43226895,1.4528788982035927,0.010231052637100224,1.0103788982035926
P104,Lap 9,Turn 10,0.0465,0.0851617,1.4528788982035927,0.03866170084476471,1.4063788982035927
P104,Lap 10,Turn 10,0.1745,0.16206646,1.4528788982035927,0.01243354034423827,1.2783788982035929
P104,Lap 11,Turn 10,0.0205,0.09696608,1.4528788982035927,0.07646608036756515,1.4323788982035928
P103,Lap 2,Turn 10,0.0845,0.10992984,1.4528788982035927,0.025429837286472315,1.3683788982035927
P103,Lap 3,Turn 10,0.1855,0.24214508,1.4528788982035927,0.05664507639408112,1.2673788982035927
P103,Lap 4,Turn 10,0.1955,0.18275528,1.4528788982035927,0.012744723439216621,1.2573788982035927
P103,Lap 5,Turn 10,0.2005,0.17964809,1.4528788982035927,0.02085191357135774,1.2523788982035926
P103,Lap 6,Turn 10,0.1465,0.18284014,1.4528788982035927,0.03634013867378236,1.3063788982035927
P103,Lap 7,Turn 10,0.0455,0.08274894,1.4528788982035927,0.03724894207715988,1.4073788982035926
P103,Lap 8,Turn 10,0.1355,0.16206646,1.4528788982035927,0.02656645965576171,1.3173788982035928
P103,Lap 9,Turn 10,-0.0265,0.105565004,1.4528788982035927,0.13206500405073165,1.4793788982035927
P103,Lap 10,Turn 10,-0.1035,0.052144054,1.4528788982035927,0.1556440543234348,1.5563788982035927
P103,Lap 11,Turn 10,-0.0155,0.1543647,1.4528788982035927,0.1698647050857544,1.4683788982035928
P090,Lap 2,Turn 10,0.2525,0.26084647,1.4528788982035927,0.008346465826034544,1.2003788982035928
P090,Lap 3,Turn 10,0.1275,0.21786065,1.4528788982035927,0.09036065399646759,1.3253788982035928
P090,Lap 4,Turn 10,0.0785,0.107337505,1.4528788982035927,0.028837504625320434,1.3743788982035927
P090,Lap 5,Turn 10,0.0925,0.1263403,1.4528788982035927,0.03384029984474182,1.3603788982035927
P090,Lap 6,Turn 10,0.0275,0.17677587,1.4528788982035927,0.14927587270736695,1.4253788982035926
P090,Lap 7,Turn 10,0.0645,0.20586424,1.4528788982035927,0.14136423575878143,1.3883788982035927
P090,Lap 8,Turn 10,0.1085,0.22268446,1.4528788982035927,0.11418445789813995,1.3443788982035927
P090,Lap 9,Turn 10,0.0245,0.14762296,1.4528788982035927,0.12312295782566071,1.4283788982035928
P090,Lap 10,Turn 10,0.0085,0.10277285,1.4528788982035927,0.09427284681797027,1.4443788982035928
P089,Lap 2,Turn 10,0.2665,0.1759821,1.4528788982035927,0.09051789724826814,1.1863788982035928
P089,Lap 3,Turn 10,0.5755,0.4672484,1.4528788982035927,0.10825159001350404,0.8773788982035927
P089,Lap 4,Turn 10,0.1915,0.16482745,1.4528788982035927,0.026672548890113834,1.2613788982035927
P089,Lap 5,Turn 10,1.2665,0.7224759,1.4528788982035927,0.5440241136550903,0.18637889820359277
P089,Lap 6,Turn 10,0.0245,0.09373476,1.4528788982035927,0.0692347635626793,1.4283788982035928
P089,Lap 8,Turn 10,0.3925,0.41192836,1.4528788982035927,0.019428355693817123,1.0603788982035927
P089,Lap 9,Turn 10,0.5855,0.5492789,1.4528788982035927,0.03622108507156374,0.8673788982035927
P089,Lap 10,Turn 10,0.4195,0.50111264,1.4528788982035927,0.08161263990402223,1.0333788982035927
P084,Lap 2,Turn 10,0.256254,2.5083935,1.4528788982035927,2.2521395260772703,1.1966248982035927
P084,Lap 3,Turn 10,-0.17551268,2.372265,1.4528788982035927,2.547777780479126,1.6283915782035927
P084,Lap 4,Turn 10,0.258728,2.1200836,1.4528788982035927,1.8613555704803466,1.1941508982035927
P084,Lap 5,Turn 10,0.015232,2.6720386,1.4528788982035927,2.6568065551452635,1.4376468982035928
P084,Lap 6,Turn 10,0.362145,2.7498286,1.4528788982035927,2.387683577041626,1.0907338982035928
P083,Lap 2,Turn 10,0.885482,1.6953489,1.4528788982035927,0.809866858833313,0.5673968982035927
P083,Lap 3,Turn 10,1.94178,3.3660178,1.4528788982035927,1.4242378184509277,0.48890110179640733
P083,Lap 5,Turn 10,0.236102,1.72352,1.4528788982035927,1.487418040512085,1.2167768982035927
P083,Lap 6,Turn 10,0.686366,3.0209916,1.4528788982035927,2.334625563796997,0.7665128982035927
P067,Lap 1,Turn 10,3.613258,3.452485,1.4528788982035927,0.16077291546630867,2.1603791017964076
P067,Lap 2,Turn 10,3.078266,2.0995238,1.4528788982035927,0.9787422172698976,1.6253871017964074
P067,Lap 3,Turn 10,3.33549,1.9159287,1.4528788982035927,1.4195612785720826,1.8826111017964073
P067,Lap 5,Turn 10,3.03628,1.0326219,1.4528788982035927,2.0036581394958497,1.5834011017964074
P067,Lap 6,Turn 10,3.774154,2.68532,1.4528788982035927,1.0888340994873045,2.321275101796407
P059,Lap 1,Turn 10,2.853717,2.565871,1.4528788982035927,0.28784599971008307,1.4008381017964073
P059,Lap 2,Turn 10,3.435684,3.0978,1.4528788982035927,0.33788398359680194,1.9828051017964075
P059,Lap 3,Turn 10,3.364617,3.2619898,1.4528788982035927,0.10262716807556149,1.9117381017964072
P059,Lap 4,Turn 10,2.949932,3.2398453,1.4528788982035927,0.28991327587890625,1.4970531017964073
P059,Lap 5,Turn 10,2.856338,2.6871655,1.4528788982035927,0.16917250126647954,1.4034591017964073
P059,Lap 6,Turn 10,2.764831,2.8533514,1.4528788982035927,0.08852035459899898,1.3119521017964073
P049,Lap 1,Turn 10,3.366484,3.5191677,1.4528788982035927,0.1526836616668703,1.913605101796407
P049,Lap 2,Turn 10,3.2918,3.0167878,1.4528788982035927,0.2750122325897215,1.838921101796407
P049,Lap 3,Turn 10,3.307109,3.4656377,1.4528788982035927,0.15852868386840813,1.8542301017964073
P049,Lap 4,Turn 10,2.919613,3.2286162,1.4528788982035927,0.30900323764038085,1.4667341017964073
P049,Lap 5,Turn 10,2.910374,3.1331246,1.4528788982035927,0.22275058992004393,1.4574951017964073
P049,Lap 6,Turn 10,2.843976,2.352648,1.4528788982035927,0.49132798020935065,1.3910971017964073
P048,Lap 1,Turn 10,3.610416,3.0248177,1.4528788982035927,0.5855982948455809,2.1575371017964073
P048,Lap 2,Turn 10,3.490545,3.4480078,1.4528788982035927,0.042537177963256845,2.0376661017964075
P048,Lap 3,Turn 10,2.869823,2.1274636,1.4528788982035927,0.7423594208221433,1.416944101796407
P048,Lap 4,Turn 10,3.083259,2.3203242,1.4528788982035927,0.762934817489624,1.6303801017964072
P048,Lap 5,Turn 10,3.501958,3.1155617,1.4528788982035927,0.3863962762908937,2.0490791017964076
P048,Lap 6,Turn 10,3.309475,3.190866,1.4528788982035927,0.11860900650024409,1.8565961017964072
P043,Lap 2,Turn 10,0.041905,2.9450417,1.4528788982035927,2.9031366564941408,1.4109738982035926
P039,Lap 2,Turn 10,3.306201,2.546304,1.4528788982035927,0.7598970124969484,1.8533221017964074
P039,Lap 3,Turn 10,3.508781,2.9764748,1.4528788982035927,0.5323062380371093,2.0559021017964074
P039,Lap 4,Turn 10,3.170367,2.9675705,1.4528788982035927,0.2027964567108156,1.7174881017964074
P039,Lap 6,Turn 10,2.95256,3.2688792,1.4528788982035927,0.31631917518615715,1.4996811017964073
P028,Lap 1,Turn 10,3.473249,2.5181804,1.4528788982035927,0.9550686296691895,2.0203701017964075
P028,Lap 2,Turn 10,2.951428,2.1027923,1.4528788982035927,0.8486357369689941,1.4985491017964072
P028,Lap 3,Turn 10,3.374233,2.5945034,1.4528788982035927,0.7797295972900389,1.921354101796407
P028,Lap 4,Turn 10,3.089465,2.5343497,1.4528788982035927,0.5551153200531007,1.6365861017964074
P028,Lap 5,Turn 10,3.035333,2.1787558,1.4528788982035927,0.856577239807129,1.5824541017964073
P028,Lap 6,Turn 10,3.40647,2.6410222,1.4528788982035927,0.7654477946472169,1.9535911017964074
P020,Lap 2,Turn 10,0.084671,3.295894,1.4528788982035927,3.211222907546997,1.3682078982035928
P020,Lap 3,Turn 10,0.305574,2.6949778,1.4528788982035927,2.3894037603149414,1.1473048982035927
P020,Lap 4,Turn 10,0.232921,2.6341908,1.4528788982035927,2.401269797805786,1.2199578982035928
P020,Lap 5,Turn 10,0.143028,3.223303,1.4528788982035927,3.0802750796051024,1.3098508982035928
P020,Lap 6,Turn 10,0.291546,3.1905131,1.4528788982035927,2.8989671340026857,1.1613328982035926
P019,Lap 1,Turn 10,3.444099,2.8862574,1.4528788982035927,0.5578415899505615,1.9912201017964073
P019,Lap 2,Turn 10,3.535982,3.1063335,1.4528788982035927,0.4296485058135988,2.0831031017964072
P019,Lap 3,Turn 10,3.434424,3.5815957,1.4528788982035927,0.14717165925598152,1.9815451017964072
P019,Lap 4,Turn 10,4.063517,4.1819377,1.4528788982035927,0.1184206945495605,2.6106381017964075
P019,Lap 5,Turn 10,3.201033,2.7866035,1.4528788982035927,0.4144295492248533,1.748154101796407
P019,Lap 6,Turn 10,3.563039,3.4164553,1.4528788982035927,0.14658373114013656,2.1101601017964073
P012,Lap 1,Turn 10,3.0005,2.8772283,1.4528788982035927,0.12327173995971696,1.5476211017964074
P012,Lap 2,Turn 10,3.1035,3.236761,1.4528788982035927,0.1332610931396485,1.6506211017964072
P012,Lap 3,Turn 10,2.9495,1.7955849,1.4528788982035927,1.1539150829315186,1.4966211017964073
P012,Lap 4,Turn 10,3.1655,2.5878694,1.4528788982035927,0.5776305942535402,1.7126211017964075
P012,Lap 5,Turn 10,2.8305,1.9813727,1.4528788982035927,0.8491272859573362,1.377621101796407
P012,Lap 6,Turn 10,3.1605,3.3809834,1.4528788982035927,0.22048335266113295,1.7076211017964071
P011,Lap 1,Turn 10,3.2805,3.5428054,1.4528788982035927,0.26230543327331546,1.8276211017964072
P011,Lap 2,Turn 10,3.1215,3.212517,1.4528788982035927,0.09101702308654769,1.6686211017964074
P011,Lap 3,Turn 10,3.0425,3.232275,1.4528788982035927,0.18977500915527346,1.5896211017964073
P011,Lap 5,Turn 10,2.8205,3.2312934,1.4528788982035927,0.4107934398651123,1.3676211017964073
P011,Lap 6,Turn 10,3.3435,3.2151408,1.4528788982035927,0.1283591804504396,1.8906211017964074
P005,Lap 2,Turn 10,1.1965,1.6872705,1.4528788982035927,0.49077052211761485,0.25637889820359283
P005,Lap 3,Turn 10,1.1625,2.320339,1.4528788982035927,1.1578389644622802,0.29037889820359264
P005,Lap 4,Turn 10,0.8675,1.6078322,1.4528788982035927,0.7403321933746337,0.5853788982035927
P001,Lap 2,Turn 10,0.2305,3.373339,1.4528788982035927,3.1428389377593993,1.2223788982035928
P001,Lap 3,Turn 10,0.2105,2.8144183,1.4528788982035927,2.603918315887451,1.2423788982035928
P001,Lap 4,Turn 10,0.1935,2.8088052,1.4528788982035927,2.615305227279663,1.2593788982035927
P001,Lap 5,Turn 10,0.0745,3.242387,1.4528788982035927,3.167887056350708,1.3783788982035927
P001,Lap 6,Turn 10,0.1355,3.2132683,1.4528788982035927,3.077768280029297,1.3173788982035928
P001,Lap 7,Turn 10,0.3215,2.9714785,1.4528788982035927,2.6499784622192384,1.1313788982035926
P001,Lap 8,Turn 10,0.2535,3.7302895,1.4528788982035927,3.476789459228516,1.1993788982035927
P134,Lap 2,Turn 2,0.12,0.14292191,1.2981920408995502,0.022921909689903264,1.17819204089955
P134,Lap 3,Turn 2,0.143,0.11498338,1.2981920408995502,0.028016620159149158,1.1551920408995502
P134,Lap 4,Turn 2,0.229,0.26905954,1.2981920408995502,0.04005953884124755,1.0691920408995501
P134,Lap 5,Turn 2,0.013,-0.040623043,1.2981920408995502,0.053623042732477186,1.2851920408995503
P134,Lap 6,Turn 2,0.246,0.27958965,1.2981920408995502,0.03358965301513672,1.0521920408995502
P134,Lap 7,Turn 2,0.025,0.06316438,1.2981920408995502,0.03816438317298889,1.2731920408995503
P134,Lap 8,Turn 2,0.065,0.042874806,1.2981920408995502,0.022125194370746615,1.2331920408995503
P134,Lap 9,Turn 2,0.298,0.30195236,1.2981920408995502,0.003952362060546888,1.0001920408995502
P134,Lap 10,Turn 2,0.566,0.8004309,1.2981920408995502,0.2344308938980103,0.7321920408995503
P134,Lap 11,Turn 2,0.111,0.086532086,1.2981920408995502,0.024467913866043092,1.1871920408995502
P129,Lap 2,Turn 2,0.921,0.58270484,1.2981920408995502,0.33829515790939335,0.37719204089955016
P129,Lap 3,Turn 2,0.449,0.33756736,1.2981920408995502,0.11143264079093934,0.8491920408995501
P129,Lap 4,Turn 2,0.624,0.49824956,1.2981920408995502,0.12575043940544128,0.6741920408995502
P129,Lap 5,Turn 2,0.257,0.31611055,1.2981920408995502,0.05911055135726928,1.04119204089955
P129,Lap 6,Turn 2,0.409,0.3779974,1.2981920408995502,0.03100260162353513,0.8891920408995502
P129,Lap 7,Turn 2,0.542,0.44177014,1.2981920408995502,0.10022986364364628,0.7561920408995502
P129,Lap 8,Turn 2,0.484,0.46823698,1.2981920408995502,0.015763017177581773,0.8141920408995502
P129,Lap 9,Turn 2,0.356,0.3104739,1.2981920408995502,0.04552611088752745,0.9421920408995502
P129,Lap 10,Turn 2,-0.061,-0.07337028,1.2981920408995502,0.012370277881622316,1.3591920408995501
P123,Lap 2,Turn 2,0.031,0.05384266,1.2981920408995502,0.022842660039663315,1.2671920408995503
P123,Lap 3,Turn 2,0.098,0.1680917,1.2981920408995502,0.07009169948101043,1.2001920408995501
P123,Lap 4,Turn 2,-0.01,0.059138965,1.2981920408995502,0.06913896486163139,1.3081920408995502
P123,Lap 5,Turn 2,0.015,0.09556116,1.2981920408995502,0.08056116163730621,1.2831920408995503
P123,Lap 6,Turn 2,0.058,0.076204866,1.2981920408995502,0.018204866170883176,1.2401920408995502
P123,Lap 7,Turn 2,0.128,0.1567033,1.2981920408995502,0.028703293323516843,1.17019204089955
P123,Lap 8,Turn 2,0.08,0.06864968,1.2981920408995502,0.011350320577621462,1.2181920408995501
P123,Lap 9,Turn 2,-0.03,0.012252254,1.2981920408995502,0.04225225441157818,1.3281920408995502
P123,Lap 10,Turn 2,-0.006,0.01482515,1.2981920408995502,0.020825150370597838,1.3041920408995502
P123,Lap 11,Turn 2,0.068,0.07242721,1.2981920408995502,0.004427213191986079,1.2301920408995501
P123,Lap 12,Turn 2,-0.027,0.0048627914,1.2981920408995502,0.0318627913929522,1.3251920408995501
P120,Lap 2,Turn 2,0.115,0.13149573,1.2981920408995502,0.01649572908878326,1.1831920408995502
P120,Lap 3,Turn 2,0.004,0.10692573,1.2981920408995502,0.10292573338747024,1.2941920408995502
P120,Lap 4,Turn 2,-0.136,0.029794626,1.2981920408995502,0.1657946259379387,1.4341920408995503
P120,Lap 5,Turn 2,0.182,0.1841179,1.2981920408995502,0.002117898344993596,1.1161920408995503
P120,Lap 6,Turn 2,0.13,0.19775772,1.2981920408995502,0.06775772094726562,1.1681920408995503
P120,Lap 7,Turn 2,0.183,0.2745932,1.2981920408995502,0.09159320425987244,1.1151920408995502
P120,Lap 8,Turn 2,-0.033,0.1467185,1.2981920408995502,0.17971850204467774,1.3311920408995501
P120,Lap 9,Turn 2,-0.051,0.14003302,1.2981920408995502,0.191033021569252,1.3491920408995501
P120,Lap 10,Turn 2,-0.067,0.14221562,1.2981920408995502,0.20921562445163727,1.3651920408995502
P120,Lap 11,Turn 2,0.05,0.10711756,1.2981920408995502,0.05711756348609924,1.2481920408995502
P120,Lap 12,Turn 2,-0.111,0.05283225,1.2981920408995502,0.16383224955201148,1.4091920408995502
P113,Lap 2,Turn 2,0.096,0.16649243,1.2981920408995502,0.07049243235588074,1.2021920408995501
P113,Lap 3,Turn 2,0.057,0.13772468,1.2981920408995502,0.08072468268871308,1.2411920408995503
P113,Lap 4,Turn 2,0.038,0.048990186,1.2981920408995502,0.01099018630385399,1.2601920408995502
P113,Lap 5,Turn 2,0.14,0.17294632,1.2981920408995502,0.032946318984031664,1.15819204089955
P113,Lap 6,Turn 2,0.012,0.04012925,1.2981920408995502,0.028129251778125763,1.2861920408995502
P113,Lap 7,Turn 2,0.057,0.04650435,1.2981920408995502,0.010495651483535769,1.2411920408995503
P113,Lap 8,Turn 2,0.003,0.09177338,1.2981920408995502,0.0887733833193779,1.2951920408995503
P113,Lap 9,Turn 2,-0.009,0.027404161,1.2981920408995502,0.03640416117012501,1.30719204089955
P113,Lap 10,Turn 2,-0.07,0.01787794,1.2981920408995502,0.08787794008851052,1.3681920408995503
P113,Lap 11,Turn 2,-0.066,0.02204844,1.2981920408995502,0.08804843983054161,1.3641920408995503
P113,Lap 12,Turn 2,-0.027,0.06686238,1.2981920408995502,0.09386238199472427,1.3251920408995501
P107,Lap 2,Turn 2,0.069,0.07556407,1.2981920408995502,0.006564071536064142,1.2291920408995503
P107,Lap 3,Turn 2,0.496,0.47674194,1.2981920408995502,0.019258060216903683,0.8021920408995502
P107,Lap 4,Turn 2,0.13,0.08675583,1.2981920408995502,0.04324417293071747,1.1681920408995503
P107,Lap 5,Turn 2,0.113,0.15161364,1.2981920408995502,0.03861363780498504,1.1851920408995502
P107,Lap 6,Turn 2,0.21,0.29257673,1.2981920408995502,0.08257673025131226,1.0881920408995502
P107,Lap 7,Turn 2,0.235,0.28717577,1.2981920408995502,0.0521757745742798,1.0631920408995503
P107,Lap 8,Turn 2,0.135,0.2249817,1.2981920408995502,0.08998169541358947,1.1631920408995502
P107,Lap 9,Turn 2,-0.158,0.022875963,1.2981920408995502,0.1808759627789259,1.4561920408995501
P107,Lap 10,Turn 2,-0.087,0.02868964,1.2981920408995502,0.11568963964283466,1.3851920408995502
P107,Lap 11,Turn 2,0.307,0.39236233,1.2981920408995502,0.0853623263835907,0.9911920408995503
P105,Lap 2,Turn 2,0.149,0.1929641,1.2981920408995502,0.043964106798172004,1.1491920408995502
P105,Lap 3,Turn 2,0.473,0.39077216,1.2981920408995502,0.08222783613204954,0.8251920408995502
P105,Lap 4,Turn 2,0.146,0.22166191,1.2981920408995502,0.07566191041469575,1.1521920408995503
P105,Lap 5,Turn 2,0.003,0.09168345,1.2981920408995502,0.08868344736099243,1.2951920408995503
P105,Lap 6,Turn 2,0.11,0.10209088,1.2981920408995502,0.007909119725227357,1.18819204089955
P105,Lap 7,Turn 2,-0.025,0.06881249,1.2981920408995502,0.09381248950958251,1.3231920408995501
P105,Lap 8,Turn 2,0.0,0.023565011,1.2981920408995502,0.023565011098980904,1.2981920408995502
P105,Lap 9,Turn 2,0.129,0.20544127,1.2981920408995502,0.07644126629829406,1.1691920408995502
P105,Lap 10,Turn 2,0.065,0.13695972,1.2981920408995502,0.07195971667766571,1.2331920408995503
P105,Lap 11,Turn 2,-0.061,0.062609494,1.2981920408995502,0.12360949373245239,1.3591920408995501
P105,Lap 12,Turn 2,0.233,0.23820287,1.2981920408995502,0.005202869892120349,1.06519204089955
P104,Lap 2,Turn 2,0.482,0.28544736,1.2981920408995502,0.19655264091491698,0.8161920408995502
P104,Lap 3,Turn 2,0.812,0.6151147,1.2981920408995502,0.19688531112670904,0.48619204089955015
P104,Lap 4,Turn 2,0.71,0.5536447,1.2981920408995502,0.15635528326034542,0.5881920408995502
P104,Lap 5,Turn 2,0.295,0.29167953,1.2981920408995502,0.003320468664169296,1.0031920408995503
P104,Lap 6,Turn 2,0.287,0.30789167,1.2981920408995502,0.020891666889190696,1.0111920408995503
P104,Lap 7,Turn 2,0.666,0.55074716,1.2981920408995502,0.11525284385681156,0.6321920408995502
P104,Lap 8,Turn 2,0.378,0.31916746,1.2981920408995502,0.058832535028457644,0.9201920408995502
P104,Lap 9,Turn 2,0.114,0.10736491,1.2981920408995502,0.006635092139244084,1.18419204089955
P104,Lap 10,Turn 2,0.065,0.07669893,1.2981920408995502,0.01169892907142639,1.2331920408995503
P104,Lap 11,Turn 2,0.178,0.1974398,1.2981920408995502,0.019439804673194894,1.1201920408995503
P103,Lap 2,Turn 2,0.51,0.46959335,1.2981920408995502,0.04040665388107301,0.7881920408995502
P103,Lap 3,Turn 2,-0.035,0.008486488,1.2981920408995502,0.043486487902700904,1.3331920408995501
P103,Lap 4,Turn 2,0.718,0.687695,1.2981920408995502,0.030304973602294893,0.5801920408995502
P103,Lap 5,Turn 2,0.804,0.5696936,1.2981920408995502,0.23430637502670293,0.49419204089955016
P103,Lap 6,Turn 2,0.453,0.4711095,1.2981920408995502,0.0181095094680786,0.8451920408995501
P103,Lap 7,Turn 2,0.291,0.2767096,1.2981920408995502,0.01429041361808775,1.0071920408995503
P103,Lap 8,Turn 2,0.269,0.30347383,1.2981920408995502,0.03447383022308348,1.02919204089955
P103,Lap 9,Turn 2,0.281,0.30617788,1.2981920408995502,0.025177884340286227,1.01719204089955
P103,Lap 10,Turn 2,-0.1,-0.23546508,1.2981920408995502,0.13546507954597473,1.3981920408995503
P103,Lap 11,Turn 2,0.255,0.21981022,1.2981920408995502,0.035189782381057744,1.0431920408995503
P090,Lap 2,Turn 2,0.3,0.304339,1.2981920408995502,0.004338991641998302,0.9981920408995502
P090,Lap 3,Turn 2,0.177,0.2501022,1.2981920408995502,0.07310219216346742,1.1211920408995502
P090,Lap 4,Turn 2,0.18,0.17982213,1.2981920408995502,0.00017786800861357976,1.1181920408995503
P090,Lap 5,Turn 2,0.103,0.15419813,1.2981920408995502,0.05119812500476838,1.1951920408995502
P090,Lap 6,Turn 2,0.184,0.22744338,1.2981920408995502,0.04344338214397431,1.1141920408995503
P090,Lap 7,Turn 2,0.038,0.11747686,1.2981920408995502,0.07947685819864272,1.2601920408995502
P090,Lap 8,Turn 2,0.113,0.18201156,1.2981920408995502,0.06901155960559845,1.1851920408995502
P090,Lap 9,Turn 2,0.064,0.12574027,1.2981920408995502,0.061740274786949156,1.2341920408995501
P090,Lap 10,Turn 2,0.025,0.08395701,1.2981920408995502,0.0589570090174675,1.2731920408995503
P089,Lap 2,Turn 2,0.716,0.5045823,1.2981920408995502,0.2114177141189575,0.5821920408995502
P089,Lap 3,Turn 2,1.236,1.1563746,1.2981920408995502,0.07962542629241942,0.062192040899550216
P089,Lap 4,Turn 2,0.729,0.5281831,1.2981920408995502,0.20081689739227293,0.5691920408995502
P089,Lap 5,Turn 2,0.496,0.4672856,1.2981920408995502,0.02871439671516418,0.8021920408995502
P089,Lap 6,Turn 2,0.628,0.48714215,1.2981920408995502,0.1408578543663025,0.6701920408995502
P089,Lap 8,Turn 2,0.222,0.25420114,1.2981920408995502,0.03220114398002624,1.0761920408995502
P089,Lap 9,Turn 2,0.332,0.30560875,1.2981920408995502,0.02639125061035158,0.9661920408995501
P089,Lap 10,Turn 2,0.387,0.37345895,1.2981920408995502,0.013541048288345348,0.9111920408995502
P084,Lap 2,Turn 2,0.407729,3.9748368,1.2981920408995502,3.567107826324463,0.8904630408995502
P084,Lap 3,Turn 2,0.69861,2.988893,1.2981920408995502,2.2902830320739747,0.5995820408995503
P084,Lap 4,Turn 2,0.490738,2.858867,1.2981920408995502,2.3681289300079347,0.8074540408995502
P084,Lap 5,Turn 2,0.631026,3.1165385,1.2981920408995502,2.4855125246276857,0.6671660408995502
P084,Lap 6,Turn 2,0.108072,3.028777,1.2981920408995502,2.9207048840789795,1.1901200408995503
P083,Lap 2,Turn 2,0.520303,1.9804735,1.2981920408995502,1.460170518371582,0.7778890408995502
P083,Lap 3,Turn 2,1.360697,2.417355,1.2981920408995502,1.0566580605773925,0.06250495910044984
P083,Lap 5,Turn 2,0.771348,2.2524447,1.2981920408995502,1.4810967441101073,0.5268440408995502
P083,Lap 6,Turn 2,0.709471,3.1111238,1.2981920408995502,2.40165280027771,0.5887210408995502
P067,Lap 1,Turn 2,3.879269,1.7887594,1.2981920408995502,2.0905096492233275,2.5810769591004497
P067,Lap 2,Turn 2,3.906343,1.8695544,1.2981920408995502,2.0367885995559694,2.60815095910045
P067,Lap 3,Turn 2,4.149896,2.1461701,1.2981920408995502,2.003725860687256,2.85170395910045
P067,Lap 5,Turn 2,3.945056,2.4360073,1.2981920408995502,1.509048738723755,2.64686395910045
P059,Lap 1,Turn 2,2.577909,2.316106,1.2981920408995502,0.2618029189910889,1.2797169591004498
P059,Lap 2,Turn 2,2.331899,2.661009,1.2981920408995502,0.32911007325744634,1.0337069591004497
P059,Lap 3,Turn 2,2.302451,2.3081205,1.2981920408995502,0.005669489120483373,1.0042589591004498
P059,Lap 4,Turn 2,2.409394,2.6196434,1.2981920408995502,0.21024944978332538,1.1112019591004496
P059,Lap 5,Turn 2,4.257487,2.3241193,1.2981920408995502,1.9333676705474856,2.95929495910045
P059,Lap 6,Turn 2,3.759505,3.042315,1.2981920408995502,0.7171899937438964,2.4613129591004497
P049,Lap 1,Turn 2,2.427105,2.502779,1.2981920408995502,0.07567400695800774,1.1289129591004499
P049,Lap 2,Turn 2,2.432531,2.6666691,1.2981920408995502,0.23413813032531738,1.1343389591004498
P049,Lap 3,Turn 2,2.256958,2.9403088,1.2981920408995502,0.6833508092803955,0.9587659591004498
P049,Lap 4,Turn 2,2.854762,2.4548917,1.2981920408995502,0.39987031832885744,1.5565699591004498
P049,Lap 5,Turn 2,2.65525,2.3491917,1.2981920408995502,0.30605833435058605,1.35705795910045
P049,Lap 6,Turn 2,2.377473,2.9385843,1.2981920408995502,0.5611113276977537,1.07928095910045
P048,Lap 1,Turn 2,3.952418,2.5902033,1.2981920408995502,1.362214714782715,2.65422595910045
P048,Lap 2,Turn 2,3.09281,2.3804207,1.2981920408995502,0.7123893151855469,1.7946179591004499
P048,Lap 3,Turn 2,2.882877,2.2190588,1.2981920408995502,0.6638182479400636,1.58468495910045
P048,Lap 5,Turn 2,2.672717,2.8569224,1.2981920408995502,0.18420538807678222,1.3745249591004498
P048,Lap 6,Turn 2,2.901628,3.0152113,1.2981920408995502,0.11358334376525869,1.60343595910045
P043,Lap 2,Turn 2,0.194454,2.53486,1.2981920408995502,2.340405895706177,1.1037380408995503
P039,Lap 2,Turn 2,4.453528,2.876773,1.2981920408995502,1.576754881027222,3.15533595910045
P039,Lap 3,Turn 2,3.20042,2.6285863,1.2981920408995502,0.5718337077331541,1.9022279591004496
P039,Lap 4,Turn 2,3.027442,2.0224302,1.2981920408995502,1.0050118184967043,1.72924995910045
P039,Lap 6,Turn 2,3.494345,2.25636,1.2981920408995502,1.2379849459838868,2.19615295910045
P028,Lap 1,Turn 2,2.922393,2.4330263,1.2981920408995502,0.48936668621826174,1.6242009591004498
P028,Lap 2,Turn 2,3.309464,2.7169766,1.2981920408995502,0.5924873573913576,2.01127195910045
P028,Lap 3,Turn 2,4.308189,2.6729908,1.2981920408995502,1.6351982010498043,3.0099969591004494
P028,Lap 4,Turn 2,2.531358,2.433815,1.2981920408995502,0.09754299755859375,1.2331659591004498
P028,Lap 5,Turn 2,2.381634,2.966315,1.2981920408995502,0.5846810310516357,1.0834419591004498
P028,Lap 6,Turn 2,4.082683,2.9931765,1.2981920408995502,1.089506539733887,2.78449095910045
P020,Lap 2,Turn 2,0.520181,2.5258553,1.2981920408995502,2.005674302810669,0.7780110408995502
P020,Lap 3,Turn 2,-0.174112,2.1872804,1.2981920408995502,2.3613924164886475,1.4723040408995502
P020,Lap 4,Turn 2,0.312791,3.0273826,1.2981920408995502,2.7145916122283937,0.9854010408995502
P020,Lap 5,Turn 2,0.411991,2.4681559,1.2981920408995502,2.056164860900879,0.8862010408995502
P020,Lap 6,Turn 2,0.158209,2.5957904,1.2981920408995502,2.4375813861999513,1.1399830408995502
P019,Lap 1,Turn 2,2.969745,2.5791218,1.2981920408995502,0.39062317192077645,1.6715529591004499
P019,Lap 3,Turn 2,3.017753,2.666972,1.2981920408995502,0.35078107807922354,1.7195609591004497
P019,Lap 4,Turn 2,3.251278,2.8267868,1.2981920408995502,0.4244912434844972,1.95308595910045
P019,Lap 5,Turn 2,3.10333,2.800002,1.2981920408995502,0.30332790191650405,1.80513795910045
P019,Lap 6,Turn 2,3.227832,2.7263498,1.2981920408995502,0.5014821693725584,1.9296399591004496
P012,Lap 1,Turn 2,2.799,2.616892,1.2981920408995502,0.18210790061950677,1.5008079591004497
P012,Lap 2,Turn 2,3.452,2.6752205,1.2981920408995502,0.7767795104980468,2.1538079591004498
P012,Lap 3,Turn 2,2.898,2.256698,1.2981920408995502,0.6413021068572999,1.59980795910045
P012,Lap 4,Turn 2,2.525,2.3740544,1.2981920408995502,0.1509455680847167,1.2268079591004497
P012,Lap 5,Turn 2,2.67,2.5253365,1.2981920408995502,0.14466349601745598,1.3718079591004497
P012,Lap 6,Turn 2,2.436,2.3392093,1.2981920408995502,0.0967906818389892,1.1378079591004497
P011,Lap 1,Turn 2,2.691,2.450156,1.2981920408995502,0.2408440265655516,1.3928079591004496
P011,Lap 2,Turn 2,2.807,2.7569973,1.2981920408995502,0.05000265312194818,1.5088079591004497
P011,Lap 3,Turn 2,3.033,2.4841986,1.2981920408995502,0.5488014297485351,1.7348079591004497
P011,Lap 4,Turn 2,2.617,1.9197276,1.2981920408995502,0.6972724361419678,1.3188079591004498
P011,Lap 5,Turn 2,2.473,2.5511267,1.2981920408995502,0.0781267185211183,1.1748079591004497
P011,Lap 6,Turn 2,2.381,2.8006897,1.2981920408995502,0.4196896972656252,1.0828079591004496
P005,Lap 2,Turn 2,0.566,2.673871,1.2981920408995502,2.1078710403442384,0.7321920408995503
P005,Lap 3,Turn 2,0.397,3.262807,1.2981920408995502,2.8658068923950193,0.9011920408995502
P005,Lap 4,Turn 2,0.689,2.8077855,1.2981920408995502,2.1187855110168456,0.6091920408995503
P001,Lap 2,Turn 2,-0.055,2.3911948,1.2981920408995502,2.446194820404053,1.3531920408995501
P001,Lap 3,Turn 2,5.145,2.7295651,1.2981920408995502,2.4154348564147945,3.8468079591004494
P001,Lap 4,Turn 2,0.415,2.3446765,1.2981920408995502,1.9296764945983886,0.8831920408995502
P001,Lap 5,Turn 2,0.328,3.0758083,1.2981920408995502,2.7478082866668703,0.9701920408995501
P001,Lap 6,Turn 2,0.136,3.164802,1.2981920408995502,3.028802074432373,1.16219204089955
P001,Lap 8,Turn 2,0.402,2.6421301,1.2981920408995502,2.240130136489868,0.8961920408995502
P134,Lap 2,Turn 3,0.203,0.22139727,0.7525255986503068,0.01839726579189299,0.5495255986503067
P134,Lap 3,Turn 3,-0.048,-0.072822064,0.7525255986503068,0.024822064161300658,0.8005255986503068
P134,Lap 4,Turn 3,0.272,0.25125703,0.7525255986503068,0.02074296784400942,0.48052559865030675
P134,Lap 5,Turn 3,0.151,0.12660334,0.7525255986503068,0.024396664857864375,0.6015255986503067
P134,Lap 6,Turn 3,0.163,0.12065228,0.7525255986503068,0.042347719252109534,0.5895255986503067
P134,Lap 7,Turn 3,-0.006,0.035329953,0.7525255986503068,0.04132995283603668,0.7585255986503068
P134,Lap 8,Turn 3,0.062,0.011724814,0.7525255986503068,0.05027518615871668,0.6905255986503067
P134,Lap 9,Turn 3,0.05,0.026761001,0.7525255986503068,0.02323899902403355,0.7025255986503067
P134,Lap 10,Turn 3,0.163,0.09485177,0.7525255986503068,0.0681482304930687,0.5895255986503067
P134,Lap 11,Turn 3,0.144,0.1436257,0.7525255986503068,0.0003742935657501112,0.6085255986503068
P129,Lap 2,Turn 3,1.436,0.83312374,0.7525255986503068,0.6028762564659118,0.6834744013496932
P129,Lap 3,Turn 3,0.525,0.40949845,0.7525255986503068,0.11550154685974123,0.22752559865030675
P129,Lap 4,Turn 3,0.504,0.3884419,0.7525255986503068,0.11555810952186585,0.24852559865030677
P129,Lap 5,Turn 3,0.739,0.46585542,0.7525255986503068,0.2731445803642273,0.01352559865030678
P129,Lap 6,Turn 3,0.623,0.4594967,0.7525255986503068,0.16350329327583313,0.12952559865030677
P129,Lap 7,Turn 3,0.454,0.3136918,0.7525255986503068,0.14030820512771608,0.29852559865030676
P129,Lap 8,Turn 3,0.504,0.42984724,0.7525255986503068,0.07415275955200196,0.24852559865030677
P129,Lap 9,Turn 3,0.494,0.39416888,0.7525255986503068,0.09983111643791198,0.2585255986503068
P129,Lap 10,Turn 3,0.097,0.0620379,0.7525255986503068,0.03496209990978241,0.6555255986503068
P123,Lap 2,Turn 3,0.134,0.13136959,0.7525255986503068,0.0026304092407226642,0.6185255986503068
P123,Lap 3,Turn 3,0.046,0.11423156,0.7525255986503068,0.06823155665397644,0.7065255986503067
P123,Lap 4,Turn 3,0.01,0.08687265,0.7525255986503068,0.0768726521730423,0.7425255986503068
P123,Lap 5,Turn 3,0.094,0.10539167,0.7525255986503068,0.011391666293144226,0.6585255986503068
P123,Lap 6,Turn 3,0.007,0.093322985,0.7525255986503068,0.0863229848742485,0.7455255986503068
P123,Lap 7,Turn 3,0.008,0.0668722,0.7525255986503068,0.05887220185995102,0.7445255986503068
P123,Lap 8,Turn 3,0.01,0.038451515,0.7525255986503068,0.02845151513814926,0.7425255986503068
P123,Lap 9,Turn 3,-0.039,0.0052645155,0.7525255986503068,0.04426451552286744,0.7915255986503068
P123,Lap 10,Turn 3,-0.085,0.014962637,0.7525255986503068,0.09996263686567546,0.8375255986503067
P123,Lap 11,Turn 3,-0.056,-0.0008538959,0.7525255986503068,0.0551461040917784,0.8085255986503068
P123,Lap 12,Turn 3,-0.054,-0.00418581,0.7525255986503068,0.04981418978050351,0.8065255986503068
P120,Lap 2,Turn 3,0.51,0.40568027,0.7525255986503068,0.10431973099708558,0.24252559865030676
P120,Lap 3,Turn 3,0.254,0.2551038,0.7525255986503068,0.0011037967205047572,0.49852559865030677
P120,Lap 4,Turn 3,0.502,0.39824948,0.7525255986503068,0.10375052285194397,0.25052559865030677
P120,Lap 5,Turn 3,0.077,0.054171186,0.7525255986503068,0.022828814059495925,0.6755255986503068
P120,Lap 6,Turn 3,-0.047,-0.0013694374,0.7525255986503068,0.045630562564358115,0.7995255986503068
P120,Lap 7,Turn 3,0.02,0.04506435,0.7525255986503068,0.025064348727464675,0.7325255986503068
P120,Lap 8,Turn 3,-0.037,0.05711771,0.7525255986503068,0.09411771175265313,0.7895255986503068
P120,Lap 9,Turn 3,-0.071,-0.00418581,0.7525255986503068,0.0668141897805035,0.8235255986503067
P120,Lap 10,Turn 3,-0.012,0.04690003,0.7525255986503068,0.05890003022551536,0.7645255986503068
P120,Lap 11,Turn 3,0.063,0.10539167,0.7525255986503068,0.042391666293144226,0.6895255986503068
P120,Lap 12,Turn 3,-0.075,-0.0067797783,0.7525255986503068,0.0682202217169106,0.8275255986503067
P113,Lap 2,Turn 3,0.139,0.18111548,0.7525255986503068,0.04211547827720641,0.6135255986503068
P113,Lap 3,Turn 3,0.073,0.09910534,0.7525255986503068,0.026105343222618108,0.6795255986503068
P113,Lap 4,Turn 3,-0.004,0.017102258,0.7525255986503068,0.021102258279919624,0.7565255986503068
P113,Lap 5,Turn 3,0.752,0.42447588,0.7525255986503068,0.32752412152290344,0.0005255986503067689
P113,Lap 6,Turn 3,-0.016,0.029174307,0.7525255986503068,0.045174307361245156,0.7685255986503068
P113,Lap 7,Turn 3,0.051,0.055391815,0.7525255986503068,0.004391814559698108,0.7015255986503067
P113,Lap 8,Turn 3,0.06,0.047387525,0.7525255986503068,0.012612474560737608,0.6925255986503067
P113,Lap 9,Turn 3,-0.042,-0.010744694,0.7525255986503068,0.03125530631095171,0.7945255986503068
P113,Lap 10,Turn 3,-0.044,-0.003237363,0.7525255986503068,0.04076263704895973,0.7965255986503068
P113,Lap 11,Turn 3,-0.027,0.015452113,0.7525255986503068,0.04245211300253868,0.7795255986503068
P113,Lap 12,Turn 3,0.113,0.09722393,0.7525255986503068,0.01577606993913651,0.6395255986503068
P107,Lap 2,Turn 3,0.069,0.05514478,0.7525255986503068,0.013855220615863806,0.6835255986503068
P107,Lap 3,Turn 3,0.467,0.35256243,0.7525255986503068,0.11443757247924807,0.28552559865030674
P107,Lap 4,Turn 3,0.186,0.17654085,0.7525255986503068,0.00945914840698242,0.5665255986503068
P107,Lap 5,Turn 3,0.274,0.2793969,0.7525255986503068,0.005396891593933084,0.47852559865030675
P107,Lap 6,Turn 3,0.125,0.09747222,0.7525255986503068,0.02752777934074402,0.6275255986503068
P107,Lap 7,Turn 3,0.149,0.13685736,0.7525255986503068,0.012142639398574823,0.6035255986503067
P107,Lap 8,Turn 3,0.082,0.119376205,0.7525255986503068,0.03737620490789413,0.6705255986503068
P107,Lap 9,Turn 3,0.064,0.10657317,0.7525255986503068,0.04257317191362381,0.6885255986503067
P107,Lap 10,Turn 3,-0.006,0.026456086,0.7525255986503068,0.032456085965037344,0.7585255986503068
P107,Lap 11,Turn 3,0.805,0.4975807,0.7525255986503068,0.3074192929267884,0.05247440134969328
P105,Lap 2,Turn 3,0.285,0.25782245,0.7525255986503068,0.027177546024322485,0.4675255986503068
P105,Lap 3,Turn 3,0.224,0.17487544,0.7525255986503068,0.049124561786651616,0.5285255986503068
P105,Lap 4,Turn 3,0.235,0.25743765,0.7525255986503068,0.02243764638900758,0.5175255986503068
P105,Lap 5,Turn 3,0.211,0.17823909,0.7525255986503068,0.03276090776920318,0.5415255986503068
P105,Lap 6,Turn 3,0.191,0.20761935,0.7525255986503068,0.016619354128837582,0.5615255986503067
P105,Lap 7,Turn 3,0.256,0.2117681,0.7525255986503068,0.04423189437389374,0.49652559865030677
P105,Lap 8,Turn 3,0.144,0.16421513,0.7525255986503068,0.020215132594108592,0.6085255986503068
P105,Lap 9,Turn 3,0.154,0.16226293,0.7525255986503068,0.008262931466102602,0.5985255986503067
P105,Lap 10,Turn 3,0.06,0.09856716,0.7525255986503068,0.03856715798377991,0.6925255986503067
P105,Lap 11,Turn 3,0.05,0.0745371,0.7525255986503068,0.02453709840774536,0.7025255986503067
P105,Lap 12,Turn 3,0.208,0.26382893,0.7525255986503068,0.055828933238983164,0.5445255986503068
P104,Lap 2,Turn 3,0.518,0.36977988,0.7525255986503068,0.14822011518478395,0.23452559865030675
P104,Lap 3,Turn 3,0.226,0.19234273,0.7525255986503068,0.03365727162361146,0.5265255986503068
P104,Lap 4,Turn 3,0.27,0.22299306,0.7525255986503068,0.04700693905353548,0.48252559865030675
P104,Lap 5,Turn 3,0.086,0.13870208,0.7525255986503068,0.052702079653739936,0.6665255986503068
P104,Lap 6,Turn 3,0.425,0.36365882,0.7525255986503068,0.06134118437767028,0.3275255986503068
P104,Lap 7,Turn 3,0.249,0.2133733,0.7525255986503068,0.035626696586608886,0.5035255986503068
P104,Lap 8,Turn 3,0.026,0.062459342,0.7525255986503068,0.03645934218168259,0.7265255986503067
P104,Lap 9,Turn 3,0.087,0.13309827,0.7525255986503068,0.046098274469375616,0.6655255986503068
P104,Lap 10,Turn 3,0.197,0.16812906,0.7525255986503068,0.028870943307876595,0.5555255986503067
P104,Lap 11,Turn 3,0.069,0.09580441,0.7525255986503068,0.026804408192634577,0.6835255986503068
P103,Lap 2,Turn 3,0.348,0.28642255,0.7525255986503068,0.0615774493217468,0.4045255986503068
P103,Lap 3,Turn 3,0.207,0.18576862,0.7525255986503068,0.021231380820274343,0.5455255986503068
P103,Lap 4,Turn 3,0.15,0.20621975,0.7525255986503068,0.056219747662544256,0.6025255986503067
P103,Lap 5,Turn 3,0.349,0.2875647,0.7525255986503068,0.06143530511856077,0.4035255986503068
P103,Lap 6,Turn 3,0.702,0.49302799,0.7525255986503068,0.20897201490402217,0.05052559865030681
P103,Lap 7,Turn 3,0.543,0.41992527,0.7525255986503068,0.12307472753524784,0.20952559865030673
P103,Lap 8,Turn 3,0.356,0.29872644,0.7525255986503068,0.0572735605239868,0.3965255986503068
P103,Lap 9,Turn 3,0.081,0.13808611,0.7525255986503068,0.057086110353469846,0.6715255986503068
P103,Lap 10,Turn 3,0.46,0.3292649,0.7525255986503068,0.13073509097099306,0.29252559865030675
P103,Lap 11,Turn 3,0.185,0.15996109,0.7525255986503068,0.02503891050815582,0.5675255986503067
P090,Lap 2,Turn 3,0.62,0.47221017,0.7525255986503068,0.14778983116149902,0.13252559865030678
P090,Lap 3,Turn 3,0.388,0.38291836,0.7525255986503068,0.005081642150878918,0.36452559865030676
P090,Lap 4,Turn 3,0.249,0.20709173,0.7525255986503068,0.04190826618671417,0.5035255986503068
P090,Lap 5,Turn 3,0.229,0.27522993,0.7525255986503068,0.04622993087768554,0.5235255986503068
P090,Lap 6,Turn 3,0.193,0.22616912,0.7525255986503068,0.03316912424564361,0.5595255986503067
P090,Lap 7,Turn 3,0.22,0.24342442,0.7525255986503068,0.023424415588378905,0.5325255986503068
P090,Lap 8,Turn 3,0.182,0.18294975,0.7525255986503068,0.0009497516155242969,0.5705255986503068
P090,Lap 9,Turn 3,0.177,0.167287,0.7525255986503068,0.009712993025779715,0.5755255986503067
P090,Lap 10,Turn 3,0.203,0.19521415,0.7525255986503068,0.007785847663879408,0.5495255986503067
P089,Lap 2,Turn 3,0.688,0.47404274,0.7525255986503068,0.2139572565555572,0.06452559865030683
P089,Lap 3,Turn 3,0.707,0.4590802,0.7525255986503068,0.24791981053352352,0.04552559865030681
P089,Lap 4,Turn 3,0.892,0.56039083,0.7525255986503068,0.331609169960022,0.13947440134969324
P089,Lap 5,Turn 3,0.603,0.40591508,0.7525255986503068,0.1970849184989929,0.1495255986503068
P089,Lap 6,Turn 3,0.534,0.42507735,0.7525255986503068,0.108922651052475,0.21852559865030674
P089,Lap 8,Turn 3,0.447,0.39596945,0.7525255986503068,0.05103054952621461,0.30552559865030676
P089,Lap 9,Turn 3,0.652,0.40293595,0.7525255986503068,0.24906404805183413,0.10052559865030675
P089,Lap 10,Turn 3,0.42,0.3108882,0.7525255986503068,0.10911179900169371,0.3325255986503068
P084,Lap 2,Turn 3,1.10614,1.6132984,0.7525255986503068,0.5071584161376954,0.35361440134969313
P084,Lap 3,Turn 3,1.175283,2.4560833,0.7525255986503068,1.280800297729492,0.4227574013496933
P084,Lap 4,Turn 3,1.143845,1.9295185,0.7525255986503068,0.785673461227417,0.39131940134969323
P084,Lap 5,Turn 3,0.520703,2.2428217,0.7525255986503068,1.72211869342041,0.23182259865030674
P084,Lap 6,Turn 3,0.231663,1.3016113,0.7525255986503068,1.0699483042831421,0.5208625986503068
P083,Lap 2,Turn 3,1.337199,2.1436105,0.7525255986503068,0.8064114774475097,0.5846734013496933
P083,Lap 3,Turn 3,0.937633,2.606063,0.7525255986503068,1.6684298890991212,0.18510740134969328
P083,Lap 5,Turn 3,0.965379,1.7000304,0.7525255986503068,0.7346514460525513,0.21285340134969322
P083,Lap 6,Turn 3,1.418348,1.6300367,0.7525255986503068,0.21168871169281012,0.6658224013496932
P067,Lap 1,Turn 3,2.383526,1.1093394,0.7525255986503068,1.2741866435775755,1.631000401349693
P067,Lap 5,Turn 3,2.957622,1.6821831,0.7525255986503068,1.2754388535232546,2.205096401349693
P059,Lap 1,Turn 3,1.255292,1.6766291,0.7525255986503068,0.4213370664672851,0.5027664013496933
P059,Lap 2,Turn 3,1.166218,1.2138574,0.7525255986503068,0.04763941233825686,0.4136924013496932
P059,Lap 3,Turn 3,1.12572,1.5233407,0.7525255986503068,0.3976207020568847,0.3731944013496933
P059,Lap 4,Turn 3,1.309896,1.2687092,0.7525255986503068,0.04118681726074214,0.5573704013496932
P059,Lap 5,Turn 3,1.991836,1.1626847,0.7525255986503068,0.8291513209686279,1.2393104013496932
P059,Lap 6,Turn 3,1.641954,1.1953815,0.7525255986503068,0.44657247782135,0.8894284013496931
P049,Lap 1,Turn 3,1.112487,1.2049019,0.7525255986503068,0.09241493367004394,0.35996140134969323
P049,Lap 2,Turn 3,1.077912,1.0613552,0.7525255986503068,0.016556766807556134,0.3253864013496932
P049,Lap 3,Turn 3,1.21211,1.2416427,0.7525255986503068,0.02953271354675291,0.45958440134969325
P049,Lap 4,Turn 3,1.185474,1.6887817,0.7525255986503068,0.5033077382812501,0.43294840134969315
P049,Lap 5,Turn 3,1.188882,1.2730149,0.7525255986503068,0.08413290306854249,0.4363564013496932
P049,Lap 6,Turn 3,1.268393,1.0895207,0.7525255986503068,0.17887230717468272,0.5158674013496933
P048,Lap 1,Turn 3,1.432335,1.3007047,0.7525255986503068,0.13163028236389152,0.6798094013496931
P048,Lap 2,Turn 3,1.378819,0.6033036,0.7525255986503068,0.7755153887214661,0.6262934013496932
P048,Lap 3,Turn 3,2.829366,1.6781301,0.7525255986503068,1.1512358501586912,2.076840401349693
P048,Lap 4,Turn 3,1.283733,1.2265533,0.7525255986503068,0.05717967911529542,0.5312074013496932
P048,Lap 5,Turn 3,2.474292,1.7173808,0.7525255986503068,0.7569112378997804,1.7217664013496934
P048,Lap 6,Turn 3,1.353331,1.2303653,0.7525255986503068,0.12296572366333014,0.6008054013496933
P043,Lap 2,Turn 3,0.179252,1.1812906,0.7525255986503068,1.002038626525879,0.5732735986503068
P039,Lap 2,Turn 3,1.647312,1.5779976,0.7525255986503068,0.0693144347305299,0.8947864013496933
P039,Lap 3,Turn 3,1.473987,1.8556211,0.7525255986503068,0.38163409947204596,0.7214614013496932
P039,Lap 5,Turn 3,2.11595,1.3798302,0.7525255986503068,0.7361197587966921,1.3634244013496934
P039,Lap 6,Turn 3,1.878559,1.3675902,0.7525255986503068,0.5109688110198976,1.1260334013496933
P028,Lap 1,Turn 3,1.329351,1.2001213,0.7525255986503068,0.12922971646881098,0.5768254013496932
P028,Lap 2,Turn 3,1.186614,1.0555357,0.7525255986503068,0.13107832590484625,0.4340884013496933
P028,Lap 3,Turn 3,1.535012,1.3007239,0.7525255986503068,0.23428808966827397,0.7824864013496933
P028,Lap 4,Turn 3,1.350753,1.8223568,0.7525255986503068,0.47160382010650626,0.5982274013496933
P028,Lap 6,Turn 3,1.384593,1.189272,0.7525255986503068,0.1953209539108276,0.6320674013496932
P020,Lap 2,Turn 3,0.269327,1.3418564,0.7525255986503068,1.0725293604354857,0.4831985986503068
P020,Lap 3,Turn 3,0.841212,1.4133637,0.7525255986503068,0.5721516951446534,0.08868640134969319
P020,Lap 4,Turn 3,0.527702,1.703065,0.7525255986503068,1.1753630377273558,0.22482359865030677
P020,Lap 5,Turn 3,-0.056758,1.1570168,0.7525255986503068,1.2137747541503907,0.8092835986503067
P020,Lap 6,Turn 3,0.001338,1.2391918,0.7525255986503068,1.2378537705535888,0.7511875986503068
P019,Lap 1,Turn 3,1.54427,2.144897,0.7525255986503068,0.6006269841003418,0.7917444013496933
P019,Lap 2,Turn 3,1.668583,1.6156635,0.7525255986503068,0.052919471557617115,0.9160574013496932
P019,Lap 3,Turn 3,1.410481,1.4184173,0.7525255986503068,0.007936334556579494,0.6579554013496933
P019,Lap 4,Turn 3,1.450437,1.7389754,0.7525255986503068,0.2885384056930542,0.6979114013496932
P019,Lap 5,Turn 3,1.399916,1.8662995,0.7525255986503068,0.4663835100021363,0.6473904013496932
P019,Lap 6,Turn 3,1.458998,1.668277,0.7525255986503068,0.2092790252227783,0.7064724013496932
P012,Lap 1,Turn 3,1.162,1.6056067,0.7525255986503068,0.44360667514801033,0.40947440134969315
P012,Lap 2,Turn 3,1.434,1.2526855,0.7525255986503068,0.18131445312499994,0.6814744013496932
P012,Lap 3,Turn 3,1.113,1.3246226,0.7525255986503068,0.21162263107299806,0.3604744013496932
P012,Lap 4,Turn 3,1.231,1.3774333,0.7525255986503068,0.14643330001831045,0.4784744013496933
P012,Lap 5,Turn 3,1.141,1.4269755,0.7525255986503068,0.2859754886627197,0.38847440134969324
P012,Lap 6,Turn 3,1.918,1.1809268,0.7525255986503068,0.73707320022583,1.1654744013496932
P011,Lap 1,Turn 3,1.393,1.3554512,0.7525255986503068,0.03754877376556398,0.6404744013496932
P011,Lap 2,Turn 3,1.411,1.4315826,0.7525255986503068,0.020582570075988738,0.6584744013496933
P011,Lap 3,Turn 3,1.336,1.0528728,0.7525255986503068,0.2831272230148316,0.5834744013496933
P011,Lap 4,Turn 3,1.088,0.98969674,0.7525255986503068,0.0983032588958741,0.3354744013496933
P011,Lap 5,Turn 3,1.156,1.1928818,0.7525255986503068,0.036881822586059654,0.40347440134969315
P011,Lap 6,Turn 3,1.368,1.2430727,0.7525255986503068,0.124927251815796,0.6154744013496933
P005,Lap 2,Turn 3,0.555,1.8788657,0.7525255986503068,1.3238657188415526,0.19752559865030672
P005,Lap 3,Turn 3,0.648,1.9757597,0.7525255986503068,1.327759744644165,0.10452559865030675
P005,Lap 4,Turn 3,0.685,1.6891471,0.7525255986503068,1.004147114753723,0.06752559865030672
P001,Lap 2,Turn 3,0.595,1.3782958,0.7525255986503068,0.7832957792282105,0.1575255986503068
P001,Lap 3,Turn 3,0.384,1.2871723,0.7525255986503068,0.9031723175048828,0.36852559865030676
P001,Lap 4,Turn 3,0.47,1.2001712,0.7525255986503068,0.7301712322235108,0.2825255986503068
P001,Lap 5,Turn 3,0.439,1.2497295,0.7525255986503068,0.8107295141220092,0.31352559865030677
P001,Lap 6,Turn 3,0.341,1.8218066,0.7525255986503068,1.48080655002594,0.41152559865030675
P001,Lap 7,Turn 3,0.379,1.3171793,0.7525255986503068,0.9381793222427368,0.37352559865030677
P001,Lap 8,Turn 3,0.527,1.5032599,0.7525255986503068,0.9762598972320556,0.22552559865030675
P134,Lap 2,Turn 4,0.005,0.043086037,2.12128585387145,0.03808603703975678,2.11628585387145
P134,Lap 3,Turn 4,0.001,0.035290882,2.12128585387145,0.03429088199138641,2.12028585387145
P134,Lap 4,Turn 4,-0.069,0.101144426,2.12128585387145,0.17014442557096482,2.19028585387145
P134,Lap 5,Turn 4,0.083,0.25394434,2.12128585387145,0.17094433736801146,2.0382858538714497
P134,Lap 6,Turn 4,-0.014,0.037013665,2.12128585387145,0.051013664841651915,2.1352858538714496
P134,Lap 7,Turn 4,0.225,0.13881142,2.12128585387145,0.08618857562541962,1.8962858538714498
P134,Lap 8,Turn 4,0.169,0.32600236,2.12128585387145,0.15700235939025878,1.9522858538714498
P134,Lap 9,Turn 4,0.316,0.42018148,2.12128585387145,0.10418148303031921,1.8052858538714498
P134,Lap 10,Turn 4,0.177,0.17700619,2.12128585387145,6.18505477906206e-06,1.9442858538714498
P134,Lap 11,Turn 4,0.177,0.212708,2.12128585387145,0.03570799636840821,1.9442858538714498
P129,Lap 2,Turn 4,0.666,0.594849,2.12128585387145,0.07115100955963138,1.45528585387145
P129,Lap 3,Turn 4,0.647,0.6204473,2.12128585387145,0.026552721977233906,1.4742858538714498
P129,Lap 4,Turn 4,0.24,0.22987081,2.12128585387145,0.010129188895225516,1.8812858538714499
P129,Lap 5,Turn 4,0.554,0.5034315,2.12128585387145,0.050568500995636034,1.5672858538714498
P129,Lap 6,Turn 4,0.278,0.23809119,2.12128585387145,0.03990881431102755,1.8432858538714498
P129,Lap 7,Turn 4,0.794,0.7488039,2.12128585387145,0.0451960864067078,1.3272858538714498
P129,Lap 8,Turn 4,0.356,0.3295201,2.12128585387145,0.02647989368438719,1.76528585387145
P129,Lap 9,Turn 4,0.222,0.1698151,2.12128585387145,0.052184906721115115,1.8992858538714499
P129,Lap 10,Turn 4,0.086,0.28309697,2.12128585387145,0.19709696912765504,2.03528585387145
P123,Lap 2,Turn 4,0.652,0.86198217,2.12128585387145,0.20998216676712034,1.4692858538714497
P123,Lap 3,Turn 4,0.155,0.22262348,2.12128585387145,0.06762348234653473,1.9662858538714498
P123,Lap 4,Turn 4,0.269,0.26876277,2.12128585387145,0.0002372326850891282,1.8522858538714497
P123,Lap 5,Turn 4,0.103,0.16868164,2.12128585387145,0.06568163645267487,2.0182858538714497
P123,Lap 6,Turn 4,0.186,0.22130921,2.12128585387145,0.03530921483039856,1.93528585387145
P123,Lap 7,Turn 4,0.185,0.23427686,2.12128585387145,0.04927686095237732,1.9362858538714498
P123,Lap 8,Turn 4,0.078,0.13607757,2.12128585387145,0.05807756793498993,2.04328585387145
P123,Lap 9,Turn 4,0.03,0.14289191,2.12128585387145,0.11289191365242005,2.09128585387145
P123,Lap 10,Turn 4,0.114,0.15753056,2.12128585387145,0.04353056108951568,2.00728585387145
P123,Lap 11,Turn 4,-0.027,0.046541255,2.12128585387145,0.07354125496745109,2.14828585387145
P123,Lap 12,Turn 4,-0.05,0.027880447,2.12128585387145,0.07788044698536396,2.1712858538714497
P120,Lap 2,Turn 4,0.161,0.18628916,2.12128585387145,0.025289161443710323,1.9602858538714498
P120,Lap 3,Turn 4,0.232,0.3016848,2.12128585387145,0.06968479681015013,1.8892858538714499
P120,Lap 4,Turn 4,-0.013,0.033217672,2.12128585387145,0.04621767225861549,2.1342858538714498
P120,Lap 5,Turn 4,0.062,0.11169022,2.12128585387145,0.0496902232170105,2.05928585387145
P120,Lap 6,Turn 4,0.13,0.19708583,2.12128585387145,0.06708582758903503,1.99128585387145
P120,Lap 7,Turn 4,-0.003,0.057248715,2.12128585387145,0.060248715311288836,2.12428585387145
P120,Lap 8,Turn 4,0.348,0.37558836,2.12128585387145,0.027588357448577905,1.77328585387145
P120,Lap 9,Turn 4,-0.108,-0.01781897,2.12128585387145,0.09018102939426899,2.22928585387145
P120,Lap 10,Turn 4,-0.048,0.0064800913,2.12128585387145,0.0544800912514329,2.16928585387145
P120,Lap 11,Turn 4,-0.162,-0.039345358,2.12128585387145,0.12265464243292809,2.2832858538714498
P120,Lap 12,Turn 4,0.056,0.07628031,2.12128585387145,0.020280310750007628,2.06528585387145
P113,Lap 2,Turn 4,-0.059,0.0496217,2.12128585387145,0.10862170124053955,2.18028585387145
P113,Lap 3,Turn 4,0.195,0.21698053,2.12128585387145,0.021980531811714166,1.9262858538714498
P113,Lap 4,Turn 4,-0.048,-0.0045965947,2.12128585387145,0.04340340527892113,2.16928585387145
P113,Lap 5,Turn 4,-0.056,-0.0066905916,2.12128585387145,0.04930940842628479,2.17728585387145
P113,Lap 6,Turn 4,0.014,0.060522906,2.12128585387145,0.0465229064822197,2.10728585387145
P113,Lap 7,Turn 4,-0.061,0.022588054,2.12128585387145,0.08358805371820927,2.18228585387145
P113,Lap 8,Turn 4,0.091,0.116031304,2.12128585387145,0.02503130400180817,2.0302858538714497
P113,Lap 9,Turn 4,-0.041,0.038452715,2.12128585387145,0.07945271468162537,2.16228585387145
P113,Lap 10,Turn 4,-0.167,-0.022398854,2.12128585387145,0.14460114632546903,2.2882858538714497
P113,Lap 11,Turn 4,-0.153,-0.008478498,2.12128585387145,0.14452150191366672,2.27428585387145
P113,Lap 12,Turn 4,-0.141,0.17354402,2.12128585387145,0.3145440194606781,2.26228585387145
P107,Lap 2,Turn 4,0.31,0.28870344,2.12128585387145,0.02129655838012695,1.8112858538714498
P107,Lap 3,Turn 4,0.941,0.8272503,2.12128585387145,0.1137496981620788,1.18028585387145
P107,Lap 4,Turn 4,0.602,0.5664217,2.12128585387145,0.03557831239700315,1.51928585387145
P107,Lap 5,Turn 4,0.446,0.51761717,2.12128585387145,0.07161716604232787,1.67528585387145
P107,Lap 6,Turn 4,0.413,0.33297235,2.12128585387145,0.08002765226364134,1.7082858538714498
P107,Lap 7,Turn 4,0.633,0.63827324,2.12128585387145,0.00527323913574218,1.4882858538714498
P107,Lap 8,Turn 4,0.42,0.43016747,2.12128585387145,0.010167466402053849,1.70128585387145
P107,Lap 9,Turn 4,0.382,0.48239398,2.12128585387145,0.10039398002624511,1.7392858538714497
P107,Lap 10,Turn 4,0.504,0.4650237,2.12128585387145,0.0389763035774231,1.6172858538714499
P107,Lap 11,Turn 4,0.357,0.2808624,2.12128585387145,0.07613760900497435,1.7642858538714499
P105,Lap 2,Turn 4,0.365,0.47623014,2.12128585387145,0.11123014450073243,1.7562858538714499
P105,Lap 3,Turn 4,0.211,0.18155299,2.12128585387145,0.02944700872898101,1.9102858538714498
P105,Lap 4,Turn 4,0.087,0.13350606,2.12128585387145,0.04650605964660645,2.0342858538714497
P105,Lap 5,Turn 4,0.159,0.17070282,2.12128585387145,0.011702815055847166,1.9622858538714498
P105,Lap 6,Turn 4,0.174,0.2184081,2.12128585387145,0.04440809285640718,1.94728585387145
P105,Lap 7,Turn 4,0.228,0.25464347,2.12128585387145,0.02664347004890441,1.8932858538714499
P105,Lap 8,Turn 4,0.146,0.20799786,2.12128585387145,0.06199785852432252,1.97528585387145
P105,Lap 9,Turn 4,0.105,0.15315554,2.12128585387145,0.048155535459518437,2.01628585387145
P105,Lap 10,Turn 4,0.115,0.17321953,2.12128585387145,0.05821953177452087,2.0062858538714496
P105,Lap 11,Turn 4,0.124,0.29777685,2.12128585387145,0.17377684807777405,1.9972858538714497
P105,Lap 12,Turn 4,0.221,0.18774858,2.12128585387145,0.033251418828964235,1.9002858538714498
P104,Lap 2,Turn 4,0.506,0.4924149,2.12128585387145,0.01358510828018189,1.6152858538714499
P104,Lap 3,Turn 4,0.2,0.23603424,2.12128585387145,0.036034244298934925,1.92128585387145
P104,Lap 4,Turn 4,0.17,0.14292486,2.12128585387145,0.02707513988018037,1.95128585387145
P104,Lap 5,Turn 4,0.388,0.3364851,2.12128585387145,0.0515149121284485,1.73328585387145
P104,Lap 6,Turn 4,0.54,0.64285976,2.12128585387145,0.10285975694656369,1.5812858538714498
P104,Lap 7,Turn 4,-0.041,0.029875409,2.12128585387145,0.07087540885806085,2.16228585387145
P104,Lap 8,Turn 4,0.159,0.24954861,2.12128585387145,0.09054861402511596,1.9622858538714498
P104,Lap 9,Turn 4,0.013,0.18370606,2.12128585387145,0.17070606005191802,2.10828585387145
P104,Lap 10,Turn 4,0.12,0.14611831,2.12128585387145,0.026118313074111943,2.0012858538714497
P104,Lap 11,Turn 4,-0.05,-0.029143449,2.12128585387145,0.020856551080942157,2.1712858538714497
P103,Lap 2,Turn 4,0.561,0.62567174,2.12128585387145,0.0646717443466186,1.56028585387145
P103,Lap 3,Turn 4,0.561,0.5678641,2.12128585387145,0.006864120006561225,1.56028585387145
P103,Lap 4,Turn 4,0.244,0.26124784,2.12128585387145,0.01724784350395203,1.8772858538714499
P103,Lap 5,Turn 4,0.736,0.78254515,2.12128585387145,0.046545149326324475,1.3852858538714499
P103,Lap 6,Turn 4,0.761,0.6975085,2.12128585387145,0.06349148607254029,1.3602858538714497
P103,Lap 7,Turn 4,0.579,0.62699157,2.12128585387145,0.04799156999588017,1.54228585387145
P103,Lap 8,Turn 4,0.396,0.51217866,2.12128585387145,0.1161786594390869,1.72528585387145
P103,Lap 9,Turn 4,0.442,0.43720064,2.12128585387145,0.004799364328384403,1.67928585387145
P103,Lap 10,Turn 4,0.344,0.33696106,2.12128585387145,0.007038939237594577,1.77728585387145
P103,Lap 11,Turn 4,0.401,0.3088227,2.12128585387145,0.09217730855941775,1.7202858538714498
P090,Lap 2,Turn 4,0.288,0.37428024,2.12128585387145,0.08628024411201479,1.8332858538714498
P090,Lap 3,Turn 4,0.241,0.3545223,2.12128585387145,0.11352228784561158,1.8802858538714498
P090,Lap 4,Turn 4,0.01,0.050367184,2.12128585387145,0.040367183983325956,2.11128585387145
P090,Lap 5,Turn 4,0.247,0.3541018,2.12128585387145,0.10710180687904358,1.87428585387145
P090,Lap 6,Turn 4,0.153,0.21219967,2.12128585387145,0.05919967305660248,1.9682858538714498
P090,Lap 7,Turn 4,0.21,0.3430643,2.12128585387145,0.13306430816650391,1.91128585387145
P090,Lap 8,Turn 4,0.078,0.1512723,2.12128585387145,0.07327229690551758,2.04328585387145
P090,Lap 9,Turn 4,0.181,0.23613183,2.12128585387145,0.05513183200359345,1.9402858538714498
P090,Lap 10,Turn 4,0.207,0.26697636,2.12128585387145,0.05997635650634767,1.9142858538714498
P089,Lap 2,Turn 4,0.312,0.5212695,2.12128585387145,0.20926950025558472,1.8092858538714498
P089,Lap 3,Turn 4,0.618,0.62038684,2.12128585387145,0.0023868389129638734,1.50328585387145
P089,Lap 4,Turn 4,0.222,0.25182724,2.12128585387145,0.029827239990234372,1.8992858538714499
P089,Lap 5,Turn 4,0.554,0.54378545,2.12128585387145,0.010214547157287646,1.5672858538714498
P089,Lap 6,Turn 4,0.35,0.36269113,2.12128585387145,0.012691134214401267,1.7712858538714498
P089,Lap 8,Turn 4,0.271,0.34486225,2.12128585387145,0.07386225247383116,1.85028585387145
P089,Lap 9,Turn 4,0.115,0.12872629,2.12128585387145,0.013726288676261897,2.0062858538714496
P089,Lap 10,Turn 4,0.384,0.3706375,2.12128585387145,0.013362493753433236,1.73728585387145
P084,Lap 2,Turn 4,1.277539,4.88246,2.12128585387145,3.604921117340088,0.8437468538714499
P084,Lap 3,Turn 4,0.547566,4.3285418,2.12128585387145,3.7809757556762698,1.5737198538714499
P084,Lap 4,Turn 4,0.435553,3.2873645,2.12128585387145,2.8518114828796386,1.6857328538714498
P084,Lap 5,Turn 4,0.630377,4.3280597,2.12128585387145,3.697682673309326,1.49090885387145
P084,Lap 6,Turn 4,2.305,2.6659424,2.12128585387145,0.36094243049621566,0.1837141461285503
P083,Lap 2,Turn 4,1.883403,4.1919336,2.12128585387145,2.3085306318969727,0.23788285387144992
P083,Lap 3,Turn 4,2.07466,5.2064962,2.12128585387145,3.131836238708496,0.046625853871449685
P083,Lap 5,Turn 4,0.490996,2.9794452,2.12128585387145,2.488449219039917,1.6302898538714499
P083,Lap 6,Turn 4,0.908126,4.0867505,2.12128585387145,3.178624507354736,1.2131598538714499
P067,Lap 1,Turn 4,5.651466,4.101981,2.12128585387145,1.5494848369750978,3.5301801461285502
P067,Lap 2,Turn 4,5.25558,4.4900236,2.12128585387145,0.7655563870239259,3.1342941461285503
P067,Lap 3,Turn 4,5.849685,3.1948886,2.12128585387145,2.6547964082336426,3.72839914612855
P067,Lap 5,Turn 4,6.178598,4.2678313,2.12128585387145,1.9107666744689942,4.057312146128551
P067,Lap 6,Turn 4,6.813266,2.216637,2.12128585387145,4.596629103866577,4.69198014612855
P059,Lap 1,Turn 4,8.242258,4.517831,2.12128585387145,3.724427151306152,6.120972146128549
P059,Lap 2,Turn 4,4.310426,4.3289533,2.12128585387145,0.01852726614379918,2.18914014612855
P059,Lap 4,Turn 4,4.457506,3.8653376,2.12128585387145,0.5921683897552494,2.3362201461285506
P059,Lap 5,Turn 4,4.415874,3.0550058,2.12128585387145,1.360868211196899,2.2945881461285498
P059,Lap 6,Turn 4,4.151718,4.0500727,2.12128585387145,0.10164533001708964,2.03043214612855
P049,Lap 1,Turn 4,4.123856,5.1704803,2.12128585387145,1.046624251312256,2.00257014612855
P049,Lap 2,Turn 4,4.646353,4.3813906,2.12128585387145,0.2649624284057621,2.5250671461285505
P049,Lap 3,Turn 4,4.253631,4.1275053,2.12128585387145,0.12612569757080117,2.1323451461285505
P049,Lap 4,Turn 4,6.674293,4.2288327,2.12128585387145,2.4454602782897945,4.55300714612855
P049,Lap 5,Turn 4,4.117839,4.30731,2.12128585387145,0.18947110437011716,1.9965531461285502
P049,Lap 6,Turn 4,4.194316,4.104362,2.12128585387145,0.08995398904418916,2.07303014612855
P048,Lap 1,Turn 4,4.869866,3.7587266,2.12128585387145,1.1111394031677246,2.74858014612855
P048,Lap 2,Turn 4,4.538706,4.1974607,2.12128585387145,0.3412453486022953,2.4174201461285505
P048,Lap 3,Turn 4,4.516757,4.0944986,2.12128585387145,0.4222583656616212,2.3954711461285503
P048,Lap 4,Turn 4,5.100631,3.8636105,2.12128585387145,1.2370204939422607,2.97934514612855
P048,Lap 5,Turn 4,5.059841,4.288124,2.12128585387145,0.7717169155273433,2.9385551461285497
P048,Lap 6,Turn 4,4.408956,4.396097,2.12128585387145,0.012858816772460813,2.28767014612855
P043,Lap 2,Turn 4,0.070141,4.4521165,2.12128585387145,4.381975489410401,2.05114485387145
P039,Lap 2,Turn 4,5.100724,3.7539766,2.12128585387145,1.3467474165191646,2.9794381461285497
P039,Lap 3,Turn 4,5.10674,4.7328825,2.12128585387145,0.37385750030517606,2.9854541461285504
P039,Lap 4,Turn 4,4.874888,2.8295875,2.12128585387145,2.0453005404357913,2.7536021461285505
P039,Lap 5,Turn 4,5.099216,4.180729,2.12128585387145,0.9184870876464846,2.9779301461285503
P039,Lap 6,Turn 4,5.299024,4.3581066,2.12128585387145,0.9409173868408205,3.1777381461285503
P028,Lap 1,Turn 4,4.626629,4.2334247,2.12128585387145,0.39320433645629915,2.5053431461285505
P028,Lap 2,Turn 4,4.757093,5.515125,2.12128585387145,0.7580317978210447,2.6358071461285504
P028,Lap 3,Turn 4,4.73882,4.303495,2.12128585387145,0.4353250697326656,2.6175341461285497
P028,Lap 4,Turn 4,4.504657,4.389425,2.12128585387145,0.11523219912719718,2.38337114612855
P028,Lap 5,Turn 4,4.856452,2.8374372,2.12128585387145,2.019014847137451,2.73516614612855
P028,Lap 6,Turn 4,4.515104,4.524894,2.12128585387145,0.00979023751831054,2.39381814612855
P020,Lap 2,Turn 4,0.238144,4.0147853,2.12128585387145,3.776641289764404,1.88314185387145
P020,Lap 3,Turn 4,-0.120072,3.9716458,2.12128585387145,4.091717832061768,2.24135785387145
P020,Lap 4,Turn 4,0.571826,3.8113644,2.12128585387145,3.2395384123077395,1.54945985387145
P020,Lap 5,Turn 4,0.350425,4.5154657,2.12128585387145,4.165040736389161,1.7708608538714499
P020,Lap 6,Turn 4,-0.069218,3.8848703,2.12128585387145,3.954088290756226,2.1905038538714496
P019,Lap 1,Turn 4,5.229885,5.288008,2.12128585387145,0.05812321304321255,3.1085991461285505
P019,Lap 2,Turn 4,5.135395,4.314459,2.12128585387145,0.8209361529541015,3.01410914612855
P019,Lap 3,Turn 4,5.45314,4.33233,2.12128585387145,1.120809773101807,3.3318541461285505
P019,Lap 4,Turn 4,5.608312,4.5678563,2.12128585387145,1.040455688201904,3.48702614612855
P019,Lap 5,Turn 4,4.88348,4.5657425,2.12128585387145,0.31773750732421835,2.7621941461285497
P019,Lap 6,Turn 4,5.120411,4.7702765,2.12128585387145,0.35013445352172834,2.99912514612855
P012,Lap 1,Turn 4,4.478,4.626303,2.12128585387145,0.14830319595336938,2.35671414612855
P012,Lap 3,Turn 4,4.6,5.2697024,2.12128585387145,0.6697024345397953,2.47871414612855
P012,Lap 4,Turn 4,4.303,4.4518795,2.12128585387145,0.1488795013427735,2.18171414612855
P012,Lap 5,Turn 4,4.315,4.8191876,2.12128585387145,0.5041876411437984,2.1937141461285505
P012,Lap 6,Turn 4,4.161,4.174872,2.12128585387145,0.013871921539307053,2.0397141461285497
P011,Lap 1,Turn 4,4.359,4.7981095,2.12128585387145,0.4391095314025879,2.23771414612855
P011,Lap 2,Turn 4,4.354,4.5044394,2.12128585387145,0.150439353942871,2.2327141461285502
P011,Lap 3,Turn 4,4.187,4.585726,2.12128585387145,0.39872578430175754,2.0657141461285504
P011,Lap 4,Turn 4,4.631,3.862775,2.12128585387145,0.7682249126434328,2.5097141461285504
P011,Lap 5,Turn 4,4.236,4.66477,2.12128585387145,0.42877012634277367,2.11471414612855
P011,Lap 6,Turn 4,4.352,4.5344367,2.12128585387145,0.18243670272827117,2.2307141461285505
P005,Lap 2,Turn 4,0.301,4.036935,2.12128585387145,3.7359348526000975,1.82028585387145
P005,Lap 3,Turn 4,0.901,4.1740932,2.12128585387145,3.273093246459961,1.2202858538714498
P005,Lap 4,Turn 4,0.515,4.245272,2.12128585387145,3.730272159576416,1.6062858538714497
P001,Lap 2,Turn 4,0.596,4.7373857,2.12128585387145,4.1413857498168944,1.5252858538714498
P001,Lap 3,Turn 4,0.585,5.270483,2.12128585387145,4.6854830169677735,1.53628585387145
P001,Lap 4,Turn 4,0.209,4.6972275,2.12128585387145,4.488227478027344,1.9122858538714498
P001,Lap 5,Turn 4,0.27,4.383735,2.12128585387145,4.1137351799011235,1.8512858538714498
P001,Lap 6,Turn 4,0.131,4.605089,2.12128585387145,4.47408918762207,1.9902858538714499
P001,Lap 7,Turn 4,0.461,4.517067,2.12128585387145,4.056066955566406,1.6602858538714498
P001,Lap 8,Turn 4,0.462,4.5648727,2.12128585387145,4.102872741699219,1.65928585387145
P134,Lap 2,Turn 5,0.63,0.6242396,2.067141613560831,0.005760376453399663,1.437141613560831
P134,Lap 3,Turn 5,0.59,0.59097904,2.067141613560831,0.0009790396690368963,1.477141613560831
P134,Lap 4,Turn 5,0.439,0.507458,2.067141613560831,0.06845797157287598,1.6281416135608309
P134,Lap 5,Turn 5,0.464,0.502982,2.067141613560831,0.03898202037811277,1.603141613560831
P134,Lap 6,Turn 5,0.62,0.68295944,2.067141613560831,0.0629594373703003,1.4471416135608308
P134,Lap 7,Turn 5,0.409,0.36702785,2.067141613560831,0.04197215104103086,1.658141613560831
P134,Lap 8,Turn 5,0.102,0.13563447,2.067141613560831,0.03363446700572968,1.9651416135608308
P134,Lap 9,Turn 5,0.204,0.27104282,2.067141613560831,0.06704282379150392,1.863141613560831
P134,Lap 10,Turn 5,0.182,0.26913345,2.067141613560831,0.08713344860076905,1.885141613560831
P134,Lap 11,Turn 5,0.057,0.023087714,2.067141613560831,0.033912286132574083,2.010141613560831
P129,Lap 2,Turn 5,1.127,0.73192424,2.067141613560831,0.39507576417922974,0.9401416135608309
P129,Lap 3,Turn 5,0.744,0.7449422,2.067141613560831,0.0009421882629394585,1.323141613560831
P129,Lap 4,Turn 5,1.557,1.1720097,2.067141613560831,0.38499029350280756,0.510141613560831
P129,Lap 5,Turn 5,0.85,0.6584734,2.067141613560831,0.19152662754058836,1.2171416135608308
P129,Lap 6,Turn 5,0.836,0.66326374,2.067141613560831,0.17273626184463498,1.231141613560831
P129,Lap 7,Turn 5,0.556,0.5282643,2.067141613560831,0.027735715866088917,1.5111416135608309
P129,Lap 8,Turn 5,0.576,0.5632642,2.067141613560831,0.012735808849334673,1.4911416135608309
P129,Lap 9,Turn 5,0.643,0.57690984,2.067141613560831,0.0660901598930359,1.424141613560831
P129,Lap 10,Turn 5,0.41,0.37198544,2.067141613560831,0.03801456451416013,1.657141613560831
P123,Lap 2,Turn 5,0.236,0.2369027,2.067141613560831,0.0009026988744735842,1.831141613560831
P123,Lap 3,Turn 5,0.077,0.103493094,2.067141613560831,0.026493094444274903,1.990141613560831
P123,Lap 4,Turn 5,-0.012,-0.010988728,2.067141613560831,0.0010112718567252162,2.079141613560831
P123,Lap 5,Turn 5,0.008,0.08358273,2.067141613560831,0.07558272910118102,2.059141613560831
P123,Lap 6,Turn 5,0.109,0.18216293,2.067141613560831,0.07316292560100555,1.958141613560831
P123,Lap 7,Turn 5,0.046,0.037069906,2.067141613560831,0.008930094450712203,2.021141613560831
P123,Lap 8,Turn 5,-0.066,-0.056419194,2.067141613560831,0.00958080625534058,2.1331416135608308
P123,Lap 9,Turn 5,-0.014,0.22932859,2.067141613560831,0.24332858765125276,2.0811416135608307
P123,Lap 10,Turn 5,-0.054,-0.07019979,2.067141613560831,0.016199787616729737,2.1211416135608308
P123,Lap 11,Turn 5,-0.17551268,-0.08849154,2.067141613560831,0.0870211433231163,2.242654293560831
P123,Lap 12,Turn 5,-0.17551268,-0.088378266,2.067141613560831,0.08713441449993134,2.242654293560831
P120,Lap 2,Turn 5,0.325,0.32648093,2.067141613560831,0.0014809250831603893,1.742141613560831
P120,Lap 3,Turn 5,0.155,0.23242046,2.067141613560831,0.07742045938968659,1.912141613560831
P120,Lap 4,Turn 5,0.057,0.09470472,2.067141613560831,0.03770471739768982,2.010141613560831
P120,Lap 5,Turn 5,0.088,0.027497016,2.067141613560831,0.060502984106540675,1.9791416135608308
P120,Lap 6,Turn 5,0.083,0.04982333,2.067141613560831,0.0331766711473465,1.984141613560831
P120,Lap 7,Turn 5,-0.033,-0.032937698,2.067141613560831,6.230193376541293e-05,2.100141613560831
P120,Lap 8,Turn 5,0.034,0.18326318,2.067141613560831,0.14926318264007568,2.033141613560831
P120,Lap 9,Turn 5,-0.09,-0.018877512,2.067141613560831,0.07112248815596103,2.157141613560831
P120,Lap 10,Turn 5,0.109,0.04661819,2.067141613560831,0.06238181033730507,1.958141613560831
P120,Lap 11,Turn 5,0.116,0.21488331,2.067141613560831,0.09888331258296966,1.9511416135608308
P120,Lap 12,Turn 5,-0.13,-0.041030776,2.067141613560831,0.08896922424435616,2.197141613560831
P113,Lap 2,Turn 5,0.006,0.0486521,2.067141613560831,0.04265210130810738,2.061141613560831
P113,Lap 3,Turn 5,-0.063,-0.03276882,2.067141613560831,0.030231180518865586,2.130141613560831
P113,Lap 4,Turn 5,-0.106,-0.068743244,2.067141613560831,0.03725675618648529,2.173141613560831
P113,Lap 5,Turn 5,-0.08,-0.049727667,2.067141613560831,0.030272332876920702,2.147141613560831
P113,Lap 6,Turn 5,-0.086,-0.06292361,2.067141613560831,0.023076389789581292,2.153141613560831
P113,Lap 7,Turn 5,-0.078,-0.1110503,2.067141613560831,0.03305030030012131,2.1451416135608308
P113,Lap 8,Turn 5,-0.087,-0.059014928,2.067141613560831,0.02798507240414619,2.154141613560831
P113,Lap 9,Turn 5,-0.137,-0.068803206,2.067141613560831,0.06819679391384126,2.204141613560831
P113,Lap 10,Turn 5,-0.073,-0.059247028,2.067141613560831,0.013752971917390819,2.140141613560831
P113,Lap 11,Turn 5,-0.084,-0.057020567,2.067141613560831,0.026979432642459875,2.151141613560831
P113,Lap 12,Turn 5,-0.072,-0.09214185,2.067141613560831,0.020141851782798773,2.139141613560831
P107,Lap 2,Turn 5,0.787,1.1763897,2.067141613560831,0.38938969421386715,1.280141613560831
P107,Lap 3,Turn 5,0.332,0.35197777,2.067141613560831,0.01997776556015013,1.7351416135608309
P107,Lap 4,Turn 5,0.162,0.09351095,2.067141613560831,0.0684890518784523,1.905141613560831
P107,Lap 5,Turn 5,0.18,0.16788748,2.067141613560831,0.012112520933151238,1.887141613560831
P107,Lap 6,Turn 5,0.207,0.1021584,2.067141613560831,0.10484160256385802,1.8601416135608309
P107,Lap 7,Turn 5,0.159,0.17130825,2.067141613560831,0.012308249235153196,1.908141613560831
P107,Lap 8,Turn 5,0.239,0.27147394,2.067141613560831,0.032473944187164316,1.828141613560831
P107,Lap 9,Turn 5,0.116,0.07058267,2.067141613560831,0.045417327046394354,1.9511416135608308
P107,Lap 10,Turn 5,0.058,0.049052916,2.067141613560831,0.008947083532810214,2.009141613560831
P107,Lap 11,Turn 5,0.715,0.8320762,2.067141613560831,0.11707619190216068,1.352141613560831
P105,Lap 2,Turn 5,0.598,0.6163003,2.067141613560831,0.018300284862518335,1.469141613560831
P105,Lap 3,Turn 5,0.727,0.7248465,2.067141613560831,0.0021535177230834757,1.340141613560831
P105,Lap 4,Turn 5,0.307,0.33999887,2.067141613560831,0.03299887108802796,1.760141613560831
P105,Lap 5,Turn 5,0.524,0.564072,2.067141613560831,0.04007201290130613,1.543141613560831
P105,Lap 6,Turn 5,0.75,0.7423579,2.067141613560831,0.007642090320587158,1.317141613560831
P105,Lap 7,Turn 5,0.381,0.3966433,2.067141613560831,0.015643310785293574,1.686141613560831
P105,Lap 8,Turn 5,0.256,0.2602335,2.067141613560831,0.004233491659164423,1.811141613560831
P105,Lap 9,Turn 5,0.066,0.11239529,2.067141613560831,0.04639528656005859,2.001141613560831
P105,Lap 10,Turn 5,0.273,0.21033236,2.067141613560831,0.06266763615608217,1.7941416135608308
P105,Lap 11,Turn 5,0.366,0.3610796,2.067141613560831,0.004920396566390983,1.7011416135608308
P105,Lap 12,Turn 5,0.143,0.105578795,2.067141613560831,0.03742120492458342,1.924141613560831
P104,Lap 2,Turn 5,1.36,1.2185755,2.067141613560831,0.14142452239990244,0.7071416135608308
P104,Lap 3,Turn 5,0.769,0.65516245,2.067141613560831,0.1138375463485718,1.2981416135608308
P104,Lap 4,Turn 5,0.57,0.5804247,2.067141613560831,0.010424726009368945,1.497141613560831
P104,Lap 5,Turn 5,0.477,0.5280689,2.067141613560831,0.05106890010833742,1.590141613560831
P104,Lap 6,Turn 5,0.935,0.8288524,2.067141613560831,0.10614758491516119,1.1321416135608309
P104,Lap 7,Turn 5,1.026,1.152863,2.067141613560831,0.12686302566528318,1.041141613560831
P104,Lap 8,Turn 5,0.359,0.392179,2.067141613560831,0.033179012298584,1.708141613560831
P104,Lap 9,Turn 5,0.267,0.33215514,2.067141613560831,0.06515513825416563,1.800141613560831
P104,Lap 10,Turn 5,0.532,0.5095693,2.067141613560831,0.022430712699890165,1.535141613560831
P104,Lap 11,Turn 5,0.25,0.27600288,2.067141613560831,0.026002883911132812,1.817141613560831
P103,Lap 2,Turn 5,0.55,0.63327897,2.067141613560831,0.08327896595001216,1.5171416135608309
P103,Lap 3,Turn 5,0.471,0.44623303,2.067141613560831,0.02476696586608884,1.5961416135608308
P103,Lap 4,Turn 5,0.519,0.5795633,2.067141613560831,0.060563319683074934,1.5481416135608308
P103,Lap 5,Turn 5,0.719,0.7958781,2.067141613560831,0.07687811231613162,1.348141613560831
P103,Lap 6,Turn 5,0.772,0.7453849,2.067141613560831,0.02661512804031374,1.295141613560831
P103,Lap 7,Turn 5,0.78,0.89222544,2.067141613560831,0.11222544431686399,1.287141613560831
P103,Lap 8,Turn 5,0.917,0.8617151,2.067141613560831,0.0552849216461182,1.1501416135608309
P103,Lap 9,Turn 5,1.088,1.0371978,2.067141613560831,0.0508021717071534,0.9791416135608308
P103,Lap 10,Turn 5,1.131,1.0065684,2.067141613560831,0.12443156814575196,0.9361416135608309
P103,Lap 11,Turn 5,0.91,0.8593721,2.067141613560831,0.050627920627594025,1.1571416135608308
P090,Lap 2,Turn 5,0.284,0.36811197,2.067141613560831,0.08411196804046633,1.783141613560831
P090,Lap 3,Turn 5,0.39,0.5417738,2.067141613560831,0.15177379608154296,1.6771416135608308
P090,Lap 4,Turn 5,0.45,0.5094639,2.067141613560831,0.05946390628814696,1.617141613560831
P090,Lap 5,Turn 5,0.419,0.5365964,2.067141613560831,0.117596417427063,1.6481416135608309
P090,Lap 6,Turn 5,0.325,0.45002362,2.067141613560831,0.12502362132072448,1.742141613560831
P090,Lap 7,Turn 5,0.204,0.33193177,2.067141613560831,0.1279317698478699,1.863141613560831
P090,Lap 8,Turn 5,0.406,0.4576068,2.067141613560831,0.051606792449951144,1.6611416135608308
P090,Lap 9,Turn 5,0.302,0.39437813,2.067141613560831,0.09237812566757203,1.7651416135608309
P090,Lap 10,Turn 5,0.412,0.4758733,2.067141613560831,0.06387329149246218,1.655141613560831
P089,Lap 2,Turn 5,5.394,3.1029382,2.067141613560831,2.291061824798584,3.326858386439169
P089,Lap 3,Turn 5,1.314,1.3022792,2.067141613560831,0.01172076606750494,0.7531416135608309
P089,Lap 4,Turn 5,1.293,1.1318568,2.067141613560831,0.16114320087432854,0.774141613560831
P089,Lap 5,Turn 5,1.231,1.1057683,2.067141613560831,0.12523167705535898,0.8361416135608308
P089,Lap 6,Turn 5,0.452,0.5148648,2.067141613560831,0.06286480236053466,1.615141613560831
P089,Lap 8,Turn 5,0.825,0.8177569,2.067141613560831,0.007243108749389604,1.242141613560831
P089,Lap 9,Turn 5,0.769,0.7955652,2.067141613560831,0.026565187931060774,1.2981416135608308
P089,Lap 10,Turn 5,1.202,1.11785,2.067141613560831,0.08415005397796627,0.865141613560831
P084,Lap 2,Turn 5,1.820192,3.387893,2.067141613560831,1.5677009615020752,0.2469496135608309
P084,Lap 4,Turn 5,0.52406,4.4524975,2.067141613560831,3.9284374822998047,1.543081613560831
P084,Lap 5,Turn 5,0.37252,3.3296418,2.067141613560831,2.957121819000244,1.694621613560831
P084,Lap 6,Turn 5,0.522054,3.8910701,2.067141613560831,3.369016127487183,1.545087613560831
P083,Lap 2,Turn 5,2.189444,3.7604656,2.067141613560831,1.5710216219482422,0.12230238643916902
P083,Lap 3,Turn 5,1.565786,3.9142566,2.067141613560831,2.3484705727233885,0.501355613560831
P083,Lap 5,Turn 5,0.772775,3.7364855,2.067141613560831,2.963710481262207,1.294366613560831
P083,Lap 6,Turn 5,1.483807,2.4516711,2.067141613560831,0.9678641235046386,0.5833346135608308
P067,Lap 1,Turn 5,5.176268,2.860872,2.067141613560831,2.3153959697418216,3.1091263864391694
P067,Lap 2,Turn 5,4.825057,4.2599454,2.067141613560831,0.5651116073913576,2.7579153864391692
P067,Lap 3,Turn 5,4.628733,3.8362768,2.067141613560831,0.7924562303619389,2.5615913864391695
P067,Lap 5,Turn 5,4.416337,3.2944796,2.067141613560831,1.1218573914642338,2.3491953864391695
P067,Lap 6,Turn 5,5.798655,2.089634,2.067141613560831,3.7090210583496095,3.731513386439169
P059,Lap 1,Turn 5,4.126788,4.109506,2.067141613560831,0.017281869781494485,2.0596463864391694
P059,Lap 2,Turn 5,4.089717,4.5205503,2.067141613560831,0.4308332510070798,2.0225753864391693
P059,Lap 3,Turn 5,4.353984,3.920824,2.067141613560831,0.4331599490966793,2.2868423864391687
P059,Lap 4,Turn 5,4.165302,4.3124657,2.067141613560831,0.14716366772460976,2.0981603864391687
P059,Lap 5,Turn 5,4.382721,3.3356948,2.067141613560831,1.0470262101135255,2.315579386439169
P059,Lap 6,Turn 5,4.354578,3.9206192,2.067141613560831,0.433958750656128,2.287436386439169
P049,Lap 2,Turn 5,4.029731,4.21566,2.067141613560831,0.1859290952148438,1.962589386439169
P049,Lap 3,Turn 5,4.094744,3.8909655,2.067141613560831,0.20377853826904335,2.0276023864391695
P049,Lap 4,Turn 5,4.264319,3.9019728,2.067141613560831,0.36234622930908245,2.1971773864391695
P049,Lap 5,Turn 5,4.033278,3.5910227,2.067141613560831,0.4422552701263429,1.9661363864391692
P049,Lap 6,Turn 5,4.100233,4.135582,2.067141613560831,0.03534897021484351,2.0330913864391693
P048,Lap 1,Turn 5,4.538259,4.5197268,2.067141613560831,0.01853224676513676,2.471117386439169
P048,Lap 2,Turn 5,4.206943,4.259607,2.067141613560831,0.05266383822631848,2.139801386439169
P048,Lap 3,Turn 5,4.286678,4.380788,2.067141613560831,0.09410984942626932,2.2195363864391693
P048,Lap 4,Turn 5,4.226518,4.1287823,2.067141613560831,0.09773572766113325,2.1593763864391695
P048,Lap 5,Turn 5,4.307319,4.1405363,2.067141613560831,0.16678269171142546,2.2401773864391687
P048,Lap 6,Turn 5,4.264116,3.7927954,2.067141613560831,0.4713205803070064,2.1969743864391686
P043,Lap 2,Turn 5,0.123296,3.9770002,2.067141613560831,3.8537042365112306,1.9438456135608309
P039,Lap 2,Turn 5,4.66091,4.399758,2.067141613560831,0.2611521379089359,2.5937683864391694
P039,Lap 3,Turn 5,4.609701,4.417614,2.067141613560831,0.1920870168457034,2.5425593864391693
P039,Lap 4,Turn 5,4.892393,3.7624192,2.067141613560831,1.1299737762145998,2.8252513864391693
P039,Lap 5,Turn 5,4.352394,3.3495862,2.067141613560831,1.0028077516021732,2.2852523864391694
P039,Lap 6,Turn 5,4.407155,4.267971,2.067141613560831,0.139183961181641,2.3400133864391695
P028,Lap 2,Turn 5,4.28401,3.1952202,2.067141613560831,1.0887897679901126,2.2168683864391694
P028,Lap 3,Turn 5,4.608865,3.2376075,2.067141613560831,1.3712575209045408,2.541723386439169
P028,Lap 4,Turn 5,4.33246,2.8684,2.067141613560831,1.4640599031066897,2.2653183864391693
P028,Lap 5,Turn 5,6.202866,3.9630446,2.067141613560831,2.2398213565979006,4.135724386439169
P028,Lap 6,Turn 5,4.526764,3.885466,2.067141613560831,0.6412979012145996,2.459622386439169
P020,Lap 2,Turn 5,0.276669,3.939846,2.067141613560831,3.6631770388183593,1.7904726135608309
P020,Lap 3,Turn 5,0.500458,3.244867,2.067141613560831,2.7444090864105224,1.5666836135608309
P020,Lap 4,Turn 5,-0.084026,3.6920414,2.067141613560831,3.7760673970947267,2.151167613560831
P020,Lap 5,Turn 5,0.496064,2.7044942,2.067141613560831,2.20843023789978,1.5710776135608309
P020,Lap 6,Turn 5,-0.045234,4.409781,2.067141613560831,4.455014979156494,2.112375613560831
P019,Lap 1,Turn 5,4.84383,4.82073,2.067141613560831,0.0230997906494137,2.7766883864391687
P019,Lap 2,Turn 5,4.70587,4.812162,2.067141613560831,0.10629192245483399,2.638728386439169
P019,Lap 3,Turn 5,4.20223,3.5837417,2.067141613560831,0.6184883351135255,2.135088386439169
P019,Lap 4,Turn 5,4.8977,4.402502,2.067141613560831,0.49519794006347695,2.8305583864391695
P019,Lap 5,Turn 5,4.661634,5.1999555,2.067141613560831,0.5383214634094236,2.5944923864391694
P019,Lap 6,Turn 5,4.576162,4.336132,2.067141613560831,0.2400299504394532,2.509020386439169
P012,Lap 1,Turn 5,4.241,4.173085,2.067141613560831,0.06791478729248013,2.1738583864391687
P012,Lap 2,Turn 5,4.563,3.8523142,2.067141613560831,0.7106857662200925,2.495858386439169
P012,Lap 3,Turn 5,4.197,4.0991545,2.067141613560831,0.09784552764892585,2.129858386439169
P012,Lap 4,Turn 5,4.054,3.8962326,2.067141613560831,0.15776739501953152,1.9868583864391693
P012,Lap 5,Turn 5,4.054,4.201657,2.067141613560831,0.1476568183898923,1.9868583864391693
P012,Lap 6,Turn 5,4.124,2.9944584,2.067141613560831,1.1295415630340573,2.0568583864391687
P011,Lap 1,Turn 5,4.367,3.6621006,2.067141613560831,0.7048994464874268,2.299858386439169
P011,Lap 2,Turn 5,4.37,4.0769234,2.067141613560831,0.293076629638672,2.302858386439169
P011,Lap 3,Turn 5,4.125,4.0735974,2.067141613560831,0.05140256881713867,2.057858386439169
P011,Lap 4,Turn 5,4.128,4.1254163,2.067141613560831,0.0025837211608887856,2.060858386439169
P011,Lap 5,Turn 5,4.154,4.1685987,2.067141613560831,0.014598651885986413,2.086858386439169
P011,Lap 6,Turn 5,4.149,4.0981092,2.067141613560831,0.05089075469970705,2.081858386439169
P005,Lap 2,Turn 5,0.551,4.6239514,2.067141613560831,4.072951435089111,1.5161416135608308
P005,Lap 3,Turn 5,0.688,4.089784,2.067141613560831,3.401784145355225,1.379141613560831
P005,Lap 4,Turn 5,1.236,4.8062263,2.067141613560831,3.5702262535095217,0.8311416135608309
P001,Lap 2,Turn 5,0.557,4.094345,2.067141613560831,3.5373450927734376,1.510141613560831
P001,Lap 3,Turn 5,0.547,4.5973945,2.067141613560831,4.050394466400147,1.5201416135608308
P001,Lap 4,Turn 5,0.432,4.1162567,2.067141613560831,3.6842567138671876,1.635141613560831
P001,Lap 5,Turn 5,0.617,4.17045,2.067141613560831,3.553450210571289,1.450141613560831
P001,Lap 6,Turn 5,0.461,4.4471297,2.067141613560831,3.9861297264099123,1.6061416135608308
P001,Lap 7,Turn 5,0.701,4.6081257,2.067141613560831,3.9071256866455077,1.3661416135608309
P001,Lap 8,Turn 5,0.603,4.894117,2.067141613560831,4.291116878509522,1.464141613560831
P134,Lap 2,Turn 6,-0.0805,0.38236293,3.4762196984296296,0.46286293196678163,3.5567196984296294
P134,Lap 3,Turn 6,0.1175,0.06640394,3.4762196984296296,0.05109605967998504,3.3587196984296295
P134,Lap 4,Turn 6,-0.0345,-0.008002281,3.4762196984296296,0.02649771881103516,3.5107196984296296
P134,Lap 5,Turn 6,0.0155,0.056453694,3.4762196984296296,0.04095369365811348,3.46071969842963
P134,Lap 6,Turn 6,-0.1345,-0.023564108,3.4762196984296296,0.11093589228391648,3.6107196984296297
P134,Lap 7,Turn 6,0.0245,-0.080224924,3.4762196984296296,0.10472492378950118,3.4517196984296294
P134,Lap 8,Turn 6,1.2155,3.5632558,3.4762196984296296,2.347755786895752,2.2607196984296296
P134,Lap 9,Turn 6,-0.0865,-0.0012559026,3.4762196984296296,0.08524409742187708,3.5627196984296297
P134,Lap 10,Turn 6,0.7255,0.70118755,3.4762196984296296,0.024312448978424106,2.75071969842963
P134,Lap 11,Turn 6,0.0745,0.08789533,3.4762196984296296,0.013395326316356662,3.4017196984296296
P129,Lap 2,Turn 6,0.4465,0.2981647,3.4762196984296296,0.1483353044986725,3.0297196984296297
P129,Lap 3,Turn 6,8.7103909,7.8740454,3.4762196984296296,0.8363455279907228,5.234171201570371
P129,Lap 4,Turn 6,3.9605,3.025028,3.4762196984296296,0.9354720096588136,0.4842803015703705
P129,Lap 5,Turn 6,0.9045,1.5617466,3.4762196984296296,0.6572465972900391,2.5717196984296296
P129,Lap 6,Turn 6,0.8215,1.0624655,3.4762196984296296,0.24096554851531982,2.6547196984296297
P129,Lap 7,Turn 6,6.2675,6.383511,3.4762196984296296,0.11601106643676751,2.7912803015703704
P129,Lap 8,Turn 6,1.0785,1.1959,3.4762196984296296,0.11739996337890624,2.3977196984296296
P129,Lap 9,Turn 6,0.5415,0.2988361,3.4762196984296296,0.24266388797760008,2.9347196984296295
P129,Lap 10,Turn 6,0.2025,0.18596327,3.4762196984296296,0.016536726951599134,3.2737196984296295
P123,Lap 2,Turn 6,-0.17551268,0.11888552,3.4762196984296296,0.2943981971203613,3.65173237842963
P123,Lap 3,Turn 6,0.1065,0.29306284,3.4762196984296296,0.18656283593177797,3.3697196984296296
P123,Lap 4,Turn 6,0.1625,0.1645301,3.4762196984296296,0.002030098438262934,3.3137196984296295
P123,Lap 5,Turn 6,0.0875,0.16929992,3.4762196984296296,0.08179991543293,3.3887196984296297
P123,Lap 6,Turn 6,0.0915,0.5221883,3.4762196984296296,0.43068830585479734,3.3847196984296297
P123,Lap 7,Turn 6,0.0165,0.12565671,3.4762196984296296,0.10915670907497406,3.4597196984296295
P123,Lap 8,Turn 6,-0.0035,0.09737784,3.4762196984296296,0.10087783670425415,3.4797196984296295
P123,Lap 9,Turn 6,0.1265,0.17164269,3.4762196984296296,0.045142690896987914,3.3497196984296296
P123,Lap 10,Turn 6,0.0055,0.09859035,3.4762196984296296,0.09309035164117813,3.4707196984296296
P123,Lap 11,Turn 6,-0.0335,0.10633324,3.4762196984296296,0.13983324086666107,3.5097196984296297
P123,Lap 12,Turn 6,-0.0265,0.12323933,3.4762196984296296,0.14973933094739914,3.5027196984296296
P120,Lap 2,Turn 6,0.1095,0.09364826,3.4762196984296296,0.015851737678050995,3.3667196984296295
P120,Lap 3,Turn 6,0.3185,0.19013512,3.4762196984296296,0.12836487865447999,3.15771969842963
P120,Lap 4,Turn 6,0.1495,0.15571961,3.4762196984296296,0.0062196080684661925,3.3267196984296294
P120,Lap 5,Turn 6,0.4225,0.3045937,3.4762196984296296,0.11790628790855406,3.0537196984296298
P120,Lap 6,Turn 6,0.1835,0.17446026,3.4762196984296296,0.009039737939834591,3.2927196984296296
P120,Lap 7,Turn 6,0.2125,0.22531639,3.4762196984296296,0.012816390395164495,3.2637196984296297
P120,Lap 8,Turn 6,0.2335,0.2625054,3.4762196984296296,0.029005412101745592,3.24271969842963
P120,Lap 9,Turn 6,0.0215,0.09453653,3.4762196984296296,0.07303652799129487,3.4547196984296296
P120,Lap 10,Turn 6,0.1505,0.1484874,3.4762196984296296,0.002012596011161799,3.3257196984296296
P120,Lap 11,Turn 6,0.1265,0.25572482,3.4762196984296296,0.12922481751441955,3.3497196984296296
P120,Lap 12,Turn 6,0.0955,0.13784994,3.4762196984296296,0.042349941849708556,3.3807196984296297
P113,Lap 2,Turn 6,-0.0935,0.0886082,3.4762196984296296,0.18210819786787033,3.5697196984296298
P113,Lap 3,Turn 6,-0.0615,0.06714065,3.4762196984296296,0.12864064627885818,3.5377196984296297
P113,Lap 4,Turn 6,-0.0055,0.044140574,3.4762196984296296,0.04964057359099388,3.4817196984296297
P113,Lap 5,Turn 6,0.0005,0.059056602,3.4762196984296296,0.0585566024184227,3.4757196984296295
P113,Lap 6,Turn 6,-0.0175,0.059056602,3.4762196984296296,0.0765566024184227,3.4937196984296297
P113,Lap 7,Turn 6,-0.0355,0.061164774,3.4762196984296296,0.09666477400064469,3.5117196984296295
P113,Lap 8,Turn 6,-0.0595,0.12594365,3.4762196984296296,0.1854436458349228,3.5357196984296295
P113,Lap 9,Turn 6,-0.0845,0.05925896,3.4762196984296296,0.14375896018743517,3.5607196984296294
P113,Lap 10,Turn 6,-0.0685,0.016347485,3.4762196984296296,0.08484748466312886,3.5447196984296294
P113,Lap 11,Turn 6,-0.0545,0.08104961,3.4762196984296296,0.1355496136546135,3.5307196984296296
P113,Lap 12,Turn 6,-0.17551268,-0.14520545,3.4762196984296296,0.030307226961784367,3.65173237842963
P107,Lap 2,Turn 6,0.5115,0.39550427,3.4762196984296296,0.11599573397636409,2.96471969842963
P107,Lap 3,Turn 6,-0.0095,0.0063565318,3.4762196984296296,0.015856531754136087,3.4857196984296297
P107,Lap 4,Turn 6,-0.1575,0.008774508,3.4762196984296296,0.1662745077908039,3.63371969842963
P107,Lap 5,Turn 6,1.6495,1.6116996,3.4762196984296296,0.03780041885375973,1.8267196984296297
P107,Lap 6,Turn 6,0.1175,0.0545533,3.4762196984296296,0.06294669985771179,3.3587196984296295
P107,Lap 7,Turn 6,0.0085,0.07520778,3.4762196984296296,0.06670777732133865,3.4677196984296295
P107,Lap 8,Turn 6,0.1825,0.10453526,3.4762196984296296,0.07796474069356918,3.2937196984296295
P107,Lap 9,Turn 6,0.1225,0.079381235,3.4762196984296296,0.04311876505613327,3.3537196984296296
P107,Lap 10,Turn 6,0.9735,1.1587712,3.4762196984296296,0.18527115726470944,2.5027196984296296
P107,Lap 11,Turn 6,0.1085,0.0446429,3.4762196984296296,0.06385710081458092,3.36771969842963
P105,Lap 2,Turn 6,0.4475,0.3302611,3.4762196984296296,0.11723888874053956,3.0287196984296294
P105,Lap 3,Turn 6,0.4645,0.31152892,3.4762196984296296,0.1529710788726807,3.0117196984296295
P105,Lap 4,Turn 6,0.6165,0.7379777,3.4762196984296296,0.12147768354415889,2.85971969842963
P105,Lap 5,Turn 6,1.0795,1.3227843,3.4762196984296296,0.24328430461883555,2.3967196984296297
P105,Lap 6,Turn 6,0.3805,0.2289941,3.4762196984296296,0.15150589871406556,3.0957196984296296
P105,Lap 7,Turn 6,0.3555,0.25162998,3.4762196984296296,0.10387002158164976,3.1207196984296295
P105,Lap 8,Turn 6,1.0265,1.1813567,3.4762196984296296,0.15485666847229007,2.4497196984296297
P105,Lap 9,Turn 6,0.1875,0.16577135,3.4762196984296296,0.021728649735450745,3.2887196984296296
P105,Lap 10,Turn 6,0.6035,0.5139958,3.4762196984296296,0.08950417375564579,2.8727196984296297
P105,Lap 11,Turn 6,0.4295,0.29776087,3.4762196984296296,0.13173912596702575,3.0467196984296296
P105,Lap 12,Turn 6,0.5355,0.32885012,3.4762196984296296,0.20664987969398496,2.9407196984296298
P104,Lap 2,Turn 6,0.7145,0.94715285,3.4762196984296296,0.23265285301208494,2.7617196984296295
P104,Lap 3,Turn 6,0.7605,1.0081389,3.4762196984296296,0.24763889503479009,2.7157196984296297
P104,Lap 4,Turn 6,0.6565,0.8392102,3.4762196984296296,0.1827102122306824,2.8197196984296298
P104,Lap 5,Turn 6,0.1095,0.053682193,3.4762196984296296,0.05581780683994293,3.3667196984296295
P104,Lap 6,Turn 6,0.7385,0.9551381,3.4762196984296296,0.216638087272644,2.7377196984296295
P104,Lap 7,Turn 6,0.6555,0.87042946,3.4762196984296296,0.2149294562339783,2.8207196984296297
P104,Lap 8,Turn 6,0.5035,0.2909989,3.4762196984296296,0.21250109410285944,2.97271969842963
P104,Lap 9,Turn 6,-0.0195,0.7841154,3.4762196984296296,0.8036153740882873,3.4957196984296295
P104,Lap 10,Turn 6,0.0295,-0.1071739,3.4762196984296296,0.13667389732599258,3.4467196984296296
P104,Lap 11,Turn 6,0.5185,0.29168317,3.4762196984296296,0.22681683278083797,2.9577196984296297
P103,Lap 2,Turn 6,0.2505,0.5354689,3.4762196984296296,0.2849688763618469,3.2257196984296295
P103,Lap 3,Turn 6,-0.0355,0.08588603,3.4762196984296296,0.12138603138923645,3.5117196984296295
P103,Lap 4,Turn 6,0.4335,0.5827473,3.4762196984296296,0.14924728059768677,3.0427196984296296
P103,Lap 5,Turn 6,0.9585,1.1202695,3.4762196984296296,0.16176953697204588,2.5177196984296297
P103,Lap 6,Turn 6,0.0455,0.0021709239,3.4762196984296296,0.04332907613553107,3.4307196984296295
P103,Lap 7,Turn 6,0.3865,0.3303992,3.4762196984296296,0.05610081458091737,3.08971969842963
P103,Lap 8,Turn 6,0.2295,0.16931881,3.4762196984296296,0.06018118989467622,3.24671969842963
P103,Lap 9,Turn 6,0.0835,0.15714149,3.4762196984296296,0.07364149177074432,3.3927196984296297
P103,Lap 10,Turn 6,0.2255,0.1669232,3.4762196984296296,0.05857680487632752,3.25071969842963
P103,Lap 11,Turn 6,0.4355,0.51270187,3.4762196984296296,0.0772018690109253,3.04071969842963
P090,Lap 2,Turn 6,-0.0635,0.0035297668,3.4762196984296296,0.06702976680733264,3.5397196984296295
P090,Lap 3,Turn 6,0.0345,0.051533945,3.4762196984296296,0.017033944904804227,3.4417196984296297
P090,Lap 4,Turn 6,0.0535,0.005091295,3.4762196984296296,0.04840870488807559,3.4227196984296295
P090,Lap 5,Turn 6,0.3615,0.26299343,3.4762196984296296,0.09850657486915587,3.1147196984296297
P090,Lap 6,Turn 6,0.3625,0.2537192,3.4762196984296296,0.10878078937530516,3.11371969842963
P090,Lap 7,Turn 6,7.4355,5.3574896,3.4762196984296296,2.0780104141235354,3.9592803015703706
P090,Lap 8,Turn 6,0.1215,0.16568412,3.4762196984296296,0.044184118866920474,3.3547196984296295
P090,Lap 9,Turn 6,0.0065,0.20556472,3.4762196984296296,0.1990647224187851,3.4697196984296297
P090,Lap 10,Turn 6,0.0005,0.009440152,3.4762196984296296,0.00894015197455883,3.4757196984296295
P089,Lap 2,Turn 6,0.1905,0.11837509,3.4762196984296296,0.07212490725517273,3.2857196984296295
P089,Lap 3,Turn 6,2.4765,3.6851344,3.4762196984296296,1.2086344108581542,0.9997196984296295
P089,Lap 4,Turn 6,0.1075,0.30247676,3.4762196984296296,0.19497676372528078,3.3687196984296297
P089,Lap 5,Turn 6,0.9715,1.2088953,3.4762196984296296,0.23739532566070554,2.5047196984296294
P089,Lap 6,Turn 6,0.6525,0.72875243,3.4762196984296296,0.07625243425369266,2.8237196984296298
P089,Lap 8,Turn 6,0.0565,0.052210845,3.4762196984296296,0.004289154946804048,3.4197196984296294
P089,Lap 9,Turn 6,0.1655,-0.00056624715,3.4762196984296296,0.1660662471521646,3.3107196984296294
P089,Lap 10,Turn 6,0.4595,0.256194,3.4762196984296296,0.20330600452423098,3.01671969842963
P084,Lap 2,Turn 6,0.387188,7.4280376,3.4762196984296296,7.040849643432617,3.0890316984296295
P084,Lap 3,Turn 6,-0.17551268,5.673256,3.4762196984296296,5.848768600410156,3.65173237842963
P084,Lap 4,Turn 6,7.970775,6.9382415,3.4762196984296296,1.0325335182189939,4.4945553015703705
P084,Lap 5,Turn 6,1.389406,4.5663233,3.4762196984296296,3.1769172803344725,2.08681369842963
P084,Lap 6,Turn 6,0.116421,8.251986,3.4762196984296296,8.135564549926757,3.3597986984296297
P083,Lap 2,Turn 6,1.035478,8.032344,3.4762196984296296,6.9968658644409185,2.4407416984296297
P083,Lap 3,Turn 6,0.667236,7.08666,3.4762196984296296,6.419423908294678,2.8089836984296297
P083,Lap 5,Turn 6,0.121082,2.7189324,3.4762196984296296,2.597850390213013,3.3551376984296297
P083,Lap 6,Turn 6,0.345797,7.757087,3.4762196984296296,7.411290230682373,3.1304226984296295
P067,Lap 1,Turn 6,8.7103909,3.791386,3.4762196984296296,4.919005010946655,5.234171201570371
P067,Lap 2,Turn 6,8.7103909,6.605973,3.4762196984296296,2.1044181331237795,5.234171201570371
P067,Lap 3,Turn 6,7.646081,6.954109,3.4762196984296296,0.6919718081054684,4.16986130157037
P067,Lap 5,Turn 6,8.7103909,7.7261777,3.4762196984296296,0.9842132075866701,5.234171201570371
P067,Lap 6,Turn 6,8.7083,4.977325,3.4762196984296296,3.7309750373840327,5.23208030157037
P059,Lap 1,Turn 6,7.217362,7.3785996,3.4762196984296296,0.16123764370727578,3.74114230157037
P059,Lap 2,Turn 6,8.7103909,7.628626,3.4762196984296296,1.0817650302490236,5.234171201570371
P059,Lap 3,Turn 6,7.152042,7.6105995,3.4762196984296296,0.45855751782226584,3.67582230157037
P059,Lap 4,Turn 6,7.593878,6.838194,3.4762196984296296,0.7556841065673829,4.117658301570371
P059,Lap 5,Turn 6,7.133011,7.434071,3.4762196984296296,0.30106006399536156,3.65679130157037
P059,Lap 6,Turn 6,7.128336,7.2391915,3.4762196984296296,0.11085553213500976,3.6521163015703704
P049,Lap 1,Turn 6,7.278386,8.094774,3.4762196984296296,0.8163882462158201,3.8021663015703706
P049,Lap 2,Turn 6,7.589393,8.265103,3.4762196984296296,0.6757103401489255,4.11317330157037
P049,Lap 3,Turn 6,7.054171,8.277753,3.4762196984296296,1.223581876281738,3.5779513015703706
P049,Lap 4,Turn 6,7.083392,5.591936,3.4762196984296296,1.4914558885498046,3.6071723015703703
P049,Lap 5,Turn 6,7.436319,7.859302,3.4762196984296296,0.4229830439147948,3.9600993015703705
P049,Lap 6,Turn 6,7.432383,7.518505,3.4762196984296296,0.08612209643554714,3.95616330157037
P048,Lap 1,Turn 6,8.223145,6.5342402,3.4762196984296296,1.6889047541809088,4.746925301570371
P048,Lap 2,Turn 6,7.454858,3.8189538,3.4762196984296296,3.6359042474822996,3.97863830157037
P048,Lap 3,Turn 6,7.906159,8.044154,3.4762196984296296,0.13799516717529325,4.42993930157037
P048,Lap 4,Turn 6,7.839798,7.9252534,3.4762196984296296,0.0854553912658691,4.363578301570371
P048,Lap 5,Turn 6,7.482775,8.148815,3.4762196984296296,0.6660401550292967,4.006555301570371
P048,Lap 6,Turn 6,7.314042,7.434471,3.4762196984296296,0.12042913037109404,3.83782230157037
P043,Lap 2,Turn 6,0.336856,7.533425,3.4762196984296296,7.196568854278564,3.1393636984296296
P039,Lap 2,Turn 6,8.7103909,8.420075,3.4762196984296296,0.29031548343505875,5.234171201570371
P039,Lap 3,Turn 6,8.7103909,8.129704,3.4762196984296296,0.5806864245971681,5.234171201570371
P039,Lap 4,Turn 6,7.463491,7.3791885,3.4762196984296296,0.08430246240234407,3.9872713015703707
P039,Lap 5,Turn 6,8.122772,6.4592304,3.4762196984296296,1.6635415770263666,4.64655230157037
P039,Lap 6,Turn 6,7.095894,6.5914793,3.4762196984296296,0.5044146985473636,3.6196743015703707
P028,Lap 1,Turn 6,8.7103909,5.3319435,3.4762196984296296,3.3784473880371095,5.234171201570371
P028,Lap 2,Turn 6,8.7103909,7.9407387,3.4762196984296296,0.7696522220214845,5.234171201570371
P028,Lap 3,Turn 6,7.446299,6.768633,3.4762196984296296,0.6776661112060545,3.97007930157037
P028,Lap 4,Turn 6,8.7103909,7.82731,3.4762196984296296,0.8830808147033693,5.234171201570371
P028,Lap 5,Turn 6,7.88217,6.0787945,3.4762196984296296,1.8033755206298832,4.405950301570371
P028,Lap 6,Turn 6,7.521148,8.086923,3.4762196984296296,0.5657746455688475,4.044928301570371
P020,Lap 2,Turn 6,8.7103909,6.7034144,3.4762196984296296,2.006976459844971,5.234171201570371
P020,Lap 3,Turn 6,0.050071,6.4171534,3.4762196984296296,6.367082358459473,3.4261486984296297
P020,Lap 4,Turn 6,0.59149,7.5434885,3.4762196984296296,6.951998502502441,2.88472969842963
P020,Lap 5,Turn 6,0.150087,4.9258842,3.4762196984296296,4.775797246826172,3.3261326984296296
P020,Lap 6,Turn 6,-0.17417,3.2386522,3.4762196984296296,3.412822229309082,3.65038969842963
P019,Lap 1,Turn 6,8.093802,6.5817547,3.4762196984296296,1.512047315551758,4.617582301570371
P019,Lap 2,Turn 6,8.07376,7.471227,3.4762196984296296,0.6025328309631348,4.597540301570371
P019,Lap 3,Turn 6,8.196824,7.708316,3.4762196984296296,0.4885081506958002,4.72060430157037
P019,Lap 4,Turn 6,6.914588,7.589856,3.4762196984296296,0.6752681477661131,3.4383683015703705
P019,Lap 5,Turn 6,8.301194,8.015141,3.4762196984296296,0.286053466552735,4.824974301570371
P019,Lap 6,Turn 6,7.954951,6.268667,3.4762196984296296,1.6862837789306644,4.47873130157037
P012,Lap 1,Turn 6,7.1215,7.0509925,3.4762196984296296,0.07050751113891618,3.6452803015703705
P012,Lap 2,Turn 6,7.0155,8.089343,3.4762196984296296,1.0738430709838864,3.5392803015703707
P012,Lap 3,Turn 6,8.0225,7.8043776,3.4762196984296296,0.21812244415283288,4.546280301570372
P012,Lap 4,Turn 6,7.0485,8.298179,3.4762196984296296,1.2496786727905276,3.57228030157037
P012,Lap 5,Turn 6,8.0965,7.461853,3.4762196984296296,0.6346469726562507,4.6202803015703715
P012,Lap 6,Turn 6,7.0385,7.5843735,3.4762196984296296,0.5458734741210938,3.5622803015703703
P011,Lap 1,Turn 6,7.1045,7.6259017,3.4762196984296296,0.5214016990661623,3.62828030157037
P011,Lap 2,Turn 6,6.7895,6.3852215,3.4762196984296296,0.4042785186767581,3.3132803015703707
P011,Lap 3,Turn 6,7.1165,7.677739,3.4762196984296296,0.5612391433715818,3.6402803015703706
P011,Lap 4,Turn 6,8.0825,6.1639824,3.4762196984296296,1.9185176086425777,4.60628030157037
P011,Lap 5,Turn 6,7.2365,7.742252,3.4762196984296296,0.505751873016357,3.7602803015703707
P011,Lap 6,Turn 6,7.2665,8.6656065,3.4762196984296296,1.399106498718262,3.79028030157037
P005,Lap 2,Turn 6,8.7103909,6.697941,3.4762196984296296,2.0124500735839845,5.234171201570371
P005,Lap 3,Turn 6,0.2735,6.585801,3.4762196984296296,6.312301124572754,3.20271969842963
P005,Lap 4,Turn 6,0.1135,6.0217667,3.4762196984296296,5.908266662597656,3.3627196984296295
P001,Lap 2,Turn 6,0.1925,7.307176,3.4762196984296296,7.114676113128662,3.2837196984296297
P001,Lap 3,Turn 6,0.4245,7.205463,3.4762196984296296,6.78096293258667,3.0517196984296295
P001,Lap 4,Turn 6,0.3295,7.0406446,3.4762196984296296,6.711144645690918,3.1467196984296297
P001,Lap 5,Turn 6,0.1145,8.631498,3.4762196984296296,8.516998336791993,3.3617196984296296
P001,Lap 6,Turn 6,0.6025,7.2520685,3.4762196984296296,6.649568519592285,2.8737196984296296
P001,Lap 7,Turn 6,0.2015,8.012717,3.4762196984296296,7.811217247009277,3.27471969842963
P001,Lap 8,Turn 6,0.5285,7.0444946,3.4762196984296296,6.51599462890625,2.94771969842963
P134,Lap 2,Turn 7,0.528,0.26785153,0.5465680733004926,0.2601484684944153,0.018568073300492594
P134,Lap 3,Turn 7,0.696,0.38577506,0.5465680733004926,0.3102249405384063,0.14943192669950733
P134,Lap 4,Turn 7,0.241,0.2508783,0.5465680733004926,0.009878304243087777,0.3055680733004926
P134,Lap 5,Turn 7,0.346,0.27453813,0.5465680733004926,0.0714618704319,0.20056807330049264
P134,Lap 6,Turn 7,0.318,0.26157358,0.5465680733004926,0.05642641711235047,0.2285680733004926
P134,Lap 7,Turn 7,0.3,0.28378168,0.5465680733004926,0.01621832251548766,0.24656807330049263
P134,Lap 9,Turn 7,-0.099,0.020936297,0.5465680733004926,0.11993629725277424,0.6455680733004926
P134,Lap 10,Turn 7,0.897,0.92118764,0.5465680733004926,0.024187639236450176,0.3504319266995074
P134,Lap 11,Turn 7,0.393,0.28933215,0.5465680733004926,0.10366784858703615,0.1535680733004926
P129,Lap 2,Turn 7,1.509,1.3141202,0.5465680733004926,0.19487982654571523,0.9624319266995073
P129,Lap 3,Turn 7,2.025,1.8078883,0.5465680733004926,0.21711173057556143,1.4784319266995074
P129,Lap 5,Turn 7,0.554,0.8689902,0.5465680733004926,0.31499018287658687,0.00743192669950743
P129,Lap 6,Turn 7,0.691,0.91329086,0.5465680733004926,0.22229085826873785,0.14443192669950733
P129,Lap 8,Turn 7,0.757,0.8180969,0.5465680733004926,0.061096876144409173,0.2104319266995074
P129,Lap 9,Turn 7,0.466,0.6791213,0.5465680733004926,0.21312131547927854,0.0805680733004926
P129,Lap 10,Turn 7,0.785,0.8632412,0.5465680733004926,0.0782411956787109,0.2384319266995074
P123,Lap 2,Turn 7,-0.17551268,0.0055285566,0.5465680733004926,0.18104123664864183,0.7220807533004926
P123,Lap 3,Turn 7,-0.037,0.03985645,0.5465680733004926,0.0768564487695694,0.5835680733004927
P123,Lap 4,Turn 7,0.035,0.0340952,0.5465680733004926,0.0009047983586788211,0.5115680733004926
P123,Lap 5,Turn 7,-0.089,0.011587916,0.5465680733004926,0.10058791594207286,0.6355680733004926
P123,Lap 6,Turn 7,0.073,0.14792189,0.5465680733004926,0.07492189002037049,0.4735680733004926
P123,Lap 7,Turn 7,-0.05,0.09880014,0.5465680733004926,0.1488001376390457,0.5965680733004927
P123,Lap 8,Turn 7,0.079,0.14922024,0.5465680733004926,0.07022024309635162,0.4675680733004926
P123,Lap 9,Turn 7,0.006,0.10208499,0.5465680733004926,0.09608498686552047,0.5405680733004926
P123,Lap 10,Turn 7,-0.056,0.039477777,0.5465680733004926,0.09547777673602104,0.6025680733004927
P123,Lap 11,Turn 7,-0.015,0.09043755,0.5465680733004926,0.10543754637241363,0.5615680733004926
P123,Lap 12,Turn 7,-0.118,0.0071077803,0.5465680733004926,0.12510778031498193,0.6645680733004926
P120,Lap 2,Turn 7,0.649,0.41299185,0.5465680733004926,0.23600814843177798,0.1024319266995074
P120,Lap 3,Turn 7,0.365,0.34314737,0.5465680733004926,0.021852632761001578,0.18156807330049263
P120,Lap 4,Turn 7,0.264,0.2161724,0.5465680733004926,0.04782760286331178,0.2825680733004926
P120,Lap 6,Turn 7,0.497,0.3059749,0.5465680733004926,0.19102509927749634,0.04956807330049262
P120,Lap 7,Turn 7,0.094,0.15101105,0.5465680733004926,0.05701104974746704,0.45256807330049265
P120,Lap 8,Turn 7,0.101,0.1695729,0.5465680733004926,0.06857290470600128,0.44556807330049264
P120,Lap 9,Turn 7,0.136,0.15342142,0.5465680733004926,0.017421416878700247,0.4105680733004926
P120,Lap 10,Turn 7,-0.012,0.02880246,0.5465680733004926,0.04080246005952358,0.5585680733004926
P120,Lap 11,Turn 7,-0.032,0.04061395,0.5465680733004926,0.07261394929885864,0.5785680733004926
P120,Lap 12,Turn 7,0.159,0.14216778,0.5465680733004926,0.01683222317695618,0.3875680733004926
P113,Lap 2,Turn 7,-0.114,0.019083602,0.5465680733004926,0.13308360235393046,0.6605680733004926
P113,Lap 3,Turn 7,-0.126,0.00580966,0.5465680733004926,0.13180966006964445,0.6725680733004926
P113,Lap 4,Turn 7,-0.056,0.02411559,0.5465680733004926,0.08011559037864208,0.6025680733004927
P113,Lap 5,Turn 7,-0.065,0.015754838,0.5465680733004926,0.0807548375427723,0.6115680733004927
P113,Lap 6,Turn 7,-0.099,0.0071077803,0.5465680733004926,0.10610778031498194,0.6455680733004926
P113,Lap 7,Turn 7,-0.059,0.013922624,0.5465680733004926,0.07292262428998947,0.6055680733004927
P113,Lap 8,Turn 7,-0.133,0.00735283,0.5465680733004926,0.14035282991081477,0.6795680733004926
P113,Lap 9,Turn 7,-0.095,0.0071077803,0.5465680733004926,0.10210778031498194,0.6415680733004926
P113,Lap 10,Turn 7,0.056,0.040330045,0.5465680733004926,0.01566995507478714,0.4905680733004926
P113,Lap 11,Turn 7,0.199,0.19842535,0.5465680733004926,0.0005746474266052348,0.3475680733004926
P113,Lap 12,Turn 7,-0.17551268,-0.026201926,0.5465680733004926,0.14931075382822037,0.7220807533004926
P107,Lap 2,Turn 7,1.542,1.3080015,0.5465680733004926,0.23399848175048832,0.9954319266995074
P107,Lap 3,Turn 7,0.204,0.229909,0.5465680733004926,0.02590900278091432,0.34256807330049266
P107,Lap 4,Turn 7,1.987,1.1061798,0.5465680733004926,0.8808201665878297,1.4404319266995076
P107,Lap 5,Turn 7,1.815,1.3254175,0.5465680733004926,0.4895824813842773,1.2684319266995074
P107,Lap 6,Turn 7,0.281,0.32546553,0.5465680733004926,0.044465530157089206,0.2655680733004926
P107,Lap 7,Turn 7,0.282,0.2439298,0.5465680733004926,0.03807019662857053,0.26456807330049265
P107,Lap 8,Turn 7,0.206,0.24851681,0.5465680733004926,0.042516812920570385,0.34056807330049266
P107,Lap 9,Turn 7,0.262,0.24126148,0.5465680733004926,0.02073851776123048,0.2845680733004926
P107,Lap 10,Turn 7,1.337,1.1145014,0.5465680733004926,0.22249864292144772,0.7904319266995073
P107,Lap 11,Turn 7,0.448,0.3234939,0.5465680733004926,0.12450610208511353,0.09856807330049261
P105,Lap 2,Turn 7,0.131,0.22108977,0.5465680733004926,0.09008976542949676,0.4155680733004926
P105,Lap 3,Turn 7,0.259,0.2774708,0.5465680733004926,0.018470797300338737,0.2875680733004926
P105,Lap 4,Turn 7,0.182,0.24428903,0.5465680733004926,0.062289025664329534,0.3645680733004926
P105,Lap 5,Turn 7,0.257,0.33317104,0.5465680733004926,0.0761710398197174,0.2895680733004926
P105,Lap 6,Turn 7,0.228,0.29846004,0.5465680733004926,0.07046003651618957,0.31856807330049264
P105,Lap 7,Turn 7,0.253,0.25154075,0.5465680733004926,0.0014592497348785427,0.2935680733004926
P105,Lap 9,Turn 7,0.024,0.07952538,0.5465680733004926,0.055525381326675415,0.5225680733004926
P105,Lap 10,Turn 7,0.298,0.25070494,0.5465680733004926,0.04729505586624144,0.24856807330049263
P105,Lap 11,Turn 7,0.186,0.24616176,0.5465680733004926,0.06016175889968872,0.3605680733004926
P105,Lap 12,Turn 7,0.23,0.23740406,0.5465680733004926,0.00740406334400176,0.31656807330049264
P104,Lap 3,Turn 7,0.46,0.40232763,0.5465680733004926,0.05767237305641176,0.0865680733004926
P104,Lap 4,Turn 7,0.915,0.9163209,0.5465680733004926,0.0013209199905395153,0.3684319266995074
P104,Lap 5,Turn 7,0.732,0.500368,0.5465680733004926,0.23163200092315672,0.18543192669950737
P104,Lap 6,Turn 7,0.317,0.3453394,0.5465680733004926,0.028339387655258175,0.22956807330049261
P104,Lap 7,Turn 7,0.853,0.8746037,0.5465680733004926,0.021603688716888447,0.30643192669950736
P104,Lap 8,Turn 7,0.218,0.20628685,0.5465680733004926,0.011713152408599853,0.32856807330049265
P104,Lap 11,Turn 7,0.34,0.4809147,0.5465680733004926,0.14091471195220945,0.2065680733004926
P103,Lap 2,Turn 7,1.595,1.3199415,0.5465680733004926,0.275058479309082,1.0484319266995072
P103,Lap 3,Turn 7,0.419,0.44396564,0.5465680733004926,0.024965643644332902,0.12756807330049263
P103,Lap 4,Turn 7,0.85,0.86439455,0.5465680733004926,0.014394545555114768,0.30343192669950736
P103,Lap 5,Turn 7,0.707,0.7613061,0.5465680733004926,0.05430610704422001,0.16043192669950734
P103,Lap 6,Turn 7,0.277,0.18019444,0.5465680733004926,0.09680556249618533,0.2695680733004926
P103,Lap 7,Turn 7,0.777,1.202497,0.5465680733004926,0.42549700546264646,0.2304319266995074
P103,Lap 8,Turn 7,0.139,0.25324598,0.5465680733004926,0.1142459795475006,0.4075680733004926
P103,Lap 9,Turn 7,0.039,0.049386654,0.5465680733004926,0.010386654049158096,0.5075680733004926
P103,Lap 10,Turn 7,0.052,0.17382061,0.5465680733004926,0.12182061481475831,0.4945680733004926
P103,Lap 11,Turn 7,0.66,1.215948,0.5465680733004926,0.5559479856491089,0.11343192669950741
P090,Lap 2,Turn 7,-0.07,0.10859721,0.5465680733004926,0.17859721153974534,0.6165680733004926
P090,Lap 3,Turn 7,1.078,0.9650301,0.5465680733004926,0.1129699258804322,0.5314319266995075
P090,Lap 4,Turn 7,-0.002,0.055927992,0.5465680733004926,0.05792799186706543,0.5485680733004926
P090,Lap 5,Turn 7,0.029,0.09469458,0.5465680733004926,0.06569457715749741,0.5175680733004926
P090,Lap 6,Turn 7,0.191,0.1585458,0.5465680733004926,0.03245419299602509,0.3555680733004926
P090,Lap 7,Turn 7,1.467,1.1498679,0.5465680733004926,0.31713210773468026,0.9204319266995075
P090,Lap 8,Turn 7,-0.072,0.023925057,0.5465680733004926,0.09592505668103694,0.6185680733004926
P090,Lap 9,Turn 7,-0.03,0.024380388,0.5465680733004926,0.05438038773834705,0.5765680733004926
P090,Lap 10,Turn 7,-0.023,0.04975701,0.5465680733004926,0.07275701123476028,0.5695680733004926
P089,Lap 4,Turn 7,0.483,0.4264213,0.5465680733004926,0.05657868552207945,0.06356807330049263
P089,Lap 5,Turn 7,0.279,0.29377595,0.5465680733004926,0.014775945901870702,0.2675680733004926
P089,Lap 6,Turn 7,0.35,0.33757862,0.5465680733004926,0.01242137551307676,0.19656807330049264
P089,Lap 8,Turn 7,-0.071,0.013237082,0.5465680733004926,0.08423708239942788,0.6175680733004926
P089,Lap 9,Turn 7,0.145,0.1372207,0.5465680733004926,0.007779304385185232,0.4015680733004926
P089,Lap 10,Turn 7,0.214,0.32984275,0.5465680733004926,0.11584274625778199,0.33256807330049265
P084,Lap 2,Turn 7,0.924364,0.87458277,0.5465680733004926,0.0497812325134277,0.37779592669950735
P084,Lap 3,Turn 7,1.025991,0.6619737,0.5465680733004926,0.3640172851715089,0.4794229266995075
P084,Lap 4,Turn 7,1.579632,1.6704348,0.5465680733004926,0.09080283257293709,1.0330639266995072
P084,Lap 6,Turn 7,0.845217,0.81122476,0.5465680733004926,0.03399224137496948,0.2986489266995074
P083,Lap 2,Turn 7,0.877894,0.3025956,0.5465680733004926,0.5752984144153594,0.33132592669950733
P083,Lap 3,Turn 7,1.388221,0.92630494,0.5465680733004926,0.46191606359100335,0.8416529266995073
P083,Lap 6,Turn 7,0.997515,1.3921112,0.5465680733004926,0.39459618221282955,0.4509469266995074
P067,Lap 1,Turn 7,-0.17551268,2.0283911,0.5465680733004926,2.2039038028179934,0.7220807533004926
P067,Lap 2,Turn 7,1.644522,1.6642175,0.5465680733004926,0.019695472076415976,1.0979539266995073
P067,Lap 3,Turn 7,0.904408,1.1804657,0.5465680733004926,0.2760576982421875,0.35783992669950737
P067,Lap 5,Turn 7,0.87506,0.78613293,0.5465680733004926,0.0889270682907104,0.32849192669950733
P067,Lap 6,Turn 7,0.4306,0.69505924,0.5465680733004926,0.2644592398643494,0.11596807330049264
P059,Lap 1,Turn 7,0.84333,0.6453125,0.5465680733004926,0.19801751192092898,0.2967619266995074
P059,Lap 2,Turn 7,0.897293,1.225805,0.5465680733004926,0.32851204417419433,0.3507249266995074
P059,Lap 3,Turn 7,0.464587,0.7313286,0.5465680733004926,0.26674160660552976,0.08198107330049259
P059,Lap 4,Turn 7,0.76693,0.73345983,0.5465680733004926,0.03347016971588135,0.22036192669950738
P059,Lap 5,Turn 7,0.704122,0.75118107,0.5465680733004926,0.04705906603622434,0.1575539266995074
P059,Lap 6,Turn 7,0.971415,1.1099083,0.5465680733004926,0.13849334236145017,0.4248469266995074
P049,Lap 1,Turn 7,0.375926,0.2761204,0.5465680733004926,0.09980560553169249,0.17064207330049264
P049,Lap 2,Turn 7,0.448413,0.9218735,0.5465680733004926,0.4734605098838806,0.09815507330049261
P049,Lap 3,Turn 7,0.586602,0.825913,0.5465680733004926,0.23931101202774052,0.04003392669950734
P049,Lap 4,Turn 7,1.317636,2.4528375,0.5465680733004926,1.1352014671936035,0.7710679266995074
P049,Lap 5,Turn 7,0.484432,0.70828414,0.5465680733004926,0.22385213963317874,0.062136073300492645
P049,Lap 6,Turn 7,0.403789,0.6869568,0.5465680733004926,0.28316782287216186,0.1427790733004926
P048,Lap 2,Turn 7,1.058641,1.2522764,0.5465680733004926,0.19363542059326178,0.5120729266995073
P048,Lap 3,Turn 7,0.526747,0.77893,0.5465680733004926,0.2521830084114075,0.019821073300492653
P048,Lap 4,Turn 7,0.332635,1.869619,0.5465680733004926,1.5369840118789673,0.2139330733004926
P048,Lap 5,Turn 7,0.644312,0.7549433,0.5465680733004926,0.11063131121444703,0.09774392669950738
P048,Lap 6,Turn 7,0.722188,0.8581181,0.5465680733004926,0.13593011685562129,0.17561992669950743
P043,Lap 2,Turn 7,0.108319,0.71939975,0.5465680733004926,0.6110807502326965,0.4382490733004926
P039,Lap 4,Turn 7,1.906349,1.7871336,0.5465680733004926,0.11921542551422126,1.3597809266995076
P039,Lap 5,Turn 7,1.687716,0.81720996,0.5465680733004926,0.8705060409698486,1.1411479266995075
P039,Lap 6,Turn 7,1.639041,1.0518844,0.5465680733004926,0.587156587234497,1.0924729266995072
P028,Lap 1,Turn 7,0.220072,0.87209237,0.5465680733004926,0.6520203662185668,0.32649607330049263
P028,Lap 2,Turn 7,0.490714,0.48942396,0.5465680733004926,0.0012900395526885822,0.055854073300492635
P028,Lap 3,Turn 7,0.697236,0.7191662,0.5465680733004926,0.021930219234466586,0.15066792669950735
P028,Lap 4,Turn 7,0.622512,0.6188396,0.5465680733004926,0.003672378456115677,0.07594392669950734
P028,Lap 5,Turn 7,0.686527,0.8259272,0.5465680733004926,0.13940019793319702,0.13995892669950738
P028,Lap 6,Turn 7,0.713869,0.74234366,0.5465680733004926,0.028474664169311548,0.16730092669950736
P020,Lap 3,Turn 7,2.09019,0.21053039,0.5465680733004926,1.8796596146249773,1.5436219266995077
P020,Lap 4,Turn 7,0.863534,1.5364655,0.5465680733004926,0.6729315256271362,0.3169659266995074
P020,Lap 5,Turn 7,1.33684,1.1741942,0.5465680733004926,0.16264578327178958,0.7902719266995074
P020,Lap 6,Turn 7,1.855326,0.19170967,0.5465680733004926,1.663616332555771,1.3087579266995073
P019,Lap 1,Turn 7,1.166923,1.1231784,0.5465680733004926,0.04374463715362542,0.6203549266995073
P019,Lap 2,Turn 7,1.21556,0.8022734,0.5465680733004926,0.41328660732269284,0.6689919266995074
P019,Lap 3,Turn 7,0.821224,0.8011783,0.5465680733004926,0.020045723461151077,0.27465592669950734
P019,Lap 5,Turn 7,0.847316,0.8002982,0.5465680733004926,0.047017786041259724,0.30074792669950734
P019,Lap 6,Turn 7,0.699813,0.701718,0.5465680733004926,0.0019049727554321105,0.1532449266995074
P012,Lap 1,Turn 7,0.879,1.1032887,0.5465680733004926,0.2242886505126953,0.3324319266995074
P012,Lap 2,Turn 7,0.607,1.069876,0.5465680733004926,0.46287595558166506,0.060431926699507366
P012,Lap 3,Turn 7,0.736,0.69494784,0.5465680733004926,0.04105216121673583,0.18943192669950737
P012,Lap 5,Turn 7,0.613,0.97372097,0.5465680733004926,0.3607209677696228,0.06643192669950737
P012,Lap 6,Turn 7,0.649,0.65124756,0.5465680733004926,0.0022475609779357697,0.1024319266995074
P011,Lap 1,Turn 7,0.736,0.7939585,0.5465680733004926,0.057958485126495374,0.18943192669950737
P011,Lap 2,Turn 7,0.698,0.73069084,0.5465680733004926,0.03269083690643315,0.15143192669950734
P011,Lap 3,Turn 7,0.369,0.5768441,0.5465680733004926,0.20784409618377686,0.17756807330049262
P011,Lap 4,Turn 7,0.604,0.88800514,0.5465680733004926,0.2840051374435425,0.05743192669950736
P011,Lap 5,Turn 7,0.445,0.49035218,0.5465680733004926,0.04535218358039855,0.10156807330049261
P011,Lap 6,Turn 7,1.128,0.9179863,0.5465680733004926,0.21001372623443593,0.5814319266995073
P005,Lap 3,Turn 7,0.769,1.0018551,0.5465680733004926,0.23285513496398924,0.2224319266995074
P005,Lap 4,Turn 7,0.579,0.69521403,0.5465680733004926,0.1162140331268311,0.03243192669950734
P001,Lap 2,Turn 7,0.497,0.9384937,0.5465680733004926,0.4414937286376953,0.04956807330049262
P001,Lap 3,Turn 7,0.285,0.9267262,0.5465680733004926,0.6417262220382691,0.26156807330049264
P001,Lap 4,Turn 7,0.207,0.854608,0.5465680733004926,0.6476079993247986,0.33956807330049266
P001,Lap 5,Turn 7,0.236,0.7600816,0.5465680733004926,0.5240815892219544,0.31056807330049263
P001,Lap 6,Turn 7,1.038,1.0149946,0.5465680733004926,0.023005378723144565,0.4914319266995074
P001,Lap 7,Turn 7,0.195,0.81250435,0.5465680733004926,0.6175043511390685,0.3515680733004926
P001,Lap 8,Turn 7,0.801,0.95549405,0.5465680733004926,0.15449404621124263,0.2544319266995074
P134,Lap 2,Turn 8,2.398,2.4021451,1.7211846909687036,0.004145147323608267,0.6768153090312965
P134,Lap 3,Turn 8,2.286,2.4101994,1.7211846909687036,0.12419940376281735,0.5648153090312964
P134,Lap 4,Turn 8,2.245,2.3184326,1.7211846909687036,0.07343256950378407,0.5238153090312965
P134,Lap 5,Turn 8,2.199,2.2533426,1.7211846909687036,0.05434262847900406,0.4778153090312962
P134,Lap 6,Turn 8,2.281,2.2994342,1.7211846909687036,0.018434185028076033,0.5598153090312965
P134,Lap 7,Turn 8,2.515,2.502695,1.7211846909687036,0.012304916381836062,0.7938153090312965
P134,Lap 8,Turn 8,2.451,2.4607525,1.7211846909687036,0.00975248718261712,0.7298153090312964
P134,Lap 9,Turn 8,2.271,2.2124708,1.7211846909687036,0.05852923011779776,0.5498153090312963
P134,Lap 10,Turn 8,2.306,2.3004518,1.7211846909687036,0.005548244476318409,0.5848153090312964
P134,Lap 11,Turn 8,2.637,2.5617745,1.7211846909687036,0.07522550773620607,0.9158153090312964
P129,Lap 2,Turn 8,3.349,3.4047544,1.7211846909687036,0.0557544002532957,1.6278153090312966
P129,Lap 3,Turn 8,3.114,3.0799136,1.7211846909687036,0.03408638381957996,1.3928153090312962
P129,Lap 4,Turn 8,2.901,2.8888905,1.7211846909687036,0.012109495162963668,1.1798153090312962
P129,Lap 5,Turn 8,3.239,3.256505,1.7211846909687036,0.017505012512207152,1.5178153090312962
P129,Lap 6,Turn 8,3.1,3.234629,1.7211846909687036,0.13462891578674308,1.3788153090312965
P129,Lap 7,Turn 8,2.932,2.9323359,1.7211846909687036,0.00033585357666021665,1.2108153090312963
P129,Lap 8,Turn 8,2.997,3.057407,1.7211846909687036,0.060406902313232536,1.2758153090312963
P129,Lap 9,Turn 8,3.098,3.1926696,1.7211846909687036,0.09466963005065931,1.3768153090312962
P129,Lap 10,Turn 8,2.879,2.9061308,1.7211846909687036,0.027130790710449215,1.1578153090312964
P123,Lap 2,Turn 8,2.3,2.2396464,1.7211846909687036,0.060353565216064275,0.5788153090312962
P123,Lap 3,Turn 8,2.314,2.2526197,1.7211846909687036,0.06138025665283209,0.5928153090312964
P123,Lap 4,Turn 8,2.35,2.2850049,1.7211846909687036,0.06499514579772958,0.6288153090312965
P123,Lap 5,Turn 8,2.342,2.2913985,1.7211846909687036,0.05060147476196297,0.6208153090312964
P123,Lap 6,Turn 8,2.297,2.235655,1.7211846909687036,0.061344930648803864,0.5758153090312965
P123,Lap 7,Turn 8,2.174,2.1723273,1.7211846909687036,0.0016727199554442684,0.4528153090312963
P123,Lap 8,Turn 8,2.261,2.2127712,1.7211846909687036,0.048228822708130004,0.5398153090312965
P123,Lap 9,Turn 8,2.368,2.2903583,1.7211846909687036,0.07764169502258289,0.6468153090312962
P123,Lap 10,Turn 8,2.192,2.168535,1.7211846909687036,0.02346500587463396,0.47081530903129654
P123,Lap 11,Turn 8,2.265,2.270294,1.7211846909687036,0.005293951034545774,0.5438153090312965
P123,Lap 12,Turn 8,2.114,2.129112,1.7211846909687036,0.01511200523376477,0.39281530903129624
P120,Lap 2,Turn 8,2.616,2.6005268,1.7211846909687036,0.01547319030761729,0.8948153090312965
P120,Lap 3,Turn 8,2.422,2.5233858,1.7211846909687036,0.10138576316833481,0.7008153090312965
P120,Lap 4,Turn 8,2.415,2.3776596,1.7211846909687036,0.037340440750122106,0.6938153090312964
P120,Lap 5,Turn 8,2.62,2.5397658,1.7211846909687036,0.0802341651916505,0.8988153090312965
P120,Lap 6,Turn 8,2.567,2.4616287,1.7211846909687036,0.10537132453918474,0.8458153090312965
P120,Lap 7,Turn 8,2.272,2.3154106,1.7211846909687036,0.04341061401367208,0.5508153090312962
P120,Lap 8,Turn 8,2.231,2.2579231,1.7211846909687036,0.026923126220703253,0.5098153090312962
P120,Lap 9,Turn 8,2.312,2.4289389,1.7211846909687036,0.11693886566162126,0.5908153090312962
P120,Lap 10,Turn 8,2.249,2.2261002,1.7211846909687036,0.02289979362487804,0.5278153090312965
P120,Lap 11,Turn 8,2.291,2.2620254,1.7211846909687036,0.028974643707275316,0.5698153090312963
P120,Lap 12,Turn 8,2.314,2.3574808,1.7211846909687036,0.04348076438903803,0.5928153090312964
P113,Lap 2,Turn 8,2.267,2.2151327,1.7211846909687036,0.05186728668212881,0.5458153090312963
P113,Lap 3,Turn 8,2.299,2.2297282,1.7211846909687036,0.06927177810668939,0.5778153090312963
P113,Lap 4,Turn 8,2.328,2.2479727,1.7211846909687036,0.08002727317810043,0.6068153090312962
P113,Lap 5,Turn 8,2.323,2.2474258,1.7211846909687036,0.07557420539855952,0.6018153090312963
P113,Lap 6,Turn 8,2.299,2.2206569,1.7211846909687036,0.07834312820434564,0.5778153090312963
P113,Lap 7,Turn 8,2.3,2.2494595,1.7211846909687036,0.050540494918823065,0.5788153090312962
P113,Lap 8,Turn 8,2.259,2.228026,1.7211846909687036,0.030974086761474506,0.5378153090312963
P113,Lap 9,Turn 8,2.247,2.2003512,1.7211846909687036,0.046648761749267464,0.5258153090312963
P113,Lap 10,Turn 8,2.395,2.3346975,1.7211846909687036,0.060302515029907244,0.6738153090312964
P113,Lap 11,Turn 8,2.516,2.4955702,1.7211846909687036,0.020429817199707045,0.7948153090312964
P113,Lap 12,Turn 8,2.202,2.0813718,1.7211846909687036,0.12062821578979488,0.4808153090312963
P107,Lap 2,Turn 8,2.823,2.8322022,1.7211846909687036,0.009202196121215866,1.1018153090312963
P107,Lap 3,Turn 8,2.814,2.8654363,1.7211846909687036,0.05143631553649897,1.0928153090312964
P107,Lap 4,Turn 8,2.994,3.0265112,1.7211846909687036,0.03251119232177713,1.2728153090312966
P107,Lap 5,Turn 8,2.84,2.828789,1.7211846909687036,0.011211004257202006,1.1188153090312962
P107,Lap 6,Turn 8,2.716,2.7554753,1.7211846909687036,0.03947528266906719,0.9948153090312966
P107,Lap 7,Turn 8,2.651,2.6782906,1.7211846909687036,0.027290605545044144,0.9298153090312962
P107,Lap 8,Turn 8,2.745,2.8018837,1.7211846909687036,0.05688369750976552,1.0238153090312965
P107,Lap 9,Turn 8,2.497,2.4913175,1.7211846909687036,0.005682489395141488,0.7758153090312963
P107,Lap 10,Turn 8,2.732,2.7468543,1.7211846909687036,0.014854305267333778,1.0108153090312966
P107,Lap 11,Turn 8,2.832,2.8072662,1.7211846909687036,0.02473376464843735,1.1108153090312962
P105,Lap 2,Turn 8,2.326,2.353908,1.7211846909687036,0.027908061981201104,0.6048153090312964
P105,Lap 3,Turn 8,2.419,2.3890593,1.7211846909687036,0.02994069480896,0.6978153090312964
P105,Lap 4,Turn 8,2.295,2.3514996,1.7211846909687036,0.05649955749511726,0.5738153090312963
P105,Lap 5,Turn 8,2.471,2.4566462,1.7211846909687036,0.014353796005249109,0.7498153090312965
P105,Lap 6,Turn 8,2.279,2.2241719,1.7211846909687036,0.05482812309265128,0.5578153090312963
P105,Lap 7,Turn 8,2.321,2.3188455,1.7211846909687036,0.002154489517212088,0.5998153090312965
P105,Lap 8,Turn 8,2.626,2.5627077,1.7211846909687036,0.06329233741760243,0.9048153090312963
P105,Lap 9,Turn 8,2.338,2.3808928,1.7211846909687036,0.04289275360107414,0.6168153090312964
P105,Lap 10,Turn 8,2.395,2.4472196,1.7211846909687036,0.05221961021423338,0.6738153090312964
P105,Lap 11,Turn 8,2.26,2.256274,1.7211846909687036,0.0037260150909421696,0.5388153090312962
P105,Lap 12,Turn 8,2.649,2.4880722,1.7211846909687036,0.1609278430938721,0.9278153090312964
P104,Lap 2,Turn 8,2.984,3.1346323,1.7211846909687036,0.15063234901428224,1.2628153090312964
P104,Lap 3,Turn 8,2.501,2.5647702,1.7211846909687036,0.06377022171020519,0.7798153090312963
P104,Lap 4,Turn 8,3.081,3.2128186,1.7211846909687036,0.13181862258911137,1.3598153090312963
P104,Lap 5,Turn 8,2.49,2.515885,1.7211846909687036,0.02588511466979959,0.7688153090312966
P104,Lap 6,Turn 8,2.57,2.6195898,1.7211846909687036,0.049589805603027504,0.8488153090312962
P104,Lap 7,Turn 8,2.498,2.499931,1.7211846909687036,0.0019310970306394282,0.7768153090312966
P104,Lap 8,Turn 8,2.297,2.3142877,1.7211846909687036,0.017287662506103363,0.5758153090312965
P104,Lap 9,Turn 8,2.735,2.8030093,1.7211846909687036,0.06800927162170423,1.0138153090312962
P104,Lap 10,Turn 8,2.688,2.7301464,1.7211846909687036,0.04214640808105452,0.9668153090312965
P104,Lap 11,Turn 8,2.207,2.2375007,1.7211846909687036,0.030500667572021634,0.4858153090312962
P103,Lap 2,Turn 8,2.535,2.5814328,1.7211846909687036,0.046432819366454936,0.8138153090312965
P103,Lap 3,Turn 8,2.353,2.3170323,1.7211846909687036,0.0359676628112795,0.6318153090312966
P103,Lap 4,Turn 8,2.906,2.9998615,1.7211846909687036,0.09386147880554185,1.1848153090312965
P103,Lap 5,Turn 8,2.449,2.5350287,1.7211846909687036,0.08602869606018082,0.7278153090312962
P103,Lap 6,Turn 8,2.996,3.3320665,1.7211846909687036,0.33606653594970703,1.2748153090312964
P103,Lap 7,Turn 8,2.732,2.655754,1.7211846909687036,0.07624591064453146,1.0108153090312966
P103,Lap 8,Turn 8,3.157,3.0689867,1.7211846909687036,0.08801334571838382,1.4358153090312964
P103,Lap 9,Turn 8,2.846,2.8654299,1.7211846909687036,0.019429878234863196,1.1248153090312965
P103,Lap 10,Turn 8,2.366,2.3989723,1.7211846909687036,0.0329722728729247,0.6448153090312965
P103,Lap 11,Turn 8,2.696,2.6223257,1.7211846909687036,0.0736743412017824,0.9748153090312965
P090,Lap 2,Turn 8,2.452,2.40263,1.7211846909687036,0.04936990928649898,0.7308153090312963
P090,Lap 3,Turn 8,2.458,2.4902432,1.7211846909687036,0.03224319648742657,0.7368153090312966
P090,Lap 4,Turn 8,2.351,2.3010192,1.7211846909687036,0.04998080825805662,0.6298153090312963
P090,Lap 5,Turn 8,2.453,2.4564557,1.7211846909687036,0.003455707550048981,0.7318153090312962
P090,Lap 6,Turn 8,2.337,2.356392,1.7211846909687036,0.01939190673828106,0.6158153090312966
P090,Lap 7,Turn 8,2.479,2.4513972,1.7211846909687036,0.027602819442749116,0.7578153090312965
P090,Lap 8,Turn 8,2.439,2.3961344,1.7211846909687036,0.04286562347412115,0.7178153090312964
P090,Lap 9,Turn 8,2.218,2.243129,1.7211846909687036,0.0251290149688721,0.49681530903129634
P090,Lap 10,Turn 8,2.396,2.4529805,1.7211846909687036,0.056980518341064545,0.6748153090312963
P089,Lap 2,Turn 8,3.132,3.1088703,1.7211846909687036,0.023129732131958125,1.4108153090312965
P089,Lap 3,Turn 8,2.798,2.7870784,1.7211846909687036,0.010921619415283246,1.0768153090312964
P089,Lap 4,Turn 8,2.817,2.8109248,1.7211846909687036,0.006075231552124194,1.0958153090312965
P089,Lap 5,Turn 8,2.289,2.2905152,1.7211846909687036,0.0015151844024656747,0.5678153090312965
P089,Lap 6,Turn 8,3.053,3.135806,1.7211846909687036,0.08280608367919928,1.3318153090312963
P089,Lap 8,Turn 8,2.141,2.1894305,1.7211846909687036,0.04843047523498534,0.4198153090312964
P089,Lap 9,Turn 8,2.339,2.2718105,1.7211846909687036,0.06718946838378903,0.6178153090312963
P089,Lap 10,Turn 8,2.809,2.896481,1.7211846909687036,0.08748103713989241,1.0878153090312965
P084,Lap 2,Turn 8,4.558892,2.4083486,1.7211846909687036,2.150543439666748,2.8377073090312965
P084,Lap 3,Turn 8,4.463367,2.775926,1.7211846909687036,1.6874408868713378,2.7421823090312962
P084,Lap 4,Turn 8,3.984764,1.7702432,1.7211846909687036,2.214520832122803,2.2635793090312966
P084,Lap 5,Turn 8,3.21185,2.561231,1.7211846909687036,0.6506191020965577,1.4906653090312965
P084,Lap 6,Turn 8,3.869062,2.2083757,1.7211846909687036,1.6606863076324463,2.1478773090312964
P083,Lap 2,Turn 8,4.193435,2.6593442,1.7211846909687036,1.53409080368042,2.4722503090312964
P083,Lap 3,Turn 8,4.042669,2.6661584,1.7211846909687036,1.3765105622711182,2.3214843090312964
P083,Lap 5,Turn 8,4.014093,1.6710997,1.7211846909687036,2.342993337219238,2.2929083090312963
P083,Lap 6,Turn 8,3.561172,2.4677122,1.7211846909687036,1.093459836074829,1.8399873090312964
P067,Lap 2,Turn 8,0.770043,1.5439451,1.7211846909687036,0.7739020740814209,0.9511416909687036
P067,Lap 3,Turn 8,0.968952,1.1625977,1.7211846909687036,0.19364565624999996,0.7522326909687036
P067,Lap 5,Turn 8,0.809138,1.9145018,1.7211846909687036,1.1053637862319947,0.9120466909687036
P067,Lap 6,Turn 8,2.995105,2.419304,1.7211846909687036,0.5758011059570314,1.2739203090312965
P059,Lap 1,Turn 8,-0.027575,-0.065939374,1.7211846909687036,0.03836437426805496,1.7487596909687035
P059,Lap 2,Turn 8,-0.050094,0.11320878,1.7211846909687036,0.16330277820253372,1.7712786909687037
P059,Lap 3,Turn 8,0.169958,0.22366306,1.7211846909687036,0.05370506185722351,1.5512266909687036
P059,Lap 4,Turn 8,-0.074324,-0.046346232,1.7211846909687036,0.027977767704963685,1.7955086909687037
P059,Lap 5,Turn 8,0.17308,0.47899836,1.7211846909687036,0.3059183630180359,1.5481046909687035
P059,Lap 6,Turn 8,0.067312,0.1360603,1.7211846909687036,0.06874829748916626,1.6538726909687036
P049,Lap 1,Turn 8,0.199027,0.23271656,1.7211846909687036,0.03368956036376952,1.5221576909687036
P049,Lap 3,Turn 8,-0.012093,0.15075687,1.7211846909687036,0.16284986573982238,1.7332776909687035
P049,Lap 4,Turn 8,0.638172,0.58569515,1.7211846909687036,0.0524768524856567,1.0830126909687037
P049,Lap 5,Turn 8,-0.06631,0.2538809,1.7211846909687036,0.32019088822364805,1.7874946909687037
P049,Lap 6,Turn 8,-0.050527,0.0713328,1.7211846909687036,0.12185979740810395,1.7717116909687036
P048,Lap 1,Turn 8,1.380931,1.6210507,1.7211846909687036,0.24011971544647226,0.3402536909687037
P048,Lap 2,Turn 8,0.128752,0.25514877,1.7211846909687036,0.1263967684249878,1.5924326909687037
P048,Lap 3,Turn 8,-0.071657,-0.0223177,1.7211846909687036,0.04933929991197586,1.7928416909687037
P048,Lap 4,Turn 8,2.006764,1.7428461,1.7211846909687036,0.2639178686752319,0.28557930903129636
P048,Lap 5,Turn 8,0.132199,0.38151607,1.7211846909687036,0.24931706917381286,1.5889856909687037
P048,Lap 6,Turn 8,0.089869,0.110796906,1.7211846909687036,0.020927906054019924,1.6313156909687037
P043,Lap 2,Turn 8,2.372592,0.24433833,1.7211846909687036,2.12825366639328,0.6514073090312964
P039,Lap 2,Turn 8,1.024571,2.0291307,1.7211846909687036,1.0045596972503663,0.6966136909687037
P039,Lap 3,Turn 8,3.033718,2.4919486,1.7211846909687036,0.5417693954162597,1.3125333090312963
P039,Lap 4,Turn 8,0.602192,2.0983655,1.7211846909687036,1.496173545272827,1.1189926909687036
P039,Lap 5,Turn 8,0.327512,0.6262908,1.7211846909687036,0.29877879818725583,1.3936726909687036
P039,Lap 6,Turn 8,0.596153,1.1814264,1.7211846909687036,0.5852734059066772,1.1250316909687035
P028,Lap 1,Turn 8,0.612436,0.8753229,1.7211846909687036,0.2628868783607483,1.1087486909687037
P028,Lap 2,Turn 8,-0.103224,0.6517821,1.7211846909687036,0.7550060954322815,1.8244086909687036
P028,Lap 3,Turn 8,0.302523,0.4370524,1.7211846909687036,0.13452939892005922,1.4186616909687038
P028,Lap 4,Turn 8,-0.066626,0.4513402,1.7211846909687036,0.5179661985168457,1.7878106909687037
P028,Lap 5,Turn 8,0.318955,0.5757984,1.7211846909687036,0.2568433922958374,1.4022296909687038
P028,Lap 6,Turn 8,0.015194,0.6515591,1.7211846909687036,0.6363651144561767,1.7059906909687037
P020,Lap 2,Turn 8,4.103295,2.4161317,1.7211846909687036,1.6871632651519777,2.3821103090312965
P020,Lap 3,Turn 8,4.18108,2.973043,1.7211846909687036,1.208037035064697,2.459895309031296
P020,Lap 4,Turn 8,3.198134,1.7299951,1.7211846909687036,1.4681388685073853,1.4769493090312964
P020,Lap 5,Turn 8,3.047521,1.7627912,1.7211846909687036,1.2847298432312013,1.3263363090312965
P020,Lap 6,Turn 8,3.787003,2.7232032,1.7211846909687036,1.063799817779541,2.0658183090312963
P019,Lap 1,Turn 8,0.625339,1.3525151,1.7211846909687036,0.7271761014328003,1.0958456909687038
P019,Lap 2,Turn 8,0.241969,0.8029338,1.7211846909687036,0.5609648121414185,1.4792156909687035
P019,Lap 3,Turn 8,-0.021191,0.22375426,1.7211846909687036,0.24494525696372987,1.7423756909687036
P019,Lap 4,Turn 8,0.947016,0.7374128,1.7211846909687036,0.2096031896743774,0.7741686909687037
P019,Lap 5,Turn 8,-0.016266,0.9180542,1.7211846909687036,0.9343202230606079,1.7374506909687035
P019,Lap 6,Turn 8,0.079631,1.0964967,1.7211846909687036,1.0168657012405395,1.6415536909687036
P012,Lap 1,Turn 8,0.017,0.21365926,1.7211846909687036,0.19665925669670103,1.7041846909687037
P012,Lap 2,Turn 8,0.26,0.43397653,1.7211846909687036,0.17397653102874755,1.4611846909687036
P012,Lap 3,Turn 8,-0.146,-0.0055946116,1.7211846909687036,0.140405388366431,1.8671846909687035
P012,Lap 4,Turn 8,0.526,0.37693873,1.7211846909687036,0.14906126952171328,1.1951846909687036
P012,Lap 5,Turn 8,-0.152,-0.012235998,1.7211846909687036,0.13976400182396173,1.8731846909687035
P012,Lap 6,Turn 8,0.07,0.013449757,1.7211846909687036,0.056550242640078074,1.6511846909687036
P011,Lap 1,Turn 8,0.05,0.17928755,1.7211846909687036,0.12928755283355714,1.6711846909687036
P011,Lap 2,Turn 8,0.0,0.19692487,1.7211846909687036,0.1969248652458191,1.7211846909687036
P011,Lap 3,Turn 8,-0.031,-0.15109429,1.7211846909687036,0.12009428763389587,1.7521846909687036
P011,Lap 4,Turn 8,-0.039,0.20250371,1.7211846909687036,0.24150371098518372,1.7601846909687036
P011,Lap 5,Turn 8,-0.08,0.0071167317,1.7211846909687036,0.08711673172190786,1.8011846909687037
P011,Lap 6,Turn 8,0.53,0.28216165,1.7211846909687036,0.24783834695816043,1.1911846909687036
P005,Lap 2,Turn 8,1.378,1.5339006,1.7211846909687036,0.15590061855316173,0.34318469096870374
P005,Lap 3,Turn 8,0.391,0.35330316,1.7211846909687036,0.037696835756301894,1.3301846909687036
P005,Lap 4,Turn 8,0.311,0.36318767,1.7211846909687036,0.05218767070770264,1.4101846909687037
P001,Lap 2,Turn 8,3.203,1.089179,1.7211846909687036,2.113820960998535,1.4818153090312962
P001,Lap 3,Turn 8,2.98,0.5272384,1.7211846909687036,2.452761571407318,1.2588153090312963
P001,Lap 4,Turn 8,2.766,0.6474836,1.7211846909687036,2.1185164127349854,1.0448153090312964
P001,Lap 5,Turn 8,2.932,0.9292667,1.7211846909687036,2.002733308792114,1.2108153090312963
P001,Lap 6,Turn 8,2.968,0.6819061,1.7211846909687036,2.2860938959121704,1.2468153090312963
P001,Lap 7,Turn 8,3.323,1.4725282,1.7211846909687036,1.8504717807769775,1.6018153090312963
P001,Lap 8,Turn 8,3.164,0.59335643,1.7211846909687036,2.570643569469452,1.4428153090312965
P134,Lap 2,Turn 9,0.471694,0.4172031,0.2910770517795276,0.05449090146446228,0.18061694822047242
P134,Lap 3,Turn 9,0.828694,0.45527112,0.2910770517795276,0.3734228751602173,0.5376169482204725
P134,Lap 4,Turn 9,0.189694,0.18766913,0.2910770517795276,0.0020248718204498306,0.10138305177952758
P134,Lap 5,Turn 9,0.251694,0.25090176,0.2910770517795276,0.0007922413291930885,0.03938305177952761
P134,Lap 6,Turn 9,0.194694,0.21576956,0.2910770517795276,0.02107555914497375,0.09638305177952758
P134,Lap 7,Turn 9,0.356694,0.3368417,0.2910770517795276,0.019852297538757335,0.06561694822047243
P134,Lap 8,Turn 9,0.335694,0.3092898,0.2910770517795276,0.02640418695831298,0.04461694822047241
P134,Lap 10,Turn 9,0.223694,0.23100053,0.2910770517795276,0.007306527739524837,0.06738305177952758
P134,Lap 11,Turn 9,0.365694,0.35860974,0.2910770517795276,0.007084264034271259,0.07461694822047243
P129,Lap 2,Turn 9,0.801694,0.5278759,0.2910770517795276,0.27381809973144533,0.5106169482204724
P129,Lap 3,Turn 9,0.516694,0.42209983,0.2910770517795276,0.09459417127990721,0.2256169482204724
P129,Lap 4,Turn 9,0.588694,0.54515296,0.2910770517795276,0.04354103779220586,0.29761694822047247
P129,Lap 5,Turn 9,0.592694,0.4703088,0.2910770517795276,0.12238518952751165,0.30161694822047247
P129,Lap 6,Turn 9,0.642694,0.5604556,0.2910770517795276,0.08223837971115111,0.3516169482204724
P129,Lap 7,Turn 9,0.700694,0.5666841,0.2910770517795276,0.13400987314605717,0.40961694822047245
P129,Lap 8,Turn 9,0.624694,0.53909016,0.2910770517795276,0.08560384344482419,0.3336169482204724
P129,Lap 9,Turn 9,0.470694,0.45189077,0.2910770517795276,0.018803233379364015,0.17961694822047242
P129,Lap 10,Turn 9,0.486694,0.3686984,0.2910770517795276,0.11799561166191103,0.19561694822047243
P123,Lap 2,Turn 9,0.252694,0.29410344,0.2910770517795276,0.04140944362258914,0.03838305177952761
P123,Lap 3,Turn 9,0.342694,0.35580176,0.2910770517795276,0.013107761150360109,0.051616948220472414
P123,Lap 4,Turn 9,0.159694,0.1997722,0.2910770517795276,0.04007819402790069,0.13138305177952758
P123,Lap 5,Turn 9,0.149694,0.18259309,0.2910770517795276,0.032899092322349555,0.1413830517795276
P123,Lap 6,Turn 9,0.190694,0.25889987,0.2910770517795276,0.06820586753463745,0.10038305177952758
P123,Lap 7,Turn 9,0.079694,0.11533763,0.2910770517795276,0.035643632596492766,0.2113830517795276
P123,Lap 8,Turn 9,0.011694,0.09687737,0.2910770517795276,0.08518336630439759,0.2793830517795276
P123,Lap 9,Turn 9,0.149694,0.18271133,0.2910770517795276,0.033017333036422736,0.1413830517795276
P123,Lap 10,Turn 9,0.044694,0.12456355,0.2910770517795276,0.0798695524392128,0.24638305177952757
P123,Lap 11,Turn 9,0.031694,0.13669154,0.2910770517795276,0.10499754047966003,0.2593830517795276
P123,Lap 12,Turn 9,0.009694,0.13669154,0.2910770517795276,0.12699754047966003,0.2813830517795276
P120,Lap 2,Turn 9,0.228694,0.28886995,0.2910770517795276,0.06017594719505309,0.062383051779527576
P120,Lap 3,Turn 9,0.256694,0.26114726,0.2910770517795276,0.004453260665893577,0.03438305177952761
P120,Lap 4,Turn 9,0.272694,0.3206114,0.2910770517795276,0.047917387491226204,0.018383051779527593
P120,Lap 5,Turn 9,0.312694,0.30837995,0.2910770517795276,0.004314051860809354,0.021616948220472443
P120,Lap 6,Turn 9,0.298694,0.3230589,0.2910770517795276,0.02436490321731566,0.00761694822047243
P120,Lap 7,Turn 9,0.256694,0.29933414,0.2910770517795276,0.0426401386318207,0.03438305177952761
P120,Lap 8,Turn 9,0.307694,0.31117633,0.2910770517795276,0.0034823298511504897,0.01661694822047244
P120,Lap 9,Turn 9,0.326694,0.3527099,0.2910770517795276,0.026015889411926285,0.0356169482204724
P120,Lap 10,Turn 9,0.190694,0.28200912,0.2910770517795276,0.09131512475585937,0.10038305177952758
P120,Lap 11,Turn 9,0.232694,0.2823306,0.2910770517795276,0.04963660240745543,0.05838305177952757
P120,Lap 12,Turn 9,0.164694,0.2566576,0.2910770517795276,0.09196360040283202,0.12638305177952758
P113,Lap 2,Turn 9,0.185694,0.26400155,0.2910770517795276,0.07830754829025269,0.10538305177952759
P113,Lap 3,Turn 9,0.165694,0.25138468,0.2910770517795276,0.08569067550277709,0.12538305177952758
P113,Lap 4,Turn 9,0.098694,0.16716269,0.2910770517795276,0.06846868658638,0.19238305177952758
P113,Lap 5,Turn 9,0.142694,0.14176168,0.2910770517795276,0.0009323245229720944,0.1483830517795276
P113,Lap 6,Turn 9,0.113694,0.122778356,0.2910770517795276,0.009084356075286862,0.17738305177952757
P113,Lap 7,Turn 9,0.121694,0.16592172,0.2910770517795276,0.044227717882156375,0.1693830517795276
P113,Lap 8,Turn 9,0.048694,0.091838345,0.2910770517795276,0.04314434493160248,0.24238305177952757
P113,Lap 9,Turn 9,0.057694,0.11533763,0.2910770517795276,0.057643632596492765,0.2333830517795276
P113,Lap 10,Turn 9,0.142694,0.16166618,0.2910770517795276,0.018972184663772595,0.1483830517795276
P113,Lap 11,Turn 9,0.051694,0.112942964,0.2910770517795276,0.061248963838577274,0.2393830517795276
P113,Lap 12,Turn 9,0.611694,0.61012846,0.2910770517795276,0.001565537685394247,0.3206169482204724
P107,Lap 2,Turn 9,0.781694,0.49245548,0.2910770517795276,0.28923851751708984,0.4906169482204724
P107,Lap 3,Turn 9,0.773694,0.52320015,0.2910770517795276,0.2504938456954956,0.4826169482204724
P107,Lap 4,Turn 9,0.391694,0.322585,0.2910770517795276,0.06910901331329344,0.1006169482204724
P107,Lap 5,Turn 9,0.604694,0.49073908,0.2910770517795276,0.11395492267036433,0.31361694822047237
P107,Lap 6,Turn 9,0.697694,0.4923495,0.2910770517795276,0.20534449457550052,0.40661694822047245
P107,Lap 7,Turn 9,0.753694,0.48961368,0.2910770517795276,0.2640803179683685,0.4626169482204724
P107,Lap 8,Turn 9,0.665694,0.44199112,0.2910770517795276,0.2237028794231415,0.3746169482204724
P107,Lap 9,Turn 9,0.715694,0.5052172,0.2910770517795276,0.2104768054428101,0.42461694822047247
P107,Lap 10,Turn 9,0.677694,0.52191466,0.2910770517795276,0.15577933906936647,0.38661694822047243
P107,Lap 11,Turn 9,0.433694,0.33198223,0.2910770517795276,0.10171177482032778,0.14261694822047244
P105,Lap 2,Turn 9,0.503694,0.42323148,0.2910770517795276,0.08046251749420164,0.2126169482204724
P105,Lap 3,Turn 9,0.590694,0.4884295,0.2910770517795276,0.10226451324844366,0.29961694822047247
P105,Lap 4,Turn 9,0.429694,0.43325585,0.2910770517795276,0.00356185126876829,0.13861694822047244
P105,Lap 5,Turn 9,0.500694,0.4465883,0.2910770517795276,0.054105692380905124,0.2096169482204724
P105,Lap 6,Turn 9,0.449694,0.434592,0.2910770517795276,0.01510199140930174,0.1586169482204724
P105,Lap 7,Turn 9,0.268694,0.30814332,0.2910770517795276,0.039449317699432385,0.022383051779527596
P105,Lap 8,Turn 9,0.475694,0.46130568,0.2910770517795276,0.014388322109222418,0.18461694822047242
P105,Lap 9,Turn 9,0.427694,0.419542,0.2910770517795276,0.008151985401153583,0.13661694822047243
P105,Lap 10,Turn 9,0.379694,0.40260643,0.2910770517795276,0.02291242766952517,0.08861694822047239
P105,Lap 11,Turn 9,0.450694,0.43202078,0.2910770517795276,0.018673216575622542,0.1596169482204724
P105,Lap 12,Turn 9,0.957694,0.5613575,0.2910770517795276,0.39633650183105473,0.6666169482204725
P104,Lap 2,Turn 9,0.755694,0.5186761,0.2910770517795276,0.2370178978385925,0.4646169482204724
P104,Lap 4,Turn 9,0.520694,0.40297088,0.2910770517795276,0.11772311972999572,0.2296169482204724
P104,Lap 5,Turn 9,0.282694,0.33179188,0.2910770517795276,0.04909787774658203,0.008383051779527584
P104,Lap 6,Turn 9,0.444694,0.42058867,0.2910770517795276,0.024105327838897683,0.1536169482204724
P104,Lap 7,Turn 9,0.343694,0.30263466,0.2910770517795276,0.04105934357070923,0.052616948220472415
P104,Lap 8,Turn 9,0.518694,0.468575,0.2910770517795276,0.050118999237060535,0.2276169482204724
P104,Lap 9,Turn 9,0.656694,0.49464843,0.2910770517795276,0.16204557322883606,0.3656169482204724
P104,Lap 10,Turn 9,0.448694,0.40167138,0.2910770517795276,0.047022620195388776,0.1576169482204724
P104,Lap 11,Turn 9,0.431694,0.37942734,0.2910770517795276,0.05226665639305117,0.14061694822047244
P103,Lap 2,Turn 9,0.911694,0.5285104,0.2910770517795276,0.3831836082878113,0.6206169482204724
P103,Lap 4,Turn 9,0.344694,0.35257187,0.2910770517795276,0.007877874856948852,0.053616948220472416
P103,Lap 5,Turn 9,0.538694,0.4851027,0.2910770517795276,0.05359128689193726,0.24761694822047242
P103,Lap 6,Turn 9,0.624694,0.46539995,0.2910770517795276,0.15929404925727841,0.3336169482204724
P103,Lap 7,Turn 9,0.388694,0.43049824,0.2910770517795276,0.04180424237823488,0.0976169482204724
P103,Lap 8,Turn 9,0.397694,0.36816293,0.2910770517795276,0.029531069988250724,0.10661694822047241
P103,Lap 9,Turn 9,0.298694,0.31618625,0.2910770517795276,0.017492249256134018,0.00761694822047243
P103,Lap 10,Turn 9,0.215694,0.23309265,0.2910770517795276,0.017398650771141055,0.07538305177952759
P090,Lap 2,Turn 9,0.504694,0.38855687,0.2910770517795276,0.11613713216209409,0.2136169482204724
P090,Lap 3,Turn 9,0.448694,0.46796727,0.2910770517795276,0.01927327180480959,0.1576169482204724
P090,Lap 4,Turn 9,0.389694,0.40065655,0.2910770517795276,0.01096255112266542,0.0986169482204724
P090,Lap 5,Turn 9,0.500694,0.47905758,0.2910770517795276,0.021636419767379733,0.2096169482204724
P090,Lap 6,Turn 9,0.337694,0.37266096,0.2910770517795276,0.03496696472740174,0.04661694822047241
P090,Lap 7,Turn 9,0.366694,0.35422704,0.2910770517795276,0.012466963762283345,0.07561694822047244
P090,Lap 8,Turn 9,0.450694,0.43902117,0.2910770517795276,0.01167282986068724,0.1596169482204724
P090,Lap 9,Turn 9,0.328694,0.32554317,0.2910770517795276,0.0031508347930908065,0.0376169482204724
P090,Lap 10,Turn 9,0.343694,0.3668079,0.2910770517795276,0.023113907819747925,0.052616948220472415
P089,Lap 3,Turn 9,0.741694,0.49365455,0.2910770517795276,0.24803945087814327,0.4506169482204724
P089,Lap 4,Turn 9,0.637694,0.49589184,0.2910770517795276,0.14180216073417662,0.3466169482204724
P089,Lap 5,Turn 9,0.402694,0.2957814,0.2910770517795276,0.10691259622001648,0.11161694822047241
P089,Lap 6,Turn 9,0.482694,0.44657168,0.2910770517795276,0.0361223220767975,0.19161694822047243
P089,Lap 8,Turn 9,0.374694,0.3377595,0.2910770517795276,0.036934505218505886,0.08361694822047244
P089,Lap 9,Turn 9,0.423694,0.39708903,0.2910770517795276,0.026604965681076065,0.13261694822047243
P089,Lap 10,Turn 9,0.399694,0.40259278,0.2910770517795276,0.0028987782058715883,0.10861694822047241
P084,Lap 3,Turn 9,0.949802,1.2453231,0.2910770517795276,0.29552106194305416,0.6587249482204725
P084,Lap 5,Turn 9,0.837797,0.5611266,0.2910770517795276,0.27667041022491456,0.5467199482204724
P084,Lap 6,Turn 9,0.545824,0.7729299,0.2910770517795276,0.2271059068450928,0.2547469482204724
P083,Lap 3,Turn 9,0.946137,0.5736075,0.2910770517795276,0.37252949563217164,0.6550599482204724
P067,Lap 1,Turn 9,0.910066,0.4269408,0.2910770517795276,0.4831252012405396,0.6189889482204725
P067,Lap 2,Turn 9,0.435985,-0.18354177,0.2910770517795276,0.6195267747497559,0.14490794822047243
P067,Lap 3,Turn 9,0.238094,0.6341437,0.2910770517795276,0.39604971013641355,0.052983051779527585
P067,Lap 5,Turn 9,0.717923,0.16664962,0.2910770517795276,0.5512733752946853,0.4268459482204724
P067,Lap 6,Turn 9,0.340039,0.5354391,0.2910770517795276,0.19540007403945925,0.048961948220472395
P059,Lap 1,Turn 9,0.028454,0.4187911,0.2910770517795276,0.3903370854816437,0.2626230517795276
P059,Lap 2,Turn 9,0.161781,-0.104990445,0.2910770517795276,0.2667714450774193,0.12929605177952758
P059,Lap 3,Turn 9,-0.037206,-0.18030225,0.2910770517795276,0.14309624740505217,0.3282830517795276
P059,Lap 4,Turn 9,-0.066601,0.1579856,0.2910770517795276,0.2245865978488922,0.3576780517795276
P059,Lap 5,Turn 9,0.000692,-0.059654318,0.2910770517795276,0.060346317796230314,0.29038505177952756
P059,Lap 6,Turn 9,-0.081228,0.2788575,0.2910770517795276,0.3600854993610382,0.37230505177952755
P049,Lap 1,Turn 9,0.114234,0.01540537,0.2910770517795276,0.09882863007748127,0.17684305177952758
P049,Lap 2,Turn 9,0.102396,0.1509732,0.2910770517795276,0.04857720079803467,0.1886810517795276
P049,Lap 3,Turn 9,0.098095,0.3475501,0.2910770517795276,0.24945509412765504,0.1929820517795276
P049,Lap 4,Turn 9,0.041109,0.10764527,0.2910770517795276,0.06653627320861816,0.24996805177952758
P049,Lap 5,Turn 9,0.123636,-0.039940156,0.2910770517795276,0.16357615604257583,0.1674410517795276
P049,Lap 6,Turn 9,-0.025865,0.25419506,0.2910770517795276,0.2800600643062592,0.3169420517795276
P048,Lap 1,Turn 9,0.550253,0.4122982,0.2910770517795276,0.13795479748535155,0.2591759482204724
P048,Lap 2,Turn 9,0.375558,0.12822059,0.2910770517795276,0.2473374120311737,0.08448094822047242
P048,Lap 3,Turn 9,0.213366,0.122372255,0.2910770517795276,0.09099374527072907,0.07771105177952758
P048,Lap 5,Turn 9,0.377531,0.3958211,0.2910770517795276,0.018290094512939448,0.08645394822047242
P048,Lap 6,Turn 9,0.277596,0.24972966,0.2910770517795276,0.027866336866378794,0.013481051779527575
P043,Lap 2,Turn 9,0.370775,-0.16818346,0.2910770517795276,0.5389584608316422,0.07969794822047244
P039,Lap 2,Turn 9,0.488036,0.2266302,0.2910770517795276,0.2614058040246964,0.19695894822047244
P039,Lap 3,Turn 9,0.630283,0.94905645,0.2910770517795276,0.3187734465522766,0.33920594822047245
P039,Lap 4,Turn 9,0.393584,0.85029423,0.2910770517795276,0.45671023236846925,0.1025069482204724
P039,Lap 5,Turn 9,0.502754,-0.059231937,0.2910770517795276,0.5619859369316101,0.21167694822047245
P039,Lap 6,Turn 9,0.31804,0.4362288,0.2910770517795276,0.11818881174087525,0.026962948220472405
P028,Lap 1,Turn 9,0.711115,0.13054083,0.2910770517795276,0.5805741671228409,0.42003794822047247
P028,Lap 2,Turn 9,0.352843,0.36489218,0.2910770517795276,0.012049184734344465,0.06176594822047243
P028,Lap 3,Turn 9,0.170111,0.41969922,0.2910770517795276,0.24958822184944152,0.12096605177952757
P028,Lap 4,Turn 9,0.277436,0.29580936,0.2910770517795276,0.018373358358383163,0.013641051779527569
P028,Lap 5,Turn 9,0.264316,0.14985651,0.2910770517795276,0.11445949222183227,0.02676105177952759
P028,Lap 6,Turn 9,0.255802,0.121369645,0.2910770517795276,0.13443235500049588,0.03527505177952761
P020,Lap 2,Turn 9,0.843207,1.2932957,0.2910770517795276,0.45008874108123775,0.5521299482204725
P020,Lap 3,Turn 9,0.793943,0.97724044,0.2910770517795276,0.18329744322967534,0.5028659482204724
P020,Lap 4,Turn 9,0.64406,0.3477269,0.2910770517795276,0.29633308869361874,0.3529829482204724
P020,Lap 5,Turn 9,0.248523,0.25960198,0.2910770517795276,0.011078980447769171,0.04255405177952759
P019,Lap 1,Turn 9,0.448419,1.0250428,0.2910770517795276,0.5766237722930908,0.15734194822047243
P019,Lap 2,Turn 9,0.27885,0.9960768,0.2910770517795276,0.7172268222808837,0.012227051779527598
P019,Lap 3,Turn 9,0.232415,0.85582733,0.2910770517795276,0.6234123315429687,0.058662051779527574
P019,Lap 4,Turn 9,0.186464,0.4648442,0.2910770517795276,0.27838019703483585,0.1046130517795276
P019,Lap 5,Turn 9,0.19504,0.34441516,0.2910770517795276,0.14937515803337098,0.0960370517795276
P019,Lap 6,Turn 9,0.308393,0.7596358,0.2910770517795276,0.4512428060836792,0.017315948220472388
P012,Lap 1,Turn 9,0.046694,-0.01893299,0.2910770517795276,0.0656269907298088,0.24438305177952757
P012,Lap 2,Turn 9,0.098694,-0.05580205,0.2910770517795276,0.15449605097794533,0.19238305177952758
P012,Lap 3,Turn 9,0.190694,0.252134,0.2910770517795276,0.06143999529457092,0.10038305177952758
P012,Lap 4,Turn 9,0.283694,0.76210165,0.2910770517795276,0.4784076502380371,0.007383051779527583
P012,Lap 5,Turn 9,0.109694,-0.057416536,0.2910770517795276,0.16711053591394426,0.18138305177952757
P012,Lap 6,Turn 9,0.032694,0.02116586,0.2910770517795276,0.011528139183163644,0.2583830517795276
P011,Lap 1,Turn 9,-0.015306,-0.06259004,0.2910770517795276,0.047284040266513824,0.30638305177952757
P011,Lap 2,Turn 9,0.009694,0.26719284,0.2910770517795276,0.2574988405761719,0.2813830517795276
P011,Lap 3,Turn 9,-0.035306,0.06309331,0.2910770517795276,0.09839931208467484,0.3263830517795276
P011,Lap 4,Turn 9,-0.009306,0.4359056,0.2910770517795276,0.44521160555458067,0.30038305177952757
P011,Lap 5,Turn 9,-0.014306,0.1839961,0.2910770517795276,0.19830209625339507,0.30538305177952757
P011,Lap 6,Turn 9,-0.009306,0.049221236,0.2910770517795276,0.058527236258745195,0.30038305177952757
P001,Lap 2,Turn 9,0.606694,0.27574572,0.2910770517795276,0.33094828032875057,0.31561694822047237
P001,Lap 3,Turn 9,0.692694,0.5976302,0.2910770517795276,0.09506379722976688,0.40161694822047245
P001,Lap 4,Turn 9,0.756694,0.949584,0.2910770517795276,0.19289000726318362,0.4656169482204724
P001,Lap 5,Turn 9,0.456694,0.12113909,0.2910770517795276,0.3355549132170677,0.1656169482204724
P001,Lap 6,Turn 9,0.429694,0.22870086,0.2910770517795276,0.2009931386651993,0.13861694822047244
P001,Lap 7,Turn 9,0.560694,0.24063396,0.2910770517795276,0.3200600354614258,0.26961694822047244
P001,Lap 8,Turn 9,0.550694,0.4172359,0.2910770517795276,0.13345808910751344,0.25961694822047243
